frame,x_cm,y_cm,theta,detected
300,28.627625201938606,1.97092084006462,32.473289489746094,0
301,28.627625201938606,1.97092084006462,32.473289489746094,0
302,28.627625201938606,1.97092084006462,32.473289489746094,0
303,28.627625201938606,1.97092084006462,32.473289489746094,0
304,28.548788368336023,2.059612277867528,32.473289489746094,0
305,28.466502423263325,2.1251453957996764,32.473289489746094,1
306,28.380767366720512,2.1675201938610664,6.815861701965332,1
307,28.29158319870759,2.1867366720516963,7.770330667495727,0
308,28.19894991922455,2.1827948303715674,8.724799633026123,0
309,28.181704361873983,2.067003231017771,9.679268598556519,0
310,28.164458804523424,1.951211631663974,10.633737564086912,0
311,28.147213247172857,1.835420032310178,11.588206529617308,0
312,28.12996768982229,1.7196284329563813,12.542675495147703,0
313,28.112722132471724,1.6038368336025848,13.4971444606781,0
314,28.09547657512116,1.4880452342487884,14.451613426208496,0
315,28.078231017770594,1.3722536348949919,15.406082391738892,0
316,28.060985460420028,1.2564620355411953,16.360551357269287,0
317,28.04373990306946,1.1406704361873992,17.31502032279968,0
318,28.026494345718895,1.0248788368336026,18.269489288330075,0
319,28.009248788368332,0.9090872374798062,19.22395825386047,0
320,27.99200323101777,0.7932956381260097,20.178427219390866,0
321,27.9747576736672,0.6775040387722132,21.13289618492126,0
322,27.957512116316632,0.5617124394184166,22.08736515045166,0
323,27.940266558966066,0.4459208400646203,23.041834115982056,0
324,27.923021001615506,0.3301292407108238,23.99630308151245,0
325,27.87966074313408,0.2572051696284329,24.950772047042847,0
326,27.810185783521803,0.21729402261712433,25.90524101257324,1
327,27.752855174379924,0.21271453007697422,28.566125869750977,1
328,27.707668915708446,0.2434666920079825,29.050264358520508,1
329,27.67462700750736,0.3095505084101492,29.474136296440577,0
330,27.67984415090753,0.36809845101206873,29.89800823436064,0
331,27.723320345908956,0.42896512401406434,30.321880172280704,0
332,27.766796540910384,0.48983179701606006,30.745752110200765,0
333,27.81027273591181,0.5506984700180556,31.169624048120834,0
334,27.853748930913234,0.6115651430200512,31.593495986040903,0
335,27.897225125914655,0.6724318160220468,32.01736792396096,0
336,27.940701320916084,0.7332984890240425,32.44123986188103,0
337,27.98417751591751,0.794165162026038,32.86511179980109,0
338,28.027653710918933,0.8550318350280337,33.28898373772116,0
339,28.071129905920362,0.9158985080300294,33.71285567564123,0
340,28.114606100921787,0.9767651810320249,34.13672761356129,0
341,28.158082295923215,1.0376318540340204,34.56059955148136,0
342,28.201558490924633,1.0984985270360161,34.98447148940143,0
343,28.24503468592606,1.1593652000380117,35.40834342732149,0
344,28.288510880927486,1.2202318730400075,35.83221536524156,0
345,28.331987075928915,1.281098546042003,36.25608730316163,0
346,28.37546327093034,1.3419652190439986,36.67995924108169,0
347,28.418939465931764,1.4028318920459941,37.10383117900175,0
348,28.462415660933186,1.46369856504799,37.52770311692181,0
349,28.505891855934614,1.5245652380499854,37.95157505484188,0
350,28.54936805093604,1.585431911051981,38.37544699276195,0
351,28.592844245937464,1.6462985840539766,38.79931893068201,0
352,28.636320440938892,1.707165257055972,39.22319086860208,0
353,28.679796635940317,1.7680319300579679,39.64706280652214,0
354,28.723272830941745,1.8288986030599634,40.07093474444221,0
355,28.76674902594317,1.8897652760619592,40.49480668236228,0
356,28.81022522094459,1.9506319490639548,40.91867862028234,0
357,28.853701415946016,2.0114986220659503,41.34255055820241,0
358,28.897177610947445,2.0723652950679456,41.76642249612247,0
359,28.94065380594887,2.133231968069942,42.190294434042535,0
360,28.984130000950294,2.1940986410719368,42.614166371962604,0
361,29.048474769552406,2.242791979473534,43.038038309882666,0
362,29.123833507554878,2.279311983274731,43.461910247802734,1
363,29.22006081915803,2.303658652475529,50.87211227416992,1
364,29.327302100161546,2.286268174474959,57.20101547241211,1
365,29.425848142164778,2.25670436187399,60.12712860107422,1
366,29.494830371567037,2.2271405492730203,61.49958038330078,1
367,29.544103392568655,2.2271405492730203,58.6820182800293,1
368,29.553957996768975,2.25670436187399,61.89336776733398,1
369,29.50468497576736,2.3059773828756054,60.55600357055665,1
370,29.475121163166392,2.335541195476575,60.83660125732422,1
371,29.425848142164778,2.374959612277867,55.509933471679695,1
372,29.36672051696284,2.3848142164781905,50.79249954223633,1
373,29.287883683360256,2.424232633279483,57.09822845458984,1
374,29.218901453957994,2.453796445880452,60.808349609375,1
375,29.08093699515347,2.572051696284329,55.35593032836914,1
376,28.952827140549267,2.660743134087237,45.61800003051758,1
377,28.824717285945063,2.749434571890145,39.96923065185547,1
378,28.755735056542807,2.7691437802907912,27.33467483520508,1
379,28.69660743134087,2.8184168012924067,25.724124908447266,1
380,28.686752827140545,2.8085621970920833,7.684343814849853,1
381,28.676898222940217,2.8184168012924067,172.96507263183594,1
382,28.6670436187399,2.8085621970920833,175.90281677246094,1
383,28.634194938072152,2.8085621970920833,22.775606155395508,1
384,28.627625201938606,2.79870759289176,164.91375732421878,1
385,28.627625201938606,2.7789983844911137,155.33211263020837,0
386,28.69660743134087,2.759289176090468,145.75046793619796,0
387,28.81486268174474,2.788852988691437,136.16882324218756,1
388,28.98567582121701,2.788852988691437,7.469375610351587,1
389,29.159773828756055,2.7888529886914375,19.117332458496122,1
390,29.356865912762515,2.7987075928917604,56.853099822998075,1
391,29.494830371567037,2.8085621970920833,57.20297622680667,1
392,29.583521809369948,2.8085621970920838,63.975086212158224,1
393,29.603231017770593,2.8578352180936992,63.09246063232425,1
394,29.583521809369948,2.936672051696284,62.565486907959006,1
395,29.622940226171238,2.3158319870759287,47.32913589477541,1
396,29.642649434571883,1.7147011308562194,58.70866775512698,1
397,29.652504038772207,1.1135702746365104,70.46184539794925,1
398,29.642649434571887,0.5222940226171243,78.96987152099612,1
399,29.120355411954762,-0.019709208400646182,65.28139495849612,1
400,28.391114701130853,0.1281098546042003,58.19029998779299,1
401,27.622455573505647,0.3153473344103392,141.25476074218753,1
402,26.81437802907916,0.5222940226171243,153.1556091308594,1
403,25.98659127625201,0.7390953150242325,166.54620361328128,1
404,25.59240710823909,0.9164781906300483,179.84341430664065,1
405,25.208077544426487,1.1332794830371564,16.510990142822294,1
406,24.754765751211625,1.3303715670436185,16.722612380981474,1
407,24.232471728594504,1.5471728594507268,14.742967605590849,1
408,23.65105008077544,1.7738287560581583,14.3439750671387,1
409,23.069628432956378,2.0004846526655893,8.157534599304228,1
410,22.468497576736667,2.2271405492730207,14.721357345581083,1
411,21.837802907915993,2.463651050080775,16.625600814819364,1
412,21.177544426494343,2.7001615508885295,13.935831069946289,1
413,20.448303715670434,2.946526655896607,11.91679573059082,1
414,19.64022617124394,3.202746365105008,11.547467231750517,1
415,18.792730210016153,3.478675282714055,10.775850296020536,1
416,17.945234248788363,3.754604200323101,11.732064247131376,1
417,17.18642972536349,4.030533117932148,10.287918090820341,1
418,16.536025848142163,4.306462035541195,10.193506240844755,1
419,16.003877221324718,4.611954765751211,30.422313690185547,1
420,15.580129240710821,4.947011308562197,36.13530349731448,1
421,15.264781906300481,5.311631663974151,48.93159866333008,1
422,14.978998384491112,5.715670436187398,61.02496337890628,1
423,14.732633279483034,6.149273021001614,58.69647216796875,1
424,14.535541195476572,6.602584814216476,64.55898284912112,1
425,14.387722132471726,7.075605815831986,69.46176910400393,1
426,14.27932148626817,7.56833602584814,78.057113647461,1
427,14.210339256865911,8.08077544426494,82.20014190673828,1
428,14.17092084006462,8.61292407108239,82.15611267089844,1
429,14.141357027463647,9.184491114701128,78.97578430175787,1
430,14.111793214862677,9.765912762520191,82.59903717041021,1
431,14.101938610662355,10.357189014539577,83.22918701171875,1
432,14.101938610662355,10.918901453957996,82.38566589355469,1
433,14.101938610662355,11.470759289176089,82.47615814208984,1
434,14.111793214862677,11.98319870759289,83.2157211303711,1
435,14.131502423263324,12.475928917609044,84.80301666259771,1
436,14.151211631663973,12.968659127625198,86.33464813232422,1
437,14.170920840064616,13.481098546042,85.85302734375,1
438,14.220193861066235,13.983683360258478,92.74804687500006,1
439,14.318739903069465,14.476413570274634,95.7133178710938,1
440,14.486268174474958,14.949434571890142,90.61562347412115,1
441,14.712924071082389,15.383037156704358,99.36862945556646,1
442,15.018416801292403,15.76736672051696,109.60428619384771,1
443,15.383037156704358,16.102423263327942,119.04857635498047,1
444,15.79693053311793,16.358642972536344,127.29308319091797,1
445,16.24038772213247,16.536025848142163,136.3394775390625,1
446,16.71340872374798,16.614862681744746,155.72160339355474,1
447,17.176575121163165,16.585298869143777,175.10206604003906,1
448,17.629886914378027,16.43747980613893,12.192660331726074,1
449,18.06348949919224,16.191114701130854,29.657909393310547,1
450,18.457673667205164,15.846203554119544,43.430145263671875,1
451,18.773021001615504,15.422455573505653,53.861244201660156,1
452,19.029240710823906,14.949434571890142,63.299129486083984,1
453,19.186914378029076,14.456704361873989,75.58051300048828,1
454,19.216478190630045,13.973828756058158,81.8826904296875,1
455,19.117932148626814,13.500807754442647,96.42862701416016,1
456,18.930694668820678,13.057350565428106,113.137924194336,1
457,18.63505654281098,12.673021001615506,122.35896301269537,1
458,18.270436187399028,12.357673667205168,145.31034851074224,1
459,17.856542810985456,12.121163166397412,157.48187255859375,1
460,17.422940226171242,11.98319870759289,171.300994873047,1
461,16.959773828756056,11.943780290791597,177.21710205078125,1
462,16.45718901453958,11.943780290791597,4.707586765289307,1
463,15.915185783521807,11.993053311793213,2.5603229999542236,1
464,15.392891760904684,12.071890145395798,1.9057694673538208,1
465,14.880452342487882,12.190145395799675,4.273486614227295,1
466,14.397576736672047,12.347819063004845,16.573450088500977,1
467,13.9935379644588,12.584329563812599,29.598421096801758,1
468,13.678190630048462,12.87996768982229,44.69500732421875,1
469,13.41211631663974,13.244588045234243,46.80304718017578,1
470,13.2248788368336,13.658481421647815,65.88140869140625,1
471,13.136187399030693,14.09208400646203,80.14002990722656,1
472,13.136187399030693,14.525686591276246,84.54930114746094,1
473,13.2248788368336,14.96914378029079,88.86666107177734,1
474,13.41211631663974,15.402746365105006,97.5407485961914,1
475,13.678190630048462,15.816639741518577,109.20075988769531,1
476,14.003392568659127,16.220678513731823,114.0898208618164,1
477,14.368012924071078,16.5951534733441,121.1045913696289,1
478,14.78190630048465,16.920355411954763,133.16908264160156,1
479,15.215508885298865,17.176575121163165,137.70004272460938,1
480,15.658966074313406,17.373667205169625,137.74200439453125,1
481,16.12213247172859,17.501777059773826,149.03738403320312,1
482,16.614862681744746,17.56090468497576,156.86996459960938,1
483,17.117447495961223,17.551050080775443,163.74110412597656,1
484,17.64959612277867,17.472213247172856,178.3280487060547,1
485,18.20145395799677,17.314539579967686,16.85645294189453,1
486,18.743457189014535,17.087883683360253,32.315120697021484,1
487,19.275605815831984,16.802100161550886,42.6688346862793,1
488,19.807754442649433,16.447334410339252,45.958740234375,1
489,20.320193861066233,16.043295638126004,47.8226203918457,1
490,20.822778675282713,15.599838449111468,51.03224563598633,1
491,21.29579967689822,15.126817447495958,49.154518127441406,1
492,21.719547657512113,14.634087237479804,54.89115524291992,1
493,22.094022617124388,14.131502423263324,59.93357467651367,1
494,22.409369951534728,13.609208400646201,69.883544921875,1
495,22.655735056542806,13.086914378029075,70.54319763183594,1
496,22.872536348949914,12.535056542810983,72.60934448242188,1
497,23.04006462035541,11.95363489499192,78.28626251220703,1
498,23.128756058158316,11.362358642972534,81.34175872802734,1
499,23.148465266558965,10.761227786752826,88.0849380493164,1
500,23.09919224555735,10.14038772213247,94.31988525390625,1
501,22.9513731825525,9.529402261712438,104.02517700195312,1
502,22.744426494345714,8.947980613893375,108.95034790039062,1
503,22.488206785137315,8.376413570274634,116.73638153076172,1
504,22.1827140549273,7.794991922455571,119.44332122802734,1
505,21.827948303715665,7.233279483037156,120.87423706054688,1
506,21.43376413570274,6.7011308562197085,118.23120880126953,1
507,20.9903069466882,6.188691437802907,121.45268249511719,1
508,20.517285945072693,5.695961227786752,122.6322021484375,1
509,20.014701130856213,5.272213247172859,134.42958068847656,1
510,19.472697899838444,4.868174474959612,139.67047119140625,1
511,18.901130856219705,4.483844911147011,137.91751098632812,1
512,18.319709208400642,4.109369951534733,140.41452026367188,1
513,17.728432956381255,3.764458804523424,142.27529907226562,1
514,17.12730210016155,3.429402261712439,146.69415283203125,1
515,16.545880452342487,3.143618739903069,147.34170532226562,1
516,15.984168012924068,2.9071082390953142,153.67623901367188,1
517,15.442164781906296,2.7395799676898216,160.1486358642577,1
518,14.900161550888527,2.660743134087237,175.18701171875,1
519,14.358158319870757,2.690306946688206,2.707444906234741,1
520,13.835864297253632,2.8085621970920838,15.199577331542969,1
521,13.343134087237477,3.0253634894991914,29.307207107543945,1
522,12.87011308562197,3.360420032310177,50.959140777588004,1
523,12.466074313408722,3.764458804523424,66.15055847167969,1
524,12.190145395799675,4.19806138933764,77.0278091430664,1
525,12.032471728594505,4.651373182552503,84.72074890136719,1
526,12.022617124394182,5.114539579967689,97.52980804443371,1
527,12.170436187399028,5.518578352180937,106.54610443115246,1
528,12.466074313408722,5.883198707592891,121.94068908691406,1
529,12.860258481421647,6.208400646203553,131.1610565185547,1
530,13.323424878836828,6.4744749596122775,150.1243133544922,1
531,13.826009693053308,6.651857835218093,160.8272705078125,1
532,14.368012924071081,6.7504038772213235,165.28363037109375,1
533,14.90016155088853,6.7504038772213235,168.73597717285156,1
534,15.422455573505653,6.64200323101777,2.459810495376587,1
535,15.92504038772213,6.444911147011308,15.435309410095215,1
536,16.388206785137317,6.159127625201938,33.33390808105469,1
537,16.79224555735056,5.804361873990306,41.93556594848633,1
538,17.16672051696284,5.37075928917609,52.68809509277344,1
539,17.51163166397415,4.897738287560581,55.85208511352539,1
540,17.856542810985456,4.35573505654281,59.72399139404297,1
541,18.22116316639741,3.774313408723747,61.05134201049805,1
542,18.615347334410338,3.143618739903069,60.5898323059082,1
543,18.999676898222937,2.5523424878836827,57.782249450683594,1
544,19.403715670436185,2.1285945072697894,61.00469207763672,1
545,19.847172859450723,1.9117932148626813,57.1164665222168,1
546,20.300484652665585,1.882229402261712,26.432214736938477,1
547,20.80306946688206,2.039903069466882,5.416711807250977,1
548,21.374636510500803,2.325686591276251,173.37054443359375,1
549,21.956058158319866,2.5819063004846523,161.24903869628906,1
550,22.52762520193861,2.788852988691437,155.98495483398438,1
551,23.109046849757668,2.95638126009693,160.3226318359375,1
552,23.690468497576735,3.104200323101776,164.7439727783203,1
553,24.25218093699515,3.2224555735056533,164.64724731445312,1
554,24.863166397415178,3.3702746365105,162.0285186767578,1
555,25.513570274636503,3.5673667205169624,157.8192138671875,1
556,26.213247172859447,3.813731825525039,153.44857788085938,1
557,26.92277867528271,4.0995153473344095,148.9742431640625,1
558,27.4746365105008,4.395153473344102,154.60862731933594,1
559,27.888529886914377,4.680936995153472,162.3707733154297,1
560,28.17431340872374,4.947011308562196,151.9828338623047,1
561,28.381260096930525,5.222940226171243,143.93569946289062,1
562,28.47980613893376,5.4890145395799665,137.0043487548828,1
563,28.6670436187399,5.7945072697899835,132.4377899169922,1
564,28.86413570274636,6.119709208400645,127.25757598876953,1
565,29.061227786752823,6.45476575121163,129.890869140625,1
566,29.20904684975767,6.770113085621969,108.1925506591798,1
567,29.317447495961222,7.065751211631662,107.95799255371082,1
568,29.40613893376413,7.351534733441032,107.97832489013672,1
569,29.50468497576736,7.6373182552504035,100.92201232910156,1
570,29.60323101777059,7.932956381260095,102.50388336181652,1
571,29.6919224555735,8.268012924071082,102.6699447631836,1
572,29.800323101777053,8.632633279483034,100.55855560302746,1
573,29.88901453957996,9.007108239095313,98.31085205078114,1
574,29.948142164781906,9.401292407108238,94.3844985961914,1
575,30.01712439418416,9.815185783521807,93.96497344970703,1
576,30.036833602584814,10.199515347334408,90.16986083984386,1
577,29.997415185783517,10.603554119547656,91.93313598632824,1
578,29.967851373182548,11.027302100161549,94.68725585937489,1
579,29.928432956381254,11.500323101777058,92.43856811523438,1
580,29.85945072697899,12.022617124394182,96.22766876220692,1
581,29.8200323101777,12.613893376413568,93.91262817382812,1
582,29.839741518578347,13.264297253634894,89.68379211425781,1
583,29.869305331179316,13.954119547657509,87.4502410888673,1
584,29.93828756058158,14.643941841680126,86.4990005493164,1
585,30.007269789983837,15.274636510500807,95.97203063964844,1
586,30.10581583198707,15.86591276252019,101.69388580322266,1
587,30.21421647819063,16.388206785137317,97.21701049804688,1
588,30.29305331179321,16.861227786752824,101.9900894165039,1
589,30.34232633279483,17.275121163166393,95.57337188720703,1
590,30.391599353796444,17.67915993537964,95.88067626953114,1
591,30.411308562197085,18.043780290791595,93.39161682128918,1
592,30.391599353796444,18.388691437802905,101.48451232910156,1
593,30.381744749596116,18.723747980613894,99.40194702148426,1
594,30.391599353796444,19.048949919224555,91.72699737548828,1
595,30.40145395799676,19.35444264943457,93.56498718261719,1
596,30.421163166397413,19.650080775444263,95.5092544555664,1
597,30.470436187399024,19.975282714054924,95.02587890625,1
598,30.529563812600962,20.31033925686591,97.99396514892567,1
599,30.56898222940226,20.62568659127625,102.29989624023438,1
600,30.61825525040387,20.950888529886907,98.33344268798828,1
601,30.64781906300484,21.29579967689822,98.22982025146484,1
602,30.64781906300484,21.601292407108236,102.38783264160156,1
603,30.657673667205167,21.90678513731825,101.63848876953125,1
604,30.64781906300484,22.212277867528265,95.01998901367188,1
605,30.637964458804515,22.52762520193861,99.43852996826183,1
606,30.64781906300484,22.842972536348945,101.75114440917969,1
607,30.66752827140549,23.16817447495961,101.23157501220714,1
608,30.677382875605808,23.48352180936995,101.83669281005871,1
609,30.716801292407105,23.798869143780287,96.26360321044922,1
610,30.766074313408716,24.104361873990303,93.27421569824219,1
611,30.805492730210013,24.390145395799674,94.93831634521496,1
612,30.854765751211623,24.66607431340872,97.16282653808594,1
613,30.91389337641357,24.932148626817444,101.47417449951172,1
614,30.963166397415183,25.198222940226167,99.65578460693348,1
615,30.992730210016152,25.45444264943457,96.34873199462879,1
616,31.02229402261712,25.71066235864297,98.26225280761719,1
617,31.032148626817445,25.966882067851365,96.4366683959961,1
618,31.02229402261712,26.22310177705977,93.57791900634754,1
619,30.963166397415183,26.47932148626817,96.2576904296875,1
620,30.89418416801292,26.745395799676892,98.75592041015625,1
621,30.825201938610654,27.02132471728594,92.87124633789074,1
622,30.795638126009685,27.326817447495955,91.63058471679688,1
623,30.795638126009685,27.66187399030694,90.92831420898438,1
624,30.83505654281098,27.977221324717277,97.49301147460926,1
625,30.91389337641356,28.243295638126007,100.16564178466797,1
626,30.963166397415176,28.43053311793214,95.34197235107422,1
627,30.982875605815828,28.548788368336016,101.28732299804688,1
628,30.94345718901453,28.58820678513731,87.30371856689464,1
629,30.874474959612268,28.58820678513731,86.67037200927723,1
630,30.766074313408716,28.598061389337637,84.83438110351551,1
631,30.677382875605808,28.637479806138924,89.26322174072266,1
632,30.5886914378029,28.676898222940217,89.77225494384777,1
633,30.50985460420032,28.716316639741514,86.28131103515636,1
634,30.460581583198707,28.765589660743125,77.03404998779286,1
635,30.411308562197085,28.824717285945063,74.72390747070312,1
636,30.371890145395792,28.854281098546032,72.56843566894531,1
637,30.29305331179321,28.86413570274636,70.23091888427734,1
638,30.184652665589653,28.89369951534733,72.0443344116211,1
639,30.036833602584807,28.96268174474959,62.74256515502918,1
640,29.84959612277867,29.002100161550878,55.8525962829591,1
641,29.613085621970914,29.090791599353793,47.81071853637684,1
642,29.386429725363485,29.199192245557345,40.318294525146484,1
643,29.169628432956376,29.287883683360253,41.70555877685547,1
644,28.933117932148622,29.36672051696284,37.49027633666992,1
645,28.696607431340862,29.475121163166392,33.06289672851574,1
646,28.46009693053311,29.583521809369945,37.09875869750988,1
647,28.17431340872374,29.72148626817447,31.428874969482308,1
648,27.858966074313408,29.87915993537964,34.118991851806754,1
649,27.543618739903064,30.026978998384486,25.331571578979606,1
650,27.218416801292403,30.164943457189008,24.31802749633789,1
651,26.873505654281097,30.273344103392567,16.83939933776844,1
652,26.548303715670432,30.362035541195475,11.297658920288086,1
653,26.242810985460416,30.421163166397413,15.091715812683105,1
654,25.95702746365105,30.460581583198707,15.044218063354492,1
655,25.69095315024232,30.48029079159935,16.616535186767578,1
656,25.444588045234244,30.50985460420032,10.670464515686035,1
657,25.198222940226167,30.519709208400645,8.959439277648926,1
658,24.942003231017765,30.519709208400638,2.3198390007019043,1
659,24.675928917609042,30.519709208400638,179.6941375732422,1
660,24.39014539579967,30.519709208400645,6.161747932434082,1
661,24.08465266558966,30.50985460420032,5.108819007873535,1
662,23.779159935379642,30.499999999999996,14.299543380737305,1
663,23.48352180936995,30.499999999999996,5.938464164733887,1
664,23.18788368336026,30.499999999999996,11.905488967895508,1
665,22.902100161550887,30.499999999999996,4.366885185241699,1
666,22.62617124394184,30.50985460420032,12.680529594421387,1
667,22.360096930533114,30.519709208400645,10.152143478393555,1
668,22.084168012924067,30.519709208400638,2.8714792728424072,1
669,21.808239095315024,30.50985460420032,4.217714786529541,1
670,21.51260096930533,30.50985460420032,174.72158813476562,1
671,21.207108239095312,30.499999999999993,2.7215282917022705,1
672,20.911470113085617,30.470436187399024,19.69136619567871,1
673,20.63554119547657,30.411308562197085,1.304032325744629,1
674,20.3497576736672,30.31276252019386,179.15455627441406,1
675,20.06397415185783,30.174798061389332,165.1710205078125,1
676,19.758481421647815,29.987560581583192,154.8258056640625,1
677,19.433279483037154,29.800323101777053,146.83750915527332,1
678,19.0686591276252,29.622940226171238,159.7065887451172,1
679,18.69418416801292,29.455411954765747,164.22479248046875,1
680,18.309854604200318,29.268174474959608,156.22671508789062,1
681,17.915670436187394,29.071082390953144,149.8651123046875,1
682,17.48206785137318,28.844426494345715,151.9862060546875,1
683,17.03861066235864,28.627625201938606,148.29251098632812,1
684,16.585298869143777,28.430533117932146,161.7414093017578,1
685,16.122132471728587,28.282714054927293,164.7229461669922,1
686,15.668820678513729,28.194022617124393,173.09873962402344,1
687,15.245072697899834,28.194022617124386,179.44129943847656,1
688,14.841033925686588,28.26300484652665,8.421143531799316,1
689,14.456704361873989,28.410823909531494,24.99855232238781,1
690,14.111793214862681,28.607915993537954,38.56927871704113,1
691,13.806300484652663,28.85428109854604,44.60411071777344,1
692,13.500807754442647,29.110500807754438,48.13040924072254,1
693,13.224878836833602,29.317447495961222,49.383121490478516,1
694,12.978513731825524,29.475121163166392,47.50654220581055,1
695,12.732148626817445,29.603231017770593,40.73624038696289,1
696,12.475928917609044,29.682067851373183,37.01634597778309,1
697,12.229563812600967,29.731340872374794,36.53828811645508,1
698,11.943780290791597,29.820032310177698,30.17938804626465,1
699,11.648142164781904,29.87915993537964,29.919494628906136,1
700,11.332794830371565,29.928432956381254,37.00071334838856,1
701,10.968174474959609,30.04668820678513,21.406557083129883,1
702,10.603554119547656,30.145234248788363,19.216915130615348,1
703,10.258642972536347,30.21421647819062,35.000057220458984,1
704,9.88416801292407,30.302907915993536,33.47685241699219,1
705,9.519547657512115,30.391599353796444,24.63224983215332,1
706,9.204200323101777,30.40145395799676,32.028018951416016,1
707,8.86914378029079,30.43101777059773,24.0667209625243,1
708,8.504523424878835,30.460581583198707,25.946329116821175,1
709,8.149757673667203,30.499999999999993,22.30537223815918,1
710,7.7851373182552495,30.53941841680129,25.250961303710938,1
711,7.420516962843294,30.59854604200323,27.17818260192871,1
712,7.065751211631662,30.62810985460419,23.755199432372933,1
713,6.730694668820678,30.657673667205167,22.848094940185547,1
714,6.435056542810985,30.64781906300484,26.109073638916016,1
715,6.129563812600969,30.64781906300484,28.025650024414176,1
716,5.824071082390952,30.637964458804515,12.500004768371582,1
717,5.528432956381259,30.64781906300484,15.865547180175781,1
718,5.232794830371566,30.64781906300484,14.453522682189941,1
719,4.907592891760904,30.68723747980613,15.05161190032959,1
720,4.602100161550888,30.697092084006453,18.760622024536133,1
721,4.3064620355411956,30.697092084006453,12.849923133850098,1
722,4.010823909531502,30.697092084006453,17.043373107910156,1
723,3.784168012924071,30.667528271405484,6.22409725189209,1
724,3.5969305331179315,30.578836833602576,4.960509300231934,1
725,3.468820678513731,30.4605815831987,178.08975219726562,1
726,3.3505654281098542,30.3324717285945,175.9550323486328,1
727,3.3111470113085617,30.145234248788363,173.93344116210938,1
728,3.2126009693053303,29.9481421647819,171.71351623535156,1
729,3.123909531502423,29.770759289176084,154.94935607910156,1
730,3.0056542810985456,29.573667205169624,144.46372985839844,1
731,2.8873990306946684,29.356865912762515,125.82450866699219,1
732,2.739579967689822,29.120355411954762,117.14706420898438,1
733,2.621324717285945,28.88384491114701,119.72248840332031,1
734,2.4636510500807747,28.617770597738286,109.68330383300781,1
735,2.325686591276251,28.351696284329556,107.21054077148438,1
736,2.1975767366720516,28.056058158319864,108.19776153564453,1
737,2.069466882067851,27.789983844911138,103.4535903930664,1
738,1.961066235864297,27.49434571890145,103.3538055419923,1
739,1.8428109854604195,27.198707592891754,93.87556457519531,1
740,1.6949919224555732,26.903069466882062,92.01425170898438,1
741,1.5668820678513729,26.58772213247172,91.36878967285156,1
742,1.4289176090468494,26.25266558966074,90.76316833496094,1
743,1.300807754442649,25.937318255250396,85.74913024902344,1
744,1.2318255250403876,25.63182552504038,88.23564910888672,1
745,1.2121163166397413,25.33618739903069,89.01272583007812,1
746,1.2121163166397413,25.040549273020996,89.10305786132812,1
747,1.2219709208400644,24.73505654281098,88.49823760986328,1
748,1.2318255250403876,24.41970920840064,90.25174713134766,1
749,1.2515347334410336,24.104361873990303,90.58685302734375,1
750,1.2613893376413567,23.75945072697899,89.54104614257812,1
751,1.2416801292407107,23.43424878836833,86.60236358642578,1
752,1.2022617124394182,23.109046849757668,91.67425537109375,1
753,1.182552504038772,22.783844911147007,87.55987548828125,1
754,1.1529886914378027,22.438933764135697,90.81551361083984,1
755,1.1135702746365101,22.103877221324712,90.59190368652344,1
756,1.084006462035541,21.7589660743134,82.57901763916016,1
757,1.074151857835218,21.39434571890145,82.51751708984375,1
758,1.0445880452342486,21.01987075928917,86.13103485107422,1
759,1.0544426494345718,20.66510500807754,88.65066528320312,1
760,1.152988691437803,20.29063004846526,91.21263122558594,1
761,1.2909531502423262,19.906300484652665,83.89119720458984,1
762,1.4387722132471725,19.54168012924071,78.72809600830078,1
763,1.5865912762520191,19.167205169628428,87.26844787597656,1
764,1.6752827140549271,18.743457189014535,87.32457733154297,1
765,1.675282714054927,18.309854604200318,89.94515991210938,1
766,1.6358642972536344,17.83683360258481,91.58656311035156,1
767,1.5865912762520191,17.324394184168007,90.83702850341797,1
768,1.5373182552504037,16.772536348949917,84.459228515625,1
769,1.4880452342487882,16.19111470113085,85.41264343261719,1
770,1.39935379644588,15.599838449111468,89.0200424194336,1
771,1.3303715670436187,15.057835218093695,90.08567810058594,1
772,1.281098546042003,14.545395799676893,101.70911407470703,1
773,1.2318255250403873,14.062520193861062,88.33393096923828,1
774,1.1529886914378027,13.638772213247169,87.91751098632812,1
775,1.1135702746365104,13.26429725363489,91.81632232666016,1
776,1.0544426494345718,12.919386106623582,101.83308410644531,1
777,0.98546042003231,12.594184168012921,95.57485961914062,1
778,0.8967689822294022,12.278836833602583,100.2739486694336,1
779,0.877059773828756,11.983198707592889,94.86553192138672,1
780,0.877059773828756,11.687560581583195,97.17631530761719,1
781,0.8672051696284327,11.391922455573503,91.68243408203125,1
782,0.8672051696284327,11.096284329563812,92.52493286132812,1
783,0.8770597738287558,10.800646203554118,95.28597259521484,1
784,0.8573505654281096,10.465589660743131,90.46985626220703,1
785,0.8179321486268172,10.120678513731823,94.15736389160156,1
786,0.7982229402261711,9.756058158319869,95.33318328857422,1
787,0.7785137318255249,9.401292407108237,92.62955474853516,1
788,0.7686591276252018,9.076090468497574,95.20838165283203,1
789,0.7390953150242325,8.780452342487882,89.91024780273438,1
790,0.7390953150242325,8.49466882067851,88.83177947998047,1
791,0.7193861066235863,8.218739903069466,93.23751068115234,1
792,0.689822294022617,7.932956381260095,87.78986358642578,1
793,0.6602584814216478,7.637318255250402,89.8458023071289,1
794,0.6405492730210016,7.341680129240709,94.83456420898438,1
795,0.591276252019386,7.046042003231017,89.90635681152344,1
796,0.5617124394184166,6.7504038772213235,91.90089416503906,1
797,0.5321486268174475,6.45476575121163,92.03590393066406,1
798,0.492730210016155,6.159127625201938,90.77005004882812,1
799,0.47302100161550886,5.873344103392567,90.40430450439453,1
800,0.4631663974151857,5.5875605815831975,92.0904312133789,1
801,0.4533117932148626,5.3116316639741505,94.35160064697266,1
802,0.4434571890145395,5.025848142164781,91.53463745117188,1
803,0.4434571890145395,4.749919224555734,90.26966094970703,1
804,0.4434571890145395,4.464135702746364,93.41275787353516,1
805,0.4631663974151857,4.207915993537964,89.62352752685547,1
806,0.4927302100161549,3.961550888529886,90.84236145019531,1
807,0.5222940226171243,3.7348949919224546,87.95427703857422,1
808,0.5518578352180935,3.468820678513731,86.13319396972656,1
809,0.6109854604200321,3.232310177705977,88.03192138671875,1
810,0.6996768982229401,2.9760904684975764,93.359130859375,1
811,0.788368336025848,2.749434571890145,90.95478057861328,1
812,0.8967689822294019,2.572051696284329,86.83448028564453,1
813,1.0150242326332795,2.463651050080775,82.88945007324219,1
814,1.1234248788368333,2.4045234248788367,82.21710205078125,1
815,1.2416801292407107,2.3749596122778676,79.71190643310547,1
816,1.4092084006462033,2.3256865912762517,74.59992980957031,1
817,1.6358642972536344,2.2369951534733437,62.26988983154297,1
818,1.9019386106623581,2.158158319870759,58.420501708984375,1
819,2.2271405492730207,2.0497576736672047,51.558013916015625,1
820,2.572051696284329,1.9413570274636505,43.51594161987305,1
821,2.9366720516962834,1.8329563812600966,36.71796798706055,1
822,3.3111470113085617,1.7344103392568655,35.508094787597656,1
823,3.6954765751211625,1.675282714054927,32.99984359741211,1
824,4.089660743134086,1.645718901453958,32.60129165649414,1
825,4.5035541195476565,1.6358642972536348,19.40702247619629,1
826,4.947011308562196,1.6457189014539577,9.473329544067383,1
827,5.400323101777059,1.6555735056542809,4.8612823486328125,1
828,5.902907915993537,1.5865912762520191,7.155229568481445,1
829,6.385783521809369,1.5077544426494343,18.17577362060547,1
830,6.858804523424878,1.4387722132471725,28.10341453552246,1
831,7.321970920840063,1.379644588045234,23.969572067260742,1
832,7.765428109854602,1.3205169628432953,6.3859333992004395,1
833,8.179321486268172,1.281098546042003,179.76783752441406,1
834,8.622778675282712,1.2318255250403876,9.356258392333984,1
835,9.066235864297251,1.172697899838449,16.168685913085938,1
836,9.509693053311791,1.093861066235864,12.613499641418457,1
837,9.972859450726977,1.0051696284329563,6.785664081573486,1
838,10.426171243941841,0.9164781906300483,1.824556827545166,1
839,10.849919224555734,0.8376413570274635,6.5670623779296875,1
840,11.273667205169627,0.7489499192245556,6.1615824699401855,1
841,11.66785137318255,0.6602584814216478,4.059294700622559,1
842,12.022617124394182,0.6109854604200322,0.126626655459404,1
843,12.367528271405492,0.591276252019386,0.9818866848945618,1
844,12.712439418416798,0.5518578352180936,2.1181700229644775,1
845,13.027786752827136,0.5321486268174473,3.98581862449646,1
846,13.343134087237477,0.5321486268174473,6.723072052001953,1
847,13.66833602584814,0.5222940226171243,0.9368231296539307,1
848,13.9935379644588,0.5124394184168012,0.7364852428436279,1
849,14.318739903069462,0.5124394184168012,4.722920894622803,1
850,14.673505654281096,0.47302100161550875,1.3480286598205566,1
851,15.057835218093697,0.4237479806138933,179.08816528320312,1
852,15.471728594507265,0.394184168012924,0.9390256404876709,1
853,15.92504038772213,0.3646203554119547,0.8043655753135681,1
854,16.427625201938604,0.32520193861066227,2.896179676055908,1
855,16.969628432956377,0.30549273021001605,3.9685816764831543,1
856,17.531340872374795,0.28578352180936983,2.108783721923828,1
857,18.093053311793213,0.24636510500807746,7.865605354309082,1
858,18.664620355411948,0.20694668820678505,179.35877990722656,1
859,19.20662358642972,0.19709208400646197,179.28660583496094,1
860,19.699353796445877,0.20694668820678502,1.950189232826233,1
861,20.192084006462032,0.21680129240710816,6.656289577484131,1
862,20.704523424878836,0.21680129240710816,0.8707464933395386,1
863,21.226817447495957,0.197092084006462,9.650591850280762,1
864,21.768820678513727,0.14781906300484646,2.8113653659820557,1
865,22.32067851373182,0.07883683360258478,0.7407546043395996,1
866,22.842972536348945,0.03941841680129238,178.3002166748047,1
867,23.315993537964452,0.039418416801292384,0.4846443235874176,1
868,23.769305331179318,0.06898222940226169,5.210753917694092,1
869,24.212762520193856,0.1084006462035541,2.4180448055267334,1
870,24.626655896607424,0.15767366720516957,179.5042266845703,1
871,25.040549273020996,0.17738287560581575,178.21986389160156,1
872,25.474151857835214,0.16752827140549267,2.8556034564971924,1
873,25.89789983844911,0.14781906300484648,5.205342769622803,1
874,26.292084006462034,0.12810985460420027,0.9608885645866394,1
875,26.705977382875602,0.10840064620355408,175.2633056640625,1
876,27.041033925686587,0.098546042003231,173.95155334472656,1
877,27.27754442649434,0.0886914378029079,169.55096435546875,1
878,27.425363489499187,0.05912762520193861,172.30101013183594,1
879,27.504200323101777,0.059127625201938594,172.38836669921875,1
880,27.454927302100156,0.09854604200323099,172.1886444091797,1
881,27.395799676898218,0.15767366720516957,165.5,1
882,27.36623586429725,0.24636510500807746,13.449410438537598,1
883,27.33667205169628,0.3449111470113085,30.017091751098633,1
884,27.30710823909531,0.4237479806138933,42.53169250488281,1
885,27.3465266558966,0.4631663974151857,31.876022338867188,1
886,27.43029079159935,0.645476575121163,32.180721282958984,1
887,27.538691437802903,0.9706785137318252,38.49970245361328,1
888,27.666801292407104,1.2071890145395798,18.89077377319336,0
889,27.893457189014534,1.5718093699515345,179.28184509277344,1
890,28.159531502423256,1.9265751211631659,87.94226837158203,1
891,28.430533117932146,2.1187399030694665,34.41010665893555,1
892,28.716316639741514,2.1187399030694665,34.707210540771484,1
893,29.02180936995153,2.2271405492730207,46.0196647644043,1
894,29.248465266558963,2.2074313408723745,78.38809204101562,1
895,29.425848142164778,2.197576736672051,61.98367691040039,1
896,29.5638126009693,2.187722132471728,70.676513671875,1
897,29.642649434571883,2.197576736672051,73.2459716796875,1
898,29.672213247172856,2.2074313408723745,70.97759246826172,1
899,29.66235864297253,2.2074313408723745,71.22123718261719,1
900,29.632794830371562,2.197576736672051,69.97026062011719,1
901,29.573667205169624,2.197576736672051,69.86238098144531,1
902,29.484975767366716,2.2172859450726974,66.54107666015625,1
903,29.386429725363485,2.2271405492730207,59.763797760009766,1
904,29.3075928917609,2.2271405492730207,60.517547607421875,1
905,29.228756058158314,2.2369951534733437,52.386253356933594,1
906,29.15977382875605,2.2468497576736666,55.13383483886719,1
907,29.149919224555724,2.2468497576736666,43.75209426879883,1
908,29.15977382875605,2.2369951534733437,46.17573928833008,1
909,29.15977382875605,2.25670436187399,52.14927291870117,1
910,29.169628432956376,2.296122778675282,49.31660079956055,1
911,29.18933764135702,2.296122778675282,60.35951232910156,1
912,29.15977382875605,2.3158319870759287,56.9365348815918,1
913,29.140064620355407,2.335541195476575,55.54961395263672,1
914,29.149919224555724,2.335541195476575,49.84324645996094,1
915,29.1794830371567,2.286268174474959,51.31806564331055,1
916,29.199192245557345,2.2862681744749596,50.35802459716797,1
917,29.218901453957994,2.2764135702746358,55.619712829589844,1
918,29.20904684975767,2.2764135702746358,54.03364562988281,1
919,29.15977382875605,2.2764135702746358,49.744468688964844,1
920,29.100646203554117,2.296122778675282,45.741432189941406,1
921,29.0513731825525,2.305977382875605,53.21221160888672,1
922,29.041518578352175,2.296122778675282,48.09417724609375,1
923,29.071082390953144,2.296122778675282,42.642635345458984,1
924,29.130210016155083,2.3059773828756054,53.96658706665039,1
925,29.169628432956376,2.335541195476575,58.316959381103516,1
926,29.199192245557345,2.345395799676898,51.30793380737305,1
927,29.199192245557345,2.3651050080775446,54.22157669067383,1
928,29.189337641357024,2.3848142164781905,51.00257873535156,1
929,29.189337641357024,2.4045234248788367,47.358673095703125,1
930,29.20904684975767,2.41437802907916,50.30696487426758,1
931,29.248465266558963,2.434087237479806,58.80062484741211,1
932,29.317447495961222,2.463651050080775,57.59990310668945,1
933,29.36672051696284,2.4833602584814214,60.67538070678711,1
934,29.39628432956381,2.4932148626817443,61.941139221191406,1
935,29.40613893376413,2.503069466882068,63.611419677734375,1
936,29.386429725363485,2.5030694668820677,63.14858627319336,1
937,29.307592891760898,2.4932148626817443,59.07761001586914,1
938,29.1794830371567,2.5326332794830373,52.430240631103516,1
939,29.031663974151854,2.562197092084006,43.3305549621582,1
940,28.89369951534733,2.6016155088852986,6.779405117034912,1
941,28.844426494345715,2.621324717285945,167.7855224609375,1
942,28.795153473344094,2.680452342487883,161.72927856445312,1
943,28.785298869143777,2.680452342487883,44.17998504638672,1
944,28.775444264943452,2.7001615508885295,176.60806274414062,1
945,28.745880452342483,2.7001615508885295,158.8808135986328,1
946,28.627625201938606,2.7100161550888524,167.0651397705078,1
947,28.548788368336016,2.680452342487883,158.71461486816406,1
948,28.52907915993537,2.680452342487883,162.1951446533203,1
949,28.58820678513731,2.700161550888529,154.00387573242188,1
950,28.706462035541186,2.680452342487883,152.94631958007812,1
951,28.85428109854604,2.6607431340872365,6.562685489654541,1
952,29.02180936995153,2.650888529886914,39.35029220581055,1
953,29.14991922455573,2.641033925686591,52.804466247558594,1
954,29.23861066235864,2.572051696284329,45.67873764038086,1
955,29.258319870759284,2.5917609046849757,47.33999252319336,1
956,29.258319870759284,2.621324717285945,50.84839630126953,1
957,29.18933764135702,2.6607431340872374,45.81147384643555,1
958,29.100646203554113,2.6903069466882066,47.90718460083008,1
959,28.99224555735056,2.749434571890145,167.39422607421875,1
960,28.9232633279483,2.7789983844911146,162.39422607421875,1
961,28.844426494345715,2.8184168012924067,159.93458557128906,1
962,28.80500807754442,2.838126009693053,176.44407653808594,1
963,28.785298869143777,2.8381260096930525,163.2394256591797,1
964,28.775444264943452,2.857835218093699,152.64268493652344,1
965,28.745880452342483,2.847980613893376,157.21017456054688,1
966,28.745880452342483,2.8676898222940226,161.94752502441406,1
967,28.745880452342483,2.887399030694669,152.21791076660156,1
968,28.745880452342483,2.916962843295638,171.83004760742188,1
969,28.676898222940217,2.8972536348949918,164.20091247558594,1
970,28.61777059773828,2.8972536348949918,167.21380615234375,1
971,28.548788368336023,2.847980613893376,143.60293579101562,1
972,28.509369951534723,2.7987075928917604,152.44468688964844,1
973,28.47980613893376,2.749434571890145,134.30923461914062,1
974,28.509369951534723,2.7395799676898216,125.9956588745116,1
975,28.647334410339248,2.7001615508885295,123.67831420898438,1
976,28.686752827140545,2.759289176090468,128.7142791748047,1
977,28.69660743134087,2.8184168012924067,53.78487777709961,1
978,28.647334410339248,2.838126009693053,162.52310180664062,1
979,28.55864297253634,2.7888529886914375,128.4332427978515,1
980,28.361550888529884,2.7691437802907912,136.83193969726557,1
981,28.25315024232633,2.680452342487883,138.8577880859375,1
982,28.18416801292407,2.4932148626817443,137.87957763671875,1
983,28.267932148626812,2.3848142164781905,140.8147430419922,1
984,28.49458804523424,2.374959612277867,103.07736206054688,1
985,28.770516962843296,2.365105008077544,73.73225593566895,0
986,29.066155088852987,2.345395799676898,44.387149810791016,1
987,29.342084006462034,2.434087237479806,43.419498443603516,1
988,29.52439418416801,2.473505654281098,50.15283203125,1
989,29.59337641357027,2.4833602584814214,55.51094055175781,1
990,29.622940226171238,2.4932148626817443,53.963897705078125,1
991,29.622940226171238,2.4932148626817443,51.139923095703125,1
992,29.652504038772207,2.5227786752827135,57.32059860229492,1
993,29.682067851373176,2.572051696284329,72.95585632324219,1
994,29.72148626817447,2.6311793214862678,65.49707794189453,1
995,29.701777059773825,2.650888529886914,65.99195098876953,1
996,29.72148626817447,2.7100161550888524,69.158920288086,1
997,29.39628432956381,2.266558966074313,107.00066375732422,1
998,28.972536348949916,1.8132471728594506,22.6402530670166,1
999,28.469951534733433,1.3402261712439416,100.9036254882812,1
1000,27.977221324717284,0.9854604200323098,120.37075042724615,1
1001,27.33667205169628,0.6405492730210016,147.94223022460943,1
1002,26.942487883683356,0.8277867528271404,136.8006591796875,1
1003,26.528594507269787,1.0642972536348947,152.32383728027344,1
1004,26.09499192245557,1.3599353796445879,177.17539978027344,1
1005,25.59240710823909,1.6457189014539577,9.301457405090332,1
1006,25.099676898222935,1.961066235864297,21.063201904296875,1
1007,24.567528271405486,2.286268174474959,32.50776290893555,1
1008,24.045234248788365,2.641033925686591,34.63443374633789,1
1009,23.513085621970916,3.035218093699515,33.716861724853516,1
1010,23.000646203554115,3.4589660743134076,32.966583251953125,1
1011,22.547334410339253,3.922132471728594,45.98290252685547,1
1012,22.143295638126006,4.434571890145395,55.04436492919922,1
1013,21.798384491114696,4.986429725363489,68.1539306640625,1
1014,21.532310177705973,5.548142164781905,70.16814422607422,1
1015,21.335218093699513,6.129563812600968,74.8489761352539,1
1016,21.177544426494343,6.720840064620354,82.69791412353516,1
1017,21.069143780290783,7.312116316639741,85.24958038330078,1
1018,21.010016155088845,7.91324717285945,83.54114532470703,1
1019,21.000161550888524,8.524232633279482,84.2979507446289,1
1020,21.029725363489494,9.115508885298867,87.39190673828125,1
1021,21.118416801292405,9.69693053311793,88.10916137695312,1
1022,21.26623586429725,10.258642972536347,93.16051483154297,1
1023,21.463327948303714,10.81050080775444,97.3472900390625,1
1024,21.699838449111464,11.332794830371565,102.10269927978516,1
1025,21.99547657512116,11.845234248788366,109.45989227294922,1
1026,22.330533117932145,12.328109854604197,115.52549743652344,1
1027,22.6951534733441,12.751857835218091,120.13614654541016,1
1028,23.099192245557344,13.106623586429723,126.95491790771484,1
1029,23.552504038772206,13.392407108239093,137.0028076171876,1
1030,24.04523424878836,13.609208400646201,148.14703369140625,1
1031,24.57738287560581,13.747172859450723,156.0301513671875,1
1032,25.129240710823904,13.835864297253632,163.55015563964844,1
1033,25.671243941841674,13.855573505654277,168.71734619140625,1
1034,26.193537964458802,13.806300484652663,175.6600799560547,1
1035,26.676413570274633,13.678190630048462,5.495752334594727,1
1036,27.110016155088847,13.461389337641355,21.83388900756836,1
1037,27.484491114701125,13.146042003231013,41.39443588256836,1
1038,27.799838449111462,12.761712439418414,55.430259704589844,1
1039,28.04620355411954,12.318255250403874,61.176513671875,1
1040,28.194022617124393,11.845234248788367,75.56212615966797,1
1041,28.243295638126007,11.372213247172857,82.95450592041016,1
1042,28.20387722132471,10.899192245557348,88.48591613769531,1
1043,28.085621970920833,10.416316639741517,93.45130920410156,1
1044,27.898384491114694,9.963004846526655,101.51105499267578,1
1045,27.671728594507265,9.489983844911146,105.1400909423827,1
1046,27.415508885298863,8.99725363489499,106.39051055908203,1
1047,27.14943457189014,8.504523424878837,109.70732879638672,1
1048,26.873505654281093,8.011793214862681,106.05553436279286,1
1049,26.5778675282714,7.479644588045234,106.99116516113281,1
1050,26.262520193861064,6.986914378029079,109.41001892089844,1
1051,25.92746365105008,6.553311793214862,117.15599822998047,1
1052,25.533279483037155,6.149273021001615,123.63976287841797,1
1053,25.089822294022614,5.8142164781906285,137.85003662109364,1
1054,24.597092084006455,5.557996768982228,149.73101806640625,1
1055,24.055088852988685,5.351050080775443,157.22105407714844,1
1056,23.463812600969298,5.163812600969305,161.13438415527344,1
1057,22.852827140549266,5.05541195476575,167.36636352539062,1
1058,22.231987075928913,4.986429725363489,174.7361297607422,1
1059,21.601292407108236,4.986429725363489,1.5017250776290894,1
1060,20.95088852988691,5.025848142164781,3.6061880588531494,1
1061,20.28077544426494,5.094830371567043,2.2560882568359375,1
1062,19.581098546042,5.153957996768981,3.917928695678711,1
1063,18.86171243941841,5.222940226171243,8.665087699890137,1
1064,18.12261712439418,5.301777059773828,10.229471206665039,1
1065,17.413085621970918,5.410177705977382,16.99237632751465,1
1066,16.772536348949917,5.567851373182552,17.320049285888672,1
1067,16.22067851373182,5.784652665589659,22.775897979736328,1
1068,15.757512116316638,6.060581583198706,28.439481735229492,1
1069,15.412600969305327,6.366074313408722,39.16315078735363,1
1070,15.16623586429725,6.7011308562197085,51.05132293701183,1
1071,14.988852988691434,7.065751211631662,64.6944808959961,1
1072,14.88045234248788,7.450080775444263,73.53253936767578,1
1073,14.841033925686588,7.873828756058157,81.15763854980469,1
1074,14.860743134087235,8.327140549273018,84.96276092529297,1
1075,14.93957996768982,8.81001615508885,91.62036895751953,1
1076,15.06768982229402,9.322455573505652,93.35306549072254,1
1077,15.245072697899834,9.844749596122778,97.14636993408203,1
1078,15.452019386106622,10.347334410339254,103.13998413085949,1
1079,15.67867528271405,10.859773828756056,107.74942779541004,1
1080,15.934894991922453,11.372213247172857,107.26892852783203,1
1081,16.2108239095315,11.845234248788367,108.99782562255871,1
1082,16.506462035541194,12.308400646203552,110.8363800048827,1
1083,16.831663974151855,12.781421647819062,113.82917022705078,1
1084,17.17657512116316,13.2248788368336,117.77333831787098,1
1085,17.54119547657512,13.648626817447493,118.30113983154297,1
1086,17.935379644588043,14.092084006462034,125.46588134765625,1
1087,18.34927302100161,14.52568659127625,121.29940032958984,1
1088,18.792730210016153,14.900161550888527,122.33287811279297,1
1089,19.25589660743134,15.225363489499188,131.24525451660156,1
1090,19.728917609046846,15.471728594507265,141.25003051757812,1
1091,20.231502423263326,15.63925686591276,153.38758850097656,1
1092,20.783360258481416,15.747657512116314,164.5709991455078,1
1093,21.345072697899834,15.806785137318252,179.88087463378906,1
1094,21.946203554119542,15.816639741518575,5.108675003051758,1
1095,22.576898222940223,15.796930533117926,4.572652339935303,1
1096,23.227302100161545,15.747657512116314,178.8544464111328,1
1097,23.857996768982225,15.658966074313403,12.011931419372559,1
1098,24.47883683360258,15.52100161550888,4.861998558044434,1
1099,25.060258481421645,15.343618739903064,13.349311828613281,1
1100,25.612116316639735,15.10710823909531,14.558084487915039,1
1101,26.09499192245557,14.821324717285941,22.786178588867188,1
1102,26.518739903069463,14.476413570274634,36.00404357910156,1
1103,26.883360258481417,14.072374798061386,44.666133880615234,1
1104,27.198707592891754,13.628917609046846,56.95853805541992,1
1105,27.425363489499187,13.15589660743134,69.60681915283203,1
1106,27.573182552504033,12.633602584814216,74.50080871582031,1
1107,27.642164781906295,12.08174474959612,82.20087432861328,1
1108,27.63231017770597,11.53974151857835,86.99639129638672,1
1109,27.514054927302094,10.987883683360257,93.67697143554688,1
1110,27.326817447495955,10.495153473344102,102.19352722167969,1
1111,27.070597738287557,10.061550888529885,111.29663848876953,1
1112,26.745395799676892,9.706785137318255,125.48336791992188,1
1113,26.351211631663965,9.430856219709208,133.99810791015625,1
1114,25.917609046849755,9.263327948303715,149.4035186767578,1
1115,25.45444264943457,9.164781906300481,159.37271118164062,1
1116,24.961712439418413,9.154927302100159,167.03253173828125,1
1117,24.459127625201933,9.214054927302097,173.84042358398438,1
1118,23.966397415185778,9.342164781906298,3.583613872528076,1
1119,23.49337641357027,9.529402261712438,22.006881713867188,1
1120,22.99079159935379,9.765912762520191,25.5400447845459,1
1121,22.488206785137315,10.051696284329562,32.55870819091797,1
1122,21.97576736672051,10.386752827140546,34.748226165771484,1
1123,21.46332794830371,10.761227786752826,38.30899429321289,1
1124,20.96074313408723,11.15541195476575,38.92789077758789,1
1125,20.49757673667205,11.56930533117932,42.35165023803711,1
1126,20.073828756058155,12.002907915993537,44.648582458496094,1
1127,19.7092084006462,12.446365105008075,48.73720932006836,1
1128,19.413570274636506,12.889822294022613,55.99216842651367,1
1129,19.1967689822294,13.343134087237479,62.269569396972656,1
1130,19.078513731825524,13.796445880452339,74.52236938476562,1
1131,19.0686591276252,14.230048465266554,83.06126403808594,1
1132,19.186914378029076,14.643941841680126,94.61514282226562,1
1133,19.413570274636506,15.028271405492728,104.98979949951172,1
1134,19.738772213247167,15.373182552504037,119.44831085205078,1
1135,20.162520193861063,15.66882067851373,132.71511840820312,1
1136,20.65525040387722,15.905331179321484,144.73248291015625,1
1137,21.167689822294022,16.092568659127625,155.55308532714844,1
1138,21.70969305331179,16.24038772213247,161.34275817871094,1
1139,22.29111470113085,16.358642972536348,163.73468017578125,1
1140,22.88239095315024,16.447334410339256,163.81109619140625,1
1141,23.473667205169626,16.51631663974151,160.3804473876953,1
1142,24.074798061389334,16.53602584814216,166.79661560058594,1
1143,24.646365105008073,16.506462035541194,172.38661193847656,1
1144,25.178513731825525,16.407915993537962,8.246912956237793,1
1145,25.631825525040387,16.240387722132468,11.165914535522461,1
1146,26.026009693053304,15.98416801292407,22.833349227905273,1
1147,26.351211631663965,15.658966074313406,43.06395721435547,1
1148,26.597576736672046,15.264781906300481,56.35839080810547,1
1149,26.73554119547657,14.821324717285943,71.88265228271484,1
1150,26.79466882067851,14.318739903069465,81.6944351196289,1
1151,26.77495961227786,13.806300484652661,91.15386199951172,1
1152,26.656704361873985,13.293861066235863,97.38334655761719,1
1153,26.43990306946688,12.801130856219709,109.06297302246094,1
1154,26.163974151857833,12.387237479806137,117.77757263183594,1
1155,25.81906300484652,12.081744749596123,133.19175720214844,1
1156,25.415024232633275,11.884652665589659,147.74880981445312,1
1157,24.971567043618737,11.815670436187396,161.28524780273438,1
1158,24.557673667205165,11.884652665589659,172.77284240722656,1
1159,24.153634894991917,12.042326332794827,10.767727851867676,1
1160,23.798869143780287,12.318255250403874,32.74700164794922,1
1161,23.50323101777059,12.673021001615506,47.35638427734375,1
1162,23.315993537964452,13.096768982229401,64.1059799194336,1
1163,23.18788368336025,13.56978998384491,75.51094055175781,1
1164,23.128756058158313,14.101938610662355,86.1256332397461,1
1165,23.168174474959606,14.643941841680128,92.8785400390625,1
1166,23.276575121163162,15.195799676898218,97.36756134033203,1
1167,23.42439418416801,15.737802907915992,98.83853149414062,1
1168,23.631340872374796,16.25024232633279,103.63339233398438,1
1169,23.887560581583195,16.69369951534733,104.01211547851562,1
1170,24.173344103392566,17.107592891760902,111.81511688232422,1
1171,24.498546042003227,17.4919224555735,116.43709564208984,1
1172,24.86316639741518,17.856542810985456,120.92839813232422,1
1173,25.257350565428105,18.19159935379644,127.79553985595703,1
1174,25.69095315024232,18.50694668820678,133.90135192871094,1
1175,26.15411954765751,18.753311793214856,139.07264709472656,1
1176,26.646849757673664,18.940549273021,147.93824768066406,1
1177,27.14943457189014,19.058804523424875,160.09228515625,1
1178,27.642164781906295,19.10807754442649,162.41006469726562,1
1179,28.036348949919216,19.10807754442649,170.26499938964844,1
1180,28.322132471728587,19.068659127625196,179.95486450195312,1
1181,28.5389337641357,18.970113085621968,9.48031997680664,1
1182,28.69660743134087,18.792730210016153,20.627370834350586,1
1183,28.81486268174474,18.566074313408723,24.388322830200195,1
1184,28.952827140549267,18.270436187399028,45.158088684081804,1
1185,29.110500807754438,17.89596122778675,55.742095947265625,1
1186,29.228756058158314,17.462358642972532,65.78601837158226,1
1187,29.287883683360253,17.028756058158315,70.07702636718727,1
1188,29.287883683360253,16.555735056542808,76.27102661132835,1
1189,29.218901453957994,16.0827140549273,85.27645874023438,1
1190,29.071082390953148,15.60969305331179,94.94268035888649,1
1191,28.83457189014539,15.146526655896603,103.2544250488279,1
1192,28.519224555735054,14.703069466882065,110.18059539794922,1
1193,28.134894991922447,14.328594507269788,121.08340454101562,1
1194,27.711147011308555,13.9935379644588,130.55422973632835,1
1195,27.238126009693048,13.747172859450725,137.71636962890602,1
1196,26.755250403877216,13.599353796445877,151.87455749511696,1
1197,26.272374798061385,13.51066235864297,161.892578125,1
1198,25.75993537964458,13.481098546042,172.64830017089844,1
1199,25.247495961227784,13.520516962843294,173.35546875000023,1
1200,24.744911147011305,13.609208400646201,3.952411174773715,1
1201,24.271890145395798,13.757027463651047,15.349505424499284,1
1202,23.83828756058158,13.963974151857832,23.23373413085892,1
1203,23.49337641357027,14.220193861066232,33.21623229980446,1
1204,23.2075928917609,14.535541195476572,41.51481246948197,1
1205,22.99079159935379,14.91001615508885,51.75312042236283,1
1206,22.823263327948297,15.333764135702745,60.87108612060524,1
1207,22.714862681744744,15.787075928917606,73.46562957763626,1
1208,22.645880452342485,16.289660743134085,81.5128173828125,1
1209,22.655735056542806,16.782390953150237,88.29518127441361,1
1210,22.764135702746362,17.255411954765748,92.77908325195267,1
1211,22.971082390953146,17.67915993537964,104.44223022460892,1
1212,23.276575121163162,18.05363489499192,120.1716918945308,1
1213,23.660904684975762,18.339418416801287,135.70843505859375,1
1214,24.124071082390948,18.56607431340872,148.9912719726558,1
1215,24.616801292407104,18.72374798061389,160.70811462402298,1
1216,25.168659127625197,18.82229402261712,167.58160400390625,1
1217,25.720516962843295,18.871567043618736,175.53837585449173,1
1218,26.272374798061385,18.88142164781906,177.4139404296875,1
1219,26.784814216478186,18.85185783521809,1.058272123336792,1
1220,27.27754442649434,18.782875605815825,2.6911981105804443,1
1221,27.71114701130856,18.654765751211627,178.4899444580078,1
1222,28.09547657512116,18.47738287560581,10.110579490661621,1
1223,28.440387722132463,18.201453957996765,32.156917572021484,1
1224,28.716316639741514,17.84668820678513,49.80422592163086,1
1225,28.903554119547646,17.432794830371563,68.25971221923828,1
1226,28.982390953150237,16.9794830371567,82.56828308105469,1
1227,28.96268174474959,16.486752827140545,90.35060119628906,1
1228,28.824717285945063,16.033441033925687,100.47407531738281,1
1229,28.578352180936992,15.60969305331179,111.52820587158203,1
1230,28.243295638126007,15.205654281098543,125.91316223144531,1
1231,27.8589660743134,14.860743134087235,130.55502319335938,1
1232,27.435218093699508,14.59466882067851,138.59307861328125,1
1233,26.972051696284325,14.377867528271404,144.49827575683594,1
1234,26.499030694668818,14.220193861066232,150.22695922851562,1
1235,26.006300484652662,14.131502423263324,159.1450653076172,1
1236,25.484006462035534,14.101938610662355,164.70867919921875,1
1237,24.95185783521809,14.121647819063003,174.01919555664062,1
1238,24.41970920840064,14.190630048465263,176.09295654296875,1
1239,23.887560581583195,14.30888529886914,3.182107925415494,1
1240,23.36526655896607,14.486268174474954,9.723628044128873,1
1241,22.852827140549266,14.68336025848142,13.278167724609375,1
1242,22.33053311793214,14.910016155088849,20.291173934936978,1
1243,21.827948303715665,15.16623586429725,26.691629409790494,1
1244,21.345072697899834,15.461873990306941,23.710918426513672,1
1245,20.91147011308562,15.777221324717283,28.01580810546875,1
1246,20.517285945072693,16.131987075928915,34.50376892089889,1
1247,20.182229402261708,16.516316639741515,44.31756591796875,1
1248,19.876736672051692,16.930210016155087,49.85536575317428,1
1249,19.590953150242324,17.363812600969304,51.70549392700195,1
1250,19.3248788368336,17.817124394184162,55.440761566162564,1
1251,19.088368336025848,18.28029079159935,62.369239807128906,1
1252,18.88142164781906,18.763166397415183,67.0111083984375,1
1253,18.723747980613886,19.255896607431335,70.34459686279342,1
1254,18.615347334410334,19.748626817447494,73.10615539550827,1
1255,18.556219709208396,20.27092084006462,79.62134552001953,1
1256,18.536510500807747,20.803069466882064,82.41161346435592,1
1257,18.54636510500807,21.354927302100158,87.74915313720703,1
1258,18.595638126009685,21.916639741518573,88.12765502929688,1
1259,18.684329563812593,22.47835218093699,95.26331329345703,1
1260,18.812439418416794,23.010500807754436,90.9638900756836,1
1261,18.999676898222937,23.513085621970916,93.24031829833984,1
1262,19.246042003231015,23.946688206785133,100.69015502929688,1
1263,19.56138933764135,24.32116316639741,113.8646850585942,1
1264,19.95557350565428,24.626655896607428,125.74695587158203,1
1265,20.40888529886914,24.843457189014536,137.47471618652344,1
1266,20.91147011308562,24.981421647819058,156.03414916992233,1
1267,21.45347334410339,25.02084006462035,177.4796142578125,1
1268,21.985621970920835,24.95185783521809,11.858613967895963,1
1269,22.498061389337636,24.77447495961227,23.187011718750455,1
1270,22.971082390953146,24.4886914378029,40.88957977294967,1
1271,23.36526655896607,24.11421647819062,53.16013336181686,1
1272,23.670759289176083,23.680613893376407,62.97265243530319,1
1273,23.877705977382874,23.207592891760903,77.30892944335938,1
1274,23.956542810985454,22.714862681744744,84.89832305908249,1
1275,23.917124394184164,22.25169628432956,101.03148651123092,1
1276,23.77915993537964,21.81809369951534,109.22982788085983,1
1277,23.55250403877221,21.443618739903066,122.57901763916061,1
1278,23.256865912762517,21.138126009693053,128.2715911865239,1
1279,22.902100161550884,20.91147011308562,135.73257446289108,1
1280,22.49806138933764,20.753796445880447,148.91488647460983,1
1281,22.084168012924067,20.674959612277867,158.14309692382858,1
1282,21.65056542810985,20.645395799676894,168.78762817382858,1
1283,21.207108239095312,20.65525040387722,178.13420104980514,1
1284,20.753796445880447,20.69466882067851,2.789540290833429,1
1285,20.28077544426494,20.753796445880447,3.368422508240201,1
1286,19.778190630048464,20.822778675282713,2.086438417435602,1
1287,19.26575121163166,20.92132471728594,2.931109189988092,1
1288,18.76316639741518,21.04943457189014,5.675903797150568,1
1289,18.290145395799673,21.216962843295637,12.848065376282648,1
1290,17.856542810985456,21.43376413570274,16.026590347290494,1
1291,17.472213247172853,21.719547657512113,28.015464782715753,1
1292,17.156865912762516,22.044749596122774,39.79740142822311,1
1293,16.900646203554118,22.419224555735052,51.84318542480514,1
1294,16.693699515347333,22.842972536348945,64.82775115966842,1
1295,16.555735056542808,23.315993537964452,79.52711486816452,1
1296,16.476898222940225,23.808723747980608,84.01665496826263,1
1297,16.457189014539573,24.311308562197087,88.39673614501999,1
1298,16.506462035541194,24.823747980613888,95.42381286621139,1
1299,16.664135702746364,25.2967689822294,100.16271209716842,1
1300,16.920355411954763,25.69095315024232,110.25877380371185,1
1301,17.275121163166396,25.996445880452335,127.41184234619186,1
1302,17.70872374798061,26.22310177705977,142.82360839843795,1
1303,18.181744749596117,26.31179321486268,157.00936889648528,1
1304,18.654765751211627,26.28222940226171,174.1768646240239,1
1305,19.10807754442649,26.14426494345718,10.435060501099542,1
1306,19.502261712439413,25.907754442649427,28.674371719360806,1
1307,19.807754442649433,25.572697899838445,42.933502197266534,1
1308,20.044264943457186,25.17851373182552,56.99990844726608,1
1309,20.192084006462032,24.735056542810984,75.09561920166061,1
1310,20.270920840064615,24.271890145395794,83.77412414550872,1
1311,20.28077544426494,23.789014539579966,88.9772567749028,1
1312,20.241357027463646,23.32584814216478,89.58460235595794,1
1313,20.142810985460418,22.89224555735056,95.024314880372,1
1314,19.985137318255248,22.498061389337636,102.53818511962982,1
1315,19.758481421647815,22.143295638126006,109.25774383544967,1
1316,19.472697899838444,21.857512116316634,122.6293334960942,1
1317,19.13764135702746,21.62100161550888,135.42898559570403,1
1318,18.733602584814214,21.43376413570274,144.65354919433685,1
1319,18.299999999999997,21.335218093699513,154.15693664550872,1
1320,17.83683360258481,21.305654281098544,166.75466918945403,1
1321,17.334248788368335,21.32536348949919,3.3980965614327943,1
1322,16.81195476575121,21.374636510500803,7.854051113129572,1
1323,16.289660743134085,21.463327948303714,18.130767822266534,1
1324,15.767366720516957,21.561873990306943,20.824775695802145,1
1325,15.274636510500807,21.689983844911144,14.800610542298273,1
1326,14.85088852988691,21.847657512116314,14.200658798218683,1
1327,14.49612277867528,22.064458804523422,21.906160354615167,1
1328,14.23990306946688,22.35024232633279,35.2136688232431,1
1329,14.082229402261712,22.685298869143775,53.875160217286066,1
1330,14.003392568659127,23.069628432956375,71.9095916748056,1
1331,14.013247172859447,23.49337641357027,86.19213867187591,1
1332,14.111793214862681,23.926978998384488,94.07398986816497,1
1333,14.299030694668819,24.340872374798057,109.56082153320403,1
1334,14.574959612277866,24.715347334410335,120.7191619873056,1
1335,14.929725363489496,25.001130856219707,142.97805786132903,1
1336,15.343618739903068,25.17851373182552,156.02095031738372,1
1337,15.787075928917607,25.24749596122778,169.09066772461028,1
1338,16.240387722132468,25.198222940226167,174.44485473632903,1
1339,16.68384491114701,25.040549273020993,11.291177749635153,1
1340,17.107592891760902,24.79418416801292,24.34376144409316,1
1341,17.4919224555735,24.47883683360258,36.98717498779433,1
1342,17.846688206785135,24.07479806138933,48.688846588135675,1
1343,18.162035541195472,23.611631663974148,54.7464942932138,1
1344,18.41825525040387,23.109046849757668,62.92243957519622,1
1345,18.615347334410338,22.576898222940223,72.01089477539153,1
1346,18.74345718901453,22.025040387722125,79.6744842529306,1
1347,18.802584814216473,21.48303715670436,85.65612030029433,1
1348,18.773021001615504,20.96074313408723,91.80104064941497,1
1349,18.674474959612276,20.43844911147011,99.35910797119277,1
1350,18.49709208400646,19.90630048465266,109.437156677247,1
1351,18.260581583198707,19.39386106623586,116.00634765625091,1
1352,17.964943457189012,18.91098546042003,123.39813995361465,1
1353,17.629886914378027,18.457673667205164,127.79351806640761,1
1354,17.255411954765748,18.06348949919224,139.931549072267,1
1355,16.88093699515347,17.757996768982228,148.521148681642,1
1356,16.47689822294022,17.521486268174474,155.55781555175918,1
1357,16.033441033925683,17.344103392568655,166.30963134765761,1
1358,15.560420032310173,17.22584814216478,175.65573120117278,1
1359,15.077544426494342,17.16672051696284,2.147636651994162,1
1360,14.574959612277866,17.186429725363485,8.14478969574111,1
1361,14.09208400646203,17.26526655896607,18.439916610719138,1
1362,13.63877221324717,17.422940226171242,32.50428771972793,1
1363,13.23473344103392,17.63974151857835,37.20951843261855,1
1364,12.87996768982229,17.915670436187394,43.120281219483786,1
1365,12.584329563812599,18.23101777059773,51.52181243896621,1
1366,12.328109854604197,18.60549273021001,62.17381668090957,1
1367,12.11130856219709,19.04894991922455,68.68105316162246,1
1368,11.933925686591275,19.541680129240707,76.25495147705215,1
1369,11.805815831987074,20.044264943457186,79.00296020507949,1
1370,11.736833602584813,20.546849757673662,81.9168548583998,1
1371,11.746688206785135,21.029725363489497,85.9327468872084,1
1372,11.85508885298869,21.46332794830371,95.08390808105605,1
1373,12.062035541195474,21.83780290791599,106.00852966308776,1
1374,12.347819063004845,22.172859450726975,115.86945343017715,1
1375,12.702584814216475,22.429079159935377,126.87792968750136,1
1376,13.096768982229401,22.576898222940223,140.77120971679824,1
1377,13.510662358642971,22.606462035541192,159.80268859863418,1
1378,13.934410339256866,22.50791599353796,173.62239074707168,1
1379,14.358158319870757,22.29111470113085,24.192920684815817,1
1380,14.742487883683358,21.95605815831987,50.182250976563864,1
1381,15.107108239095314,21.542164781906298,55.69669342041152,1
1382,15.452019386106622,21.03957996768982,61.37590408325332,1
1383,15.747657512116314,20.507431340872373,68.63236236572402,1
1384,15.994022617124392,19.916155088852985,69.50897216797011,1
1385,16.200969305331178,19.315024232633277,74.27719116211074,1
1386,16.358642972536344,18.704038772213245,80.19231414795104,1
1387,16.476898222940225,18.09305331179321,81.04123687744277,1
1388,16.565589660743132,17.472213247172856,83.05101776123229,1
1389,16.644426494345716,16.861227786752824,79.13410186767715,1
1390,16.703554119547654,16.230533117932147,81.3278884887709,1
1391,16.742972536348947,15.599838449111465,85.03246307373183,1
1392,16.733117932148623,14.988852988691434,85.0573425292987,1
1393,16.68384491114701,14.387722132471726,88.96964263916198,1
1394,16.575444264943453,13.816155088852986,95.12579345703261,1
1395,16.417770597738286,13.284006462035538,100.1290359497084,1
1396,16.210823909531502,12.78142164781906,104.9966888427748,1
1397,15.964458804523423,12.278836833602583,100.6458816528334,1
1398,15.688529886914376,11.82552504038772,109.10254669189635,1
1399,15.363327948303715,11.401777059773826,112.74487304687636,1
1400,14.978998384491112,11.027302100161549,121.1469802856459,1
1401,14.555250403877219,10.71195476575121,138.08697509765761,1
1402,14.082229402261708,10.514862681744749,150.23931884765807,1
1403,13.589499192245555,10.396607431340872,171.48602294922011,1
1404,13.096768982229397,10.396607431340872,1.041635990145096,1
1405,12.643457189014537,10.505008077544426,10.594161033631735,1
1406,12.229563812600968,10.702100161550884,24.041927337648303,1
1407,11.894507269789981,10.968174474959609,39.81369781494368,1
1408,11.59886914378029,11.28352180936995,45.92245864868346,1
1409,11.372213247172857,11.628432956381257,51.35328674316588,1
1410,11.194830371567042,12.022617124394182,55.601749420167835,1
1411,11.076575121163163,12.4562197092084,68.2632522583026,1
1412,11.017447495961225,12.899676898222939,78.37314605713118,1
1413,11.037156704361871,13.352988691437801,86.3707962036151,1
1414,11.135702746365101,13.806300484652663,96.11926269531432,1
1415,11.32294022617124,14.220193861066232,103.58007049560729,1
1416,11.598869143780288,14.59466882067851,114.08730316162291,1
1417,11.95363489499192,14.929725363489496,129.3091125488295,1
1418,12.367528271405492,15.215508885298869,134.7032928466815,1
1419,12.840549273021,15.442164781906296,143.00259399414244,1
1420,13.323424878836832,15.599838449111468,150.30964660644713,1
1421,13.83586429725363,15.688529886914376,159.33082580566588,1
1422,14.358158319870757,15.718093699515345,165.4485778808612,1
1423,14.890306946688204,15.688529886914376,172.95460510254088,1
1424,15.402746365105006,15.599838449111468,3.951315879824051,1
1425,15.905331179321484,15.452019386106622,6.763515472413928,1
1426,16.3389337641357,15.235218093699512,17.864908218386063,1
1427,16.693699515347333,14.949434571890142,32.9311103820819,1
1428,16.969628432956377,14.594668820678512,47.12963104248229,1
1429,17.147011308562195,14.180775444264942,65.39723205566634,1
1430,17.26526655896607,13.717609046849756,76.97703552246276,1
1431,17.334248788368335,13.234733441033924,84.29974365234557,1
1432,17.35395799676898,12.7124394184168,90.91526794433776,1
1433,17.32439418416801,12.180290791599353,94.8550491333026,1
1434,17.265266558966072,11.648142164781905,97.29680633545149,1
1435,17.15686591276252,11.135702746365103,99.23748779297057,1
1436,17.018901453957994,10.642972536348948,99.90010833740416,1
1437,16.84151857835218,10.169951534733439,104.05023193359602,1
1438,16.634571890145395,9.69693053311793,106.66045379638854,1
1439,16.398061389337638,9.204200323101775,111.61293792724791,1
1440,16.15169628432956,8.68190630048465,110.55262756347884,1
1441,15.885621970920834,8.11033925686591,110.36215972900573,1
1442,15.629402261712437,7.519063004846525,109.91942596435729,1
1443,15.373182552504034,6.917932148626816,107.80511474609557,1
1444,15.116962843295635,6.316801292407107,111.73280334472884,1
1445,14.841033925686588,5.735379644588044,113.0212478637718,1
1446,14.55525040387722,5.193376413570273,112.46983337402526,1
1447,14.259612277867527,4.671082390953149,110.77214813232604,1
1448,13.954119547657509,4.188206785137317,117.46449279785384,1
1449,13.63877221324717,3.754604200323101,116.41379547119368,1
1450,13.333279483037154,3.3702746365105,115.30269622802962,1
1451,13.027786752827136,3.025363489499192,123.13835906982604,1
1452,12.702584814216475,2.7198707592891758,132.58209228515807,1
1453,12.377382875605813,2.4537964458804518,134.7615661621112,1
1454,12.052180936995152,2.2074313408723745,133.94854736328307,1
1455,11.717124394184165,1.9709208400646197,131.70233154297057,1
1456,11.362358642972534,1.7639741518578347,138.97329711914244,1
1457,10.978029079159933,1.6260096930533117,151.41819763183776,1
1458,10.593699515347334,1.5471728594507268,167.81863403320494,1
1459,10.209369951534732,1.5668820678513729,179.96429443359557,1
1460,9.834894991922454,1.6949919224555732,12.346601486207874,1
1461,9.499838449111468,1.9216478190630046,33.516639709474475,1
1462,9.223909531502422,2.2468497576736666,47.2213821411151,1
1463,8.967689822294021,2.680452342487883,63.7522659301776,1
1464,8.750888529886913,3.2126009693053303,77.30626678466979,1
1465,8.573505654281096,3.7940226171243934,80.66046905517851,1
1466,8.445395799676897,4.424717285945072,82.23237609863554,1
1467,8.386268174474958,5.035702746365104,84.86109161377226,1
1468,8.405977382875603,5.62697899838449,93.73754882812773,1
1469,8.514378029079158,6.178836833602584,99.09963226318632,1
1470,8.701615508885299,6.701130856219708,109.42346191406523,1
1471,8.957835218093699,7.1741518578352155,112.1353454589862,1
1472,9.273182552504037,7.617609046849756,117.85707855224882,1
1473,9.637802907915994,8.021647819063002,125.43591308594023,1
1474,10.031987075928916,8.386268174474958,130.18566894531523,1
1475,10.475444264943455,8.721324717285942,134.75703430175963,1
1476,10.938610662358641,9.016962843295637,137.8067321777362,1
1477,11.421486268174473,9.263327948303715,142.2673492431668,1
1478,11.904361873990306,9.450565428109854,149.16006469726744,1
1479,12.406946688206784,9.578675282714054,156.92251586914335,1
1480,12.919386106623586,9.647657512116316,164.746139526369,1
1481,13.441680129240709,9.667366720516963,173.51501464844023,1
1482,13.9935379644588,9.637802907915994,177.94573974609648,1
1483,14.555250403877215,9.549111470113084,179.32339477539335,1
1484,15.126817447495958,9.391437802907916,11.793951034547717,1
1485,15.708239095315019,9.164781906300485,19.450212478639514,1
1486,16.27980613893376,8.859289176090467,25.14380073547636,1
1487,16.79224555735056,8.48481421647819,33.013248443606244,1
1488,17.245557350565427,8.061066235864295,43.0276679992694,1
1489,17.610177705977378,7.607754442649434,55.418285369874866,1
1490,17.86639741518578,7.095315024232631,68.78829193115507,1
1491,18.02407108239095,6.533602584814216,79.15996551513945,1
1492,18.102907915993534,5.962035541195475,89.49038696289335,1
1493,18.122617124394182,5.331340872374797,94.24491119385038,1
1494,18.102907915993534,4.6316639741518575,93.13586425781432,1
1495,18.033925686591274,3.922132471728594,97.84353637695494,1
1496,17.935379644588043,3.232310177705977,98.57830810547148,1
1497,17.86639741518578,2.680452342487883,101.57279968261992,1
1498,17.83683360258481,2.286268174474959,99.42148590088163,1
1499,17.83683360258481,2.0201938610662356,95.93192291260038,1
1500,17.86639741518578,1.872374798061389,90.43577575683776,1
1501,17.905815831987073,1.852665589660743,86.42213439941679,1
1502,17.915670436187394,1.8428109854604198,88.17139434814635,1
1503,17.86639741518578,1.8231017770597735,92.59135437011992,1
1504,17.777705977382873,1.8329563812600966,92.60608673095885,1
1505,17.66930533117932,1.8231017770597735,95.51077270508085,1
1506,17.54119547657512,1.8231017770597735,97.7654953002957,1
1507,17.344103392568655,1.7639741518578351,99.12477111816679,1
1508,17.09773828756058,1.6752827140549271,118.77220153808867,1
1509,16.78239095315024,1.5668820678513729,131.14105224609557,1
1510,16.398061389337638,1.4880452342487882,138.2299041748065,1
1511,15.974313408723745,1.3993537964458802,145.06530761719023,1
1512,15.530856219709207,1.3500807754442647,154.23846435547148,1
1513,15.087399030694666,1.3599353796445879,166.35180664062682,1
1514,14.634087237479804,1.4190630048465263,179.1017761230487,1
1515,14.210339256865911,1.5274636510500805,5.912039279940473,1
1516,13.806300484652663,1.6949919224555732,20.185129165652143,1
1517,13.451534733441031,1.9216478190630046,29.54107856750761,1
1518,13.15589660743134,2.2271405492730207,49.73824691772734,1
1519,12.939095315024229,2.591760904684975,66.24668884277617,1
1520,12.781421647819062,3.0155088852988685,71.76354980469023,1
1521,12.702584814216475,3.458966074313408,79.04073333740507,1
1522,12.722294022617122,3.931987075928917,88.05235290527617,1
1523,12.830694668820675,4.365589660743133,91.94037628174101,1
1524,13.047495961227785,4.76962843295638,100.82570648193632,1
1525,13.362843295638124,5.104684975767365,111.65218353271666,1
1526,13.747172859450725,5.37075928917609,127.09418487549101,1
1527,14.200484652665589,5.548142164781906,151.9137115478543,1
1528,14.722778675282711,5.6663974151857825,163.5323638916043,1
1529,15.29434571890145,5.725525040387721,174.3796539306668,1
1530,15.905331179321484,5.75508885298869,174.86550903320585,1
1531,16.565589660743132,5.745234248788368,178.64241027832304,1
1532,17.215993537964458,5.705815831987075,6.05523633957182,1
1533,17.846688206785135,5.62697899838449,2.2953796386746035,1
1534,18.428109854604195,5.49886914378029,8.111376762392865,1
1535,18.979967689822292,5.311631663974151,6.477315902712689,1
1536,19.492407108239092,5.094830371567044,12.339877128603803,1
1537,20.014701130856217,4.838610662358642,17.359550476076947,1
1538,20.546849757673662,4.562681744749596,25.22485542297636,1
1539,21.118416801292405,4.267043618739902,19.1016654968289,1
1540,21.709693053311792,3.961550888529886,18.062892913821088,1
1541,22.330533117932145,3.646203554119547,20.329725265505658,1
1542,22.97108239095315,3.3210016155088846,19.068508148196088,1
1543,23.611631663974144,2.9859450726978993,19.293230056765424,1
1544,24.262035541195473,2.650888529886914,20.023321151736127,1
1545,24.922294022617116,2.3158319870759283,17.76657485962187,1
1546,25.582552504038766,1.9709208400646197,20.139104843142377,1
1547,26.232956381260088,1.6260096930533117,18.720428466799603,1
1548,26.853796445880448,1.2909531502423262,18.805877685549603,1
1549,27.376090468497573,1.0150242326332792,16.405509948733197,1
1550,27.78998384491114,0.8474959612277866,20.176042556765424,1
1551,28.04620355411954,0.7686591276252018,27.200567245486127,1
1552,28.20387722132471,0.7785137318255249,21.67940330505644,1
1553,28.282714054927293,0.8573505654281097,34.37681198120481,1
1554,28.31227786752827,0.9460420032310177,42.50722122192656,1
1555,28.312277867528262,1.0051696284329563,44.4102478027371,1
1556,28.351696284329556,1.0544426494345716,38.69994354248411,1
1557,28.381260096930525,1.093861066235864,46.88543701172148,1
1558,28.420678513731822,1.1332794830371564,47.763839721682416,1
1559,28.489660743134085,1.192407108239095,49.617809295657025,1
1560,28.558642972536347,1.290953150242326,55.343997955324994,1
1561,28.647334410339248,1.4190630048465265,57.557907104494916,1
1562,28.765589660743125,1.5668820678513729,61.30872344971067,1
1563,28.91340872374797,1.7147011308562194,59.9388122558621,1
1564,29.08093699515347,1.8231017770597735,68.89176940918242,1
1565,29.268174474959608,1.882229402261712,78.53306579590117,1
1566,29.425848142164778,1.892084006462035,80.23538208008085,1
1567,29.534248788368338,1.8920840064620355,80.36523437500273,1
1568,29.59337641357027,1.8625201938610658,78.32322692871367,1
1569,29.603231017770593,1.872374798061389,73.85439300537382,1
1570,29.583521809369948,1.8625201938610658,78.03929138183867,1
1571,29.573667205169624,1.8428109854604195,80.79309082031523,1
1572,29.544103392568655,1.882229402261712,77.15291595459257,1
1573,29.514539579967686,1.892084006462035,69.8543853759802,1
1574,29.494830371567037,1.8625201938610658,79.0833435058621,1
1575,29.465266558966068,1.892084006462035,79.55124664306913,1
1576,29.425848142164774,1.961066235864297,70.56391906738554,1
1577,29.386429725363485,1.8920840064620355,76.83093261719023,1
1578,29.33715670436187,1.9413570274636505,75.97853851318632,1
1579,29.268174474959608,1.9216478190630046,83.34922790527617,1
1580,29.23861066235864,1.882229402261712,67.01460266113554,1
1581,29.14991922455573,1.8428109854604198,84.01863098144804,1
1582,29.08093699515347,1.8428109854604198,66.03822326660429,1
1583,29.011954765751206,1.8132471728594504,87.97135162353788,1
1584,28.972536348949916,1.7935379644588043,85.34279632568723,1
1585,28.903554119547653,1.7442649434571886,80.61146545410429,1
1586,28.873990306946684,1.7048465266558963,72.3921813964871,1
1587,28.854281098546032,1.7048465266558963,70.96430969238554,1
1588,28.814862681744746,1.68513731825525,70.59510803222929,1
1589,28.785298869143777,1.7639741518578347,52.75946044922148,1
1590,28.765589660743125,1.8625201938610658,55.96269607544218,1
1591,28.785298869143777,1.9315024232633278,57.21185302734648,1
1592,28.81486268174474,1.9906300484652664,57.91007614136015,1
1593,28.883844911147,2.030048465266559,64.11801910400663,1
1594,28.96268174474959,2.039903069466882,54.9340515136746,1
1595,29.0513731825525,2.059612277867528,51.91519546509062,1
1596,29.130210016155083,2.0891760904684973,52.59480285644804,1
1597,29.18933764135702,2.1187399030694665,57.48939895630156,1
1598,29.23861066235864,2.1384491114701127,62.944923400881635,1
1599,29.248465266558963,2.1778675282714053,64.16716003418242,1
1600,29.24846526655896,2.197576736672051,61.32966613769804,1
1601,29.23861066235864,2.197576736672051,60.90132904053007,1
1602,29.228756058158314,2.2567043618739904,56.51857376098906,1
1603,29.169628432956376,2.2172859450726974,82.71506500244413,1
1604,29.08093699515347,2.1384491114701127,71.1913986206082,1
1605,28.952827140549267,2.039903069466882,90.33056640625273,1
1606,28.755735056542807,1.892084006462035,102.47520446777617,1
1607,28.45024232633279,1.6260096930533117,109.92910766601835,1
1608,28.095476575121154,1.4387722132471725,121.65713500976835,1
1609,27.69143780290791,1.281098546042003,136.6806335449246,1
1610,27.20856219709208,1.1431340872374798,149.17277526855742,1
1611,26.63699515347334,1.0544426494345718,158.93286132812773,1
1612,26.006300484652662,1.0051696284329563,163.21728515625273,1
1613,25.316478190630043,0.9756058158319869,166.87609863281523,1
1614,24.57738287560581,0.9361873990306945,164.87478637695585,1
1615,23.808723747980608,0.8967689822294019,166.05076599121367,1
1616,23.04991922455573,0.8770597738287558,171.00244140625364,1
1617,22.3108239095315,0.8869143780290789,174.9777984619168,1
1618,21.61114701130856,0.9361873990306945,179.45933532715117,1
1619,20.931179321486265,1.0347334410339255,8.063769340517865,1
1620,20.27092084006462,1.2022617124394182,11.832081794741498,1
1621,19.659935379644587,1.4289176090468496,21.030467987064185,1
1622,19.10807754442649,1.7147011308562194,27.108558654787885,1
1623,18.58578352180937,2.069466882067851,35.88780593872343,1
1624,18.102907915993534,2.473505654281098,41.54982757568632,1
1625,17.659450726978992,2.9366720516962843,45.97290039062773,1
1626,17.255411954765748,3.439256865912762,51.269046783449994,1
1627,16.87108239095315,3.9812600969305323,53.46456146240598,1
1628,16.52617124394184,4.542972536348949,61.43477630615598,1
1629,16.250242326332792,5.114539579967689,61.96593093872434,1
1630,16.063004846526656,5.656542810985459,64.57253265381132,1
1631,15.934894991922453,6.178836833602584,72.89903259277708,1
1632,15.905331179321484,6.691276252019385,79.8189620971716,1
1633,15.974313408723745,7.184006462035541,86.44818115234648,1
1634,16.102423263327942,7.676736672051694,95.1028213501013,1
1635,16.289660743134085,8.16946688206785,99.4746475219763,1
1636,16.536025848142163,8.68190630048465,100.31288909912382,1
1637,16.82180936995153,9.194345718901452,106.63806915283476,1
1638,17.12730210016155,9.7264943457189,107.53623199463163,1
1639,17.442649434571887,10.258642972536347,106.69361114502226,1
1640,17.76785137318255,10.780936995153471,106.69751739502317,1
1641,18.122617124394182,11.28352180936995,103.10987854004179,1
1642,18.49709208400646,11.736833602584811,111.92679595947538,1
1643,18.891276252019384,12.101453957996767,118.1502609252957,1
1644,19.334733441033926,12.377382875605813,126.68403625488554,1
1645,19.807754442649433,12.544911147011307,144.50567626953398,1
1646,20.270920840064615,12.584329563812599,160.82705688476926,1
1647,20.7340872374798,12.505492730210014,170.73950195312773,1
1648,21.207108239095312,12.357673667205168,17.19551658630735,1
1649,21.6702746365105,12.14087237479806,21.834403991702857,1
1650,22.113731825525036,11.894507269789981,35.70339965820676,1
1651,22.596607431340868,11.618578352180934,31.489030838015424,1
1652,23.118901453957996,11.332794830371565,26.717006683352338,1
1653,23.660904684975765,11.007592891760904,24.87605857849394,1
1654,24.212762520193856,10.672536348949917,31.388732910159888,1
1655,24.784329563812598,10.317770597738285,33.10751724243528,1
1656,25.355896607431337,9.953150242326332,26.755146026614057,1
1657,25.878190630048458,9.568820678513731,30.28930854797636,1
1658,26.351211631663972,9.174636510500807,32.29383087158567,1
1659,26.774959612277865,8.77059773828756,37.90051269531614,1
1660,27.14943457189014,8.327140549273022,47.41746902466093,1
1661,27.445072697899832,7.854119547657511,50.86408996582304,1
1662,27.671728594507265,7.341680129240709,60.5060958862332,1
1663,27.839256865912756,6.819386106623585,73.60850524902708,1
1664,27.937802907915987,6.277382875605815,74.32250976562773,1
1665,27.967366720516956,5.745234248788368,79.41593170166288,1
1666,27.927948303715663,5.222940226171243,83.39231872558958,1
1667,27.82940226171244,4.720355411954765,93.20216369629179,1
1668,27.66187399030694,4.2276252019386105,101.15642547607786,1
1669,27.425363489499187,3.6954765751211625,103.61904144287473,1
1670,27.11987075928917,3.1731825525040387,107.2994766235388,1
1671,26.745395799676892,2.6705977382875603,115.01474761963163,1
1672,26.301938610662354,2.187722132471728,124.26785278320676,1
1673,25.809208400646195,1.754119547657512,128.43583679199492,1
1674,25.257350565428105,1.4190630048465265,143.7975006103543,1
1675,24.675928917609042,1.172697899838449,159.01753234863554,1
1676,24.045234248788365,0.9953150242326331,169.64878845215117,1
1677,23.42439418416801,0.9066235864297252,169.87605285644804,1
1678,22.783844911147007,0.8573505654281096,177.01643371582395,1
1679,22.172859450726975,0.877059773828756,0.7810818553007266,1
1680,21.581583198707587,0.9263327948303713,2.77791118622099,1
1681,21.01987075928917,1.0248788368336024,10.432243347171607,1
1682,20.448303715670434,1.1628432956381256,11.11608028412229,1
1683,19.857027463651047,1.3402261712439416,13.565588951114478,1
1684,19.216478190630045,1.5373182552504037,14.333791732791724,1
1685,18.52665589660743,1.7639741518578347,15.61094284057981,1
1686,17.826978998384487,2.0004846526655893,9.517016410831275,1
1687,17.12730210016155,2.25670436187399,7.096140861513959,1
1688,16.486752827140545,2.5424878836833598,11.768515586856665,1
1689,15.944749596122776,2.838126009693053,22.444667816165747,1
1690,15.491437802907914,3.1436187399030695,26.56998252869016,1
1691,15.116962843295635,3.478675282714055,40.151752471927466,1
1692,14.831179321486266,3.8531502423263317,48.003192901614966,1
1693,14.634087237479804,4.237479806138933,55.84417343140012,1
1694,14.505977382875603,4.64151857835218,65.33779907226835,1
1695,14.456704361873989,5.075121163166396,73.58991241455442,1
1696,14.476413570274634,5.538287560581582,78.52728271484739,1
1697,14.545395799676896,5.9915993537964445,86.87229156494504,1
1698,14.634087237479804,6.4744749596122775,92.64035034180051,1
1699,14.75234248788368,6.9770597738287545,92.08129882812864,1
1700,14.890306946688204,7.489499192245556,95.13063812256132,1
1701,15.047980613893376,8.001938610662357,92.77104949951536,1
1702,15.245072697899834,8.514378029079158,95.9211578369177,1
1703,15.491437802907914,9.007108239095313,101.46829223633176,1
1704,15.757512116316637,9.480129240710824,107.36724090576536,1
1705,16.063004846526653,9.913731825525039,112.54846954346067,1
1706,16.427625201938604,10.298061389337638,120.36960601807004,1
1707,16.82180936995153,10.633117932148625,126.3038482666052,1
1708,17.26526655896607,10.928756058158317,134.63545227051054,1
1709,17.748142164781903,11.15541195476575,144.393402099613,1
1710,18.260581583198707,11.293376413570272,151.6952514648474,1
1711,18.75331179321486,11.342649434571888,163.16246032715117,1
1712,19.26575121163166,11.303231017770596,176.7915191650427,1
1713,19.778190630048464,11.145557350565426,16.822719573978247,1
1714,20.290630048465268,10.899192245557348,33.59326934814817,1
1715,20.75379644588045,10.59369951534733,46.27994918823606,1
1716,21.197253634894988,10.229079159935377,52.64474105835325,1
1717,21.59143780290791,9.79547657512116,60.13433456421262,1
1718,21.90678513731825,9.302746365105007,68.71021270752317,1
1719,22.182714054927295,8.760743134087235,71.38039398193723,1
1720,22.438933764135697,8.179321486268174,73.09812164307004,1
1721,22.66558966074313,7.56833602584814,76.49545288086301,1
1722,22.86268174474959,6.937641357027462,71.75872039795286,1
1723,23.02035541195476,6.316801292407107,74.00479125976926,1
1724,23.109046849757668,5.676252019386106,81.33772277832395,1
1725,23.138610662358637,5.0357027463651045,87.08157348633176,1
1726,23.109046849757668,4.395153473344103,90.61061859131223,1
1727,23.01050080775444,3.744749596122778,93.26734161377317,1
1728,22.872536348949914,3.094345718901453,96.03343200683958,1
1729,22.73457189014539,2.581906300484652,98.75913238525754,1
1730,22.645880452342485,2.1975767366720516,97.74784851074583,1
1731,22.616316639741516,1.9216478190630046,89.80445098877317,1
1732,22.66558966074313,1.754119547657512,78.46689605713254,1
1733,22.823263327948304,1.6457189014539577,64.39344024658567,1
1734,23.059773828756057,1.4683360258481417,55.323585510257544,1
1735,23.29628432956381,1.3205169628432953,43.490139007572,1
1736,23.542649434571885,1.2219709208400644,31.19222831726438,1
1737,23.818578352180936,1.192407108239095,13.537125587467017,1
1738,24.104361873990303,1.2613893376413567,179.64460754394895,1
1739,24.40985460420032,1.4486268174474957,170.3156127929724,1
1740,24.774474959612274,1.6358642972536344,165.59561157226926,1
1741,25.21793214862681,1.8329563812600966,161.915374755863,1
1742,25.71066235864297,2.039903069466882,154.22508239746458,1
1743,26.25266558966074,2.2468497576736666,149.71788024902708,1
1744,26.814378029079155,2.453796445880452,154.65234375000364,1
1745,27.356381260096924,2.650888529886914,159.86245727539426,1
1746,27.71114701130856,2.8184168012924067,161.33880615234648,1
1747,27.937802907915987,3.0056542810985456,164.36106872558958,1
1748,28.056058158319864,3.2520193861066224,151.60346984863645,1
1749,28.09547657512116,3.5279483037156694,131.49633789062773,1
1750,28.12504038772213,3.8630048465266547,120.76672363281614,1
1751,28.292568659127618,4.247334410339256,118.98110961914426,1
1752,28.489660743134078,4.64151857835218,119.61586761474973,1
1753,28.686752827140545,4.996284329563812,124.63491821289426,1
1754,28.88384491114701,5.341195476575121,116.30080413818723,1
1755,29.0513731825525,5.6663974151857825,114.42903900146848,1
1756,29.140064620355407,5.971890145395799,110.34267425537473,1
1757,29.228756058158314,6.277382875605815,107.66179656982786,1
1758,29.327302100161546,6.582875605815831,102.8491363525427,1
1759,29.386429725363485,6.888368336025846,101.47941589355833,1
1760,29.425848142164778,7.21357027463651,106.61035919189726,1
1761,29.484975767366716,7.597899838449111,98.00257110595976,1
1762,29.534248788368338,8.011793214862681,93.1246719360388,1
1763,29.573667205169624,8.45525040387722,95.50769805908567,1
1764,29.652504038772207,8.957835218093699,94.04722595215208,1
1765,29.672213247172852,9.421001615508883,94.84295654297148,1
1766,29.642649434571883,9.8546042003231,103.18581390381223,1
1767,29.553957996768975,10.288206785137316,91.86911773682004,1
1768,29.39628432956381,10.751373182552502,82.02202606201445,1
1769,29.159773828756055,11.194830371567042,78.1535797119177,1
1770,28.913408723747978,11.677705977382875,69.42591094971067,1
1771,28.63747980613893,12.190145395799673,66.91180419922239,1
1772,28.34184168012923,12.732148626817445,67.35259246826536,1
1773,28.056058158319864,13.26429725363489,59.12417602539426,1
1774,27.78998384491114,13.816155088852986,62.26754760742551,1
1775,27.56332794830371,14.387722132471726,67.86408233642942,1
1776,27.395799676898218,14.96914378029079,74.04804229736692,1
1777,27.287399030694665,15.54071082390953,81.08956146240598,1
1778,27.228271405492723,16.102423263327942,82.7835845947302,1
1779,27.228271405492727,16.65428109854604,88.27404785156614,1
1780,27.27754442649434,17.196284329563806,91.19856262207395,1
1781,27.395799676898218,17.718578352180934,96.12310791015989,1
1782,27.573182552504033,18.201453957996762,101.18359375000364,1
1783,27.809693053311786,18.684329563812593,107.47497558594114,1
1784,28.085621970920833,19.10807754442649,115.58815765381223,1
1785,28.391114701130853,19.472697899838444,122.93746948242551,1
1786,28.657189014539576,19.797899838449105,136.44416809082395,1
1787,28.89369951534733,20.10339256865912,143.73291015625364,1
1788,29.100646203554113,20.379321486268168,134.3864440918005,1
1789,29.268174474959608,20.684814216478184,131.99234008789426,1
1790,29.40613893376413,21.01001615508885,127.70677185058958,1
1791,29.5638126009693,21.335218093699513,115.89577484131223,1
1792,29.711631663974146,21.6702746365105,112.23742675781523,1
1793,29.84959612277867,21.985621970920835,110.93256378174192,1
1794,29.967851373182548,22.29111470113085,106.87158966064817,1
1795,30.0762520193861,22.626171243941837,104.81984710693723,1
1796,30.155088852988683,22.971082390953146,105.5285568237332,1
1797,30.24378029079159,23.306138933764128,101.9524307251013,1
1798,30.302907915993536,23.660904684975762,103.37840270996458,1
1799,30.381744749596116,24.015670436187392,101.13787841797239,1
1800,30.440872374798055,24.350726978998377,100.31533813476926,1
1801,30.529563812600962,24.685783521809366,108.98533630371458,1
1802,30.59854604200323,25.02084006462035,103.87839508057004,1
1803,30.667528271405484,25.35589660743134,103.4119033813513,1
1804,30.68723747980613,25.681098546042,105.06901550293242,1
1805,30.736510500807746,26.006300484652662,103.2798004150427,1
1806,30.726655896607422,26.301938610662354,100.97303009033567,1
1807,30.706946688206777,26.597576736672046,102.17422485351926,1
1808,30.69709208400646,26.873505654281097,94.89307403564817,1
1809,30.736510500807746,27.169143780290785,91.00188446045286,1
1810,30.697092084006453,27.415508885298863,98.56735992432004,1
1811,30.637964458804515,27.671728594507265,102.77602386474973,1
1812,30.578836833602576,27.927948303715663,91.50799560547239,1
1813,30.49014539579967,28.17431340872374,85.2230148315466,1
1814,30.352180936995147,28.351696284329556,83.13414001465208,1
1815,30.23392568659127,28.5389337641357,79.6932525634802,1
1816,30.115670436187393,28.676898222940217,72.41057586670286,1
1817,29.957996768982223,28.78529886914377,65.66350555420286,1
1818,29.780613893376408,28.903554119547653,55.701801300052466,1
1819,29.583521809369948,29.02180936995153,47.43286895752317,1
1820,29.37657512116316,29.120355411954755,51.60838699341184,1
1821,29.15977382875605,29.24846526655896,43.61870193481809,1
1822,28.96268174474959,29.356865912762515,40.70183563232786,1
1823,28.745880452342483,29.445557350565423,40.47549438476926,1
1824,28.50936995153473,29.544103392568655,34.38150024414426,1
1825,28.243295638126007,29.66235864297253,31.582294464114966,1
1826,27.957512116316632,29.741195476575115,24.042367935184302,1
1827,27.622455573505647,29.8200323101777,20.870798110964643,1
1828,27.267689822294017,29.869305331179316,7.058170318607154,1
1829,26.893214862681738,29.90872374798061,0.8082187771824465,1
1830,26.52859450726978,29.997415185783517,179.44157409668333,1
1831,26.163974151857825,30.086106623586424,3.725257635120215,1
1832,25.828917609046847,30.164943457189008,4.134482383731665,1
1833,25.503715670436183,30.24378029079159,8.808705329898658,1
1834,25.188368336025842,30.302907915993536,6.53653287887937,1
1835,24.873021001615502,30.27334410339256,21.206190109256568,1
1836,24.557673667205165,30.273344103392567,17.472314834598365,1
1837,24.22261712439418,30.283198707592884,6.250496387484418,1
1838,23.907269789983843,30.29305331179321,14.582085609439673,1
1839,23.601777059773827,30.322617124394178,14.21252632141477,1
1840,23.315993537964456,30.362035541195475,17.150444030764447,1
1841,23.030210016155085,30.371890145395792,10.883710861208783,1
1842,22.773990306946686,30.381744749596116,12.066553115847455,1
1843,22.50791599353796,30.391599353796444,23.487871170047583,1
1844,22.261550888529882,30.391599353796444,2.71113085747038,1
1845,22.00533117932148,30.381744749596116,16.09244155884153,1
1846,21.768820678513727,30.381744749596116,11.877617836002173,1
1847,21.492891760904676,30.381744749596116,3.3445992469814882,1
1848,21.216962843295637,30.40145395799676,178.3192749023474,1
1849,20.911470113085617,30.43101777059773,4.627106666568579,1
1850,20.6059773828756,30.48029079159935,9.315633773807349,1
1851,20.28077544426494,30.519709208400638,13.409020423892798,1
1852,19.97528271405492,30.55912762520193,14.249233245853247,1
1853,19.659935379644583,30.529563812600962,3.459737777713599,1
1854,19.39386106623586,30.470436187399024,1.7150678634679934,1
1855,19.098222940226165,30.3324717285945,0.8783699870136843,1
1856,18.782875605815825,30.145234248788363,154.49295043945585,1
1857,18.447819063004843,29.898869143780285,149.09655761719114,1
1858,18.112762520193858,29.672213247172852,148.065032958988,1
1859,17.70872374798061,29.445557350565423,159.34773254394895,1
1860,17.304684975767366,29.27802907915993,156.99595642090117,1
1861,16.91050080775444,29.159773828756055,168.7416381835974,1
1862,16.506462035541194,29.08093699515347,171.60986328125273,1
1863,16.092568659127622,29.04151857835218,1.354590892795386,1
1864,15.67867528271405,29.031663974151854,6.615777015689673,1
1865,15.274636510500804,29.0513731825525,14.591028213504615,1
1866,14.88045234248788,29.120355411954762,17.108436584476294,1
1867,14.49612277867528,29.228756058158314,19.231462478641333,1
1868,14.101938610662355,29.37657512116316,28.444929122928443,1
1869,13.747172859450723,29.484975767366716,38.21922683716184,1
1870,13.402261712439415,29.583521809369948,40.61618423462278,1
1871,13.077059773828754,29.66235864297253,33.51766204834348,1
1872,12.771567043618736,29.73134087237479,29.044357299808325,1
1873,12.515347334410336,29.75105008077544,34.17232894897825,1
1874,12.229563812600967,29.820032310177698,36.40203094482786,1
1875,11.953634894991922,29.869305331179316,30.646251678470435,1
1876,11.657996768982228,29.91857835218093,33.00602340698606,1
1877,11.342649434571888,29.997415185783517,26.214914321902143,1
1878,10.99773828756058,30.056542810985455,23.837875366213666,1
1879,10.662681744749595,30.13537964458804,37.363285064700904,1
1880,10.327625201938607,30.21421647819062,28.44002342224485,1
1881,10.002423263327945,30.29305331179321,33.34418487549192,1
1882,9.69693053311793,30.283198707592884,32.152381896976294,1
1883,9.361873990306943,30.352180936995147,30.653272628787818,1
1884,9.026817447495958,30.371890145395792,24.425672531130658,1
1885,8.681906300484652,30.391599353796444,25.10022735596067,1
1886,8.32714054927302,30.411308562197085,35.19586181640898,1
1887,7.952665589660742,30.470436187399024,21.352340698244916,1
1888,7.607754442649433,30.411308562197085,31.014389038089575,1
1889,7.252988691437802,30.362035541195475,28.817863464359107,1
1890,6.898222940226171,30.3324717285945,10.829461097720923,1
1891,6.533602584814216,30.302907915993536,12.231257438663306,1
1892,6.178836833602584,30.26348949919224,12.19698905945188,1
1893,5.8142164781906285,30.312762520193854,22.415109634403052,1
1894,5.479159935379644,30.342326332794823,13.758081436160865,1
1895,5.144103392568658,30.362035541195468,20.042194366457807,1
1896,4.828756058158318,30.371890145395792,8.47508907318479,1
1897,4.523263327948302,30.381744749596116,12.845020294193091,1
1898,4.217770597738287,30.381744749596116,15.987574577335181,1
1899,3.912277867528271,30.391599353796444,10.866729736331763,1
1900,3.675767366720516,30.411308562197085,12.199392318729224,1
1901,3.478675282714055,30.421163166397413,16.10791206360227,1
1902,3.3505654281098542,30.440872374798055,24.484802246097388,1
1903,3.2914378029079154,30.450726978998382,21.56269836426145,1
1904,3.2717285945072687,30.48029079159935,16.377664566043677,1
1905,3.2520193861066233,30.49014539579967,20.92748451233274,1
1906,3.2520193861066224,30.499999999999993,20.77133560180937,1
1907,3.2421647819062995,30.50985460420032,19.60301589966184,1
1908,3.2421647819062995,30.50985460420032,18.886690139774146,1
1909,3.252019386106623,30.499999999999996,19.48006439209348,1
1910,3.2717285945072687,30.470436187399024,19.26802635193144,1
1911,3.2815831987075925,30.440872374798055,17.502866744998755,1
1912,3.2815831987075916,30.431017770597737,6.611475467685523,1
1913,3.2914378029079154,30.411308562197085,12.58359622955686,1
1914,3.301292407108238,30.371890145395792,16.66032600403196,1
1915,3.2717285945072687,30.40145395799676,15.270437240604224,1
1916,3.2520193861066224,30.440872374798055,8.172167778017865,1
1917,3.2520193861066224,30.470436187399024,21.173234939578833,1
1918,3.2520193861066224,30.48029079159935,24.087360382082807,1
1919,3.232310177705977,30.529563812600962,19.282026290897193,1
1920,3.232310177705977,30.53941841680129,9.51445674896604,1
1921,3.232310177705977,30.53941841680129,18.48153495788938,1
1922,3.232310177705977,30.529563812600962,19.425411224367963,1
1923,3.2126009693053303,30.53941841680129,21.225660324100318,1
1924,3.2224555735056533,30.53941841680129,25.44948577881223,1
1925,3.2421647819062995,30.529563812600962,20.171995162967505,1
1926,3.2520193861066233,30.529563812600962,23.691667556766333,1
1927,3.2520193861066233,30.50985460420032,18.14675712585813,1
1928,3.2618739903069462,30.48029079159935,23.359317779544654,1
1929,3.2520193861066224,30.440872374798055,22.192378997806372,1
1930,3.232310177705977,30.40145395799676,26.347173690799536,1
1931,3.222455573505654,30.342326332794823,22.805395126345502,1
1932,3.2126009693053303,30.302907915993536,21.94987869263059,1
1933,3.2027463651050074,30.27334410339256,22.60152244568235,1
1934,3.2027463651050074,30.243780290791598,28.03927993774687,1
1935,3.192891760904684,30.224071082390946,28.593973159792768,1
1936,3.192891760904684,30.194507269789977,29.35210037231809,1
1937,3.183037156704361,30.164943457189008,33.0620384216345,1
1938,3.1731825525040387,30.125525040387714,30.231430053714575,1
1939,3.1731825525040382,30.066397415185776,33.785175323489966,1
1940,3.1928917609046845,29.967851373182544,36.934719085697,1
1941,3.173182552504038,29.91857835218093,40.053146362308325,1
1942,3.143618739903069,29.85945072697899,30.82586860657102,1
1943,3.1140549273021,29.800323101777053,45.29166030884062,1
1944,3.0844911147011302,29.73134087237479,44.576175689700904,1
1945,3.0450726978998377,29.6919224555735,46.23577117920286,1
1946,3.035218093699515,29.632794830371562,47.79675292969114,1
1947,3.0450726978998377,29.613085621970917,48.166000366214575,1
1948,3.0844911147011302,29.622940226171238,46.03563690185911,1
1949,3.1140549273020994,29.6919224555735,39.70162582397825,1
1950,3.153473344103392,29.780613893376408,31.982318878177466,1
1951,3.192891760904684,29.869305331179316,34.67256164551145,1
1952,3.2421647819062995,29.928432956381254,30.04695701599485,1
1953,3.2618739903069462,29.967851373182548,23.478939056400122,1
1954,3.2815831987075925,29.97770597738287,27.470037460330786,1
1955,3.3111470113085617,29.957996768982223,22.099479675296607,1
1956,3.360420032310177,29.898869143780285,24.114812850955786,1
1957,3.3998384491114693,29.820032310177698,30.90008735657011,1
1958,3.429402261712439,29.731340872374794,35.16857147217161,1
1959,3.458966074313408,29.622940226171238,30.231361389163794,1
1960,3.468820678513731,29.514539579967686,31.065809249880658,1
1961,3.4885298869143773,29.386429725363485,35.60987091064817,1
1962,3.468820678513731,29.297738287560577,35.987716674808325,1
1963,3.458966074313408,29.199192245557345,18.841857910159888,1
1964,3.4096930533117926,29.130210016155083,37.95142364502317,1
1965,3.3702746365105,29.071082390953144,34.91719818115598,1
1966,3.301292407108238,29.061227786752823,39.56718826294309,1
1967,3.2618739903069462,29.031663974151854,37.501327514652075,1
1968,3.2224555735056533,29.02180936995153,36.853153228763404,1
1969,3.2126009693053303,29.002100161550878,41.502567291263404,1
1970,3.183037156704361,28.99224555735056,40.59753036499296,1
1971,3.143618739903069,28.972536348949916,40.45989608765012,1
1972,3.1042003231017765,28.96268174474959,42.77903366089231,1
1973,3.0844911147011307,28.952827140549267,41.937328338626685,1
1974,3.0647819063004844,28.94297253634894,39.62371826172239,1
1975,3.054927302100161,28.933117932148622,40.76312255859739,1
1976,3.0844911147011302,28.933117932148622,38.699779510500775,1
1977,3.123909531502423,28.933117932148622,42.76123046875364,1
1978,3.2126009693053303,28.96268174474959,36.10729217529661,1
1979,3.3702746365105,29.011954765751206,34.35974884033567,1
1980,3.577221324717285,29.071082390953144,11.757557868960248,1
1981,3.744749596122778,29.130210016155083,178.93498229980742,1
1982,3.9024232633279476,29.18933764135702,8.266868591312232,1
1983,3.9714054927302094,29.218901453957994,172.81236267090208,1
1984,4.010823909531501,29.21890145395799,4.45374011993772,1
1985,3.9714054927302094,29.199192245557345,172.79185485840208,1
1986,3.9418416801292393,29.1794830371567,11.073349952701392,1
1987,3.922132471728594,29.120355411954762,174.72874450683958,1
1988,3.9024232633279476,29.061227786752816,13.883362770084204,1
1989,3.8531502423263317,29.002100161550885,3.254611253741132,1
1990,3.8235864297253626,28.952827140549267,16.897201538089575,1
1991,3.784168012924071,28.89369951534733,7.041291713718238,1
1992,3.7250403877221316,28.86413570274636,16.6352691650427,1
1993,3.6560581583198704,28.83457189014539,18.959804534915747,1
1994,3.577221324717285,28.80500807754442,20.4121303558386,1
1995,3.508239095315024,28.765589660743125,21.44683265686399,1
1996,3.4491114701130856,28.745880452342483,27.416320800784888,1
1997,3.3998384491114693,28.716316639741514,28.752351760867896,1
1998,3.330856219709208,28.706462035541186,30.574609756473365,1
1999,3.2717285945072687,28.706462035541186,34.94081878662473,1
2000,3.2224555735056533,28.72617124394183,42.22628021240507,1
2001,3.183037156704361,28.716316639741514,35.8515548706082,1
2002,3.143618739903069,28.726171243941838,30.573362350466596,1
2003,3.163327948303715,28.726171243941838,34.44470214844114,1
2004,3.183037156704361,28.726171243941838,29.48649787903196,1
2005,3.183037156704361,28.716316639741514,29.853067398074927,1
2006,3.183037156704361,28.69660743134087,33.64073944092161,1
2007,3.202746365105008,28.63747980613893,26.864967346195044,1
2008,3.202746365105008,28.598061389337637,31.694715499881568,1
2009,3.1436187399030686,28.60791599353796,38.430282592777075,1
2010,3.0943457189014536,28.578352180936985,71.24092864990598,1
2011,3.0253634894991914,28.548788368336023,48.0183258056677,1
2012,2.9268174474959605,28.548788368336023,48.006664276126685,1
2013,2.8381260096930525,28.50936995153473,46.89899444580442,1
2014,2.788852988691437,28.430533117932146,46.810226440432416,1
2015,2.7297253634894987,28.381260096930525,57.556442260745825,1
2016,2.67059773828756,28.381260096930525,57.064762115482154,1
2017,2.601615508885298,28.391114701130853,56.97294235229856,1
2018,2.5227786752827135,28.410823909531494,57.146442413333716,1
2019,2.434087237479806,28.440387722132463,59.395614624027075,1
2020,2.365105008077544,28.45024232633279,62.951889038088666,1
2021,2.276413570274636,28.489660743134085,66.24251556396848,1
2022,2.2074313408723745,28.489660743134085,68.02539825439817,1
2023,2.1285945072697894,28.519224555735047,72.28671264648801,1
2024,2.0891760904684973,28.50936995153473,68.67206573486692,1
2025,2.030048465266559,28.548788368336023,76.52734375000364,1
2026,1.9906300484652664,28.52907915993537,82.11977386474973,1
2027,1.961066235864297,28.55864297253634,79.49311065674192,1
2028,1.9413570274636505,28.58820678513731,75.78474426269895,1
2029,1.9512116316639738,28.647334410339248,86.42676544189817,1
2030,2.020193861066235,28.706462035541186,106.2742843627966,1
2031,2.1581583198707586,28.83457189014539,107.52387237549101,1
2032,2.345395799676898,28.98239095315024,121.35249328613645,1
2033,2.6114701130856215,29.130210016155083,126.58345031738645,1
2034,2.9859450726978993,29.297738287560577,136.9541168212927,1
2035,3.468820678513731,29.415993537964454,166.21243286133176,1
2036,3.912277867528271,29.445557350565423,174.02676391601835,1
2037,4.336025848142165,29.34701130856219,2.5040347576177737,1
2038,4.690791599353796,29.14991922455573,26.86311340332395,1
2039,4.878029079159935,28.86413570274636,52.203598022464575,1
2040,4.887883683360258,28.52907915993537,61.53627777099973,1
2041,4.858319870759288,28.14474959612277,65.43757629394895,1
2042,4.76962843295638,27.78998384491114,78.96333312988645,1
2043,4.61195476575121,27.43521809369951,84.45211029053098,1
2044,4.38529886914378,27.070597738287557,97.02329254150754,1
2045,4.079806138933763,26.715831987075923,108.34231567383176,1
2046,3.6954765751211625,26.400484652665586,122.75745391846067,1
2047,3.330856219709207,26.104846526655887,145.85586547851926,1
2048,3.0155088852988685,25.868336025848134,165.2406616210974,1
2049,2.778998384491114,25.671243941841674,154.09094238281614,1
2050,2.6114701130856215,25.513570274636503,152.55068969726926,1
2051,2.5523424878836827,25.346042003231013,145.15946960449583,1
2052,2.463651050080775,25.13909531502423,141.646087646488,1
2053,2.365105008077544,24.89273021001615,114.19440460205442,1
2054,2.227140549273021,24.616801292407104,104.64677429199583,1
2055,2.0891760904684973,24.301453957996763,102.93109130859739,1
2056,1.9216478190630046,23.976252019386102,112.96881866455442,1
2057,1.7935379644588043,23.660904684975762,102.48632812500364,1
2058,1.6752827140549271,23.3357027463651,101.84140014648801,1
2059,1.576736672051696,23.01050080775444,96.22481536865598,1
2060,1.468336025848142,22.685298869143775,92.39653015137083,1
2061,1.3599353796445879,22.330533117932145,85.11508178711301,1
2062,1.2318255250403873,21.975767366720515,87.3401031494177,1
2063,1.1135702746365104,21.61114701130856,84.4196929931677,1
2064,1.0347334410339255,21.246526655896606,89.20271301269895,1
2065,1.0051696284329563,20.901615508885296,87.52110290527708,1
2066,1.0051696284329563,20.56655896607431,91.05486297607786,1
2067,1.0248788368336021,20.28077544426494,93.5360031127966,1
2068,1.1037156704361872,20.004846526655893,91.97121429443723,1
2069,1.182552504038772,19.728917609046846,90.87583160400754,1
2070,1.2318255250403876,19.4529886914378,85.57427978515989,1
2071,1.2219709208400644,19.186914378029076,88.26807403564817,1
2072,1.2121163166397415,18.901130856219705,92.84763336182004,1
2073,1.1628432956381258,18.60549273021001,93.27441406250364,1
2074,1.0840064620355412,18.290145395799673,87.13437652588254,1
2075,1.0248788368336024,17.92552504038772,87.21574401855833,1
2076,1.0248788368336024,17.521486268174474,88.92868804932004,1
2077,1.0741518578352178,17.087883683360253,86.13425445557004,1
2078,1.1628432956381256,16.62471728594507,91.45748138428098,1
2079,1.290953150242326,16.15169628432956,96.04243469238645,1
2080,1.4289176090468494,15.688529886914376,90.4663238525427,1
2081,1.5373182552504034,15.274636510500804,86.9534835815466,1
2082,1.5668820678513726,14.860743134087233,89.10348510742551,1
2083,1.5471728594507268,14.49612277867528,94.66848754883176,1
2084,1.5176090468497574,14.151211631663973,99.59516143799192,1
2085,1.478190630048465,13.835864297253632,99.1183013916052,1
2086,1.4387722132471725,13.490953150242325,93.62075042724973,1
2087,1.3993537964458802,13.12633279483037,93.82772064209348,1
2088,1.3599353796445879,12.742003231017767,98.75036621094114,1
2089,1.3008077544426493,12.357673667205166,110.87750244140989,1
2090,1.2121163166397413,11.973344103392566,105.98622894287473,1
2091,1.1431340872374798,11.618578352180936,97.39950561523801,1
2092,1.1234248788368333,11.28352180936995,101.58551788330442,1
2093,1.093861066235864,10.96817447495961,99.18296051025754,1
2094,1.084006462035541,10.662681744749595,97.15265655517942,1
2095,1.1234248788368333,10.347334410339254,99.33435058594114,1
2096,1.1628432956381256,10.012277867528269,97.41209411621458,1
2097,1.1628432956381258,9.657512116316637,92.4195938110388,1
2098,1.1529886914378027,9.292891760904682,92.98003387451536,1
2099,1.1431340872374796,8.898707592891759,98.6318511962927,1
2100,1.1037156704361872,8.52423263327948,101.69187164307004,1
2101,1.0445880452342486,8.159612277867527,100.85030364990598,1
2102,0.9953150242326331,7.824555735056542,101.2752838134802,1
2103,0.9460420032310177,7.499353796445879,101.4620742797888,1
2104,0.8672051696284327,7.233279483037156,103.75588989258176,1
2105,0.788368336025848,6.947495961227785,95.83606719971067,1
2106,0.7292407108239094,6.671567043618739,100.34145355224973,1
2107,0.6701130856219708,6.375928917609047,91.32715606689817,1
2108,0.6109854604200322,6.090145395799675,92.06341552734739,1
2109,0.5617124394184166,5.7649434571890135,93.29730224609739,1
2110,0.5222940226171243,5.4397415185783515,86.66230773926145,1
2111,0.47302100161550875,5.104684975767365,87.97642517090208,1
2112,0.44345718901453945,4.809046849757673,90.60283660889036,1
2113,0.4336025848142164,4.523263327948302,92.01338958740598,1
2114,0.4533117932148626,4.267043618739903,90.58692169189817,1
2115,0.5124394184168012,4.030533117932148,90.26762390137083,1
2116,0.6109854604200322,3.8038772213247163,85.69284820557004,1
2117,0.6996768982229401,3.5575121163166394,79.74333190918333,1
2118,0.778513731825525,3.301292407108238,81.8641510009802,1
2119,0.8474959612277866,3.0647819063004844,90.76088714599973,1
2120,0.9164781906300483,2.8184168012924067,95.64707946777708,1
2121,0.9460420032310175,2.641033925686591,94.32539367676145,1
2122,0.9558966074313406,2.5129240710823906,87.0319976806677,1
2123,0.9657512116316637,2.424232633279483,92.9635162353552,1
2124,0.9756058158319869,2.345395799676898,96.42948913574583,1
2125,0.9558966074313406,2.335541195476575,97.68464660644895,1
2126,0.9460420032310177,2.3256865912762517,97.61563110351926,1
2127,0.9657512116316639,2.3256865912762517,95.28426361084348,1
2128,0.9854604200323098,2.3355411954765746,92.67683410644895,1
2129,0.98546042003231,2.345395799676898,98.75448608398801,1
2130,0.9756058158319869,2.335541195476575,102.51457214355833,1
2131,0.9854604200323098,2.325686591276251,100.0416183471716,1
2132,1.0150242326332792,2.335541195476575,100.2110977172888,1
2133,1.0741518578352178,2.335541195476575,96.26177978515989,1
2134,1.1332794830371564,2.335541195476575,90.66872406006223,1
2135,1.172697899838449,2.345395799676898,91.9100265502966,1
2136,1.2022617124394182,2.335541195476575,98.36092376709348,1
2137,1.2022617124394182,2.296122778675282,110.33435058594114,1
2138,1.2022617124394182,2.2567043618739895,101.60449981689817,1
2139,1.2318255250403876,2.2074313408723745,106.73371887207395,1
2140,1.300807754442649,2.158158319870759,106.53350830078489,1
2141,1.389499192245557,2.1187399030694665,112.27287292480833,1
2142,1.4978998384491113,2.09903069466882,117.17251586914426,1
2143,1.5865912762520193,2.0891760904684973,119.82534790039426,1
2144,1.6457189014539577,2.09903069466882,123.21826171875364,1
2145,1.6752827140549271,2.1483037156704357,115.62188720703489,1
2146,1.665428109854604,2.2074313408723745,117.06112670898801,1
2147,1.6358642972536348,2.2271405492730207,120.93289184570676,1
2148,1.596445880452342,2.2369951534733437,113.53617858887083,1
2149,1.5668820678513729,2.2369951534733437,112.9548721313513,1
2150,1.5570274636510497,2.1778675282714053,116.97286987305051,1
2151,1.5570274636510497,2.118739903069467,119.58754730224973,1
2152,1.5570274636510497,2.1088852988691436,116.14020538330442,1
2153,1.5668820678513729,2.1088852988691436,120.3509445190466,1
2154,1.576736672051696,2.1384491114701127,118.47217559814817,1
2155,1.576736672051696,2.168012924071082,113.71533203125364,1
2156,1.5668820678513729,2.177867528271405,114.99931335449583,1
2157,1.5668820678513729,2.177867528271405,113.9433975219763,1
2158,1.5570274636510497,2.168012924071082,117.7573623657263,1
2159,1.5570274636510497,2.1384491114701127,113.05783081055051,1
2160,1.5570274636510497,2.1285945072697894,120.69979095459348,1
2161,1.5570274636510497,2.1088852988691436,123.21118164062864,1
2162,1.5570274636510497,2.0891760904684977,118.34565734863645,1
2163,1.5570274636510497,2.0891760904684973,120.9034805297888,1
2164,1.5373182552504034,2.0793214862681744,120.13733673096067,1
2165,1.5274636510500803,2.069466882067851,114.41276550293333,1
2166,1.5274636510500805,2.0793214862681744,121.24121856689817,1
2167,1.5373182552504034,2.0891760904684973,121.05733489990598,1
2168,1.5471728594507266,2.079321486268174,122.85614776611692,1
2169,1.5668820678513729,2.069466882067851,116.27012634277708,1
2170,1.5865912762520191,2.059612277867528,124.04058837890989,1
2171,1.6358642972536344,2.0793214862681744,122.95544433594114,1
2172,1.675282714054927,2.09903069466882,126.00592041015989,1
2173,1.7245557350565424,2.1088852988691436,123.32329559326536,1
2174,1.7935379644588039,2.118739903069467,121.7801895141638,1
2175,1.872374798061389,2.1285945072697894,125.80192565918333,1
2176,1.9315024232633278,2.09903069466882,129.17424011230833,1
2177,1.9807754442649432,2.030048465266559,132.03433227539426,1
2178,2.030048465266559,1.9906300484652664,138.70715332031614,1
2179,2.069466882067851,1.9807754442649432,137.6815795898474,1
2180,2.079321486268174,1.951211631663974,140.1552124023474,1
2181,2.079321486268174,1.9216478190630046,140.83093261719114,1
2182,2.09903069466882,1.9315024232633278,132.64982604980833,1
2183,2.1285945072697894,1.951211631663974,134.8471069335974,1
2184,2.1483037156704357,1.9216478190630046,134.96113586426145,1
2185,2.187722132471728,1.9216478190630046,138.47814941406614,1
2186,2.2271405492730203,1.9315024232633278,134.96057128906614,1
2187,2.2567043618739895,1.9216478190630046,135.19677734375364,1
2188,2.276413570274636,1.892084006462035,132.3957672119177,1
2189,2.3059773828756054,1.8526655896607427,133.26895141601926,1
2190,2.3355411954765746,1.7639741518578347,138.7378540039099,1
2191,2.4045234248788363,1.6555735056542809,141.36711120605833,1
2192,2.473505654281098,1.5373182552504034,150.4860992431677,1
2193,2.562197092084006,1.4092084006462033,147.0626373291052,1
2194,2.621324717285945,1.3106623586429724,165.5848999023474,1
2195,2.6705977382875603,1.2515347334410336,172.95219421387083,1
2196,2.7001615508885295,1.2219709208400644,171.16543579101926,1
2197,2.7198707592891753,1.2318255250403876,164.60237121582395,1
2198,2.7395799676898216,1.2416801292407107,154.07575988769895,1
2199,2.769143780290791,1.2613893376413567,172.2421569824255,1
2200,2.8282714054927296,1.300807754442649,159.852142333988,1
2201,2.8282714054927296,1.3500807754442647,159.17124938965208,1
2202,2.8184168012924067,1.389499192245557,168.06431579590208,1
2203,2.749434571890145,1.4880452342487882,7.058502674107331,1
2204,2.6410339256865907,1.645718901453958,8.151364326480689,1
2205,2.4340872374798055,1.872374798061389,17.8603668212927,1
2206,2.2271405492730203,2.158158319870759,31.234720230106177,1
2207,2.0004846526655893,2.5129240710823906,42.04415130615598,1
2208,1.7935379644588039,2.8972536348949918,48.95205688476926,1
2209,1.6358642972536348,3.3111470113085617,59.724872589115876,1
2210,1.5668820678513729,3.7151857835218087,64.94445800781614,1
2211,1.5668820678513729,4.138933764135702,75.43327331543333,1
2212,1.6358642972536344,4.542972536348949,84.70261383057004,1
2213,1.7836833602584812,4.9568659127625185,89.55963134765989,1
2214,2.0201938610662356,5.37075928917609,100.20867156982786,1
2215,2.345395799676898,5.774798061389336,114.5630264282263,1
2216,2.769143780290791,6.1,127.21375274658658,1
2217,3.2520193861066233,6.366074313408722,150.0877075195349,1
2218,3.754604200323101,6.513893376413568,174.09748840332395,1
2219,4.257189014539579,6.5237479806138925,10.931164741519751,1
2220,4.720355411954765,6.3956381260096915,26.347377777104157,1
2221,5.1342487883683345,6.159127625201937,44.118671417240876,1
2222,5.49886914378029,5.833925686591275,57.659305572513404,1
2223,5.824071082390953,5.4397415185783515,68.27049255371548,1
2224,6.080290791599353,4.996284329563812,77.2274780273483,1
2225,6.277382875605815,4.5035541195476565,81.02548980713254,1
2226,6.385783521809369,4.010823909531502,85.9930572509802,1
2227,6.435056542810985,3.508239095315024,87.21377563477017,1
2228,6.425201938610661,3.054927302100161,94.25529479980923,1
2229,6.356219709208399,2.6607431340872365,97.59016418457486,1
2230,6.2281098546042,2.345395799676898,108.49835968018033,1
2231,6.04087237479806,2.09903069466882,126.72460174561002,1
2232,5.784652665589659,1.9315024232633278,149.73188781738645,1
2233,5.449596122778674,1.8132471728594504,154.82717895508267,1
2234,5.05541195476575,1.7344103392568655,162.8851470947302,1
2235,4.611954765751211,1.7245557350565424,175.6161499023483,1
2236,4.168497576736671,1.7738287560581578,3.9126284122512516,1
2237,3.744749596122778,1.9019386106623581,9.661930084232154,1
2238,3.3702746365105,2.1187399030694665,19.294559478764313,1
2239,3.074636510500807,2.4143780290791597,36.64597702026822,1
2240,2.8972536348949913,2.7592891760904683,56.445167541508454,1
2241,2.8085621970920838,3.163327948303715,69.48698425293423,1
2242,2.8184168012924067,3.606785137318255,81.11918640137173,1
2243,2.9169628432956376,4.0502423263327945,86.85536956787564,1
2244,3.094345718901453,4.493699515347334,94.23289489746458,1
2245,3.340710823909531,4.917447495961227,102.10635375977017,1
2246,3.6856219709208395,5.301777059773828,119.25381469727017,1
2247,4.0995153473344095,5.617124394184167,137.67256164551236,1
2248,4.602100161550888,5.853634894991922,157.0462799072311,1
2249,5.153957996768982,6.001453957996768,176.4462280273483,1
2250,5.725525040387721,6.07043618739903,3.292401552204865,1
2251,6.277382875605815,6.050726978998384,8.586481094364899,1
2252,6.819386106623585,5.9423263327948295,19.63980674744016,1
2253,7.31211631663974,5.745234248788367,31.416528701786774,1
2254,7.75557350565428,5.46930533117932,43.868637084965485,1
2255,8.13990306946688,5.114539579967689,53.051124572758454,1
2256,8.445395799676898,4.720355411954765,64.77326965332486,1
2257,8.68190630048465,4.267043618739903,68.96485137939908,1
2258,8.86914378029079,3.78416801292407,76.41378021240689,1
2259,9.007108239095313,3.3111470113085617,76.62987518311002,1
2260,9.115508885298867,2.916962843295637,82.11927032471067,1
2261,9.214054927302097,2.621324717285945,89.78926086426236,1
2262,9.31260096930533,2.3946688206785134,85.02294158936002,1
2263,9.421001615508882,2.2369951534733437,76.2201538085983,1
2264,9.568820678513728,2.158158319870759,71.7429809570358,1
2265,9.765912762520191,2.059612277867528,63.80997848511197,1
2266,10.012277867528269,1.892084006462035,51.46772003174283,1
2267,10.288206785137316,1.754119547657512,46.38604354858853,1
2268,10.593699515347332,1.6457189014539577,39.97853088379361,1
2269,10.909046849757672,1.5176090468497574,32.579547882084626,1
2270,11.214539579967688,1.3993537964458802,24.59314918518521,1
2271,11.559450726978998,1.3303715670436185,27.23338699341275,1
2272,11.924071082390949,1.2810985460420032,30.36912918091275,1
2273,12.29854604200323,1.2219709208400644,19.2450504303024,1
2274,12.673021001615506,1.1628432956381256,12.63857841492154,1
2275,13.047495961227785,1.1135702746365104,12.975730896000641,1
2276,13.392407108239093,1.0445880452342486,19.54593467712857,1
2277,13.727463651050078,0.9558966074313406,19.642936706546607,1
2278,14.062520193861065,0.8869143780290789,18.509290695194977,1
2279,14.39757673667205,0.8179321486268172,15.706665039066138,1
2280,14.762197092084005,0.7489499192245557,9.482900619511383,1
2281,15.126817447495958,0.6701130856219708,8.695873260502594,1
2282,15.521001615508883,0.6109854604200322,10.380312919621247,1
2283,15.92504038772213,0.5617124394184166,7.1319017410323795,1
2284,16.388206785137317,0.5321486268174473,179.24363708496548,1
2285,16.88093699515347,0.5321486268174475,175.3161010742233,1
2286,17.432794830371563,0.5617124394184166,168.12876892090298,1
2287,17.99450726978998,0.5715670436187399,168.20056152344205,1
2288,18.575928917609044,0.5420032310177705,173.03172302246548,1
2289,19.088368336025844,0.5715670436187399,0.5530570745513614,1
2290,19.56138933764135,0.6799676898222938,7.801755905155915,1
2291,19.9654281098546,0.8573505654281096,179.07418823242642,1
2292,20.32019386106623,1.1332794830371564,158.8506469726599,1
2293,20.63554119547657,1.4978998384491111,149.2103424072302,1
2294,20.9903069466882,1.872374798061389,141.20571899414517,1
2295,21.364781906300482,2.2468497576736666,139.10575866699673,1
2296,21.77867528271405,2.6311793214862673,130.88000488281705,1
2297,22.241841680129237,3.0253634894991914,135.37828063965208,1
2298,22.744426494345717,3.4294022617124384,133.96109008789517,1
2299,23.247011308562193,3.8334410339256855,134.80673217773892,1
2300,23.769305331179318,4.217770597738286,134.37690734863736,1
2301,24.301453957996763,4.562681744749595,138.05151367187955,1
2302,24.843457189014536,4.8583198707592885,147.227874755863,1
2303,25.395315024232627,5.114539579967689,155.07090759277798,1
2304,25.986591276252017,5.321486268174474,155.2991333007858,1
2305,26.587722132471725,5.479159935379643,158.62753295898892,1
2306,27.16914378029079,5.597415185783521,159.46870422363736,1
2307,27.592891760904685,5.676252019386105,165.4392700195349,1
2308,27.8983844911147,5.75508885298869,167.05134582519986,1
2309,28.085621970920833,5.853634894991922,153.36259460449673,1
2310,28.18416801292407,6.001453957996768,141.35586547852017,1
2311,28.243295638126007,6.218255250403876,128.74826049805142,1
2312,28.410823909531494,6.504038772213247,122.08913421631314,1
2313,28.60791599353796,6.829240710823908,120.27143096924283,1
2314,28.80500807754442,7.174151857835217,118.53818511963345,1
2315,28.99224555735056,7.528917609046848,110.68633270264127,1
2316,29.159773828756055,7.873828756058157,101.50424194336392,1
2317,29.278029079159932,8.208885298869143,101.22251892090208,1
2318,29.36672051696284,8.524232633279482,103.92468261719114,1
2319,29.46526655896607,8.849434571890143,106.56067657471158,1
2320,29.544103392568655,9.154927302100159,96.86413574219205,1
2321,29.573667205169624,9.44071082390953,103.80604553223111,1
2322,29.573667205169624,9.756058158319869,103.41755676269986,1
2323,29.544103392568655,10.091114701130854,94.32321929932095,1
2324,29.455411954765747,10.455735056542808,90.97026824951536,1
2325,29.317447495961222,10.869628432956379,83.6509170532263,1
2326,29.14991922455573,11.342649434571888,79.33515930176236,1
2327,28.942972536348947,11.86494345718901,76.05145263672239,1
2328,28.706462035541186,12.446365105008075,60.438129425052466,1
2329,28.45024232633279,13.047495961227785,64.6828002929733,1
2330,28.194022617124386,13.648626817447493,69.2456436157272,1
2331,27.957512116316632,14.249757673667204,66.02113342285611,1
2332,27.760420032310172,14.841033925686588,73.45390319824673,1
2333,27.622455573505647,15.392891760904684,76.2749176025427,1
2334,27.573182552504033,15.934894991922453,83.95972442627317,1
2335,27.592891760904678,16.447334410339256,96.07701873779752,1
2336,27.72100161550888,16.94006462035541,102.65929412842252,1
2337,27.927948303715663,17.363812600969304,115.98182678223111,1
2338,28.21373182552503,17.73828756058158,125.85285186768033,1
2339,28.469951534733433,18.053634894991923,137.56050109863736,1
2340,28.726171243941838,18.368982229402256,148.69718933105833,1
2341,28.942972536348947,18.63505654281098,136.58042907715208,1
2342,29.120355411954762,18.901130856219705,128.0058288574255,1
2343,29.23861066235864,19.186914378029076,122.92065429687955,1
2344,29.37657512116316,19.472697899838444,120.35109710693723,1
2345,29.50468497576736,19.728917609046846,119.13141632080533,1
2346,29.603231017770593,19.99499192245557,115.51647949219205,1
2347,29.6919224555735,20.26106623586429,112.3313369751022,1
2348,29.73626817447495,20.38671243941841,110.30830383301236,1
2349,29.77732902530963,20.51400107700592,108.83594512939817,1
