frame,x_cm,y_cm,theta,detected
305,14.221910112359518,4.540730337078641,77.12995147705078,1
306,14.136235955056147,4.305126404494372,77.74271392822266,1
307,14.079119850187235,4.01240636704119,78.60987034797132,1
308,13.975596910112328,3.7375351123595424,79.36002264769678,1
309,13.810674157303339,3.461235955056172,86.04636083450615,1
310,13.622191011235923,3.05856741573033,97.24615648890378,1
311,13.330898876404465,2.6473314606741516,114.31906471448042,1
312,13.159550561797724,2.433146067415725,127.34247669598531,1
313,12.55126404494379,2.03904494382022,127.3403620104931,1
314,12.020084269662894,1.8162921348314565,129.10479472172227,1
315,11.38609550561795,1.5935393258426929,129.96862057892102,1
316,10.81207865168537,1.5421348314606707,130.98982843026755,1
317,10.100983146067396,1.5078651685393225,140.65401696736498,1
318,9.852528089887619,1.8505617977528046,156.9129105450738,1
319,9.621207865168518,2.2103932584269614,174.23895839597628,1
320,9.484129213483126,2.630196629213477,14.656219187236575,1
321,9.44129213483144,3.0757022471910043,36.48519928162348,1
322,9.475561797752787,3.5554775280898796,54.51537562761935,1
323,9.612640449438182,3.975280898876396,68.72158063407755,1
324,9.801123595505597,4.3008426966292035,81.5172528067256,1
325,10.049578651685371,4.626404494382012,93.03936184037907,1
326,10.358005617977506,4.926264044943809,105.19333649866275,1
327,10.709269662921326,5.18328651685392,114.81424635112556,1
328,11.060533707865144,5.440308988764033,124.15022964627124,1
329,11.446067415730312,5.748735955056167,132.3173209273319,1
330,11.848735955056153,5.988623595505605,140.40129390088686,1
331,12.23426966292132,6.1514044943820085,149.92844221394725,1
332,12.619803370786489,6.185674157303357,162.73704618624063,1
333,13.05674157303368,6.134269662921335,177.94604423172686,1
334,13.613623595505587,5.911516853932571,17.08049270101606,1
335,14.119101123595474,5.568820224719088,36.171384705285924,1
336,14.633146067415698,5.123314606741562,48.84129213694199,1
337,15.070084269662889,4.652106741573023,58.16521093668816,1
338,15.378511235955022,4.138061797752799,66.80847302922263,1
339,15.447050561797719,3.6925561797752726,74.29698803077517,1
340,15.421348314606707,3.272752808988757,84.64924535415486,1
341,15.267134831460641,2.8957865168539265,97.76658635076116,1
342,15.052949438202214,2.5445224719101067,112.15825520236997,1
343,14.778792134831429,2.2446629213483096,126.75170166779671,1
344,14.436095505617946,1.9790730337078606,141.5386404284331,1
345,14.033426966292103,1.7648876404494345,154.987684179749,1
346,13.57935393258424,1.6192415730337042,166.70297643090015,1
347,13.065308988764016,1.550702247191008,176.57135856852273,1
348,12.516994382022443,1.5507022471910077,4.648584380794654,1
349,11.977247191011209,1.6363764044943783,12.063088482894152,1
350,11.480337078651658,1.7991573033707824,19.889027075248016,1
351,11.034831460674132,2.047612359550557,29.711643006349586,1
352,10.69213483146065,2.33033707865168,41.25680731621476,1
353,10.443679775280875,2.6901685393258368,53.70326368149324,1
354,10.323735955056156,3.0842696629213413,66.96052886031192,1
355,10.31516853932582,3.49550561797752,79.70161465018228,1
356,10.417977528089866,3.889606741573025,90.52630710885951,1
357,10.60646067415728,4.292275280898867,101.53793658486538,1
358,10.87205056179773,4.63497191011235,113.25450483054719,1
359,11.206179775280875,4.926264044943809,126.1423940028244,1
360,11.59171348314604,5.140449438202235,141.33453698300312,1
361,12.054353932584242,5.268960674157292,159.54963488066045,1
362,12.525561797752781,5.294662921348303,179.75325865128679,1
363,13.005337078651655,5.217556179775269,18.761415384309856,1
364,13.502247191011204,4.9776685393258315,35.026194716004134,1
365,13.939185393258395,4.643539325842686,48.73903061247729,1
366,14.264747191011205,4.232303370786507,60.6005034067311,1
367,14.504634831460644,3.752528089887632,71.1784229312311,1
368,14.641713483146034,3.2127808988763973,81.04386108107029,1
369,14.650280898876371,2.8101123595505557,91.55738234063,1
370,14.616011235955023,2.5359550561797697,102.89474725668684,1
371,14.50463483146064,2.3217696629213433,115.60869319077099,1
372,14.299016853932553,2.176123595505613,129.05488884204328,1
373,14.033426966292103,2.1332865168539277,143.16826732161195,1
374,13.690730337078623,2.0818820224719055,156.24655982313823,1
375,13.262359550561769,2.021910112359546,167.68181023291615,1
376,12.816853932584241,2.03904494382022,178.6157027294892,1
377,12.388483146067387,2.1504213483146017,10.384276485936939,1
378,12.011516853932557,2.3389044943820174,22.990964793184077,1
379,11.71165730337076,2.604494382022466,36.63504538099123,1
380,11.497471910112333,2.9471910112359483,51.53967430269588,1
381,11.377528089887615,3.3669943820224644,65.73868963269481,1
382,11.368960674157279,3.803932584269654,78.84081017078466,1
383,11.446067415730312,4.275140449438193,91.14152345121086,1
384,11.608848314606714,4.737780898876394,102.98161216976075,1
385,11.874438202247164,5.149016853932573,115.16589324349458,1
386,12.217134831460646,5.483146067415719,129.01085153222462,1
387,12.636938202247162,5.748735955056167,145.21755019922153,1
388,13.133848314606713,5.911516853932571,162.6471428718078,1
389,13.69073033707862,5.97148876404493,177.07949425958387,1
390,14.230477528089855,5.920084269662908,9.54781496189232,1
391,14.735955056179742,5.740168539325829,21.620948663041958,1
392,15.164325842696595,5.457443820224706,33.59807829852955,1
393,15.498455056179742,5.063342696629202,47.880674465747774,1
394,15.738342696629179,4.57499999999999,62.66096987825829,1
395,15.926825842696593,4.0266853932584175,74.58576840063317,1
396,16.07247191011232,3.418398876404487,84.09091390004583,1
397,16.209550561797716,2.9728932584269594,93.99901275567278,1
398,16.252387640449403,2.6044943820224664,104.3378628178847,1
399,16.26095505617974,2.3389044943820174,118.0135735197577,1
400,16.158146067415693,2.1589887640449392,135.0897150490493,1
401,15.93539325842693,2.1075842696629166,150.1879711379866,1
402,15.59269662921345,1.9962078651685347,161.8306375701967,1
403,15.215730337078616,1.9448033707865124,172.62120271224333,1
404,14.753089887640414,1.9619382022471867,1.5704127822980924,1
405,14.307584269662888,2.0561797752808944,10.344273283682718,1
406,13.904915730337047,2.2446629213483096,21.179664444061167,1
407,13.54508426966289,2.5102528089887586,32.98220464547941,1
408,13.245224719101094,2.835814606741567,44.63297850136015,1
409,13.02247191011233,3.1956460674157228,55.93934703337233,1
410,12.859691011235928,3.632584269662913,66.11858559035818,1
411,12.765449438202218,4.112359550561789,75.5514866379221,1
412,12.756882022471881,4.592134831460664,84.77624162608586,1
413,12.842556179775249,5.071910112359539,94.14638271386966,1
414,12.98820224719098,5.525983146067404,106.636628584748,1
415,13.253792134831432,5.902949438202234,121.76798823259183,1
416,13.647893258426937,6.17710674157302,139.1509231830419,1
417,14.110533707865136,6.331320224719088,157.71693366637132,1
418,14.581741573033677,6.348455056179761,174.81603452408282,1
419,15.104353932584237,6.228511235955041,10.656507359107538,1
420,15.566994382022438,5.980056179775268,25.419766069244627,1
421,15.93539325842693,5.620224719101111,38.920699440711,1
422,16.22668539325839,5.174719101123584,52.58732421245845,1
423,16.475140449438165,4.686376404494371,63.96876498048355,1
424,16.63792134831457,4.155196629213473,71.63428194418482,1
425,16.75786516853929,3.598314606741565,77.59277666192841,1
426,16.826404494381983,3.0671348314606672,80.36453576455601,1
427,16.886376404494342,2.655898876404488,79.12615043482852,1
428,16.937780898876365,2.304634831460669,76.69230528748254,1
429,16.98918539325839,2.0647471910112314,74.0298755940655,1
430,17.049157303370748,1.9362359550561756,69.17955743860112,1
431,17.12626404494378,1.867696629213479,65.20919334489231,1
432,17.22050561797749,1.7991573033707826,61.08654981172353,1
433,17.340449438202207,1.739185393258423,57.1583511627469,1
434,17.503230337078612,1.6706460674157266,52.279451597420106,1
435,17.717415730337038,1.567837078651682,48.111811584685,1
436,18.00014044943816,1.430758426966289,42.15398231214254,1
437,18.31713483146063,1.2679775280898848,35.85594213537336,1
438,18.676966292134786,1.1137640449438178,29.51659216517307,1
439,19.045365168539284,0.9595505617977507,23.633169469160848,1
440,19.413764044943775,0.8310393258426947,18.12743244061636,1
441,19.80786516853928,0.7367977528089871,13.07282048649557,1
442,20.236235955056134,0.6596910112359535,9.367316111117326,1
443,20.66460674157299,0.6082865168539312,6.12707609735127,1
444,21.101544943820176,0.591151685393257,4.032621726858942,1
445,21.589887640449387,0.58258426966292,0.1464346233989188,1
446,22.103932584269614,0.5997191011235941,177.3265881453937,1
447,22.61797752808984,0.6511235955056165,173.88365049683537,1
448,23.157724719101072,0.72823033707865,169.73185376455228,1
449,23.731741573033656,0.8310393258426949,165.40753994587533,1
450,24.297191011235903,0.9681179775280878,162.96404586889005,1
451,24.845505617977473,1.1137640449438178,160.73724826763055,1
452,25.402387640449383,1.2594101123595478,160.05886722608955,1
453,25.950702247190954,1.4050561797752779,161.16042767189717,1
454,26.53328651685387,1.559269662921345,163.26975244019562,1
455,27.073033707865108,1.7049157303370748,165.40734029127,1
456,27.449999999999942,1.8419943820224678,166.39319730540905,1
457,27.724157303370724,1.9876404494381976,166.3395672593854,1
458,27.91264044943814,2.1332865168539277,164.88981342457532,1
459,28.015449438202182,2.2789325842696577,162.16610216348928,1
460,28.083988764044882,2.441713483146062,157.43807725921562,1
461,28.212499999999938,2.6387640449438146,152.00098770543605,1
462,28.366713483146004,2.861516853932578,145.52352969937476,1
463,28.52092696629207,3.1271067415730265,138.4706634224737,1
464,28.649438202247126,3.426966292134824,130.50717455559447,1
465,28.77794943820218,3.778230337078644,123.70117594412206,1
466,28.932162921348255,4.172331460674148,117.61342376989943,1
467,29.069241573033644,4.566432584269653,112.09630725779203,1
468,29.206320224719036,4.994803370786506,106.00028676207401,1
469,29.334831460674092,5.466011235955045,102.32565621537022,1
470,29.4290730337078,5.920084269662908,99.13805727504366,1
471,29.489044943820158,6.348455056179761,96.74766005776296,1
472,29.54044943820218,6.802528089887625,95.1695200734285,1
473,29.566151685393187,7.222331460674141,96.18718360975524,1
474,29.55758426966285,7.590730337078634,94.43580764708369,1
475,29.549016853932518,7.967696629213465,94.30458740934758,1
476,29.56615168539319,8.387499999999982,94.7507629513572,1
477,29.54044943820218,8.781601123595486,94.1827701907331,1
478,29.497612359550498,9.175702247190992,93.00290406786628,1
479,29.454775280898808,9.561235955056159,93.55765327952994,1
480,29.411938202247125,9.946769662921326,92.83351893847858,1
481,29.343398876404432,10.315168539325821,91.80547281764298,1
482,29.31769662921342,10.717837078651662,91.60353814140407,1
483,29.343398876404432,11.154775280898852,91.86055089015456,1
484,29.386235955056115,11.617415730337052,91.29913482956171,1
485,29.446207865168475,12.122893258426938,91.31902821619603,1
486,29.497612359550498,12.679775280898848,90.49280711637554,1
487,29.549016853932518,13.288061797752778,89.96937945583527,1
488,29.583286516853867,13.947752808988733,89.25192621442541,1
489,29.643258426966224,14.667415730337046,90.70276989373201,1
490,29.703230337078583,15.378511235955022,91.55216530732915,1
491,29.77176966292128,16.029634831460637,93.29353353445212,1
492,29.848876404494312,16.620786516853894,94.37302474960183,1
493,29.908848314606672,17.143398876404454,95.94511939205628,1
494,29.951685393258362,17.60603932584266,96.03680245244318,1
495,29.968820224719035,18.017275280898836,96.14252484605937,1
496,29.994522471910045,18.402808988764004,96.61465437093653,1
497,29.994522471910045,18.779775280898836,97.50666770801661,1
498,30.003089887640378,19.156741573033663,98.2899163500957,1
499,29.994522471910045,19.525140449438158,99.27556270961666,1
500,29.994522471910045,19.884971910112316,99.88501345203962,1
501,30.020224719101055,20.270505617977484,99.71912276462388,1
502,30.063061797752745,20.65603932584265,99.36744026717146,1
503,30.11446629213476,21.024438202247143,98.19768688136287,1
504,30.157303370786444,21.375702247190965,96.68420624637827,1
505,30.20014044943813,21.744101123595456,96.26144078137371,1
506,30.225842696629144,22.095365168539274,96.31132267209145,1
507,30.234410112359484,22.43806179775276,96.14521855550373,1
508,30.234410112359477,22.7721910112359,96.60111734451404,1
509,30.242977528089817,23.11488764044939,97.27436111580754,1
510,30.260112359550494,23.44901685393253,97.24231109361354,1
511,30.260112359550494,23.791713483146015,97.21898321919603,1
512,30.260112359550494,24.125842696629157,98.03328523806478,1
513,30.268679775280827,24.45140449438197,97.76525657534516,1
514,30.285814606741503,24.776966292134773,97.49755961527849,1
515,30.294382022471844,25.093960674157245,96.7472781588697,1
516,30.32008426966285,25.393820224719043,96.91754813758769,1
517,30.371488764044877,25.693679775280838,97.0300185434455,1
518,30.397191011235883,25.976404494381967,97.07093181763216,1
519,30.431460674157233,26.25056179775275,96.91769429652072,1
520,30.465730337078583,26.524719101123537,97.55328987487363,1
521,30.474297752808923,26.790308988763986,97.52925911592168,1
522,30.44859550561791,27.055898876404434,96.93217668786686,1
523,30.44859550561791,27.35575842696623,97.13669422732197,1
524,30.38862359550555,27.647050561797688,96.37980962847982,1
525,30.294382022471844,27.921207865168476,94.50161784222048,1
526,30.1915730337078,28.22106741573027,92.67313117522416,1
527,30.105898876404428,28.49522471910106,90.18493142808276,1
528,30.003089887640378,28.70084269662915,87.10756196199453,1
529,29.925983146067352,28.863623595505555,85.3024268900213,1
530,29.857443820224653,29.000702247190947,82.99072926429346,1
531,29.77176966292128,29.07780898876398,78.74869912938001,1
532,29.6603932584269,29.146348314606676,74.83199506666264,1
533,29.514747191011168,29.197752808988696,69.50866627570541,1
534,29.343398876404432,29.266292134831396,63.333050531101364,1
535,29.163483146067353,29.35196629213476,58.02055271746884,1
536,28.949297752808928,29.4290730337078,53.21593716946493,1
537,28.70084269662915,29.514747191011168,48.61664879352693,1
538,28.452387640449377,29.63469101123589,45.45066682207096,1
539,28.19536516853926,29.728932584269597,41.90751529074625,1
540,27.91264044943814,29.814606741572966,37.169163241182574,1
541,27.63848314606735,29.925983146067345,33.788466196733964,1
542,27.372893258426906,30.037359550561728,29.337342693447468,1
543,27.081601123595448,30.15730337078645,23.995390601196043,1
544,26.77317415730331,30.294382022471844,19.01819476682804,1
545,26.464747191011178,30.4228932584269,15.806310677229495,1
546,26.156320224719046,30.534269662921282,10.351531363595392,1
547,25.84789325842691,30.61994382022465,7.3265585973616,1
548,25.54803370786511,30.67134831460667,7.151417086485513,1
549,25.265308988763987,30.70561797752802,7.226851123243445,1
550,24.991151685393202,30.731320224719035,6.5995158909701805,1
551,24.708426966292077,30.73988764044937,7.400198245535375,1
552,24.417134831460622,30.731320224719035,6.322745384255774,1
553,24.117275280898824,30.731320224719035,5.776262597625386,1
554,23.791713483146015,30.722752808988695,4.608448779063965,1
555,23.440449438202197,30.67991573033701,3.2555977018939792,1
556,23.089185393258376,30.63707865168532,2.940321526187748,1
557,22.729353932584218,30.5856741573033,4.2128245976571534,1
558,22.386657303370736,30.482865168539256,1.5397186507668523,1
559,22.069662921348264,30.371488764044877,179.69924968699428,1
560,21.76123595505613,30.302949438202177,178.88937498453026,1
561,21.444241573033658,30.260112359550494,179.89461632171586,1
562,21.127247191011186,30.277247191011167,3.4463475501946124,1
563,20.801685393258378,30.345786516853867,8.896286485351757,1
564,20.47612359550557,30.44002808988757,14.255549147874877,1
565,20.167696629213438,30.499999999999932,17.274696698798103,1
566,19.884971910112316,30.534269662921275,18.39922124014462,1
567,19.619382022471868,30.508567415730266,15.138195602240083,1
568,19.34522471910108,30.499999999999932,11.245963354915924,1
569,19.053932584269624,30.517134831460606,9.583526501674209,1
570,18.788342696629172,30.534269662921282,5.732346067927362,1
571,18.53132022471906,30.431460674157233,179.55565625151127,1
572,18.26573033707861,30.268679775280827,170.8030249020987,1
573,18.000140449438163,30.01165730337072,160.77749334849685,1
574,17.74311797752805,29.66896067415724,150.67490854640923,1
575,17.43469101123592,29.31769662921342,148.30560508256434,1
576,17.083426966292098,29.060674157303303,150.10197114956952,1
577,16.697893258426927,28.863623595505555,157.6676617134555,1
578,16.269522471910076,28.75224719101117,169.27311489497703,1
579,15.815449438202211,28.70084269662915,1.0307909953380656,1
580,15.344241573033674,28.70084269662915,8.930840781730016,1
581,14.873033707865137,28.74367977528083,14.728655596137028,1
582,14.39325842696626,28.83792134831454,19.931187798108013,1
583,13.939185393258395,28.949297752808924,22.22011700797303,1
584,13.48511235955053,29.094943820224653,23.369215658440183,1
585,13.039606741573005,29.266292134831396,27.685156688778275,1
586,12.61123595505615,29.463342696629148,32.437521754024736,1
587,12.242837078651657,29.60898876404488,33.814485693602606,1
588,11.891573033707838,29.754634831460606,36.306066545935536,1
589,11.566011235955028,29.88314606741567,37.874381126685904,1
590,11.266151685393233,29.960252808988702,36.1657149102647,1
591,10.966292134831436,30.011657303370725,32.9666601277386,1
592,10.640730337078628,30.080196629213418,31.060036335766377,1
593,10.306601123595483,30.1230337078651,28.25017096757017,1
594,9.955337078651663,30.165870786516784,25.888835907131877,1
595,9.604073033707845,30.20870786516847,24.337172653966906,1
596,9.244241573033687,30.260112359550494,23.84029454950815,1
597,8.884410112359532,30.294382022471844,23.441461148606695,1
598,8.524578651685374,30.328651685393186,23.20723425695857,1
599,8.15617977528088,30.337219101123527,23.352065737147704,1
600,7.77921348314605,30.354353932584207,24.359451297981348,1
601,7.402247191011218,30.345786516853867,24.624931760800415,1
602,7.025280898876389,30.33721910112353,25.00386559340845,1
603,6.6483146067415575,30.345786516853867,25.959917101830463,1
604,6.288483146067401,30.37148876404488,25.951193071147028,1
605,5.937219101123582,30.380056179775217,25.314436137951922,1
606,5.5945224719101,30.38862359550555,23.393093850710496,1
607,5.260393258426954,30.4228932584269,22.914209532266764,1
608,4.943398876404483,30.431460674157233,20.575509380458435,1
609,4.617837078651675,30.43146067415724,18.83922170291866,1
610,4.283707865168529,30.44859550561791,16.41406354214392,1
611,3.9667134831460578,30.45716292134825,15.679515561766369,1
612,3.6582865168539245,30.414325842696563,11.62586795200834,1
613,3.3584269662921273,30.345786516853867,8.81185522671591,1
614,3.1271067415730265,30.268679775280834,4.921235413692088,1
615,2.964325842696623,30.183005617977464,1.6000128201652413,1
616,2.861516853932578,30.08876404494375,176.3239106665632,1
617,2.7929775280898816,30.01165730337072,170.94328761692407,1
618,2.715870786516848,29.925983146067345,163.38104829377335,1
619,2.6387640449438146,29.788904494381956,153.78262990985428,1
620,2.5359550561797692,29.591853932584208,141.60484964504445,1
621,2.364606741573028,29.343398876404432,131.1218663222319,1
622,2.176123595505613,29.060674157303303,122.59479173652889,1
623,2.0047752808988717,28.76081460674151,115.47528781641098,1
624,1.8334269662921308,28.452387640449377,109.82912303523791,1
625,1.6706460674157264,28.14396067415724,105.85597328278261,1
626,1.5335674157303338,27.809831460674094,102.97249028478895,1
627,1.3879213483146038,27.467134831460612,100.21527081855986,1
628,1.2508426966292108,27.12443820224713,96.87247964151194,1
629,1.1051966292134807,26.756039325842636,94.4172117350136,1
630,0.9766853932584247,26.38764044943814,92.96675832821424,1
631,0.87387640449438,26.053511235955,90.3378429596708,1
632,0.7967696629213464,25.727949438202188,88.63867406184536,1
633,0.7624999999999982,25.40238764044938,87.77220859309256,1
634,0.7453651685393241,25.093960674157245,87.52843989273251,1
635,0.719662921348313,24.794101123595446,87.37608094844938,1
636,0.711095505617976,24.50280898876399,87.86790437956951,1
637,0.711095505617976,24.22008426966287,87.78531110755684,1
638,0.7025280898876389,23.963061797752754,88.20303220338936,1
639,0.6853932584269647,23.714606741572982,87.65206335530814,1
640,0.6939606741573019,23.466151685393204,88.26175664791614,1
641,0.719662921348313,23.20912921348309,87.3809733112513,1
642,0.7539325842696611,22.917837078651637,87.00364970190313,1
643,0.7882022471910094,22.575140449438152,86.20048316556833,1
644,0.8139044943820206,22.215308988763997,85.98963618611963,1
645,0.8053370786516835,21.82977528089883,85.61732045146265,1
646,0.7710674157303353,21.44424157303366,86.54799801675816,1
647,0.7367977528089871,21.09297752808984,87.40476111645741,1
648,0.6939606741573019,20.767415730337028,89.04950661096856,1
649,0.6768258426966277,20.476123595505573,90.32543515197382,1
650,0.6939606741573019,20.193398876404448,89.29486390672623,1
651,0.7367977528089871,19.89353932584265,87.14844541682844,1
652,0.8053370786516837,19.56797752808984,84.89950312461811,1
653,0.8910112359550542,19.216713483146027,80.62930825722962,1
654,0.9766853932584247,18.814044943820186,76.19283285436883,1
655,1.0709269662921321,18.351404494381985,73.7713104811295,1
656,1.156601123595503,17.845926966292094,73.48589555914316,1
657,1.2165730337078624,17.30617977528086,74.46370875433448,1
658,1.2594101123595476,16.740730337078613,78.70517666571928,1
659,1.285112359550559,16.158146067415693,84.26478666382144,1
660,1.2765449438202219,15.59269662921345,89.5816507381635,1
661,1.2422752808988737,15.06151685393255,94.33139895410982,1
662,1.2251404494381994,14.564606741573002,96.93773271591196,1
663,1.2251404494381997,14.09339887640446,97.71721074826539,1
664,1.2251404494381994,13.639325842696598,98.15862394914681,1
665,1.2080056179775251,13.210955056179746,98.58008856588388,1
666,1.1994382022471883,12.799719101123566,99.09577333938782,1
667,1.182303370786514,12.371348314606712,100.03081096123285,1
668,1.148033707865166,11.960112359550534,101.59219989442529,1
669,1.1223314606741548,11.574578651685368,102.06152186975777,1
670,1.1137640449438178,11.206179775280875,102.20910331074519,1
671,1.0794943820224696,10.83778089887638,102.23616796003422,1
672,1.0623595505617953,10.512219101123572,101.74524675907725,1
673,1.0452247191011215,10.16952247191009,101.09654780291493,1
674,1.0023876404494358,9.81825842696627,101.56785123725193,1
675,0.9852528089887617,9.466994382022452,100.54546703631446,1
676,0.9852528089887617,9.132865168539306,99.24351238291347,1
677,0.9424157303370764,8.781601123595488,99.47647877185761,1
678,0.9081460674157282,8.447471910112341,99.09327279518168,1
679,0.8910112359550542,8.121910112359533,98.75754195547897,1
680,0.8224719101123575,7.796348314606723,99.40694868192112,1
681,0.7624999999999982,7.445084269662904,98.15271928712723,1
682,0.7025280898876389,7.102387640449422,96.98563225364789,1
683,0.6168539325842681,6.759691011235939,95.3544104513884,1
684,0.5140449438202235,6.4084269662921205,93.83392828995254,1
685,0.43693820224719,6.074297752808975,91.13355820464322,1
686,0.3598314606741565,5.765870786516841,90.29518428137453,1
687,0.3084269662921341,5.457443820224707,89.74633662002253,1
688,0.28272471910112296,5.15758426966291,89.92626626790307,1
689,0.28272471910112296,4.874859550561787,89.33605555604704,1
690,0.2998595505617971,4.609269662921338,90.04302532536569,1
691,0.3169943820224712,4.343679775280888,90.38154545915985,1
692,0.3426966292134824,4.103792134831451,90.10392218153221,1
693,0.4455056179775271,3.8639044943820138,89.62196847599742,1
694,0.5568820224719089,3.632584269662913,89.68395912050457,1
695,0.6596910112359535,3.3584269662921273,89.44156764001596,1
696,0.7453651685393241,3.05856741573033,91.5104881119506,1
697,0.8224719101123578,2.758707865168533,93.43904200446582,1
698,0.848174157303369,2.5359550561797692,96.20844748661756,1
699,0.8824438202247171,2.347471910112355,99.37790830543409,1
700,0.9167134831460654,2.2275280898876355,103.40185625337284,1
701,0.9766853932584247,2.1761235955056133,105.64092907604105,1
702,1.0280898876404472,2.1589887640449392,107.79625748179001,1
703,1.0452247191011212,2.1332865168539277,109.21355449824256,1
704,1.0452247191011212,2.1332865168539277,109.37942727595203,1
705,1.0452247191011215,2.150421348314602,108.34071628103135,1
706,1.0366573033707842,2.1589887640449392,108.38151603575946,1
707,1.0537921348314583,2.201825842696624,109.00453561653748,1
708,1.0794943820224696,2.2360955056179725,109.86068970899785,1
709,1.0880617977528064,2.2275280898876355,109.9163287747604,1
710,1.1051966292134805,2.210393258426961,110.44692458304827,1
711,1.1308988764044918,2.2189606741572985,110.14568242519161,1
712,1.1137640449438178,2.2103932584269614,109.71754633029302,1
713,1.1051966292134805,2.18469101123595,109.53667605603854,1
714,1.1137640449438178,2.1932584269662874,110.02833113695999,1
715,1.1308988764044918,2.2103932584269614,109.38181987771551,1
716,1.1308988764044918,2.24466292134831,109.5557262392516,1
717,1.182303370786514,2.2360955056179725,107.64794325156468,1
718,1.1908707865168513,2.2617977528089837,107.68395521038319,1
719,1.2165730337078622,2.296067415730332,107.65351274477548,1
720,1.2422752808988737,2.287499999999995,108.03918549925885,1
721,1.2765449438202217,2.278932584269658,108.59501708096494,1
722,1.2765449438202219,2.287499999999995,110.60643961748738,1
723,1.3365168539325811,2.296067415730332,109.4702025649796,1
724,1.3964887640449406,2.296067415730332,109.62948593484685,1
725,1.4136235955056147,2.338904494382017,112.01247786371884,1
726,1.4564606741573,2.33033707865168,111.05378464154356,1
727,1.4992977528089855,2.296067415730332,111.3489880323072,1
728,1.4907303370786484,2.2103932584269614,115.80345517111714,1
729,1.4735955056179744,2.124719101123591,119.18100212543978,1
730,1.4735955056179744,2.0304775280898832,120.98619584001736,1
731,1.4564606741573,1.9790730337078606,124.48951065542906,1
732,1.4478932584269633,1.9705056179775238,125.38085649102509,1
733,1.4650280898876373,1.9962078651685349,123.1434531242038,1
734,1.4478932584269633,2.0047752808988717,121.95605776392443,1
735,1.439325842696626,2.0304775280898832,120.58344736236967,1
736,1.4307584269662892,2.03904494382022,119.49882753346935,1
737,1.413623595505615,2.03904494382022,120.0091782558901,1
738,1.3964887640449408,2.0476123595505573,119.9082863756027,1
739,1.3879213483146038,2.073314606741568,119.35292047785751,1
740,1.3879213483146036,2.0818820224719055,119.0810488795142,1
741,1.3707865168539295,2.0904494382022425,118.60693288280478,1
742,1.327949438202244,2.0990168539325795,118.13038293595542,1
743,1.2765449438202219,2.1161516853932536,118.51835316763182,1
744,1.2679775280898848,2.150421348314602,116.16783534195932,1
745,1.2251404494381997,2.176123595505613,115.24153312194557,1
746,1.1908707865168513,2.1846910112359503,114.08384014048305,1
747,1.1908707865168513,2.201825842696624,113.10813987079024,1
748,1.1908707865168513,2.2103932584269614,111.77532399562008,1
749,1.173735955056177,2.201825842696624,112.22150275397904,1
750,1.182303370786514,2.2018258426966244,112.55197320157308,1
751,1.1908707865168513,2.2103932584269614,112.72496339526593,1
752,1.1908707865168513,2.218960674157299,111.43629182844961,1
753,1.1823033707865143,2.2360955056179725,110.9421534782046,1
754,1.1823033707865143,2.2532303370786466,110.30250930861773,1
755,1.1737359550561772,2.2617977528089837,109.00823887726413,1
756,1.182303370786514,2.2789325842696577,107.38527954927429,1
757,1.2080056179775256,2.3132022471910063,106.55854689587558,1
758,1.2508426966292105,2.373174157303365,105.84555214601608,1
759,1.2851123595505587,2.3988764044943767,106.98858785988045,1
760,1.3365168539325811,2.4245786516853878,106.98151669505643,1
761,1.3536516853932554,2.4160112359550507,109.67652611334454,1
762,1.4221910112359517,2.3903089887640396,112.37955128674022,1
763,1.5078651685393225,2.3474719101123545,115.191807183986,1
764,1.6106741573033674,2.3474719101123545,114.18636424086075,1
765,1.74775280898876,2.441713483146062,110.8120655316522,1
766,1.876264044943816,2.5016853932584215,108.3478707921443,1
767,1.9705056179775238,2.62162921348314,104.05539890932,1
768,2.0561797752808944,2.6816011235954997,99.2010619634324,1
769,2.1161516853932536,2.775842696629207,95.6476936681561,1
770,2.0818820224719055,2.6730337078651627,99.75543756299659,1
771,2.0990168539325795,2.7244382022471845,97.53741624980637,1
772,2.1161516853932536,2.698735955056174,96.9897314616525,1
773,2.1332865168539277,2.698735955056174,97.00982457649417,1
774,2.124719101123591,2.5787921348314553,101.98368767067888,1
775,2.2360955056179725,2.630196629213477,101.54163826155296,1
776,2.321769662921343,2.578792134831455,104.51824906911611,1
777,2.33033707865168,2.467415730337073,110.02740623817802,1
778,2.321769662921343,2.338904494382017,114.8183886185858,1
779,2.3560393258426915,2.2789325842696577,117.04559856731302,1
780,2.321769662921343,2.1332865168539277,120.78990624315936,1
781,2.296067415730332,1.9876404494381976,124.91401940239993,1
782,2.3132022471910063,1.8933988764044902,127.08909864077839,1
783,2.3474719101123545,1.7991573033707824,131.13302741787277,1
784,2.3903089887640396,1.7134831460674118,135.11807578857284,1
785,2.433146067415725,1.6363764044943785,138.32946004809023,1
786,2.4845505617977475,1.593539325842693,141.38902839751037,1
787,2.5359550561797697,1.567837078651682,143.92292016928437,1
788,2.5530898876404438,1.559269662921345,144.1273859059579,1
789,2.5359550561797697,1.550702247191008,143.6832140024163,1
790,2.5616573033707803,1.593539325842693,142.86728553695463,1
791,2.587359550561792,1.6363764044943783,142.3560689249988,1
792,2.595926966292129,1.6706460674157266,140.8840598695829,1
793,2.613061797752803,1.7134831460674118,141.0871425516339,1
794,2.655898876404488,1.7734550561797715,139.68945719266407,1
795,2.664466292134825,1.824859550561794,138.5995799195656,1
796,2.6730337078651627,1.876264044943816,135.02171424659136,1
797,2.6987359550561734,1.9533707865168495,132.56818161327567,1
798,2.733005617977522,2.0390449438202203,128.14131723461693,1
799,2.733005617977522,2.1075842696629166,124.37602724393717,1
800,2.6901685393258363,2.116151685393254,121.78268524784016,1
801,2.655898876404488,2.1161516853932536,121.53603870063623,1
802,2.6130617977528035,2.090449438202243,120.89444097934023,1
803,2.604494382022466,2.0647471910112314,121.68967235986945,1
804,2.6130617977528035,2.0133426966292087,124.23793970981419,1
805,2.6901685393258368,2.0304775280898832,125.14256616130268,1
806,2.7330056179775224,2.0561797752808944,124.83848566152099,1
807,2.7672752808988705,2.0818820224719055,124.29746571887262,1
808,2.758707865168533,2.0904494382022425,122.52965839799893,1
809,2.715870786516848,2.0818820224719055,122.05535267048029,1
810,2.6816011235954997,2.0561797752808944,122.31074916090745,1
811,2.647331460674151,1.9876404494381976,123.30349992457147,1
812,2.647331460674151,1.9191011235955013,125.84597905682692,1
813,2.6816011235954997,1.867696629213479,128.62362679593193,1
814,2.741573033707859,1.8419943820224678,130.3566395548577,1
815,2.750140449438196,1.7734550561797715,131.6726891567634,1
816,2.7672752808988705,1.722050561797749,133.52945658474496,1
817,2.8101123595505557,1.6877808988764005,135.68662524848395,1
818,2.8443820224719034,1.6449438202247155,138.329215900547,1
819,2.8529494382022405,1.584971910112356,140.1583941789032,1
820,2.82724719101123,1.5249999999999966,142.4905478376038,1
821,2.8015449438202182,1.4735955056179741,143.7794283135152,1
822,2.758707865168533,1.439325842696626,143.57552557829123,1
823,2.750140449438196,1.439325842696626,142.1872937517188,1
824,2.784410112359544,1.4907303370786482,139.82159978804881,1
825,2.8186797752808923,1.5849719101123558,136.62592312005316,1
826,2.8529494382022405,1.687780898876401,133.41356200530652,1
827,2.904353932584263,1.7991573033707824,130.20633096993743,1
828,2.904353932584263,1.8933988764044902,126.49854973432238,1
829,2.9129213483146,1.9705056179775238,123.75706899166383,1
830,2.9814606741572964,2.0476123595505573,121.89532147691943,1
831,3.049999999999993,2.1418539325842647,118.70806408927686,1
832,3.067134831460667,2.2275280898876355,114.30532474877177,1
833,3.0757022471910043,2.296067415730332,112.47435563111095,1
834,3.05856741573033,2.364606741573028,108.85937055176102,1
835,3.007162921348308,2.3988764044943762,104.1953833616125,1
836,2.9557584269662853,2.4160112359550507,101.49516913774883,1
837,2.8957865168539265,2.4074438202247137,104.3741063865367,1
838,2.8872191011235886,2.458848314606736,101.8889503000875,1
839,2.8700842696629145,2.5445224719101067,96.57038353051946,1
840,2.8529494382022405,2.638764044943814,95.93364630430952,1
841,2.844382022471904,2.715870786516848,94.97406747869827,1
842,2.861516853932578,2.8272471910112293,82.65940071669225,1
843,2.844382022471904,2.8101123595505557,84.2958273426826,1
844,2.852949438202241,2.7415730337078594,91.75928630641593,1
845,2.904353932584263,2.6387640449438146,95.92493842991382,1
846,2.964325842696623,2.493117977528084,101.74722904461078,1
847,2.97289325842696,2.2617977528089837,112.77424560129921,1
848,2.9643258426966224,2.073314606741568,118.17283254810837,1
849,2.9557584269662853,1.8848314606741532,123.03742785167037,1
850,2.930056179775274,1.7134831460674118,128.98981244457727,1
851,2.8957865168539256,1.593539325842693,133.79218992995916,1
852,2.9471910112359483,1.5421348314606707,135.48817404738006,1
853,2.9814606741572964,1.4821629213483114,137.49173210546334,1
854,3.05856741573033,1.4650280898876373,139.03696553964443,1
855,3.0671348314606672,1.439325842696626,140.15303554469403,1
856,3.135674157303364,1.439325842696626,139.38813329229654,1
857,3.169943820224712,1.439325842696626,138.98983084947392,1
858,3.187078651685386,1.447893258426963,138.96925291897307,1
859,3.2042134831460602,1.4478932584269633,139.81845735379633,1
860,3.289887640449431,1.4735955056179741,140.22684003998032,1
861,3.3070224719101047,1.4735955056179744,141.10567032857813,1
862,3.3241573033707796,1.4564606741573,138.90774005911234,1
863,2.844382022471904,1.7391853932584234,145.84874821230653,1
864,2.338904494382017,2.1075842696629166,156.91479656984183,1
865,1.9705056179775238,2.467415730337073,172.7703014829977,1
866,1.6021067415730301,2.904353932584263,30.389523830259094,1
867,1.2422752808988737,3.4098314606741496,42.661333619525905,1
868,1.465028089887637,3.7096910112359467,62.43934577385493,1
869,1.7049157303370748,4.009550561797743,77.75991804313769,1
870,1.867696629213479,4.403651685393248,91.46431801194502,1
871,2.1247191011235906,4.7977528089887524,105.68414593290294,1
872,2.467415730337073,5.174719101123584,121.06794780654813,1
873,2.878651685393252,5.500280898876392,137.95872931708115,1
874,3.3669943820224644,5.714466292134818,155.84474276045427,1
875,3.8724719101123513,5.817275280898864,172.1835764764111,1
876,4.360814606741563,5.791573033707851,6.638234990268412,1
877,4.814887640449427,5.654494382022459,19.88674967364948,1
878,5.217556179775269,5.431741573033696,31.407894610312667,1
879,5.560252808988752,5.123314606741562,40.61976753933108,1
880,5.877247191011223,4.763483146067405,47.58774198337879,1
881,6.185674157303357,4.369382022471901,52.81662144935209,1
882,6.494101123595492,3.958146067415721,55.81408236112267,1
883,6.811095505617962,3.521207865168531,57.078075605665205,1
884,7.128089887640433,3.0842696629213413,58.90031934344408,1
885,7.410814606741556,2.707303370786511,59.122913953374145,1
886,7.65926966292133,2.3988764044943762,57.98800909247074,1
887,7.899157303370768,2.1504213483146017,54.90627391122214,1
888,8.156179775280881,1.9790730337078606,50.17689261970614,1
889,8.404634831460655,1.876264044943816,44.3369679030073,1
890,8.687359550561778,1.773455056179771,39.01876472315883,1
891,8.995786516853913,1.6706460674157266,34.032276328363096,1
892,9.304213483146047,1.5592696629213447,29.937513005110976,1
893,9.604073033707845,1.439325842696626,26.980530173242695,1
894,9.929634831460652,1.327949438202244,23.66755247415225,1
895,10.255196629213462,1.2337078651685365,20.95986877373488,1
896,10.589325842696606,1.1394662921348289,18.005744163465685,1
897,10.940589887640424,1.0623595505617953,15.918569798856696,1
898,11.30042134831458,0.9938202247190988,14.03944985441318,1
899,11.6516853932584,0.9338483146067394,11.801596019449185,1
900,12.011516853932557,0.87387640449438,10.02011436099574,1
901,12.362780898876377,0.8224719101123575,7.375139898275297,1
902,12.714044943820195,0.7796348314606723,5.3746710646835485,1
903,13.065308988764016,0.7453651685393241,3.78400552149086,1
904,13.43370786516851,0.719662921348313,2.6184346717966323,1
905,13.810674157303339,0.7025280898876389,2.2469800760748497,1
906,14.187640449438168,0.7025280898876389,3.3725696458802243,1
907,14.564606741573002,0.719662921348313,2.9656289790728647,1
908,14.941573033707835,0.7367977528089871,2.935817294540925,1
909,15.30140449438199,0.7453651685393241,4.224696722111992,1
910,15.704073033707832,0.7367977528089871,5.329734697603919,1
911,16.149578651685356,0.711095505617976,5.044214377524427,1
912,16.620786516853894,0.6511235955056165,5.152220183356001,1
913,17.12626404494378,0.58258426966292,3.3737903205342947,1
914,17.68314606741569,0.5226123595505606,1.8043831119843603,1
915,18.27429775280895,0.4797752808988752,0.1573625611559487,1
916,18.891151685393215,0.43693820224719,178.16738392332877,1
917,19.550842696629168,0.41123595505617877,177.32095006921128,1
918,20.244803370786475,0.3855337078651676,179.01088020262264,1
919,20.938764044943774,0.37696629213483057,179.8975890328202,1
920,21.581320224719054,0.3855337078651676,0.023082542748613353,1
921,22.18960674157298,0.40266853932584173,1.7078116492142703,1
922,22.729353932584218,0.41123595505617877,3.115020791921441,1
923,23.174859550561745,0.4712078651685382,2.1288026541832243,1
924,23.560393258426913,0.5568820224719089,179.1197239630853,1
925,23.91165730337073,0.6768258426966277,174.64663803924222,1
926,24.262921348314553,0.865308988764043,169.820387729586,1
927,24.67415730337073,1.1308988764044918,163.27869919237634,1
928,25.162499999999945,1.447893258426963,156.93925049513734,1
929,25.719382022471848,1.8248595505617935,150.76609698717616,1
930,26.32766853932578,2.2360955056179725,144.8875205342916,1
931,26.9787921348314,2.6730337078651627,140.11942730860738,1
932,27.509971910112295,3.101404494382016,135.3089266163085,1
933,27.9040730337078,3.521207865168532,130.33231270237007,1
934,28.17823033707859,3.906741573033699,126.33618264336756,1
935,28.366713483146004,4.275140449438192,123.33442116666417,1
936,28.478089887640387,4.626404494382012,120.0519064195553,1
937,28.598033707865103,5.020505617977516,116.56465138559668,1
938,28.752247191011172,5.440308988764032,113.92543265578188,1
939,28.923595505617914,5.88581460674156,111.77947173599765,1
940,29.07780898876398,6.32275280898875,109.83577380429854,1
941,29.189185393258363,6.751123595505602,106.45428254441147,1
942,29.300561797752742,7.145224719101108,104.49076950086719,1
943,29.394803370786452,7.505056179775264,102.62739086959368,1
944,29.471910112359485,7.830617977528073,99.97425187467822,1
945,29.54044943820218,8.16474719101122,97.8665125934846,1
946,29.540449438202177,8.464606741573016,95.10043319966337,1
947,29.489044943820158,8.764466292134813,92.3390400410362,1
948,29.42050561797746,9.072893258426946,90.59936499740941,1
949,29.360533707865102,9.407022471910091,90.69738261045245,1
950,29.31769662921342,9.749719101123574,92.35687024690273,1
951,29.24915730337072,10.118117977528069,92.97110177850786,1
952,29.137780898876336,10.503651685393235,90.72704452537545,1
953,28.966432584269597,10.897752808988738,85.22098634294919,1
954,28.692275280898816,11.30042134831458,76.40441221779837,1
955,28.306741573033644,11.711657303370758,65.3019695045257,1
956,27.9040730337078,12.165730337078625,57.525951708934066,1
957,27.467134831460612,12.654073033707835,52.05160179001833,1
958,27.030196629213425,13.150983146067386,50.51282236158971,1
959,26.62752808988758,13.665028089887608,51.24807058684442,1
960,26.25056179775275,14.204775280898843,53.31273496739157,1
961,25.933567415730277,14.753089887640417,57.21119927074849,1
962,25.70224719101118,15.284269662921314,63.64427394338316,1
963,25.556601123595446,15.815449438202211,70.93166812096688,1
964,25.496629213483086,16.338061797752772,79.40791081712466,1
965,25.54803370786511,16.84353932584266,89.3067642032532,1
966,25.693679775280838,17.314747191011197,99.90329785524985,1
967,25.933567415730277,17.74311797752805,110.24687687610347,1
968,26.241994382022416,18.128651685393216,120.89304272494653,1
969,26.610393258426903,18.42851123595501,131.77975487575318,1
970,27.021629213483084,18.651264044943776,142.2527386913889,1
971,27.467134831460612,18.814044943820182,152.03857895947132,1
972,27.835533707865103,18.95112359550557,158.72640916339202,1
973,28.152528089887575,19.08820224719097,160.5392518120247,1
974,28.392415730337014,19.250983146067373,158.23827937417633,1
975,28.580898876404433,19.439466292134785,152.35521573191122,1
976,28.692275280898816,19.645084269662874,143.87711138237057,1
977,28.81221910112353,19.859269662921303,135.97578245287193,1
978,28.932162921348247,20.0905898876404,130.74582388314258,1
979,29.05210674157297,20.33047752808984,125.41410013991967,1
980,29.154915730337013,20.587499999999956,121.81162717956008,1
981,29.25772471910106,20.870224719101078,118.09299828211459,1
982,29.377668539325775,21.170084269662873,115.41333642143567,1
983,29.480477528089825,21.461376404494334,111.22940233396476,1
984,29.583286516853867,21.76123595505613,109.64966309149723,1
985,29.686095505617907,22.069662921348264,107.48786938383627,1
986,29.77176966292128,22.369522471910063,105.74342616617702,1
987,29.848876404494312,22.677949438202198,104.5195475290313,1
988,29.917415730337005,22.977808988763993,104.42925374510456,1
989,29.977387640449372,23.277668539325795,103.06955352775351,1
990,30.02022471910106,23.56896067415725,102.54773568979351,1
991,30.071629213483078,23.868820224719048,102.31951769482163,1
992,30.09733146067409,24.168679775280843,101.3244015369704,1
993,30.11446629213476,24.485674157303315,99.50832089670124,1
994,30.131601123595438,24.811235955056123,98.44641912516572,1
995,30.140168539325778,25.136797752808935,97.4762516445726,1
996,30.140168539325778,25.46235955056174,96.09987514373152,1
997,30.157303370786444,25.796488764044888,96.410209531398,1
998,30.17443820224712,26.139185393258366,97.84696705359579,1
999,30.157303370786444,26.464747191011178,96.88470078297553,1
1000,30.131601123595438,26.798876404494326,95.66180909799355,1
1001,30.11446629213476,27.141573033707807,95.81199878123451,1
1002,30.11446629213476,27.475702247190952,95.84811803828087,1
1003,30.063061797752745,27.77556179775275,93.94274338176426,1
1004,30.02022471910106,28.101123595505555,94.21097772040108,1
1005,29.977387640449372,28.400983146067354,93.9042025522258,1
1006,29.90028089887634,28.589466292134766,91.27904947753433,1
1007,29.763202247190947,28.752247191011172,86.61152060296152,1
1008,29.6603932584269,28.906460674157238,82.80041340829952,1
1009,29.523314606741508,29.009269662921287,76.56995956931138,1
1010,29.360533707865102,29.103511235954993,71.16105125381775,1
1011,29.189185393258363,29.249157303370726,65.24559235116503,1
1012,29.009269662921287,29.377668539325782,58.61349996746182,1
1013,28.8036516853932,29.497612359550498,51.72143179854894,1
1014,28.606601123595443,29.60898876404488,47.29171320212242,1
1015,28.383848314606677,29.711797752808923,41.431991680301365,1
1016,28.135393258426905,29.81460674157297,35.58370291950645,1
1017,27.852668539325784,29.917415730337012,31.409191322642375,1
1018,27.535674157303312,30.037359550561735,27.085855882009312,1
1019,27.18441011235949,30.14873595505611,21.097533876670926,1
1020,26.816011235954996,30.268679775280834,15.516768031588965,1
1021,26.43904494382017,30.39719101123589,12.268899708289094,1
1022,26.070646067415673,30.508567415730266,8.17294768242592,1
1023,25.719382022471855,30.585674157303306,5.735739458944138,1
1024,25.385252808988707,30.654213483146,4.199226314622133,1
1025,25.068258426966235,30.679915730337008,3.310258639292306,1
1026,24.751264044943763,30.69705056179769,3.4741070001168275,1
1027,24.4599719101123,30.688483146067348,3.4709138175738032,1
1028,24.177247191011183,30.67991573033701,4.3361643737943165,1
1029,23.894522471910058,30.64564606741566,4.612839347226892,1
1030,23.611797752808936,30.59424157303364,4.030787374464991,1
1031,23.320505617977478,30.542837078651615,3.85692543716467,1
1032,23.012078651685343,30.517134831460606,6.053032205188578,1
1033,22.703651685393208,30.457162921348242,4.837950052792564,1
1034,22.378089887640396,30.4228932584269,4.9362407030872015,1
1035,22.035393258426915,30.4228932584269,7.845034833644922,1
1036,21.718398876404443,30.38862359550555,8.136659987144876,1
1037,21.40997191011231,30.311516853932517,5.2762926562649985,1
1038,21.09297752808984,30.251544943820157,5.115466102644482,1
1039,20.793117977528045,30.20870786516847,5.316262167867106,1
1040,20.484691011235906,30.1915730337078,4.4563643596838505,1
1041,20.1591292134831,30.234410112359484,6.136972900731449,1
1042,19.850702247190966,30.251544943820154,6.542770360343154,1
1043,19.51657303370782,30.225842696629144,3.8557819217739557,1
1044,19.182443820224677,30.157303370786444,179.62596068021386,1
1045,18.87401685393254,30.04592696629207,174.88393020340786,1
1046,18.565589887640407,29.90028089887634,169.7302483205391,1
1047,18.231460674157262,29.81460674157297,169.01405342320612,1
1048,17.905898876404457,29.76320224719094,169.90203681102233,1
1049,17.563202247190972,29.728932584269593,171.1983877552098,1
1050,17.203370786516814,29.677528089887574,170.70127443667806,1
1051,16.826404494381983,29.60042134831454,169.1936852618511,1
1052,16.406601123595472,29.489044943820158,165.49055900786402,1
1053,15.969662921348279,29.377668539325775,164.28056039247164,1
1054,15.515589887640417,29.25772471910106,165.42987005433233,1
1055,15.035814606741539,29.154915730337013,169.44262824017753,1
1056,14.53890449438199,29.086376404494313,175.12821526367904,1
1057,14.041994382022441,29.060674157303303,4.275512515069105,1
1058,13.536516853932554,29.060674157303303,14.120855825695203,1
1059,13.013904494381993,29.103511235954993,23.15508008386323,1
1060,12.508426966292106,29.180617977528026,31.291948291098436,1
1061,12.011516853932557,29.30912921348308,39.020249021706405,1
1062,11.531741573033681,29.42050561797746,41.81212014816091,1
1063,11.086235955056155,29.514747191011168,41.47638020419815,1
1064,10.674999999999974,29.60042134831454,39.75527333139619,1
1065,10.263764044943796,29.694662921348247,37.81987701642548,1
1066,9.861095505617957,29.780337078651616,34.8637162269989,1
1067,9.449859550561778,29.87457865168533,33.750128412793416,1
1068,9.030056179775261,29.977387640449372,32.21231201089744,1
1069,8.610252808988745,30.080196629213418,31.320408868948036,1
1070,8.199016853932566,30.17443820224712,29.850169010570543,1
1071,7.813483146067398,30.20870786516847,28.86430816616391,1
1072,7.4536516853932415,30.225842696629144,26.722143198303552,1
1073,7.093820224719086,30.277247191011167,27.26116255744643,1
1074,6.751123595505602,30.285814606741507,26.552311738475073,1
1075,6.434129213483132,30.260112359550494,24.473174715863163,1
1076,6.082865168539312,30.260112359550494,22.701211679997105,1
1077,5.731601123595493,30.294382022471844,23.024450328982514,1
1078,5.38890449438201,30.294382022471844,21.851386185430556,1
1079,5.046207865168528,30.285814606741507,20.616734782247164,1
1080,4.686376404494371,30.294382022471844,20.560025875538795,1
1081,4.326544943820215,30.32865168539319,20.376720802644126,1
1082,3.975280898876396,30.337219101123527,18.731847212790115,1
1083,3.632584269662913,30.3543539325842,18.27157627674734,1
1084,3.315589887640442,30.388623595505557,17.588000741662835,1
1085,3.05856741573033,30.405758426966223,17.693858634621826,1
1086,2.904353932584263,30.380056179775217,17.98424293540122,1
1087,2.792977528089881,30.32865168539319,19.12729688412262,1
1088,2.741573033707859,30.260112359550494,20.047583258370484,1
1089,2.715870786516848,30.20870786516847,23.254999826772213,1
1090,2.698735955056174,30.165870786516784,26.17758856568145,1
1091,2.6730337078651623,30.1230337078651,27.57042192739935,1
1092,2.664466292134825,30.114466292134765,28.747299934863623,1
1093,2.655898876404488,30.105898876404428,30.050038487318307,1
1094,2.655898876404488,30.071629213483078,30.275203318721076,1
1095,2.647331460674151,30.037359550561735,30.53560843516378,1
1096,2.6387640449438137,30.003089887640385,31.92865894005424,1
1097,2.62162921348314,29.968820224719035,33.688491617189,1
1098,2.604494382022466,29.925983146067352,34.125117701675244,1
1099,2.561657303370781,29.90884831460668,35.41035004283777,1
1100,2.5530898876404438,29.86601123595499,37.62688249995162,1
1101,2.544522471910107,29.823174157303306,39.11297465431087,1
1102,2.5445224719101063,29.763202247190947,40.402910194067886,1
1103,2.5188202247190956,29.728932584269597,42.35874867097243,1
1104,2.510252808988758,29.694662921348247,43.866581667439654,1
1105,2.493117977528084,29.677528089887574,44.06521025763861,1
1106,2.4931179775280845,29.6603932584269,43.84975436942455,1
1107,2.510252808988758,29.6603932584269,43.00161322844218,1
1108,2.5702247191011174,29.668960674157233,40.56420072519253,1
1109,2.62162921348314,29.737499999999933,38.75661414548917,1
1110,2.655898876404488,29.823174157303306,36.729341027360014,1
1111,2.655898876404488,29.90884831460668,34.61743932483961,1
1112,2.638764044943814,29.994522471910052,33.426904646931526,1
1113,2.604494382022466,30.054494382022405,34.35089516444906,1
1114,2.5959269662921285,30.037359550561735,34.10644943623715,1
1115,2.587359550561792,30.01165730337072,34.42696278919144,1
1116,2.578792134831455,29.985955056179712,35.73499374331707,1
1117,2.570224719101118,29.951685393258362,36.83396292080495,1
1118,2.5530898876404438,29.917415730337012,37.62107354698865,1
1119,2.5359550561797697,29.891713483146003,38.33276451598218,1
1120,2.5188202247190956,29.86601123595499,38.624244372598326,1
1121,2.5188202247190956,29.83174157303364,38.61558034400176,1
1122,2.5188202247190956,29.797471910112296,37.70373550258853,1
1123,2.5273876404494326,29.77176966292128,37.20455489606746,1
1124,2.5273876404494326,29.754634831460613,37.282079447881124,1
1125,2.5188202247190956,29.737499999999937,37.0299690838153,1
1126,2.5188202247190956,29.711797752808923,36.90842991696558,1
1127,2.5102528089887586,29.703230337078587,37.68613875543713,1
1128,2.501685393258421,29.694662921348247,37.86905534574494,1
1129,2.501685393258421,29.677528089887574,37.949938857525254,1
1130,2.501685393258421,29.668960674157233,38.118561978201214,1
1131,2.493117977528084,29.677528089887574,38.390489467452845,1
1132,2.5102528089887586,29.6603932584269,37.970493118673474,1
1133,2.5188202247190956,29.65182584269656,38.149595359107416,1
1134,2.5188202247190956,29.643258426966224,39.39344602912178,1
1135,2.5530898876404438,29.617556179775214,40.63116189091715,1
1136,2.604494382022466,29.5918539325842,40.75431758175556,1
1137,2.638764044943814,29.600421348314534,40.98685574525217,1
1138,2.698735955056174,29.5918539325842,39.220625025037826,1
1139,2.758707865168533,29.58328651685386,36.17430172250585,1
1140,2.8101123595505557,29.56615168539319,34.03192675799686,1
1141,2.844382022471904,29.53188202247184,31.728476167723578,1
1142,2.887219101123589,29.471910112359485,29.55377284817528,1
1143,2.930056179775274,29.411938202247125,29.879045830826097,1
1144,3.015730337078645,29.31769662921342,27.749798124061,1
1145,3.1185393258426894,29.22345505617971,30.233685805814705,1
1146,3.2127808988763973,29.154915730337013,28.46947061626147,1
1147,3.2984550561797676,29.08637640449432,25.176914274897847,1
1148,3.3841292134831384,29.01783707865162,19.19867882840729,1
1149,3.4269662921348236,28.99213483146061,16.111340320937245,1
1150,3.4355337078651607,28.966432584269597,8.263385546538046,1
1151,3.4441011235954972,28.923595505617914,5.423501236951783,1
1152,3.4441011235954972,28.87219101123589,5.101475721711084,1
1153,3.4098314606741496,28.820786516853865,7.587123166561714,1
1154,3.375561797752802,28.76081460674151,9.015469978548321,1
1155,3.3070224719101047,28.70941011235949,12.846453325955476,1
1156,3.2127808988763973,28.6665730337078,16.791849303908815,1
1157,3.1099719101123524,28.623735955056116,21.188506827514008,1
1158,2.9900280898876335,28.589466292134766,25.14999668652877,1
1159,2.844382022471904,28.55519662921342,30.818660012885225,1
1160,2.698735955056174,28.538061797752743,36.457165470478195,1
1161,2.578792134831455,28.503792134831393,42.14752540565439,1
1162,2.4417134831460623,28.503792134831393,46.3320225463791,1
1163,2.3389044943820174,28.486657303370727,50.82489465877269,1
1164,2.2532303370786466,28.478089887640387,54.904050251994335,1
1165,2.1932584269662874,28.452387640449377,56.55968202759813,1
1166,2.1332865168539277,28.452387640449377,58.063809938124564,1
1167,2.0990168539325795,28.4352528089887,59.75055049804196,1
1168,2.0561797752808944,28.443820224719037,59.68593307893097,1
1169,2.030477528089883,28.426685393258367,60.24752195542041,1
1170,1.9876404494381976,28.426685393258367,61.84641593804597,1
1171,1.9362359550561752,28.418117977528027,64.1162671370426,1
1172,1.867696629213479,28.409550561797687,68.75615143408369,1
1173,1.7905898876404454,28.409550561797687,74.4386189919321,1
1174,1.6963483146067375,28.443820224719037,79.81190303045078,1
1175,1.6363764044943785,28.49522471910106,86.15154445127699,1
1176,1.6106741573033674,28.589466292134766,94.0641366902281,1
1177,1.6535112359550523,28.717977528089826,99.66169134302817,1
1178,1.7734550561797715,28.880758426966224,106.68062473258973,1
1179,1.9533707865168495,29.07780898876398,115.49203204091414,1
1180,2.1932584269662874,29.266292134831396,126.31260271387416,1
1181,2.527387640449432,29.4290730337078,138.74363421606532,1
1182,3.015730337078645,29.471910112359485,155.3653173015945,1
1183,3.426966292134824,29.403370786516792,2.302497783432552,1
1184,3.7953651685393175,29.206320224719036,28.852214665493456,1
1185,4.07808988764044,28.915028089887574,47.494411712516715,1
1186,4.232303370786508,28.52949438202241,60.96586467624506,1
1187,4.163764044943811,28.152528089887575,71.42174354432639,1
1188,4.069522471910103,27.758426966292074,81.1158510729663,1
1189,3.906741573033699,27.35575842696623,90.75328494288323,1
1190,3.6839887640449356,26.961657303370725,101.75872948070204,1
1191,3.3584269662921273,26.576123595505557,115.9827813638986,1
1192,3.049999999999993,26.199157303370733,132.25960825513943,1
1193,2.76727528089887,25.839325842696574,140.77671946727287,1
1194,2.4845505617977475,25.53089887640444,145.39016080242,1
1195,2.2703651685393207,25.23103932584264,144.11104783615968,1
1196,2.1332865168539277,24.931179775280846,134.27128384415877,1
1197,1.9876404494381976,24.63988764044938,125.76845301201718,1
1198,1.824859550561794,24.374297752808936,119.567985257466,1
1199,1.7049157303370748,24.09157303370781,112.95294936972947,1
1200,1.5592696629213447,23.80884831460669,109.3520791569066,1
1201,1.439325842696626,23.5346910112359,106.5826524496832,1
1202,1.293679775280896,23.25196629213478,103.34720122414328,1
1203,1.1223314606741548,22.93497191011231,99.72237206623907,1
1204,0.9509831460674135,22.6094101123595,95.85579275846564,1
1205,0.8396067415730318,22.360955056179726,92.30064865615442,1
1206,0.8310393258426947,22.035393258426915,89.02299840002978,1
1207,0.8995786516853912,21.70983146067411,86.18519606236698,1
1208,1.036657303370784,21.392837078651638,84.34425476208385,1
1209,1.1994382022471881,21.058707865168493,83.6709399589403,1
1210,1.31081460674157,20.63033707865164,83.6667578079445,1
1211,1.31081460674157,20.27050561797748,84.76537764471631,1
1212,1.2337078651685365,19.89353932584265,87.54990812327712,1
1213,1.173735955056177,19.525140449438158,90.27142916833809,1
1214,1.148033707865166,19.165308988764004,90.02199225090938,1
1215,1.1908707865168513,18.79691011235951,87.39108494030167,1
1216,1.302247191011233,18.394241573033668,82.97342550613689,1
1217,1.4907303370786482,17.991573033707827,77.59130783853685,1
1218,1.687780898876401,17.528932584269622,72.28586576928816,1
1219,1.876264044943816,17.049157303370748,70.46819137367211,1
1220,2.0561797752808944,16.54367977528086,70.2509967871065,1
1221,2.2189606741572985,16.038202247190974,72.01567095938715,1
1222,2.3560393258426915,15.524157303370751,75.19722788503795,1
1223,2.4502808988763993,15.018679775280864,79.74217593463372,1
1224,2.493117977528084,14.50463483146064,84.80188173366338,1
1225,2.458848314606736,13.98202247191008,91.63299260762848,1
1226,2.3474719101123545,13.459410112359521,99.78087259981004,1
1227,2.1846910112359503,12.945365168539297,108.4093365312258,1
1228,2.0219101123595458,12.43988764044941,114.80612155521001,1
1229,1.8505617977528046,11.94297752808986,118.93369847452553,1
1230,1.696348314606738,11.50603932584267,120.99297977151066,1
1231,1.584971910112356,11.111938202247165,119.65358523268999,1
1232,1.4992977528089855,10.734971910112336,115.91253922506554,1
1233,1.3964887640449406,10.383707865168518,113.3571079257218,1
1234,1.31081460674157,10.049578651685371,110.74884586764989,1
1235,1.2337078651685365,9.706882022471888,108.62187277080538,1
1236,1.148033707865166,9.35561797752807,107.17077387743223,1
1237,1.0709269662921324,9.012921348314588,105.60913548309735,1
1238,1.0109550561797729,8.670224719101105,103.78406504315343,1
1239,0.9167134831460653,8.336095505617958,102.78176597214171,1
1240,0.8653089887640428,8.001966292134814,99.94327591623109,1
1241,0.8310393258426947,7.667837078651668,97.79183930394497,1
1242,0.7967696629213465,7.316573033707849,96.2574656183791,1
1243,0.7025280898876389,6.965308988764029,95.10346815560743,1
1244,0.6254213483146053,6.631179775280884,92.87793587784957,1
1245,0.5140449438202236,6.305617977528075,92.09687697652889,1
1246,0.41123595505617877,5.988623595505604,90.77331243118938,1
1247,0.3169943820224712,5.680196629213471,88.88913987307755,1
1248,0.28272471910112296,5.3632022471909995,87.90194470724752,1
1249,0.26558988764044883,5.037640449438191,87.88701910705683,1
1250,0.29129213483146,4.729213483146057,87.04078340690651,1
1251,0.3255617977528082,4.412219101123585,86.5657470814732,1
1252,0.3341292134831453,4.120926966292126,88.20391455732477,1
1253,0.35983146067415644,3.881039325842688,87.33573743257057,1
1254,0.40266853932584173,3.6582865168539245,87.64330037862526,1
1255,0.4198033707865159,3.418398876404487,88.46126392956161,1
1256,0.46264044943820115,3.1870786516853857,89.23598462875218,1
1257,0.5483146067415718,2.9557584269662853,88.57407925267165,1
1258,0.6254213483146053,2.7758426966292076,90.28746365042885,1
1259,0.6853932584269647,2.62162921348314,91.03305551583485,1
1260,0.72823033707865,2.5102528089887586,93.13378295479869,1
1261,0.7367977528089871,2.458848314606736,95.2862025555343,1
1262,0.7367977528089871,2.450280898876399,97.60777806844038,1
1263,0.7453651685393241,2.4074438202247137,99.21891825134986,1
1264,0.7624999999999982,2.3731741573033656,100.3853774032622,1
1265,0.8053370786516837,2.373174157303365,100.810804901603,1
1266,0.8481741573033688,2.373174157303365,101.7440648716906,1
1267,0.8995786516853912,2.3817415730337026,102.15725022072581,1
1268,0.9595505617977507,2.4074438202247137,102.06102737899423,1
1269,1.0280898876404472,2.458848314606736,102.56598282208203,1
1270,1.0794943820224694,2.4674157303370725,102.39715199994377,1
1271,1.1223314606741548,2.5188202247190956,102.99480997939635,1
1272,1.16516853932584,2.5102528089887586,102.42082450446064,1
1273,1.2165730337078624,2.587359550561792,103.5730705266112,1
1274,1.2508426966292105,2.647331460674151,105.96571668661225,1
1275,1.302247191011233,2.707303370786511,106.37077719702678,1
1276,1.3622191011235922,2.6901685393258368,104.53613150723088,1
1277,1.3879213483146038,2.715870786516848,107.29280587457383,1
1278,1.4136235955056147,2.62162921348314,109.02083997180159,1
1279,1.4564606741573,2.5188202247190956,110.27229704756267,1
1280,1.4992977528089855,2.4417134831460623,113.38477550109681,1
1281,1.4992977528089857,2.338904494382017,118.1353856099638,1
1282,1.5164325842696595,2.253230337078647,120.08133842156337,1
1283,1.5249999999999966,2.201825842696624,122.10756017222222,1
1284,1.5421348314606707,2.1761235955056133,123.12374021793991,1
1285,1.5335674157303338,2.1504213483146017,125.65743209099466,1
1286,1.550702247191008,2.1932584269662874,126.44919162935429,1
1287,1.559269662921345,2.2275280898876355,126.2400511823116,1
1288,1.550702247191008,2.2617977528089837,125.25489809105957,1
1289,1.5249999999999968,2.338904494382017,124.95143692750847,1
1290,1.5078651685393227,2.4074438202247133,120.68712955214866,1
1291,1.4821629213483116,2.501685393258421,119.80101848615698,1
1292,1.4650280898876376,2.595926966292129,120.94403120502994,1
1293,1.4478932584269633,2.6730337078651627,122.27987510144676,1
1294,1.4650280898876373,2.715870786516848,123.1402463033294,1
1295,1.4821629213483114,2.758707865168533,126.9481771032601,1
1296,1.5335674157303338,2.758707865168533,127.39983775679791,1
1297,1.5764044943820188,2.76727528089887,126.47075148164858,1
1298,1.6192415730337042,2.775842696629207,125.8129611290758,1
1299,1.6535112359550523,2.775842696629207,122.87267369450521,1
1300,1.6792134831460637,2.7758426966292076,120.40216396437964,1
1301,1.687780898876401,2.792977528089881,116.66310438727282,1
1302,1.722050561797749,2.8015449438202187,116.03012454224908,1
1303,1.7648876404494345,2.8015449438202187,113.22468591928671,1
1304,1.7734550561797715,2.8186797752808928,116.86188457488785,1
1305,1.7905898876404454,2.835814606741567,113.33624987406664,1
1306,1.8077247191011196,2.8529494382022405,111.0167534776906,1
1307,1.8077247191011196,2.870084269662915,113.77667687493846,1
1308,1.8334269662921308,2.895786516853926,109.21075972168335,1
1309,1.8848314606741532,2.861516853932578,102.41866001516995,1
1310,1.9448033707865124,2.8272471910112293,102.03537993102076,1
1311,2.0304775280898832,2.750140449438196,103.57745752461125,1
1312,2.1075842696629166,2.62162921348314,101.08679281191218,1
1313,2.176123595505613,2.467415730337073,107.8691238631269,1
1314,2.2275280898876355,2.304634831460669,113.03647734651082,1
1315,2.2703651685393202,2.1332865168539277,118.63815919250429,1
1316,2.296067415730332,1.9619382022471867,125.27394415791332,1
1317,2.3389044943820174,1.8077247191011196,129.25048701783402,1
1318,2.4074438202247133,1.6449438202247155,134.17597995112942,1
1319,2.484550561797747,1.4907303370786484,144.0221988235861,1
1320,2.501685393258421,1.4050561797752779,159.70456943365164,1
1321,2.493117977528084,1.4478932584269633,179.5065493941295,1
1322,2.441713483146062,1.6192415730337042,15.41882508124736,1
1323,2.287499999999995,1.9362359550561756,26.215203782322696,1
1324,2.0990168539325795,2.3731741573033656,35.04530515153911,1
1325,1.9619382022471865,2.844382022471904,43.03499431449358,1
1326,1.8419943820224678,3.3241573033707787,53.04497350064876,1
1327,1.74775280898876,3.803932584269654,62.84887751508247,1
1328,1.7134831460674118,4.3008426966292035,71.88714581690091,1
1329,1.7049157303370748,4.8148876404494265,77.50013351385692,1
1330,1.7134831460674118,5.3632022471909995,81.5505996040619,1
1331,1.730617977528086,5.911516853932571,83.0671453653503,1
1332,1.7820224719101083,6.46839887640448,84.39967745670799,1
1333,1.859129213483142,6.999578651685377,86.42641909315046,1
1334,1.9790730337078606,7.513623595505601,89.74654245158186,1
1335,2.1589887640449392,7.976264044943802,96.49240815521549,1
1336,2.4245786516853878,8.404634831460655,107.23510080282902,1
1337,2.775842696629207,8.764466292134813,122.42586025594125,1
1338,3.2213483146067348,9.055758426966273,141.9323168923648,1
1339,3.726825842696621,9.252808988764025,162.10915539678646,1
1340,4.266573033707855,9.35561797752807,179.0131013470342,1
1341,4.780617977528079,9.364185393258406,12.540755193780615,1
1342,5.251825842696617,9.278511235955037,23.741336439185815,1
1343,5.671629213483134,9.098595505617958,32.910237425927406,1
1344,6.057162921348301,8.815870786516834,42.13763042555554,1
1345,6.348455056179761,8.48174157303369,52.162403024054576,1
1346,6.562640449438187,8.087640449438185,62.80753869488134,1
1347,6.6825842696629065,7.65926966292133,74.2554824711521,1
1348,6.6825842696629065,7.213764044943804,86.12898007087354,1
1349,6.55407303370785,6.7939606741572875,97.68610581780165,1
1350,6.348455056179761,6.391292134831446,107.39851569010395,1
1351,6.082865168539311,6.03146067415729,117.29965085585923,1
1352,5.7830056179775156,5.74016853932583,127.5904662826753,1
1353,5.423174157303359,5.5088483146067295,138.6290306225078,1
1354,5.020505617977517,5.354634831460662,149.97989982503816,1
1355,4.592134831460664,5.268960674157292,161.53024983202715,1
1356,4.120926966292126,5.251825842696618,172.53413499042196,1
1357,3.598314606741565,5.294662921348303,1.642848624216011,1
1358,3.0757022471910043,5.414606741573022,10.62401502213665,1
1359,2.604494382022466,5.5945224719101,19.549261331880707,1
1360,2.2189606741572985,5.8258426966292,29.60675091212401,1
1361,1.9276685393258384,6.108567415730323,40.25773335290439,1
1362,1.7563202247190972,6.434129213483132,51.78785576103331,1
1363,1.6792134831460637,6.828230337078637,62.49161011154912,1
1364,1.6535112359550523,7.25660112359549,71.92036241564325,1
1365,1.6620786516853894,7.702106741573017,81.2722456325997,1
1366,1.739185393258423,8.147612359550545,90.68182080318768,1
1367,1.8848314606741532,8.584550561797734,102.20760049712645,1
1368,2.1418539325842647,8.952949438202229,116.89720890192132,1
1369,2.493117977528084,9.244241573033687,135.84722843544742,1
1370,2.921488764044937,9.449859550561778,156.93679734446016,1
1371,3.392696629213476,9.52696629213481,176.87684923337332,1
1372,3.881039325842688,9.475561797752787,15.724339485619991,1
1373,4.360814606741563,9.26137640449436,33.65132804703779,1
1374,4.789185393258416,8.94438202247189,50.118664109227,1
1375,5.140449438202236,8.53314606741571,64.47925513227456,1
1376,5.397471910112348,8.070505617977512,76.55883531714403,1
1377,5.543117977528078,7.54789325842695,87.87047821712692,1
1378,5.568820224719088,7.042415730337064,97.27693114555343,1
1379,5.508848314606729,6.52837078651684,104.75712017746883,1
1380,5.3632022471909995,6.040028089887627,110.93881647868449,1
1381,5.15758426966291,5.603089887640437,116.12820053890746,1
1382,4.891994382022461,5.251825842696617,121.8341124131355,1
1383,4.566432584269653,4.9605337078651575,129.68232924815368,1
1384,4.180898876404486,4.737780898876394,140.12581598872595,1
1385,3.7439606741572953,4.583567415730327,152.69625947426798,1
1386,3.2556179775280825,4.497893258426956,166.53959477746278,1
1387,2.8101123595505557,4.472191011235945,0.2430319801514001,1
1388,2.4160112359550507,4.549297752808979,14.54090697663255,1
1389,2.1161516853932536,4.72064606741572,29.11165364697115,1
1390,1.9191011235955013,4.986235955056168,42.98653597688226,1
1391,1.8334269662921308,5.337499999999988,55.39170582269041,1
1392,1.7820224719101083,5.774438202247178,65.85036621980217,1
1393,1.7563202247190972,6.254213483146053,73.21829450275646,1
1394,1.7477528089887602,6.78539325842695,78.17064670702764,1
1395,1.7734550561797715,7.3080056179775115,82.4320618482573,1
1396,1.8419943820224678,7.830617977528073,87.39576544356686,1
1397,1.9705056179775238,8.30182584269661,95.01150123454626,1
1398,2.2103932584269614,8.7387640449438,106.69447834281794,1
1399,2.5445224719101067,9.09002808988762,123.45634798893562,1
1400,2.964325842696623,9.364185393258406,143.1636482738422,1
1401,3.4098314606741496,9.518398876404472,162.58090600912843,1
1402,3.889606741573025,9.561235955056159,1.2553591456370334,1
1403,4.326544943820215,9.458426966292114,19.733757400933232,1
1404,4.7035112359550455,9.227106741573014,38.1754158736466,1
1405,4.9776685393258315,8.918679775280879,55.231805986083224,1
1406,5.174719101123584,8.53314606741571,70.75789667561621,1
1407,5.24325842696628,8.13047752808987,84.18940857819759,1
1408,5.2004213483145945,7.71924157303369,95.99617422286171,1
1409,5.046207865168528,7.359410112359534,107.25610635629157,1
1410,4.823455056179765,7.0509831460673995,120.13400305699031,1
1411,4.532162921348304,6.811095505617962,133.3664548434791,1
1412,4.1723314606741475,6.639747191011222,147.59415051344456,1
1413,3.761095505617969,6.571207865168525,161.56468568700342,1
1414,3.315589887640442,6.596910112359535,175.7669240840081,1
1415,2.861516853932578,6.708286516853917,9.685980197127856,1
1416,2.3988764044943767,6.931039325842681,23.64750697936754,1
1417,2.013342696629209,7.213764044943804,37.591405138614235,1
1418,1.696348314606738,7.565028089887623,50.6878828809743,1
1419,1.4650280898876373,7.941994382022455,61.30749241624634,1
1420,1.3022471910112332,8.344662921348295,70.40454647596809,1
1421,1.2422752808988737,8.738764044943801,78.47994329497419,1
1422,1.2508426966292105,9.14999999999998,86.63580846666835,1
1423,1.3365168539325811,9.544101123595485,95.13068988298119,1
1424,1.5078651685393223,9.929634831460652,106.68337992007618,1
1425,1.7820224719101083,10.289466292134808,121.55831593375363,1
1426,2.1418539325842647,10.589325842696606,140.7840167364786,1
1427,2.5445224719101067,10.803511235955032,162.05853086078366,1
1428,2.998595505617971,10.906320224719078,1.1203985438421333,1
1429,3.478370786516846,10.880617977528065,16.449823706305743,1
1430,3.949578651685384,10.726404494381999,28.361703398489276,1
1431,4.403651685393248,10.48651685393256,36.87839708117736,1
1432,4.8491573033707756,10.16952247191009,43.70540747883836,1
1433,5.260393258426954,9.801123595505596,50.185318272622794,1
1434,5.620224719101111,9.398455056179753,57.41221983808071,1
1435,5.894382022471897,8.978651685393238,65.78852944816175,1
1436,6.065730337078638,8.524578651685374,75.29333695200683,1
1437,6.142837078651672,8.070505617977512,83.81653263646656,1
1438,6.11713483146066,7.599297752808971,90.19498580498241,1
1439,6.014325842696616,7.145224719101108,95.20681388491272,1
1440,5.860112359550548,6.682584269662906,99.58127034350925,1
1441,5.663061797752797,6.254213483146053,105.02565608852126,1
1442,5.431741573033696,5.8772471910112225,112.59919533058546,1
1443,5.140449438202236,5.551685393258414,122.8067145096696,1
1444,4.789185393258416,5.268960674157292,136.05469750341706,1
1445,4.386516853932575,5.089044943820213,150.75299852750376,1
1446,3.9667134831460578,5.003370786516843,166.67718719409393,1
1447,3.521207865168531,5.029073033707855,3.7114345257986368,1
1448,3.1271067415730265,5.174719101123584,21.59214653058419,1
1449,2.7758426966292076,5.440308988764032,38.095624598124125,1
1450,2.493117977528084,5.808707865168526,52.06402356523278,1
1451,2.2789325842696577,6.2456460674157155,63.26013313154856,1
1452,2.1504213483146017,6.69971910112358,72.59931052303699,1
1453,2.1075842696629166,7.170926966292119,81.34178534979546,1
1454,2.176123595505613,7.65926966292133,91.51639110639582,1
1455,2.3474719101123545,8.121910112359533,103.21296690054193,1
1456,2.6130617977528035,8.541713483146049,117.02040240595214,1
1457,2.990028089887634,8.910112359550542,133.28085342201908,1
1458,3.4441011235954972,9.218539325842675,150.83036688052132,1
1459,3.9410112359550467,9.424157303370766,166.0227246577504,1
1460,4.446488764044934,9.518398876404472,178.9782210169369,1
1461,4.934831460674146,9.501264044943799,11.504843476534838,1
1462,5.371769662921336,9.364185393258406,23.228729179406283,1
1463,5.765870786516841,9.098595505617956,36.887575640345524,1
1464,6.099999999999986,8.721629213483126,52.72007016297467,1
1465,6.348455056179761,8.284691011235937,68.82854190677051,1
1466,6.5026685393258274,7.839185393258409,84.75958113647572,1
1467,6.511235955056165,7.376544943820209,100.66868936470159,1
1468,6.399859550561784,6.999578651685377,117.34887694971836,1
1469,6.1514044943820085,6.708286516853917,134.67492315687372,1
1470,5.817275280898864,6.519803370786502,151.73405116393744,1
1471,5.423174157303358,6.434129213483132,168.05389216787844,1
1472,5.029073033707855,6.494101123595492,3.970897397794212,1
1473,4.617837078651675,6.648314606741559,20.31088591180127,1
1474,4.275140449438193,6.9396067415730185,38.733836319599966,1
1475,4.018117977528081,7.3251404494381855,58.1507933065239,1
1476,3.881039325842688,7.787780898876386,76.31849308442665,1
1477,3.8724719101123513,8.30182584269661,92.17475936700774,1
1478,4.009550561797743,8.841573033707846,107.1046940494081,1
1479,4.258005617977519,9.355617977528068,121.31509166221814,1
1480,4.600702247191,9.826825842696607,132.45736084493575,1
1481,5.020505617977516,10.246629213483123,141.7359198001639,1
1482,5.483146067415718,10.597893258426941,149.42111551317453,1
1483,5.962921348314593,10.846348314606718,156.75642452553,1
1484,6.459831460674144,10.983426966292111,164.74622022076977,1
1485,6.956741573033692,11.034831460674132,174.76708253013118,1
1486,7.445084269662905,10.983426966292111,4.133594827433421,1
1487,7.92485955056178,10.854915730337055,13.044072288401933,1
1488,8.38749999999998,10.683567415730312,19.66868435887029,1
1489,8.79873595505616,10.469382022471887,26.061056055626807,1
1490,9.158567415730316,10.178089887640429,34.48120678218365,1
1491,9.449859550561778,9.835393258426944,45.404468013148744,1
1492,9.672612359550541,9.415589887640428,57.67222748813151,1
1493,9.792556179775259,8.952949438202229,71.07589961592473,1
1494,9.835393258426947,8.438904494382005,84.0410838073238,1
1495,9.783988764044924,7.907724719101106,95.54272403707974,1
1496,9.646910112359532,7.385112359550544,106.09361411790435,1
1497,9.41558988764043,6.922471910112344,115.99709929926627,1
1498,9.132865168539306,6.49410112359549,126.33192850963637,1
1499,8.781601123595484,6.168539325842683,137.34119383861002,1
1500,8.378932584269645,5.954353932584256,149.5740305434348,1
1501,7.933426966292117,5.842977528089874,161.96828427647372,1
1502,7.479353932584253,5.817275280898864,173.61337812919436,1
1503,7.008146067415714,5.88581460674156,4.1425158580483785,1
1504,6.571207865168525,6.03146067415729,14.156167845624434,1
1505,6.185674157303358,6.23707865168538,24.137575582188816,1
1506,5.868679775280886,6.49410112359549,35.00501732851693,1
1507,5.6030898876404365,6.836797752808974,45.866961047599126,1
1508,5.440308988764032,7.230898876404479,57.12750830411712,1
1509,5.371769662921336,7.633567415730321,69.15189553103602,1
1510,5.423174157303358,8.104775280898858,82.49352174466921,1
1511,5.594522471910099,8.59311797752807,97.13907724987182,1
1512,5.88581460674156,9.030056179775261,113.3151821876571,1
1513,6.2799157303370645,9.389887640449416,130.673339587205,1
1514,6.725421348314592,9.67261235955054,149.06920193211906,1
1515,7.179494382022456,9.783988764044924,165.77723884803743,1
1516,7.616432584269646,9.741151685393238,1.4598005081073553,1
1517,8.019101123595487,9.569803370786497,16.38284945022614,1
1518,8.344662921348295,9.304213483146047,30.462910024988872,1
1519,8.610252808988744,8.961516853932565,44.907002735005605,1
1520,8.807303370786496,8.550280898876384,58.75583586838919,1
1521,8.927247191011215,8.104775280898858,70.06750888128526,1
1522,8.978651685393237,7.616432584269646,79.7958215069213,1
1523,8.952949438202229,7.110955056179759,88.78182848603028,1
1524,8.850140449438182,6.605477528089873,96.78847190594765,1
1525,8.678792134831442,6.125702247190998,103.95582758395133,1
1526,8.430337078651666,5.671629213483134,112.89494191594345,1
1527,8.121910112359533,5.277528089887629,122.97735772768108,1
1528,7.779213483146049,4.95196629213482,133.8417464760829,1
1529,7.402247191011218,4.72064606741572,146.29167927763737,1
1530,7.008146067415714,4.583567415730327,158.30795470172131,1
1531,6.605477528089873,4.549297752808979,169.87770322250074,1
1532,6.168539325842683,4.609269662921338,0.3364725053849775,1
1533,5.705898876404481,4.754915730337069,9.795180110202171,1
1534,5.2346910112359435,4.9605337078651575,17.625564578979915,1
1535,4.789185393258416,5.217556179775269,25.280734837545005,1
1536,4.386516853932575,5.525983146067404,32.771265936476986,1
1537,4.0609550561797665,5.894382022471897,41.824438428508074,1
1538,3.8210674157303286,6.305617977528075,51.80621471236583,1
1539,3.6839887640449356,6.733988764044929,63.49659387596938,1
1540,3.6411516853932504,7.19662921348313,76.43796828190335,1
1541,3.7096910112359467,7.642134831460656,90.50479214518283,1
1542,3.9153089887640364,8.036235955056162,105.88082322801147,1
1543,4.240870786516845,8.353230337078632,122.91397559220519,1
1544,4.66067415730336,8.584550561797734,140.71577138683242,1
1545,5.15758426966291,8.695926966292115,158.86007402782752,1
1546,5.688764044943808,8.704494382022451,176.90555192021878,1
1547,6.202808988764031,8.584550561797732,15.118074285607223,1
1548,6.656882022471895,8.353230337078633,32.97560494181679,1
1549,7.025280898876389,8.061938202247173,50.389729584606734,1
1550,7.282303370786499,7.667837078651668,66.84333357970407,1
1551,7.419382022471893,7.213764044943804,81.79832348989652,1
1552,7.4536516853932415,6.751123595505602,95.11201791351041,1
1553,7.393679775280882,6.2799157303370645,105.50962144420534,1
1554,7.273735955056163,5.808707865168526,113.85157909274376,1
1555,7.059550561797737,5.406039325842684,121.89222336926215,1
1556,6.776825842696614,5.071910112359539,130.434156698548,1
1557,6.425561797752795,4.789185393258416,138.60830927228838,1
1558,6.014325842696616,4.566432584269653,148.88052457920233,1
1559,5.551685393258415,4.403651685393249,159.4301879691905,1
1560,5.09761235955055,4.326544943820215,169.98126363089779,1
1561,4.63497191011235,4.3179775280898784,179.81879408418865,1
1562,4.1723314606741475,4.403651685393248,10.404124939311414,1
1563,3.7525280898876323,4.592134831460664,20.781411774622537,1
1564,3.366994382022464,4.874859550561787,30.810948184817136,1
1565,3.032865168539319,5.226123595505606,40.15844510271813,1
1566,2.775842696629207,5.6373595505617855,49.142838612810806,1
1567,2.604494382022466,6.082865168539312,58.37678348930807,1
1568,2.501685393258421,6.562640449438187,67.04965676662428,1
1569,2.47598314606741,7.0509831460673995,75.7560690567091,1
1570,2.510252808988758,7.556460674157286,84.65166363461068,1
1571,2.613061797752803,8.027668539325825,95.20759229151332,1
1572,2.8186797752808923,8.48174157303369,106.97417194354652,1
1573,3.135674157303364,8.875842696629194,122.21138003126609,1
1574,3.5383426966292055,9.167134831460654,141.33715552976176,1
1575,3.9924157303370693,9.32134831460672,162.93101356912945,1
1576,4.497893258426957,9.355617977528068,4.95635495243985,1
1577,4.969101123595494,9.252808988764023,25.063629616863345,1
1578,5.397471910112348,9.012921348314586,42.592277391762934,1
1579,5.7830056179775156,8.661657303370767,56.36815963829745,1
1580,6.125702247190998,8.250421348314589,67.19632137123384,1
1581,6.382724719101109,7.770646067415713,75.11879424459289,1
1582,6.579775280898862,7.222331460674141,81.8101954702718,1
1583,6.708286516853917,6.656882022471895,88.06475003173836,1
1584,6.768258426966277,6.099999999999986,92.87169037815704,1
1585,6.759691011235939,5.525983146067403,96.0367284114051,1
1586,6.6997191011235815,4.986235955056168,98.34133898215497,1
1587,6.605477528089873,4.489325842696619,99.75500154724101,1
1588,6.476966292134817,4.0266853932584175,100.21118949511056,1
1589,6.331320224719087,3.589747191011228,102.07260202770654,1
1590,6.185674157303357,3.144241573033701,103.80586843415368,1
1591,6.057162921348301,2.82724719101123,106.88498258238234,1
1592,5.928651685393245,2.6301966292134775,111.90626613179874,1
1593,5.765870786516841,2.5188202247190956,119.51517172170102,1
1594,5.551685393258414,2.4759831460674104,129.29216088085118,1
1595,5.24325842696628,2.527387640449432,142.5135748669464,1
1596,4.874859550561787,2.5616573033707803,155.65450349492897,1
1597,4.412219101123585,2.578792134831455,166.71395608692353,1
1598,3.93244382022471,2.630196629213477,177.86566048671992,1
1599,3.4526685393258347,2.741573033707859,8.266617881705901,1
1600,3.041432584269656,2.930056179775274,19.49644650781547,1
1601,2.6730337078651623,3.195646067415723,32.86340589942037,1
1602,2.4245786516853878,3.546910112359542,48.35053893270637,1
1603,2.2874999999999948,3.949578651685384,64.14328015665699,1
1604,2.2703651685393202,4.369382022471901,79.67113314201346,1
1605,2.3903089887640396,4.823455056179764,94.72831770951078,1
1606,2.6473314606741516,5.260393258426954,109.8474891204538,1
1607,3.032865168539319,5.645926966292122,126.10183773617175,1
1608,3.478370786516846,5.94578651685392,145.52183202627066,1
1609,3.9752808988763952,6.1514044943820085,166.70993578476367,1
1610,4.455056179775271,6.211376404494368,6.755914579484812,1
1611,4.89199438202246,6.108567415730323,25.171505547857926,1
1612,5.2346910112359435,5.877247191011223,42.69429652089822,1
1613,5.500280898876392,5.543117977528078,59.03026681387388,1
1614,5.671629213483134,5.1404494382022365,72.0328854160283,1
1615,5.765870786516841,4.703511235955046,81.63026389364954,1
1616,5.765870786516841,4.258005617977519,88.37352166657422,1
1617,5.697331460674144,3.8210674157303286,93.650774224999,1
1618,5.585955056179762,3.3841292134831393,97.69736166143646,1
1619,5.440308988764032,2.981460674157297,104.11610368639501,1
1620,5.24325842696628,2.6558988764044886,113.32408081597502,1
1621,4.986235955056168,2.3988764044943767,125.95862787276387,1
1622,4.669241573033697,2.201825842696624,141.9580050225173,1
1623,4.292275280898867,2.1075842696629166,159.02479864120582,1
1624,3.8639044943820138,2.1247191011235906,173.87769237502772,1
1625,3.444101123595498,2.1932584269662874,7.096952738423881,1
1626,3.0499999999999927,2.3646067415730285,19.368692602791516,1
1627,2.715870786516848,2.6130617977528035,30.82934665561626,1
1628,2.4502808988763993,2.9471910112359483,43.187417247377354,1
1629,2.2789325842696577,3.3241573033707796,55.94148486334871,1
1630,2.1932584269662874,3.7439606741572944,68.23275533250933,1
1631,2.2275280898876355,4.1723314606741475,80.888310268774,1
1632,2.3731741573033656,4.626404494382012,94.71372919804337,1
1633,2.6473314606741516,5.063342696629202,109.97091252005983,1
1634,3.024297752808982,5.457443820224707,128.10378090381425,1
1635,3.4698033707865092,5.7830056179775156,147.8409509977013,1
1636,3.958146067415721,6.0057584269662785,167.50508790012623,1
1637,4.480758426966282,6.082865168539312,6.560463857176109,1
1638,4.9776685393258315,6.0057584269662785,25.81293961413977,1
1639,5.414606741573021,5.800140449438189,43.049925983574944,1
1640,5.7830056179775156,5.4917134831460555,57.4077472332918,1
1641,6.065730337078638,5.123314606741561,68.37843702767648,1
1642,6.2456460674157155,4.703511235955046,77.47925539104713,1
1643,6.348455056179761,4.240870786516845,83.11029391534476,1
1644,6.399859550561784,3.761095505617969,88.58507069216343,1
1645,6.399859550561783,3.3070224719101047,92.23107655577385,1
1646,6.348455056179761,2.9471910112359487,97.84342332211598,1
1647,6.245646067415716,2.698735955056174,104.63634818197714,1
1648,6.074297752808976,2.5530898876404438,115.26382252645044,1
1649,5.800140449438189,2.47598314606741,128.37840735186813,1
1650,5.440308988764032,2.467415730337073,143.7572091235665,1
1651,5.037640449438191,2.458848314606736,159.56444607971608,1
1652,4.583567415730327,2.501685393258421,175.63068993796136,1
1653,4.138061797752799,2.62162921348314,11.954120181888488,1
1654,3.752528089887632,2.8443820224719034,28.901126737524383,1
1655,3.43553370786516,3.169943820224712,45.11862424815059,1
1656,3.1870786516853857,3.5897471910112273,59.043667149325174,1
1657,3.041432584269656,4.0609550561797665,70.12680755498357,1
1658,2.990028089887634,4.57499999999999,79.61333265736063,1
1659,3.041432584269656,5.089044943820213,88.33482299467322,1
1660,3.2042134831460602,5.577387640449426,98.56078301898107,1
1661,3.4869382022471833,6.048595505617964,110.71923706217845,1
1662,3.8724719101123513,6.476966292134817,125.28731739006548,1
1663,4.3351123595505525,6.836797752808974,140.56926093059963,1
1664,4.874859550561787,7.136657303370771,154.7283528799133,1
1665,5.44887640449437,7.350842696629198,167.227583806686,1
1666,6.040028089887627,7.445084269662904,177.918139506557,1
1667,6.639747191011222,7.445084269662904,6.32453604323507,1
1668,7.239466292134816,7.376544943820209,12.637208430725096,1
1669,7.796348314606723,7.248033707865153,17.69910037800814,1
1670,8.327528089887622,7.068117977528074,21.83271322680498,1
1671,8.79873595505616,6.853932584269647,27.116382689660345,1
1672,9.192837078651666,6.596910112359535,33.83160016881647,1
1673,9.501264044943799,6.297050561797739,42.875709493677036,1
1674,9.741151685393238,5.94578651685392,54.126411933017366,1
1675,9.895365168539303,5.551685393258415,65.67590083218248,1
1676,9.98960674157301,5.123314606741562,75.36984425637618,1
1677,10.049578651685371,4.677808988764034,81.7277689711848,1
1678,10.083848314606719,4.215168539325833,85.46371179445421,1
1679,10.083848314606719,3.761095505617969,87.05369387329183,1
1680,10.066713483146046,3.3241573033707787,88.87311105951389,1
1681,10.032443820224696,2.9557584269662858,91.75059622159077,1
1682,9.93820224719099,2.6473314606741516,97.35851832185531,1
1683,9.792556179775259,2.4074438202247137,103.50447456270732,1
1684,9.58693820224717,2.2189606741572985,112.70322328851671,1
1685,9.312780898876383,2.0818820224719055,124.01507882653307,1
1686,8.961516853932563,1.9619382022471865,136.39041739820982,1
1687,8.56741573033706,1.867696629213479,148.60153030634405,1
1688,8.139044943820206,1.8248595505617935,161.01185309855,1
1689,7.684971910112343,1.859129213483142,170.73502536688846,1
1690,7.265168539325826,1.9705056179775238,179.40525721835468,1
1691,6.862499999999985,2.1589887640449392,8.772185407375233,1
1692,6.49410112359549,2.433146067415725,19.816928157831995,1
1693,6.159971910112345,2.7929775280898816,32.623392667900006,1
1694,5.902949438202234,3.2213483146067348,48.685900989339494,1
1695,5.7144662921348175,3.718258426966284,65.68562371407444,1
1696,5.628792134831448,4.258005617977519,81.49280619686472,1
1697,5.663061797752796,4.823455056179765,95.46429881161895,1
1698,5.834410112359537,5.3632022471909995,108.52874449964396,1
1699,6.11713483146066,5.834410112359537,122.30927753092777,1
1700,6.485533707865154,6.185674157303358,138.4133646538465,1
1701,6.931039325842681,6.425561797752794,156.07140454076176,1
1702,7.427949438202231,6.519803370786502,173.11064512826042,1
1703,7.907724719101106,6.46839887640448,9.36137609053699,1
1704,8.387499999999982,6.288483146067401,24.456015666152062,1
1705,8.807303370786496,6.040028089887627,39.60279098673533,1
1706,9.158567415730317,5.671629213483133,54.35508764354496,1
1707,9.398455056179754,5.24325842696628,68.0466936673425,1
1708,9.544101123595485,4.763483146067405,81.00106577820684,1
1709,9.569803370786497,4.283707865168529,93.0445698836535,1
1710,9.509831460674137,3.7953651685393175,102.70473281081004,1
1711,9.364185393258406,3.3327247191011162,109.67880982542985,1
1712,9.175702247190992,2.904353932584263,114.95168609381376,1
1713,8.970084269662902,2.561657303370781,119.67239475918933,1
1714,8.704494382022451,2.2874999999999948,126.27845138150869,1
1715,8.387499999999982,2.0818820224719055,133.53354552250812,1
1716,8.01053370786515,1.9533707865168495,143.55467344417715,1
1717,7.573595505617961,1.901966292134827,154.74535504160232,1
1718,7.076685393258411,1.9191011235955013,166.181692394279,1
1719,6.579775280898862,2.013342696629209,177.86065337088317,1
1720,6.099999999999986,2.1846910112359503,11.802474607297937,1
1721,5.654494382022459,2.4759831460674104,26.789112511125484,1
1722,5.286095505617966,2.861516853932578,42.68918981541828,1
1723,5.01193820224718,3.2984550561797676,57.13365560247799,1
1724,4.8320224719101015,3.7696629213483064,70.08775553395279,1
1725,4.746348314606731,4.283707865168529,80.62559864000804,1
1726,4.763483146067405,4.7977528089887524,89.73891111035013,1
1727,4.8491573033707756,5.286095505617965,96.25318354299101,1
1728,4.986235955056169,5.783005617977514,101.78459046478397,1
1729,5.18328651685392,6.271348314606727,107.43718638327704,1
1730,5.440308988764032,6.716853932584255,114.04301892603517,1
1731,5.765870786516841,7.119522471910097,122.08642860978344,1
1732,6.1514044943820085,7.479353932584251,131.4340882670566,1
1733,6.596910112359535,7.753511235955038,142.39839575801642,1
1734,7.0852528089887485,7.933426966292117,153.53473126913659,1
1735,7.582162921348297,8.027668539325825,165.77531852546122,1
1736,8.079073033707846,8.001966292134814,179.2964958775876,1
1737,8.53314606741571,7.873455056179758,15.652390694674239,1
1738,8.927247191011215,7.650702247190994,32.878637501452005,1
1739,9.227106741573014,7.342275280898859,50.59335332057822,1
1740,9.424157303370766,6.973876404494367,68.73843184381089,1
1741,9.484129213483126,6.596910112359535,86.61644832434175,1
1742,9.398455056179753,6.211376404494368,104.10296934603545,1
1743,9.184269662921327,5.868679775280886,120.58934916813052,1
1744,8.88441011235953,5.611657303370774,136.49973170102254,1
1745,8.498876404494364,5.44887640449437,153.31633658842657,1
1746,8.053370786516837,5.397471910112347,171.7304349682936,1
1747,7.616432584269646,5.466011235955044,11.469734823021463,1
1748,7.205196629213466,5.654494382022459,29.86254691524542,1
1749,6.836797752808972,5.937219101123581,45.82982712702161,1
1750,6.55407303370785,6.305617977528075,59.74583604546622,1
1751,6.382724719101109,6.725421348314592,71.43366026286681,1
1752,6.331320224719088,7.179494382022455,82.05759604010022,1
1753,6.4084269662921205,7.642134831460656,93.13427826493363,1
1754,6.588342696629198,8.087640449438185,104.3448808584305,1
1755,6.871067415730321,8.48174157303369,116.49686681714317,1
1756,7.265168539325828,8.841573033707846,129.71535536521444,1
1757,7.71924157303369,9.132865168539306,143.78165039686945,1
1758,8.216151685393239,9.32134831460672,157.96291914476495,1
1759,8.747331460674138,9.415589887640428,171.93849566741272,1
1760,9.287078651685373,9.398455056179754,5.8477085572500735,1
1761,9.775421348314586,9.269943820224698,19.064486853673653,1
1762,10.220926966292113,9.047191011235935,31.615715640434413,1
1763,10.589325842696606,8.738764044943801,43.944265446518024,1
1764,10.863483146067392,8.378932584269645,55.515182655554575,1
1765,11.051966292134807,7.993398876404475,66.23214609091826,1
1766,11.171910112359523,7.565028089887623,75.61670777850499,1
1767,11.206179775280873,7.110955056179759,82.887507074482,1
1768,11.1890449438202,6.6654494382022325,89.32609264653227,1
1769,11.111938202247167,6.211376404494368,95.67394818972282,1
1770,10.966292134831438,5.765870786516841,101.75812032271278,1
1771,10.760674157303345,5.371769662921336,109.59317116071124,1
1772,10.495084269662899,5.029073033707855,119.99414295019369,1
1773,10.152387640449415,4.729213483146056,131.98357765971886,1
1774,9.741151685393238,4.48932584269662,145.39431330703542,1
1775,9.287078651685373,4.335112359550552,158.4054034390862,1
1776,8.807303370786498,4.258005617977519,171.35259056524006,1
1777,8.318960674157285,4.283707865168529,4.447702478258143,1
1778,7.856320224719083,4.420786516853923,17.902846816749257,1
1779,7.436516853932568,4.6692415730336965,31.54809361507249,1
1780,7.076685393258411,4.994803370786506,43.90203481236644,1
1781,6.776825842696614,5.380337078651673,53.75933893366917,1
1782,6.55407303370785,5.8258426966292,61.5629803580978,1
1783,6.399859550561783,6.297050561797739,67.91289485024932,1
1784,6.305617977528076,6.802528089887625,73.15313445909159,1
1785,6.2627808988763904,7.3422752808988605,78.40895020229028,1
1786,6.2799157303370645,7.907724719101106,84.54239558841623,1
1787,6.374157303370772,8.473174157303351,91.65341439199537,1
1788,6.5369382022471765,9.030056179775261,99.97538424774967,1
1789,6.7939606741572875,9.552668539325822,109.21307618552534,1
1790,7.128089887640433,10.015308988764023,118.97193952371666,1
1791,7.513623595505601,10.392275280898852,127.86611412397355,1
1792,7.933426966292117,10.674999999999978,137.6198308204846,1
1793,8.387499999999982,10.880617977528065,147.8043504694799,1
1794,8.867275280898856,10.983426966292111,158.95954030376257,1
1795,9.347050561797733,11.000561797752784,171.0505074771217,1
1796,9.835393258426944,10.914887640449413,4.400518791371834,1
1797,10.298033707865144,10.743539325842672,17.42047118275419,1
1798,10.709269662921324,10.477949438202224,30.32133521489455,1
1799,11.051966292134807,10.143820224719079,42.767260845330995,1
1800,11.326123595505592,9.749719101123574,54.88277655591444,1
1801,11.50603932584267,9.32134831460672,66.2595992991906,1
1802,11.600280898876377,8.892977528089869,76.95610572867422,1
1803,11.600280898876377,8.438904494382005,87.56897553943205,1
1804,11.514606741573008,7.993398876404475,97.06077299340805,1
1805,11.343258426966266,7.530758426966275,105.14819989070708,1
1806,11.111938202247165,7.085252808988747,110.68377642334785,1
1807,10.83778089887638,6.6311797752808825,114.05861686694338,1
1808,10.555056179775258,6.202808988764031,115.37748329074049,1
1809,10.255196629213462,5.765870786516841,116.20033523627905,1
1810,9.963904494382001,5.346067415730325,116.40425944520288,1
1811,9.664044943820205,4.926264044943808,118.12410032473954,1
1812,9.347050561797733,4.489325842696618,120.48063466998146,1
1813,9.012921348314586,4.0609550561797665,123.14243741106719,1
1814,8.670224719101103,3.649719101123587,124.58407577306735,1
1815,8.318960674157285,3.2556179775280825,126.9727388397092,1
1816,7.959129213483129,2.887219101123589,129.02726705134944,1
1817,7.599297752808971,2.578792134831455,132.736961524641,1
1818,7.205196629213466,2.296067415730332,138.10210577440344,1
1819,6.785393258426952,2.0647471910112314,145.85701201042218,1
1820,6.32275280898875,1.910533707865164,154.63851769777327,1
1821,5.851544943820211,1.8419943820224678,165.82736650840616,1
1822,5.3803370786516735,1.8419943820224678,178.4905344864624,1
1823,4.926264044943808,1.9705056179775238,11.703566565747497,1
1824,4.489325842696619,2.2103932584269614,25.677811740557807,1
1825,4.1380617977528,2.5359550561797697,40.55137986104201,1
1826,3.8553370786516767,2.9386235955056113,54.898067254164964,1
1827,3.6582865168539245,3.418398876404487,67.89359203894608,1
1828,3.572612359550554,3.923876404494373,79.28055912928357,1
1829,3.6154494382022384,4.455056179775271,89.2549084414588,1
1830,3.7439606741572944,4.9776685393258315,97.96407147926652,1
1831,3.975280898876396,5.466011235955044,108.45743845141406,1
1832,4.292275280898867,5.88581460674156,121.2904768999575,1
1833,4.686376404494371,6.211376404494368,137.2047040085542,1
1834,5.131882022471898,6.391292134831446,155.6684593309325,1
1835,5.594522471910099,6.4426966292134695,176.08313044549897,1
1836,6.048595505617964,6.357022471910097,17.294364564412916,1
1837,6.459831460674143,6.142837078651672,36.75355812959813,1
1838,6.785393258426952,5.8258426966292,53.723897781999355,1
1839,7.025280898876389,5.440308988764032,67.89814845599287,1
1840,7.188061797752793,4.994803370786505,78.63481001306423,1
1841,7.265168539325826,4.515028089887631,87.21190975221722,1
1842,7.282303370786501,4.018117977528081,92.24811038298274,1
1843,7.248033707865153,3.521207865168532,96.52391102497174,1
1844,7.162359550561781,3.0928370786516783,100.11656962688782,1
1845,7.008146067415714,2.7672752808988705,106.65239656596748,1
1846,6.785393258426952,2.527387640449432,114.63839577799646,1
1847,6.494101123595492,2.3817415730337026,124.82974772575497,1
1848,6.142837078651672,2.3132022471910063,134.95500733443114,1
1849,5.723033707865156,2.2446629213483096,145.2539715149901,1
1850,5.286095505617966,2.1761235955056133,153.27190970604497,1
1851,4.8320224719101015,2.1332865168539277,159.8679690132418,1
1852,4.377949438202238,2.124719101123591,167.21908780680323,1
1853,3.9153089887640364,2.1675561797752763,175.2709657824477,1
1854,3.461235955056172,2.296067415730332,3.718408270888805,1
1855,3.007162921348308,2.493117977528084,13.146994310091301,1
1856,2.587359550561792,2.750140449438196,23.723685502823784,1
1857,2.1846910112359503,3.0757022471910043,34.623773622680275,1
1858,1.859129213483142,3.461235955056172,45.55731430183329,1
1859,1.6192415730337042,3.881039325842688,56.04675354844537,1
1860,1.4650280898876373,4.326544943820215,66.31707213947179,1
1861,1.3879213483146038,4.7977528089887524,75.02871349914055,1
1862,1.4050561797752776,5.260393258426954,81.90172219498673,1
1863,1.4907303370786482,5.705898876404481,88.60476612995191,1
1864,1.6535112359550523,6.142837078651672,95.64448901394307,1
1865,1.8848314606741527,6.5369382022471765,104.17018359295817,1
1866,2.2103932584269614,6.871067415730321,116.00948697624898,1
1867,2.613061797752803,7.136657303370771,131.66565506228926,1
1868,3.1099719101123524,7.3080056179775115,151.8414231789965,1
1869,3.6240168539325763,7.367977528089871,173.09823984050885,1
1870,4.146629213483137,7.3251404494381855,12.360011946465479,1
1871,4.626404494382012,7.153792134831446,30.382117193072265,1
1872,5.046207865168528,6.871067415730321,47.63518721297676,1
1873,5.354634831460662,6.519803370786502,62.02526091625322,1
1874,5.585955056179763,6.082865168539312,73.72536470013414,1
1875,5.723033707865155,5.628792134831448,83.97452779209655,1
1876,5.748735955056167,5.18328651685392,93.08704885166111,1
1877,5.68019662921347,4.789185393258417,101.39625270148352,1
1878,5.525983146067404,4.420786516853922,110.94656763605639,1
1879,5.286095505617965,4.103792134831451,119.44648965569209,1
1880,4.994803370786506,3.829634831460665,125.65280701529929,1
1881,4.66067415730336,3.5983146067415652,132.3188814469774,1
1882,4.275140449438193,3.375561797752802,139.87350229795038,1
1883,3.8639044943820138,3.2127808988763973,147.12348652889688,1
1884,3.444101123595498,3.1271067415730265,155.93175695896593,1
1885,3.015730337078645,3.1099719101123524,167.2440349744276,1
1886,2.604494382022466,3.195646067415723,178.8760629446152,1
1887,2.253230337078647,3.3841292134831384,12.157043367385592,1
1888,1.9619382022471865,3.6582865168539245,27.479492973327705,1
1889,1.7477528089887602,4.009550561797743,44.14154510117688,1
1890,1.6192415730337046,4.42935393258426,59.601985274515116,1
1891,1.567837078651682,4.86629213483145,72.40039146920418,1
1892,1.584971910112356,5.346067415730325,82.17112933448952,1
1893,1.6620786516853898,5.8258426966292,88.44284535443445,1
1894,1.7991573033707826,6.288483146067401,94.6952202940837,1
1895,1.987640449438198,6.691151685393242,101.03256929272686,1
1896,2.2703651685393207,7.093820224719086,110.18910655062305,1
1897,2.6130617977528035,7.419382022471893,122.9303690634453,1
1898,3.032865168539319,7.676404494382004,140.17074925652386,1
1899,3.504073033707857,7.839185393258409,160.31315876422389,1
1900,4.0266853932584175,7.916292134831442,0.11064534209110788,1
1901,4.5407303370786405,7.856320224719083,18.29397366141098,1
1902,5.01193820224718,7.702106741573016,34.5509955100709,1
1903,5.414606741573022,7.470786516853916,47.83489244206492,1
1904,5.7487359550561665,7.136657303370771,59.25892914436408,1
1905,5.980056179775267,6.725421348314592,68.77640540648376,1
1906,6.099999999999986,6.288483146067402,79.19690682655596,1
1907,6.125702247190998,5.842977528089874,90.29974786242563,1
1908,6.048595505617963,5.397471910112347,103.30512936079865,1
1909,5.868679775280886,5.046207865168528,117.30726058763634,1
1910,5.603089887640437,4.780617977528079,131.44959074441456,1
1911,5.286095505617966,4.592134831460664,145.27940571904134,1
1912,4.909129213483135,4.480758426966282,157.47551604976775,1
1913,4.523595505617967,4.472191011235944,169.96857010602852,1
1914,4.112359550561789,4.549297752808979,1.8473869851047735,1
1915,3.7096910112359467,4.72064606741572,13.476835861749255,1
1916,3.3070224719101047,4.986235955056168,24.750816983386255,1
1917,2.9643258426966224,5.346067415730325,37.81334286008398,1
1918,2.6644662921348257,5.757303370786504,50.03384557602598,1
1919,2.467415730337073,6.211376404494368,61.93079607930554,1
1920,2.3560393258426915,6.6825842696629065,73.00584452568492,1
1921,2.3560393258426915,7.153792134831446,84.16790763812702,1
1922,2.47598314606741,7.599297752808971,96.27380936777479,1
1923,2.6901685393258368,8.001966292134814,111.08120587612373,1
1924,3.015730337078645,8.336095505617958,129.57967663066864,1
1925,3.4441011235954972,8.59311797752807,151.24175253895953,1
1926,3.93244382022471,8.738764044943801,172.0251058535045,1
1927,4.412219101123585,8.764466292134811,11.10423353544381,1
1928,4.857724719101112,8.670224719101105,28.16400890514852,1
1929,5.208988764044932,8.438904494382005,43.893532834382114,1
1930,5.440308988764032,8.121910112359533,58.53184313771172,1
1931,5.551685393258415,7.7278089887640276,72.51102015095789,1
1932,5.551685393258415,7.2908707865168365,86.01409231051461,1
1933,5.466011235955044,6.8453651685393115,98.51064074309465,1
1934,5.277528089887629,6.425561797752795,109.8948872071107,1
1935,5.020505617977517,6.040028089887627,121.01143370791591,1
1936,4.7035112359550455,5.74016853932583,132.04232246683335,1
1937,4.335112359550552,5.508848314606729,144.3345088616128,1
1938,3.9410112359550475,5.371769662921336,158.69703664025067,1
1939,3.5297752808988685,5.354634831460662,175.59889927652674,1
1940,3.1099719101123524,5.44887640449437,13.382719004727674,1
1941,2.707303370786511,5.645926966292121,28.917992333883976,1
1942,2.3560393258426915,5.94578651685392,41.243770171164016,1
1943,2.0476123595505573,6.32275280898875,51.31889040666965,1
1944,1.8162921348314565,6.742556179775266,58.971826880749234,1
1945,1.6792134831460637,7.179494382022455,65.63479421470286,1
1946,1.6192415730337042,7.616432584269646,71.97834049043094,1
1947,1.6278089887640417,8.07050561797751,79.00316720975374,1
1948,1.722050561797749,8.498876404494364,87.39594040505345,1
1949,1.8933988764044904,8.927247191011215,98.09311971686445,1
1950,2.124719101123591,9.329915730337058,111.08336221868537,1
1951,2.433146067415725,9.689747191011213,126.70592858026745,1
1952,2.8186797752808923,9.955337078651663,144.10869370774057,1
1953,3.247050561797745,10.143820224719077,162.52148199774064,1
1954,3.6839887640449356,10.220926966292112,0.474189652387123,1
1955,4.103792134831451,10.186657303370762,17.971951010127647,1
1956,4.472191011235945,10.041011235955034,35.347399865206064,1
1957,4.763483146067406,9.76685393258425,52.869989584097,1
1958,4.9605337078651575,9.398455056179754,69.83117024225444,1
1959,5.054775280898864,8.944382022471888,84.97009944669455,1
1960,5.054775280898865,8.456039325842678,97.54376165138426,1
1961,4.9605337078651575,7.959129213483128,109.54386920407761,1
1962,4.763483146067405,7.522191011235938,121.55849337157264,1
1963,4.506460674157294,7.170926966292119,135.0206455377765,1
1964,4.163764044943811,6.922471910112344,149.6633507524807,1
1965,3.752528089887632,6.785393258426952,166.21942542355396,1
1966,3.2984550561797676,6.776825842696614,3.567506230178232,1
1967,2.861516853932578,6.9053370786516695,21.289496169987682,1
1968,2.441713483146062,7.128089887640433,37.84801005303833,1
1969,2.1161516853932536,7.453651685393242,50.31083635411545,1
1970,1.876264044943816,7.8391853932584095,60.01492229880718,1
1971,1.730617977528086,8.267556179775262,67.31525294657988,1
1972,1.6449438202247155,8.687359550561776,72.68041373134453,1
1973,1.6278089887640412,9.115730337078631,77.68390357946643,1
1974,1.6706460674157266,9.535533707865147,84.9240145774955,1
1975,1.7820224719101083,9.946769662921326,92.90131974256659,1
1976,1.9790730337078606,10.340870786516831,104.09196584947159,1
1977,2.2789325842696577,10.700702247190987,118.42639693144832,1
1978,2.6730337078651627,10.991994382022446,136.40896343207157,1
1979,3.144241573033701,11.180477528089863,157.82122914547847,1
1980,3.6668539325842615,11.257584269662896,176.15321025043337,1
1981,4.1894662921348225,11.21474719101121,10.903956788654163,1
1982,4.686376404494372,11.086235955056155,22.82400622996709,1
1983,5.140449438202236,10.872050561797728,32.144644076347156,1
1984,5.543117977528077,10.589325842696605,40.316441839591924,1
1985,5.868679775280885,10.280898876404471,48.99783577838179,1
1986,6.108567415730323,9.929634831460652,58.93055157162714,1
1987,6.254213483146053,9.52696629213481,69.87818043887529,1
1988,6.2799157303370645,9.115730337078631,81.56768129421025,1
1989,6.185674157303357,8.704494382022453,94.19870251086563,1
1990,5.988623595505604,8.267556179775262,106.53192713740069,1
1991,5.731601123595493,7.873455056179758,118.51422583800002,1
1992,5.38890449438201,7.539325842696613,131.72314260492772,1
1993,4.9776685393258315,7.265168539325826,146.28313043048834,1
1994,4.540730337078641,7.0852528089887485,161.61034301929854,1
1995,4.07808988764044,7.042415730337062,177.88082465054828,1
1996,3.606882022471902,7.110955056179759,15.158623223908975,1
1997,3.195646067415723,7.3080056179775115,33.55032127552872,1
1998,2.8957865168539265,7.599297752808971,52.62915976076962,1
1999,2.715870786516848,7.959129213483129,70.26531291449282,1
2000,2.698735955056174,8.361797752808972,86.88408599083911,1
2001,2.835814606741567,8.764466292134813,103.76071086058231,1
2002,3.1185393258426894,9.12429775280897,122.3398430304592,1
2003,3.504073033707857,9.41558988764043,144.3288109217542,1
2004,3.9410112359550467,9.612640449438182,164.68662838117447,1
2005,4.4293539325842595,9.67261235955054,1.1579408321342417,1
2006,4.900561797752798,9.61264044943818,14.345886932884884,1
2007,5.3632022471909995,9.432724719101103,25.41798130373704,1
2008,5.80014044943819,9.17570224719099,34.506929304290175,1
2009,6.211376404494368,8.850140449438182,43.878251484625316,1
2010,6.55407303370785,8.473174157303351,52.319383799822326,1
2011,6.853932584269647,8.07050561797751,60.277964802319595,1
2012,7.076685393258411,7.650702247190994,67.68404899167345,1
2013,7.205196629213466,7.188061797752792,76.15031489299146,1
2014,7.248033707865153,6.733988764044929,84.68138816606422,1
2015,7.19662921348313,6.305617977528076,93.65874531344942,1
2016,7.059550561797737,5.902949438202233,104.51003649668444,1
2017,6.828230337078637,5.543117977528077,116.99504839995285,1
2018,6.511235955056165,5.251825842696617,131.17682051730068,1
2019,6.125702247190997,5.029073033707854,147.54207277532336,1
2020,5.697331460674144,4.883426966292124,164.2276225052352,1
2021,5.2346910112359435,4.823455056179765,179.68274256871567,1
2022,4.763483146067404,4.874859550561787,12.858550148263909,1
2023,4.326544943820215,5.046207865168528,23.863709973031508,1
2024,3.9410112359550475,5.311797752808976,33.8573859748724,1
2025,3.606882022471902,5.671629213483134,43.43679897713328,1
2026,3.3327247191011162,6.09143258426965,52.32549628236888,1
2027,3.127106741573027,6.55407303370785,61.001383283604405,1
2028,2.9814606741572964,7.042415730337064,69.101767423391,1
2029,2.887219101123589,7.565028089887623,77.61510686442806,1
2030,2.861516853932578,8.079073033707846,86.75059487868855,1
2031,2.9471910112359483,8.59311797752807,97.66351091631398,1
2032,3.144241573033701,9.072893258426946,111.60072829076141,1
2033,3.4441011235954972,9.492696629213462,128.7003483535605,1
2034,3.8382022471910027,9.809691011235934,147.41042864640076,1
2035,4.300842696629204,10.023876404494361,164.13106646738726,1
2036,4.772050561797742,10.109550561797729,179.04248877695568,1
2037,5.24325842696628,10.066713483146046,13.748728698712194,1
2038,5.688764044943808,9.903932584269644,28.877923334948218,1
2039,6.082865168539312,9.61264044943818,45.09025639674117,1
2040,6.4084269662921205,9.23567415730335,61.74275127374383,1
2041,6.656882022471895,8.77303370786515,76.03107355625762,1
2042,6.7939606741572875,8.284691011235935,87.28459248792248,1
2043,6.828230337078637,7.787780898876387,96.77163035573118,1
2044,6.759691011235939,7.359410112359534,106.03519129701415,1
2045,6.579775280898862,6.939606741573018,115.05813498350585,1
2046,6.331320224719087,6.622612359550547,125.9522595526006,1
2047,5.997191011235942,6.374157303370772,139.56009073124676,1
2048,5.6030898876404365,6.228511235955042,155.52851358319543,1
2049,5.166151685393247,6.159971910112345,172.98424187319006,1
2050,4.72064606741572,6.254213483146053,11.289584414695483,1
2051,4.292275280898867,6.442696629213468,29.10768577513598,1
2052,3.9495786516853846,6.716853932584255,46.04197601198939,1
2053,3.718258426966284,7.076685393258411,61.65763321047795,1
2054,3.6154494382022393,7.496488764044926,76.720525838431,1
2055,3.6668539325842615,7.933426966292117,91.05272968640021,1
2056,3.8382022471910027,8.38749999999998,105.38234855502944,1
2057,4.120926966292126,8.841573033707846,119.44354258008315,1
2058,4.515028089887631,9.23567415730335,134.36994193220409,1
2059,4.994803370786506,9.552668539325822,149.66541891004826,1
2060,5.500280898876392,9.749719101123576,165.18647368634467,1
2061,6.0057584269662785,9.818258426966272,0.9405314171729404,1
2062,6.49410112359549,9.749719101123574,17.20074361642034,1
2063,6.896769662921332,9.569803370786497,33.6322229308804,1
2064,7.205196629213466,9.278511235955037,50.399286403621716,1
2065,7.427949438202231,8.918679775280879,65.51392851280968,1
2066,7.556460674157286,8.516011235955038,79.04111628222999,1
2067,7.556460674157286,8.10477528089886,91.494210469797,1
2068,7.4536516853932415,7.7106741573033535,103.85391376583038,1
2069,7.239466292134816,7.350842696629196,115.69752580934141,1
2070,6.948174157303354,7.068117977528074,128.73226232753063,1
2071,6.57977528089886,6.853932584269647,141.67621700739647,1
2072,6.211376404494368,6.742556179775266,155.492956553836,1
2073,5.791573033707852,6.725421348314592,170.09357481967436,1
2074,5.371769662921336,6.819662921348299,4.7956976260304005,1
2075,4.926264044943808,6.999578651685377,18.68533355657636,1
2076,4.472191011235945,7.273735955056163,31.184178599150105,1
2077,3.9924157303370698,7.616432584269646,41.9372221142016,1
2078,3.606882022471902,8.001966292134814,52.75579500310743,1
2079,3.2984550561797676,8.438904494382005,63.95449651215955,1
2080,3.127106741573027,8.901544943820204,75.67083117802497,1
2081,3.1099719101123524,9.372752808988743,89.00877685059223,1
2082,3.247050561797745,9.826825842696607,103.7537167385997,1
2083,3.4869382022471833,10.238061797752787,118.65400591389783,1
2084,3.8382022471910027,10.572191011235933,134.65220571817366,1
2085,4.283707865168529,10.812078651685368,151.09812951925971,1
2086,4.780617977528079,10.932022471910088,167.8757731570956,1
2087,5.286095505617966,10.932022471910088,4.687290618107751,1
2088,5.774438202247178,10.829213483146043,20.59652180997417,1
2089,6.228511235955041,10.632162921348291,33.16958254076527,1
2090,6.605477528089873,10.340870786516831,44.13151856006112,1
2091,6.931039325842681,9.972471910112338,53.16355611126805,1
2092,7.213764044943804,9.569803370786495,59.27951574294465,1
2093,7.4536516853932415,9.124297752808967,64.88420851640765,1
2094,7.642134831460657,8.644522471910093,71.62718802809658,1
2095,7.77921348314605,8.164747191011218,77.29928593046847,1
2096,7.847752808988746,7.684971910112341,83.16898900593797,1
2097,7.847752808988747,7.19662921348313,89.57888606426022,1
2098,7.787780898876386,6.725421348314592,95.83732468124421,1
2099,7.659269662921332,6.2627808988763904,101.48497550679431,1
2100,7.479353932584253,5.8258426966292,108.2430999584458,1
2101,7.239466292134816,5.397471910112347,114.26028756615858,1
2102,6.931039325842681,4.969101123595495,120.52909186110938,1
2103,6.579775280898862,4.5749999999999895,124.48817040333515,1
2104,6.202808988764031,4.240870786516845,128.03548085892186,1
2105,5.800140449438189,3.949578651685384,132.3398764669114,1
2106,5.397471910112347,3.7439606741572953,139.10334449641266,1
2107,5.01193820224718,3.6411516853932504,147.613105352892,1
2108,4.600702247191,3.6154494382022393,159.19057433563506,1
2109,4.1894662921348225,3.675421348314598,172.037296466584,1
2110,3.7953651685393175,3.829634831460665,5.166064664733513,1
2111,3.418398876404487,4.07808988764044,17.828087576691715,1
2112,3.0671348314606677,4.412219101123585,31.15320588441128,1
2113,2.792977528089881,4.806320224719091,43.87512416233578,1
2114,2.595926966292129,5.2346910112359435,54.30520126865816,1
2115,2.4674157303370734,5.688764044943808,63.07504923696818,1
2116,2.416011235955051,6.1514044943820085,71.5184479626894,1
2117,2.450280898876399,6.622612359550547,79.63859204768933,1
2118,2.561657303370781,7.076685393258411,88.57567756703425,1
2119,2.741573033707859,7.505056179775264,99.9975425007128,1
2120,3.007162921348308,7.92485955056178,113.24597354128319,1
2121,3.3669943820224644,8.30182584269661,128.10137170885767,1
2122,3.7953651685393175,8.601685393258407,144.48329749251985,1
2123,4.266573033707855,8.833005617977507,160.85434235657945,1
2124,4.754915730337068,8.978651685393237,175.65483463324506,1
2125,5.2346910112359435,8.987219101123575,9.672089111157913,1
2126,5.688764044943808,8.867275280898856,21.83044158468841,1
2127,6.091432584269649,8.644522471910093,32.60182540874469,1
2128,6.442696629213468,8.336095505617958,44.29656542914923,1
2129,6.716853932584255,7.976264044943802,56.45355506102549,1
2130,6.879634831460659,7.565028089887623,68.93196851902997,1
2131,6.913904494382007,7.162359550561781,83.24130182322492,1
2132,6.819662921348299,6.751123595505602,98.82258899151195,1
2133,6.614044943820209,6.399859550561783,116.27592618149433,1
2134,6.32275280898875,6.11713483146066,136.85297764051575,1
2135,5.980056179775268,5.954353932584256,157.7965704743304,1
2136,5.585955056179763,5.902949438202234,175.56960043150636,1
2137,5.18328651685392,5.997191011235941,10.21770670512012,1
2138,4.780617977528079,6.185674157303358,22.014050817752096,1
2139,4.377949438202238,6.476966292134817,31.723312382839687,1
2140,3.983848314606733,6.8453651685393115,40.80944623325392,1
2141,3.632584269662913,7.282303370786499,49.27600969860748,1
2142,3.34985955056179,7.7278089887640276,59.05334388808706,1
2143,3.161376404494375,8.207584269662902,70.17056329752597,1
2144,3.101404494382016,8.687359550561778,83.59688703624477,1
2145,3.1785112359550487,9.158567415730316,98.6671680979572,1
2146,3.4098314606741496,9.586938202247168,115.70438155650864,1
2147,3.752528089887632,9.989606741573011,133.79126537506434,1
2148,4.180898876404485,10.298033707865146,151.0548850172471,1
2149,4.652106741573023,10.495084269662897,166.8759481904859,1
2150,5.149016853932572,10.572191011235931,0.5520796299005896,1
2151,5.628792134831448,10.537921348314583,11.732570692552786,1
2152,6.099999999999985,10.383707865168516,21.80881669813339,1
2153,6.5026685393258274,10.160955056179754,31.696746556478164,1
2154,6.8453651685393115,9.87823033707863,40.72034044396251,1
2155,7.110955056179759,9.535533707865147,51.09556018330198,1
2156,7.316573033707849,9.141432584269642,61.99501400984032,1
2157,7.436516853932568,8.71306179775279,72.80499700372704,1
2158,7.496488764044926,8.267556179775262,83.28308114645618,1
2159,7.462219101123578,7.796348314606725,94.32726017655945,1
2160,7.3422752808988605,7.3422752808988605,105.73869501566848,1
2161,7.110955056179759,6.922471910112344,117.20977019961268,1
2162,6.819662921348299,6.596910112359535,128.75154996914682,1
2163,6.476966292134816,6.348455056179761,139.52346830115658,1
2164,6.125702247190998,6.202808988764031,149.10012453591472,1
2165,5.757303370786504,6.159971910112345,158.32578445272654,1
2166,5.38890449438201,6.211376404494368,168.56296304666293,1
2167,5.003370786516842,6.32275280898875,179.83091929983985,1
2168,4.592134831460664,6.511235955056165,12.50605867255743,1
2169,4.189466292134822,6.776825842696614,25.73894141364197,1
2170,3.829634831460665,7.110955056179759,38.76798377356375,1
2171,3.5297752808988685,7.513623595505601,51.611585223239025,1
2172,3.315589887640442,7.959129213483129,63.5368862701043,1
2173,3.229915730337072,8.413202247190991,75.17205792361106,1
2174,3.2727528089887565,8.867275280898857,87.72657933818049,1
2175,3.4441011235954972,9.312780898876383,101.41199945217234,1
2176,3.7439606741572953,9.698314606741553,116.86727146360934,1
2177,4.129494382022463,10.006741573033688,134.66094299786843,1
2178,4.566432584269653,10.220926966292112,153.02563593519804,1
2179,5.01193820224718,10.323735955056158,168.84052256509412,1
2180,5.457443820224707,10.280898876404473,4.348271460326642,1
2181,5.88581460674156,10.100983146067392,20.147795337895573,1
2182,6.254213483146054,9.826825842696607,36.26672670022284,1
2183,6.562640449438187,9.458426966292114,52.71600856166749,1
2184,6.7939606741572875,9.021488764044923,68.34970029027389,1
2185,6.896769662921332,8.541713483146049,82.59952682890375,1
2186,6.862499999999985,8.079073033707846,96.75433234469567,1
2187,6.725421348314592,7.624999999999983,110.65755912923616,1
2188,6.485533707865154,7.248033707865152,125.17482844993847,1
2189,6.17710674157302,6.965308988764029,140.33310137457747,1
2190,5.8258426966292,6.819662921348299,156.1371752246513,1
2191,5.448876404494369,6.811095505617962,172.22992288033103,1
2192,5.080477528089877,6.931039325842681,8.478744055224508,1
2193,4.72064606741572,7.170926966292119,23.912057873457773,1
2194,4.403651685393248,7.505056179775264,38.16566992958635,1
2195,4.1723314606741475,7.873455056179756,51.90258288895999,1
2196,4.035252808988755,8.284691011235937,64.77628139902534,1
2197,4.000983146067407,8.738764044943801,77.28936405257782,1
2198,4.112359550561789,9.192837078651666,91.23257054949934,1
2199,4.335112359550552,9.604073033707845,107.22269692128769,1
2200,4.66067415730336,9.989606741573013,124.69795248097219,1
2201,5.089044943820213,10.306601123595483,142.31400745927607,1
2202,5.577387640449426,10.529353932584247,158.1908466644049,1
2203,6.108567415730323,10.649297752808966,170.99945708150707,1
2204,6.656882022471895,10.700702247190986,1.725371156245389,1
2205,7.170926966292119,10.6578651685393,11.79856513611066,1
2206,7.633567415730321,10.512219101123572,20.382466719610957,1
2207,8.053370786516837,10.280898876404471,28.2742814254727,1
2208,8.396067415730318,9.981039325842675,37.36073707851071,1
2209,8.661657303370768,9.638342696629191,46.28710241936354,1
2210,8.875842696629194,9.23567415730335,55.74930235144006,1
2211,9.038623595505598,8.77303370786515,66.34303764813077,1
2212,9.14143258426964,8.276123595505599,77.30201153099426,1
2213,9.192837078651666,7.7278089887640276,87.7738203785751,1
2214,9.192837078651666,7.145224719101108,97.24785081927962,1
2215,9.132865168539306,6.562640449438187,104.53289835871534,1
2216,9.021488764044923,6.0400280898876275,110.17496488847614,1
2217,8.867275280898857,5.560252808988752,113.36122189769479,1
2218,8.670224719101103,5.140449438202235,115.33525415729677,1
2219,8.438904494382003,4.754915730337068,117.99105844132171,1
2220,8.181882022471893,4.420786516853923,121.29215168939538,1
2221,7.890589887640433,4.103792134831451,124.44145903587626,1
2222,7.565028089887623,3.803932584269654,130.22549629129983,1
2223,7.19662921348313,3.5297752808988685,137.43193477752752,1
2224,6.78539325842695,3.2813202247190936,145.0212730888967,1
2225,6.365589887640435,3.0842696629213413,152.6123594208704,1
2226,5.920084269662908,2.9386235955056117,160.74029882803234,1
2227,5.457443820224706,2.861516853932578,168.75729861143475,1
2228,4.986235955056168,2.861516853932578,175.5913945951558,1
2229,4.497893258426956,2.9471910112359483,2.163126865274221,1
2230,3.9924157303370698,3.1099719101123524,10.135483499621309,1
2231,3.504073033707857,3.341292134831453,19.578923239684524,1
2232,3.05856741573033,3.649719101123587,29.30725280643747,1
2233,2.6816011235954997,4.000983146067407,40.86049262198375,1
2234,2.4160112359550507,4.420786516853922,52.54199584743365,1
2235,2.244662921348309,4.857724719101112,64.0389388797416,1
2236,2.176123595505613,5.337499999999989,73.27422705862955,1
2237,2.1932584269662874,5.808707865168526,81.65228391516479,1
2238,2.287499999999995,6.288483146067401,88.95369505430926,1
2239,2.450280898876399,6.751123595505602,97.00787300169215,1
2240,2.6901685393258368,7.19662921348313,105.21276457795922,1
2241,2.9728932584269594,7.565028089887623,115.62611938107682,1
2242,3.341292134831453,7.899157303370768,128.61864088039346,1
2243,3.7867977528089805,8.164747191011218,144.14939897692832,1
2244,4.275140449438192,8.327528089887622,161.40651948532553,1
2245,4.772050561797743,8.396067415730318,178.92088186219246,1
2246,5.286095505617967,8.353230337078632,15.574835205458395,1
2247,5.748735955056167,8.181882022471893,31.704368675565533,1
2248,6.125702247190998,7.92485955056178,47.29354469502017,1
2249,6.399859550561784,7.539325842696613,62.288932006442984,1
2250,6.55407303370785,7.119522471910097,76.89059631023662,1
2251,6.562640449438187,6.708286516853917,90.7607374101403,1
2252,6.4426966292134695,6.339887640449424,104.8541296340928,1
2253,6.202808988764032,5.988623595505604,119.00370049974606,1
2254,5.851544943820211,5.723033707865156,133.42551536764216,1
2255,5.414606741573022,5.500280898876392,147.11001458107194,1
2256,4.9433988764044825,5.3460674157303245,159.69636910261772,1
2257,4.472191011235945,5.251825842696617,171.1429068590314,1
2258,4.009550561797743,5.251825842696618,3.124923673996682,1
2259,3.589747191011228,5.380337078651673,15.233197550514252,1
2260,3.247050561797745,5.6030898876404365,28.295642869310907,1
2261,2.9728932584269594,5.920084269662908,41.91072453338361,1
2262,2.7672752808988705,6.297050561797739,54.99190033118031,1
2263,2.6644662921348257,6.725421348314592,67.02953029623102,1
2264,2.6730337078651627,7.162359550561781,78.07777831293357,1
2265,2.775842696629207,7.624999999999983,89.01572351042459,1
2266,2.9643258426966224,8.087640449438185,100.06788867566975,1
2267,3.2299157303370714,8.558848314606722,111.91564113247975,1
2268,3.5640449438202166,9.012921348314586,124.23205760431514,1
2269,3.958146067415721,9.415589887640428,137.5631417093725,1
2270,4.386516853932574,9.724016853932563,152.18758365687367,1
2271,4.857724719101112,9.921067415730315,166.63995272046282,1
2272,5.337499999999988,9.981039325842673,0.636430983159478,1
2273,5.800140449438189,9.912499999999977,14.598634178676248,1
2274,6.245646067415716,9.7325842696629,27.956662442635146,1
2275,6.648314606741559,9.449859550561776,40.95937698794527,1
2276,6.956741573033692,9.09002808988762,55.001546176946945,1
2277,7.170926966292119,8.704494382022453,68.5657651906456,1
2278,7.282303370786501,8.284691011235935,81.65945751153433,1
2279,7.248033707865152,7.830617977528073,93.69164355044475,1
2280,7.119522471910097,7.40224719101122,103.83872066426024,1
2281,6.922471910112344,6.99101123595504,111.2256276000017,1
2282,6.6483146067415575,6.571207865168525,116.94306900074619,1
2283,6.331320224719088,6.185674157303358,122.00393247751742,1
2284,6.0057584269662785,5.868679775280885,128.38963469565778,1
2285,5.645926966292122,5.6030898876404365,137.3902909659672,1
2286,5.251825842696618,5.414606741573022,150.1134570891596,1
2287,4.840589887640438,5.32893258426965,166.5061587769642,1
2288,4.4293539325842595,5.3460674157303245,3.6131328830638756,1
2289,4.018117977528081,5.474578651685381,20.03379261550317,1
2290,3.649719101123587,5.705898876404482,35.30674146450557,1
2291,3.375561797752801,6.0057584269662785,49.18312857563647,1
2292,3.2042134831460602,6.374157303370772,61.451124863918075,1
2293,3.1099719101123524,6.7939606741572875,72.2161224956297,1
2294,3.127106741573027,7.222331460674141,81.36665158243302,1
