frame,x_cm,y_cm,theta,detected
300,,,,0
301,,,,0
302,,,,0
303,,,,0
304,,,,0
305,28.627625201938606,1.97092084006462,32.473289489746094,1
306,28.233441033925683,2.4143780290791597,6.815861701965332,1
307,,,,0
308,,,,0
309,,,,0
310,,,,0
311,,,,0
312,,,,0
313,,,,0
314,,,,0
315,,,,0
316,,,,0
317,,,,0
318,,,,0
319,,,,0
320,,,,0
321,,,,0
322,,,,0
323,,,,0
324,,,,0
325,,,,0
326,27.888529886914373,0.098546042003231,25.905241012573242,1
327,27.740710823909527,0.197092084006462,28.566125869750977,1
328,27.59289176090468,0.2463651050080775,29.050264358520508,1
329,,,,0
330,,,,0
331,,,,0
332,,,,0
333,,,,0
334,,,,0
335,,,,0
336,,,,0
337,,,,0
338,,,,0
339,,,,0
340,,,,0
341,,,,0
342,,,,0
343,,,,0
344,,,,0
345,,,,0
346,,,,0
347,,,,0
348,,,,0
349,,,,0
350,,,,0
351,,,,0
352,,,,0
353,,,,0
354,,,,0
355,,,,0
356,,,,0
357,,,,0
358,,,,0
359,,,,0
360,,,,0
361,,,,0
362,29.071082390953144,2.3158319870759283,43.461910247802734,1
363,29.21890145395799,2.3158319870759283,50.87211227416992,1
364,29.317447495961222,2.3158319870759283,57.20101547241211,1
365,29.465266558966068,2.3158319870759283,60.12712860107422,1
366,29.5638126009693,2.168012924071082,61.49958038330078,1
367,29.5638126009693,2.168012924071082,58.6820182800293,1
368,29.5638126009693,2.168012924071082,61.893367767333984,1
369,29.5638126009693,2.3158319870759283,60.55600357055664,1
370,29.514539579967686,2.463651050080775,60.83660125732422,1
371,29.317447495961222,2.4143780290791597,55.50993347167969,1
372,29.415993537964454,2.3158319870759283,50.79249954223633,1
373,29.317447495961222,2.3651050080775438,57.098228454589844,1
374,29.268174474959608,2.3651050080775438,60.808349609375,1
375,29.120355411954762,2.660743134087237,55.35593032836914,1
376,28.972536348949912,2.562197092084006,45.61800003051758,1
377,28.726171243941835,2.9071082390953147,39.96923065185547,1
378,28.67689822294022,2.8085621970920833,27.334674835205078,1
379,28.627625201938606,2.8085621970920833,25.724124908447266,1
380,28.775444264943452,2.759289176090468,7.6843438148498535,1
381,28.67689822294022,2.8085621970920833,172.96507263183594,1
382,28.67689822294022,2.857835218093699,175.90281677246094,1
383,28.627625201938606,2.857835218093699,22.775606155395508,1
384,28.57835218093699,2.759289176090468,164.91375732421875,1
385,,,,0
386,,,,0
387,28.67689822294022,2.759289176090468,136.1688232421875,1
388,28.972536348949912,2.759289176090468,7.4693756103515625,1
389,29.169628432956376,2.9071082390953147,19.117332458496094,1
390,29.465266558966068,2.759289176090468,56.85309982299805,1
391,29.514539579967686,2.759289176090468,57.20297622680664,1
392,29.66235864297253,2.8085621970920833,63.9750862121582,1
393,29.66235864297253,2.8085621970920833,63.09246063232422,1
394,29.613085621970914,2.9071082390953147,62.565486907958984,1
395,29.5638126009693,3.0056542810985456,47.32913589477539,1
396,29.415993537964454,3.153473344103392,58.70866775512695,1
397,29.85945072697899,-0.29563812600969297,70.46184539794922,1
398,29.760904684975763,-0.197092084006462,78.9698715209961,1
399,29.66235864297253,-0.098546042003231,65.2813949584961,1
400,29.514539579967686,0.0492730210016155,58.19029998779297,1
401,26.80452342487883,0.4434571890145395,141.2547607421875,1
402,26.213247172859447,0.4434571890145395,153.15560913085938,1
403,25.91760904684975,0.7390953150242325,166.54620361328125,1
404,25.62197092084006,0.9361873990306945,179.84341430664062,1
405,25.37560581583198,1.1332794830371564,16.510990142822266,1
406,24.833602584814212,1.3303715670436185,16.722612380981445,1
407,24.291599353796443,1.5274636510500805,14.74296760559082,1
408,23.65105008077544,1.7245557350565426,14.343975067138672,1
409,23.01050080775444,2.0201938610662356,8.1575345993042,1
410,22.468497576736667,2.266558966074313,14.721357345581055,1
411,21.926494345718897,2.463651050080775,16.625600814819336,1
412,21.285945072697896,2.660743134087237,13.935831069946289,1
413,20.49757673667205,2.9071082390953147,11.91679573059082,1
414,19.7092084006462,3.2027463651050074,11.547467231750488,1
415,18.822294022617122,3.4983844911147006,10.775850296020508,1
416,17.886106623586425,3.744749596122778,11.732064247131348,1
417,17.048465266558964,4.040387722132471,10.287918090820312,1
418,16.260096930533116,4.286752827140549,10.193506240844727,1
419,15.915185783521807,4.582390953150242,30.422313690185547,1
420,15.570274636510497,4.878029079159934,36.13530349731445,1
421,15.22536348949919,5.272213247172859,48.93159866333008,1
422,14.929725363489496,5.715670436187398,61.02496337890625,1
423,14.683360258481418,6.109854604200322,58.69647216796875,1
424,14.486268174474956,6.602584814216477,64.5589828491211,1
425,14.33844911147011,7.046042003231016,69.4617691040039,1
426,14.23990306946688,7.538772213247172,78.05711364746094,1
427,14.190630048465264,8.080775444264942,82.20014190673828,1
428,14.141357027463648,8.573505654281098,82.15611267089844,1
429,14.141357027463648,9.164781906300483,78.97578430175781,1
430,14.141357027463648,9.706785137318253,82.59903717041016,1
431,14.092084006462033,10.39660743134087,83.22918701171875,1
432,14.042810985460417,10.987883683360256,82.38566589355469,1
433,14.092084006462033,11.529886914378027,82.47615814208984,1
434,14.141357027463648,11.973344103392566,83.2157211303711,1
435,14.141357027463648,12.466074313408722,84.80301666259766,1
436,14.141357027463648,12.958804523424876,86.33464813232422,1
437,14.141357027463648,13.451534733441031,85.85302734375,1
438,14.190630048465264,13.993537964458802,92.748046875,1
439,14.23990306946688,14.535541195476572,95.71331787109375,1
440,14.387722132471726,14.978998384491112,90.6156234741211,1
441,14.634087237479804,15.422455573505651,99.3686294555664,1
442,14.978998384491112,15.816639741518575,109.60428619384766,1
443,15.323909531502421,16.161550888529884,119.04857635498047,1
444,15.76736672051696,16.457189014539576,127.29308319091797,1
445,16.2108239095315,16.65428109854604,136.3394775390625,1
446,16.703554119547654,16.703554119547654,155.7216033935547,1
447,17.19628432956381,16.703554119547654,175.10206604003906,1
448,17.689014539579965,16.555735056542808,12.192660331726074,1
449,18.08319870759289,16.30936995153473,29.657909393310547,1
450,18.477382875605812,15.915185783521807,43.430145263671875,1
451,18.871567043618736,15.471728594507267,53.861244201660156,1
452,19.167205169628428,14.978998384491112,63.299129486083984,1
453,19.26575121163166,14.436995153473342,75.58051300048828,1
454,19.36429725363489,13.944264943457187,81.8826904296875,1
455,19.26575121163166,13.451534733441031,96.42862701416016,1
456,19.019386106623582,13.057350565428107,113.13792419433594,1
457,18.674474959612276,12.613893376413568,122.35896301269531,1
458,18.329563812600966,12.219709208400644,145.3103485107422,1
459,17.886106623586425,12.022617124394182,157.48187255859375,1
460,17.442649434571887,11.874798061389335,171.30099487304688,1
461,16.94991922455573,11.874798061389335,177.21710205078125,1
462,16.506462035541194,11.92407108239095,4.707586765289307,1
463,16.01373182552504,12.022617124394182,2.5603229999542236,1
464,15.373182552504035,12.022617124394182,1.9057694673538208,1
465,14.732633279483034,12.121163166397412,4.273486614227295,1
466,14.33844911147011,12.26898222940226,16.573450088500977,1
467,13.944264943457187,12.515347334410336,29.598421096801758,1
468,13.599353796445877,12.81098546042003,44.69500732421875,1
469,13.352988691437801,13.205169628432953,46.80304718017578,1
470,13.15589660743134,13.599353796445877,65.88140869140625,1
471,13.008077544426492,14.092084006462033,80.14002990722656,1
472,13.008077544426492,14.584814216478188,84.54930114746094,1
473,13.15589660743134,14.978998384491112,88.86666107177734,1
474,13.352988691437801,15.373182552504035,97.5407485961914,1
475,13.599353796445877,15.816639741518575,109.20075988769531,1
476,13.944264943457187,16.260096930533116,114.0898208618164,1
477,14.33844911147011,16.65428109854604,121.1045913696289,1
478,14.78190630048465,16.999192245557346,133.16908264160156,1
479,15.176090468497573,17.245557350565424,137.70004272460938,1
480,15.668820678513729,17.442649434571887,137.74200439453125,1
481,16.112277867528267,17.54119547657512,149.03738403320312,1
482,16.555735056542808,17.639741518578347,156.86996459960938,1
483,17.097738287560578,17.639741518578347,163.74110412597656,1
484,17.639741518578347,17.54119547657512,178.3280487060547,1
485,18.18174474959612,17.393376413570273,16.85645294189453,1
486,18.773021001615504,17.147011308562195,32.315120697021484,1
487,19.315024232633277,16.8513731825525,42.6688346862793,1
488,19.80775444264943,16.506462035541194,45.958740234375,1
489,20.300484652665585,16.112277867528267,47.8226203918457,1
490,20.842487883683358,15.619547657512113,51.03224563598633,1
491,21.33521809369951,15.126817447495958,49.154518127441406,1
492,21.827948303715665,14.634087237479804,54.89115524291992,1
493,22.172859450726975,14.141357027463648,59.93357467651367,1
494,22.419224555735052,13.648626817447493,69.883544921875,1
495,22.714862681744744,13.106623586429723,70.54319763183594,1
496,22.911954765751208,12.515347334410336,72.60934448242188,1
497,23.059773828756054,12.022617124394182,78.28626251220703,1
498,23.256865912762517,11.382067851373181,81.34175872802734,1
499,23.256865912762517,10.74151857835218,88.0849380493164,1
500,23.158319870759286,10.150242326332792,94.31988525390625,1
501,23.01050080775444,9.509693053311791,104.02517700195312,1
502,22.813408723747976,8.918416801292405,108.95034790039062,1
503,22.517770597738284,8.32714054927302,116.73638153076172,1
504,22.22213247172859,7.8344103392568645,119.44332122802734,1
505,21.877221324717283,7.292407108239094,120.87423706054688,1
506,21.48303715670436,6.602584814216477,118.23120880126953,1
507,21.039579967689818,6.109854604200322,121.45268249511719,1
508,20.546849757673662,5.6663974151857825,122.6322021484375,1
509,20.004846526655893,5.272213247172859,134.42958068847656,1
510,19.512116316639737,4.828756058158319,139.67047119140625,1
511,18.970113085621968,4.483844911147011,137.91751098632812,1
512,18.329563812600966,4.089660743134086,140.41452026367188,1
513,17.689014539579965,3.744749596122778,142.27529907226562,1
514,17.097738287560578,3.3998384491114693,146.69415283203125,1
515,16.555735056542808,3.1042003231017765,147.34170532226562,1
516,15.964458804523423,2.8085621970920833,153.67623901367188,1
517,15.422455573505651,2.660743134087237,160.1486358642578,1
518,14.880452342487882,2.562197092084006,175.18701171875,1
519,14.387722132471726,2.562197092084006,2.707444906234741,1
520,13.845718901453955,2.7100161550888524,15.199577331542969,1
521,13.25444264943457,2.95638126009693,29.307207107543945,1
522,12.81098546042003,3.252019386106623,50.95914077758789,1
523,12.416801292407106,3.646203554119547,66.15055847167969,1
524,12.022617124394182,4.237479806138933,77.0278091430664,1
525,11.82552504038772,4.7302100161550875,84.72074890136719,1
526,11.874798061389335,5.124394184168012,97.5298080444336,1
527,12.022617124394182,5.518578352180936,106.54610443115234,1
528,12.36752827140549,5.962035541195475,121.94068908691406,1
529,12.761712439418414,6.257673667205168,131.1610565185547,1
530,13.303715670436185,6.553311793214862,150.1243133544922,1
531,13.845718901453955,6.7504038772213235,160.8272705078125,1
532,14.33844911147011,6.848949919224554,165.28363037109375,1
533,14.880452342487882,6.848949919224554,168.73597717285156,1
534,15.471728594507267,6.7504038772213235,2.459810495376587,1
535,15.964458804523423,6.553311793214862,15.435309410095215,1
536,16.457189014539576,6.208400646203553,33.33390808105469,1
537,16.8513731825525,5.863489499192244,41.93556594848633,1
538,17.19628432956381,5.420032310177705,52.68809509277344,1
539,17.4919224555735,4.976575121163165,55.85208511352539,1
540,17.83683360258481,4.38529886914378,59.72399139404297,1
541,18.18174474959612,3.843295638126009,61.05134201049805,1
542,18.575928917609044,3.153473344103392,60.5898323059082,1
543,19.019386106623582,2.5129240710823906,57.782249450683594,1
544,19.462843295638123,1.8231017770597735,61.00469207763672,1
545,19.758481421647815,1.4289176090468494,57.1164665222168,1
546,20.201938610662356,1.7245557350565426,26.432214736938477,1
547,20.79321486268174,2.069466882067851,5.416711807250977,1
548,21.285945072697896,2.3651050080775438,173.37054443359375,1
549,21.97576736672051,2.6114701130856215,161.24903869628906,1
550,22.616316639741516,2.857835218093699,155.98495483398438,1
551,23.109046849757668,3.0056542810985456,160.3226318359375,1
552,23.65105008077544,3.1042003231017765,164.7439727783203,1
553,24.19305331179321,3.2027463651050074,164.64724731445312,1
554,24.882875605815826,3.350565428109854,162.0285186767578,1
555,25.4248788368336,3.449111470113085,157.8192138671875,1
556,26.16397415185783,3.744749596122778,153.44857788085938,1
557,26.903069466882062,4.089660743134086,148.9742431640625,1
558,27.69143780290791,4.434571890145395,154.60862731933594,1
559,28.430533117932143,4.779483037156703,162.3707733154297,1
560,28.184168012924065,4.92730210016155,151.9828338623047,1
561,28.233441033925683,5.173667205169627,143.93569946289062,1
562,28.33198707592891,5.420032310177705,137.0043487548828,1
563,28.726171243941835,5.814216478190629,132.4377899169922,1
564,28.9232633279483,6.109854604200322,127.25757598876953,1
565,29.120355411954762,6.454765751211631,129.890869140625,1
566,29.21890145395799,6.7996768982229385,108.19255065917969,1
567,29.317447495961222,7.095315024232632,107.95799255371094,1
568,29.465266558966068,7.390953150242325,107.97832489013672,1
569,29.465266558966068,7.588045234248787,100.92201232910156,1
570,29.5638126009693,7.88368336025848,102.5038833618164,1
571,29.711631663974146,8.228594507269788,102.6699447631836,1
572,29.810177705977377,8.573505654281098,100.55855560302734,1
573,29.90872374798061,9.066235864297251,98.31085205078125,1
574,30.00726978998384,9.411147011308561,94.3844985961914,1
575,30.00726978998384,9.756058158319869,93.96497344970703,1
576,30.00726978998384,10.199515347334408,90.16986083984375,1
577,30.155088852988687,10.642972536348948,91.93313598632812,1
578,30.00726978998384,10.987883683360256,94.687255859375,1
579,29.810177705977377,11.431340872374795,92.43856811523438,1
580,29.85945072697899,11.874798061389335,96.22766876220703,1
581,29.810177705977377,12.564620355411952,93.91262817382812,1
582,29.810177705977377,13.25444264943457,89.68379211425781,1
583,29.810177705977377,13.944264943457187,87.45024108886719,1
584,29.90872374798061,14.683360258481418,86.4990005493164,1
585,30.00726978998384,15.323909531502421,95.97203063964844,1
586,30.155088852988687,16.01373182552504,101.69388580322266,1
587,30.155088852988687,16.407915993537962,97.21701049804688,1
588,30.302907915993533,16.900646203554118,101.9900894165039,1
589,30.45072697899838,17.29483037156704,95.57337188720703,1
590,30.401453957996765,17.689014539579965,95.88067626953125,1
591,30.401453957996765,18.08319870759289,93.39161682128906,1
592,30.401453957996765,18.428109854604198,101.48451232910156,1
593,30.401453957996765,18.72374798061389,99.40194702148438,1
594,30.352180936995147,19.019386106623582,91.72699737548828,1
595,30.352180936995147,19.36429725363489,93.56498718261719,1
596,30.45072697899838,19.7092084006462,95.5092544555664,1
597,30.45072697899838,19.95557350565428,95.02587890625,1
598,30.499999999999993,20.201938610662356,97.99396514892578,1
599,30.598546042003225,20.645395799676894,102.29989624023438,1
600,30.647819063004842,21.039579967689818,98.33344268798828,1
601,30.647819063004842,21.285945072697896,98.22982025146484,1
602,30.697092084006457,21.581583198707587,102.38783264160156,1
603,30.647819063004842,21.926494345718897,101.63848876953125,1
604,30.598546042003225,22.172859450726975,95.01998901367188,1
605,30.697092084006457,22.5670436187399,99.43852996826172,1
606,30.598546042003225,22.813408723747976,101.75114440917969,1
607,30.647819063004842,23.158319870759286,101.23157501220703,1
608,30.697092084006457,23.50323101777059,101.8366928100586,1
609,30.697092084006457,23.798869143780287,96.26360321044922,1
610,30.74636510500807,24.143780290791593,93.27421569824219,1
611,30.79563812600969,24.39014539579967,94.93831634521484,1
612,30.894184168012917,24.685783521809366,97.16282653808594,1
613,30.894184168012917,24.932148626817444,101.47417449951172,1
614,30.943457189014534,25.17851373182552,99.6557846069336,1
615,31.042003231017766,25.474151857835214,96.3487319946289,1
616,31.042003231017766,25.72051696284329,98.26225280761719,1
617,31.042003231017766,25.96688206785137,96.4366683959961,1
618,31.042003231017766,26.213247172859447,93.57791900634766,1
619,30.99273021001615,26.459612277867524,96.2576904296875,1
620,30.99273021001615,26.755250403877216,98.75592041015625,1
621,30.74636510500807,27.001615508885294,92.87124633789062,1
622,30.697092084006457,27.297253634894986,91.63058471679688,1
623,30.697092084006457,27.59289176090468,90.92831420898438,1
624,30.844911147011302,27.987075928917605,97.49301147460938,1
625,30.99273021001615,28.430533117932143,100.16564178466797,1
626,30.943457189014534,28.57835218093699,95.34197235107422,1
627,31.09127625201938,28.627625201938606,101.28732299804688,1
628,30.943457189014534,28.529079159935375,87.30371856689453,1
629,30.943457189014534,28.57835218093699,86.67037200927734,1
630,30.79563812600969,28.627625201938606,84.83438110351562,1
631,30.598546042003225,28.57835218093699,89.26322174072266,1
632,30.54927302100161,28.67689822294022,89.77225494384766,1
633,30.499999999999993,28.726171243941835,86.28131103515625,1
634,30.499999999999993,28.775444264943452,77.03404998779297,1
635,30.401453957996765,28.824717285945066,74.72390747070312,1
636,30.352180936995147,28.824717285945066,72.56843566894531,1
637,30.302907915993533,28.972536348949912,70.23091888427734,1
638,30.302907915993533,28.873990306946684,72.0443344116211,1
639,30.10581583198707,28.824717285945066,62.7425651550293,1
640,29.85945072697899,28.972536348949912,55.852596282958984,1
641,29.613085621970914,29.169628432956376,47.81071853637695,1
642,29.366720516962836,29.169628432956376,40.318294525146484,1
643,29.120355411954762,29.317447495961222,41.70555877685547,1
644,28.972536348949912,29.366720516962836,37.49027633666992,1
645,28.775444264943452,29.415993537964454,33.062896728515625,1
646,28.430533117932143,29.5638126009693,37.098758697509766,1
647,28.184168012924065,29.711631663974146,31.428874969482422,1
648,27.937802907915987,29.85945072697899,34.11899185180664,1
649,27.543618739903064,30.056542810985455,25.331571578979492,1
650,27.198707592891754,30.2043618739903,24.31802749633789,1
651,26.853796445880448,30.302907915993533,16.839399337768555,1
652,26.558158319870753,30.401453957996765,11.297658920288086,1
653,26.213247172859447,30.401453957996765,15.091715812683105,1
654,25.91760904684975,30.499999999999993,15.044218063354492,1
655,25.671243941841674,30.499999999999993,16.616535186767578,1
656,25.4248788368336,30.499999999999993,10.670464515686035,1
657,25.227786752827136,30.499999999999993,8.959439277648926,1
658,24.981421647819058,30.54927302100161,2.3198390007019043,1
659,24.685783521809366,30.54927302100161,179.6941375732422,1
660,24.39014539579967,30.499999999999993,6.161747932434082,1
661,24.09450726978998,30.499999999999993,5.108819007873535,1
662,23.798869143780287,30.499999999999993,14.299543380737305,1
663,23.453957996768978,30.499999999999993,5.938464164733887,1
664,23.158319870759286,30.499999999999993,11.905488967895508,1
665,22.911954765751208,30.499999999999993,4.366885185241699,1
666,22.616316639741516,30.499999999999993,12.680529594421387,1
667,22.36995153473344,30.499999999999993,10.152143478393555,1
668,22.074313408723743,30.54927302100161,2.8714792728424072,1
669,21.827948303715665,30.54927302100161,4.217714786529541,1
670,21.532310177705973,30.499999999999993,174.72158813476562,1
671,21.23667205169628,30.45072697899838,2.7215282917022705,1
672,20.891760904684972,30.499999999999993,19.69136619567871,1
673,20.546849757673662,30.499999999999993,1.304032325744629,1
674,20.349757673667202,30.401453957996765,179.15455627441406,1
675,20.15266558966074,30.2043618739903,165.1710205078125,1
676,19.80775444264943,29.957996768982223,154.8258056640625,1
677,19.462843295638123,29.810177705977377,146.83750915527344,1
678,19.019386106623582,29.5638126009693,159.7065887451172,1
679,18.72374798061389,29.465266558966068,164.22479248046875,1
680,18.329563812600966,29.317447495961222,156.22671508789062,1
681,17.935379644588043,29.120355411954762,149.8651123046875,1
682,17.54119547657512,28.873990306946684,151.9862060546875,1
683,17.048465266558964,28.57835218093699,148.29251098632812,1
684,16.555735056542808,28.33198707592891,161.7414093017578,1
685,16.112277867528267,28.233441033925683,164.7229461669922,1
686,15.668820678513729,28.13489499192245,173.09873962402344,1
687,15.22536348949919,28.13489499192245,179.44129943847656,1
688,14.78190630048465,28.13489499192245,8.421143531799316,1
689,14.436995153473342,28.33198707592891,24.998552322387695,1
690,14.092084006462033,28.57835218093699,38.569278717041016,1
691,13.747172859450725,28.873990306946684,44.60411071777344,1
692,13.500807754442647,29.120355411954762,48.130409240722656,1
693,13.25444264943457,29.366720516962836,49.383121490478516,1
694,12.909531502423262,29.613085621970914,47.50654220581055,1
695,12.7124394184168,29.613085621970914,40.73624038696289,1
696,12.515347334410336,29.66235864297253,37.0163459777832,1
697,12.26898222940226,29.760904684975763,36.53828811645508,1
698,11.973344103392566,29.760904684975763,30.17938804626465,1
699,11.677705977382873,29.85945072697899,29.91949462890625,1
700,11.28352180936995,30.056542810985455,37.00071334838867,1
701,11.037156704361871,29.957996768982223,21.406557083129883,1
702,10.692245557350564,30.00726978998384,19.216915130615234,1
703,10.150242326332792,30.352180936995147,35.000057220458984,1
704,9.8546042003231,30.352180936995147,33.47685241699219,1
705,9.558966074313407,30.401453957996765,24.63224983215332,1
706,9.164781906300483,30.401453957996765,32.028018951416016,1
707,8.86914378029079,30.45072697899838,24.066720962524414,1
708,8.573505654281098,30.401453957996765,25.94632911682129,1
709,8.179321486268172,30.499999999999993,22.30537223815918,1
710,7.735864297253634,30.54927302100161,25.250961303710938,1
711,7.390953150242325,30.598546042003225,27.17818260192871,1
712,7.046042003231016,30.647819063004842,23.755199432373047,1
713,6.7504038772213235,30.697092084006457,22.848094940185547,1
714,6.405492730210015,30.647819063004842,26.109073638916016,1
715,6.060581583198706,30.697092084006457,28.025650024414062,1
716,5.91276252019386,30.54927302100161,12.500004768371582,1
717,5.518578352180936,30.647819063004842,15.865547180175781,1
718,5.222940226171243,30.647819063004842,14.453522682189941,1
719,4.92730210016155,30.697092084006457,15.05161190032959,1
720,4.582390953150242,30.697092084006457,18.760622024536133,1
721,4.286752827140549,30.74636510500807,12.849923133850098,1
722,3.9911147011308556,30.697092084006457,17.043373107910156,1
723,3.744749596122778,30.647819063004842,6.22409725189209,1
724,3.449111470113085,30.697092084006457,4.960509300231934,1
725,3.449111470113085,30.54927302100161,178.08975219726562,1
726,3.350565428109854,30.302907915993533,175.9550323486328,1
727,3.350565428109854,30.10581583198707,173.93344116210938,1
728,3.153473344103392,30.00726978998384,171.71351623535156,1
729,3.252019386106623,29.760904684975763,154.94935607910156,1
730,2.95638126009693,29.5638126009693,144.46372985839844,1
731,2.9071082390953147,29.415993537964454,125.82450866699219,1
732,2.759289176090468,29.120355411954762,117.14706420898438,1
733,2.562197092084006,28.9232633279483,119.72248840332031,1
734,2.5129240710823906,28.57835218093699,109.68330383300781,1
735,2.3651050080775438,28.38126009693053,107.21054077148438,1
736,2.1187399030694665,28.085621970920833,108.19776153564453,1
737,2.069466882067851,27.78998384491114,103.4535903930664,1
738,1.9216478190630044,27.445072697899832,103.35380554199219,1
739,1.872374798061389,27.247980613893372,93.87556457519531,1
740,1.8231017770597735,26.903069466882062,92.01425170898438,1
741,1.5274636510500805,26.60743134087237,91.36878967285156,1
742,1.3303715670436185,26.31179321486268,90.76316833496094,1
743,1.281098546042003,25.868336025848137,85.74913024902344,1
744,1.1825525040387719,25.572697899838445,88.23564910888672,1
745,1.1825525040387719,25.326332794830368,89.01272583007812,1
746,1.1825525040387719,25.07996768982229,89.10305786132812,1
747,1.2318255250403876,24.833602584814212,88.49823760986328,1
748,1.281098546042003,24.39014539579967,90.25174713134766,1
749,1.2318255250403876,24.045234248788365,90.58685302734375,1
750,1.2318255250403876,23.74959612277867,89.54104614257812,1
751,1.281098546042003,23.50323101777059,86.60236358642578,1
752,1.281098546042003,23.109046849757668,91.67425537109375,1
753,1.1825525040387719,22.764135702746362,87.55987548828125,1
754,1.0347334410339255,22.419224555735052,90.81551361083984,1
755,1.1332794830371564,22.12358642972536,90.59190368652344,1
756,1.1332794830371564,21.77867528271405,82.57901763916016,1
757,1.084006462035541,21.43376413570274,82.51751708984375,1
758,1.0347334410339255,21.039579967689818,86.13103485107422,1
759,0.98546042003231,20.59612277867528,88.65066528320312,1
760,0.98546042003231,20.25121163166397,91.21263122558594,1
761,1.1825525040387719,20.004846526655893,83.89119720458984,1
762,1.576736672051696,19.561389337641355,78.72809600830078,1
763,1.7245557350565426,19.117932148626814,87.26844787597656,1
764,1.7245557350565426,18.773021001615504,87.32457733154297,1
765,1.7245557350565426,18.37883683360258,89.94515991210938,1
766,1.6260096930533114,17.886106623586425,91.58656311035156,1
767,1.576736672051696,17.393376413570273,90.83702850341797,1
768,1.5274636510500805,16.752827140549268,84.459228515625,1
769,1.478190630048465,16.2108239095315,85.41264343261719,1
770,1.478190630048465,15.619547657512113,89.0200424194336,1
771,1.379644588045234,14.978998384491112,90.08567810058594,1
772,1.1332794830371564,14.436995153473342,101.70911407470703,1
773,1.1825525040387719,14.042810985460417,88.33393096923828,1
774,1.2318255250403876,13.648626817447493,87.91751098632812,1
775,1.2318255250403876,13.205169628432953,91.81632232666016,1
776,0.98546042003231,12.860258481421646,101.83308410644531,1
777,0.9361873990306945,12.564620355411952,95.57485961914062,1
778,0.886914378029079,12.318255250403874,100.2739486694336,1
779,0.886914378029079,12.022617124394182,94.86553192138672,1
780,0.788368336025848,11.628432956381259,97.17631530761719,1
781,0.886914378029079,11.382067851373181,91.68243408203125,1
782,0.9361873990306945,11.086429725363487,92.52493286132812,1
783,0.8376413570274635,10.84006462035541,95.28597259521484,1
784,0.886914378029079,10.544426494345718,90.46985626220703,1
785,0.8376413570274635,10.150242326332792,94.15736389160156,1
786,0.788368336025848,9.706785137318253,95.33318328857422,1
787,0.7390953150242325,9.361873990306945,92.62955474853516,1
788,0.7390953150242325,9.016962843295637,95.20838165283203,1
789,0.788368336025848,8.77059773828756,89.91024780273438,1
790,0.788368336025848,8.524232633279482,88.83177947998047,1
791,0.6405492730210015,8.228594507269788,93.23751068115234,1
792,0.7390953150242325,7.932956381260095,87.78986358642578,1
793,0.6405492730210015,7.637318255250403,89.8458023071289,1
794,0.6405492730210015,7.341680129240709,94.83456420898438,1
795,0.6405492730210015,7.046042003231016,89.90635681152344,1
796,0.5420032310177705,6.7504038772213235,91.90089416503906,1
797,0.492730210016155,6.454765751211631,92.03590393066406,1
798,0.492730210016155,6.159127625201937,90.77005004882812,1
799,0.492730210016155,5.863489499192244,90.40430450439453,1
800,0.4434571890145395,5.567851373182552,92.0904312133789,1
801,0.4434571890145395,5.321486268174474,94.35160064697266,1
802,0.4434571890145395,5.025848142164781,91.53463745117188,1
803,0.4434571890145395,4.779483037156703,90.26966094970703,1
804,0.4434571890145395,4.434571890145395,93.41275787353516,1
805,0.4434571890145395,4.188206785137317,89.62352752685547,1
806,0.4434571890145395,3.8925686591276243,90.84236145019531,1
807,0.5420032310177705,3.744749596122778,87.95427703857422,1
808,0.5912762520193859,3.547657512116316,86.13319396972656,1
809,0.5912762520193859,3.3012924071082383,88.03192138671875,1
810,0.5912762520193859,2.857835218093699,93.359130859375,1
811,0.7390953150242325,2.7100161550888524,90.95478057861328,1
812,0.98546042003231,2.463651050080775,86.83448028564453,1
813,1.0347334410339255,2.4143780290791597,82.88945007324219,1
814,1.1332794830371564,2.4143780290791597,82.21710205078125,1
815,1.1825525040387719,2.3158319870759283,79.71190643310547,1
816,1.281098546042003,2.4143780290791597,74.59992980957031,1
817,1.576736672051696,2.3158319870759283,62.26988983154297,1
818,1.872374798061389,2.168012924071082,58.420501708984375,1
819,2.266558966074313,1.97092084006462,51.558013916015625,1
820,2.5129240710823906,1.9216478190630044,43.51594161987305,1
821,2.9071082390953147,1.872374798061389,36.71796798706055,1
822,3.3012924071082383,1.773828756058158,35.508094787597656,1
823,3.6954765751211625,1.6260096930533114,32.99984359741211,1
824,4.138933764135702,1.478190630048465,32.60129165649414,1
825,4.434571890145395,1.6260096930533114,19.40702247619629,1
826,4.878029079159934,1.7245557350565426,9.473329544067383,1
827,5.37075928917609,1.7245557350565426,4.8612823486328125,1
828,5.91276252019386,1.675282714054927,7.155229568481445,1
829,6.405492730210015,1.5274636510500805,18.17577362060547,1
830,6.947495961227785,1.281098546042003,28.10341453552246,1
831,7.292407108239094,1.3303715670436185,23.969572067260742,1
832,7.735864297253634,1.379644588045234,6.3859333992004395,1
833,8.228594507269788,1.379644588045234,179.76783752441406,1
834,8.622778675282712,1.2318255250403876,9.356258392333984,1
835,9.016962843295637,1.084006462035541,16.168685913085938,1
836,9.509693053311791,1.084006462035541,12.613499641418457,1
837,9.95315024232633,1.084006462035541,6.785664081573486,1
838,10.445880452342486,0.98546042003231,1.824556827545166,1
839,10.938610662358641,0.788368336025848,6.5670623779296875,1
840,11.28352180936995,0.6405492730210015,6.1615824699401855,1
841,11.628432956381259,0.689822294022617,4.059294700622559,1
842,12.071890145395797,0.6405492730210015,0.126626655459404,1
843,12.416801292407106,0.5420032310177705,0.9818866848945618,1
844,12.7124394184168,0.5420032310177705,2.1181700229644775,1
845,13.008077544426492,0.5420032310177705,3.98581862449646,1
846,13.352988691437801,0.492730210016155,6.723072052001953,1
847,13.648626817447493,0.5420032310177705,0.9368231296539307,1
848,13.993537964458802,0.5420032310177705,0.7364852428436279,1
849,14.33844911147011,0.492730210016155,4.722920894622803,1
850,14.634087237479804,0.492730210016155,1.3480286598205566,1
851,14.978998384491112,0.492730210016155,179.08816528320312,1
852,15.422455573505651,0.3449111470113085,0.9390256404876709,1
853,15.915185783521807,0.29563812600969297,0.8043655753135681,1
854,16.407915993537962,0.3449111470113085,2.896179676055908,1
855,16.900646203554118,0.3449111470113085,3.9685816764831543,1
856,17.4919224555735,0.29563812600969297,2.108783721923828,1
857,18.132471728594503,0.2463651050080775,7.865605354309082,1
858,18.72374798061389,0.197092084006462,179.35877990722656,1
859,19.216478190630045,0.14781906300484648,179.28660583496094,1
860,19.758481421647815,0.14781906300484648,1.950189232826233,1
861,20.201938610662356,0.2463651050080775,6.656289577484131,1
862,20.59612277867528,0.29563812600969297,0.8707464933395386,1
863,21.187399030694664,0.2463651050080775,9.650591850280762,1
864,21.77867528271405,0.14781906300484648,2.8113653659820557,1
865,22.36995153473344,0.0492730210016155,0.7407546043395996,1
866,22.911954765751208,0.0,178.3002166748047,1
867,23.355411954765746,-0.0492730210016155,0.4846443235874176,1
868,23.798869143780287,0.0492730210016155,5.210753917694092,1
869,24.143780290791593,0.14781906300484648,2.4180448055267334,1
870,24.63651050080775,0.197092084006462,179.5042266845703,1
871,25.129240710823904,0.197092084006462,178.21986389160156,1
872,25.4248788368336,0.197092084006462,2.8556034564971924,1
873,25.868336025848137,0.14781906300484648,5.205342769622803,1
874,26.31179321486268,0.098546042003231,0.9608885645866394,1
875,26.755250403877216,0.098546042003231,175.2633056640625,1
876,27.100161550888526,0.098546042003231,173.95155334472656,1
877,27.49434571890145,0.098546042003231,169.55096435546875,1
878,27.543618739903064,0.098546042003231,172.30101013183594,1
879,27.49434571890145,0.0492730210016155,172.38836669921875,1
880,27.49434571890145,-0.0492730210016155,172.1886444091797,1
881,27.49434571890145,0.098546042003231,165.5,1
882,27.247980613893372,0.29563812600969297,13.449410438537598,1
883,27.247980613893372,0.394184168012924,30.017091751098633,1
884,27.346526655896604,0.492730210016155,42.53169250488281,1
885,27.346526655896604,0.4434571890145395,31.876022338867188,1
886,27.346526655896604,0.492730210016155,32.180721282958984,1
887,27.445072697899832,0.492730210016155,38.49970245361328,1
888,,,,0
889,27.888529886914373,2.1187399030694665,179.28184509277344,1
890,27.987075928917605,1.6260096930533114,87.94226837158203,1
891,28.47980613893376,2.3158319870759283,34.41010665893555,1
892,28.775444264943452,2.266558966074313,34.707210540771484,1
893,29.02180936995153,2.266558966074313,46.0196647644043,1
894,29.317447495961222,2.1187399030694665,78.38809204101562,1
895,29.514539579967686,2.168012924071082,61.98367691040039,1
896,29.613085621970914,2.2172859450726974,70.676513671875,1
897,29.66235864297253,2.2172859450726974,73.2459716796875,1
898,29.711631663974146,2.2172859450726974,70.97759246826172,1
899,29.711631663974146,2.168012924071082,71.22123718261719,1
900,29.66235864297253,2.2172859450726974,69.97026062011719,1
901,29.5638126009693,2.2172859450726974,69.86238098144531,1
902,29.514539579967686,2.168012924071082,66.54107666015625,1
903,29.415993537964454,2.2172859450726974,59.763797760009766,1
904,29.268174474959608,2.266558966074313,60.517547607421875,1
905,29.169628432956376,2.266558966074313,52.386253356933594,1
906,29.169628432956376,2.2172859450726974,55.13383483886719,1
907,29.120355411954762,2.2172859450726974,43.75209426879883,1
908,29.071082390953144,2.266558966074313,46.17573928833008,1
909,29.21890145395799,2.266558966074313,52.14927291870117,1
910,29.21890145395799,2.2172859450726974,49.31660079956055,1
911,29.169628432956376,2.3158319870759283,60.35951232910156,1
912,29.169628432956376,2.4143780290791597,56.9365348815918,1
913,29.169628432956376,2.266558966074313,55.54961395263672,1
914,29.071082390953144,2.3651050080775438,49.84324645996094,1
915,29.120355411954762,2.3158319870759283,51.31806564331055,1
916,29.21890145395799,2.3158319870759283,50.35802459716797,1
917,29.317447495961222,2.168012924071082,55.619712829589844,1
918,29.268174474959608,2.266558966074313,54.03364562988281,1
919,29.169628432956376,2.3158319870759283,49.744468688964844,1
920,29.071082390953144,2.3158319870759283,45.741432189941406,1
921,28.972536348949912,2.3158319870759283,53.21221160888672,1
922,29.02180936995153,2.266558966074313,48.09417724609375,1
923,29.02180936995153,2.3158319870759283,42.642635345458984,1
924,29.120355411954762,2.266558966074313,53.96658706665039,1
925,29.21890145395799,2.3158319870759283,58.316959381103516,1
926,29.268174474959608,2.3651050080775438,51.30793380737305,1
927,29.21890145395799,2.4143780290791597,54.22157669067383,1
928,29.169628432956376,2.3651050080775438,51.00257873535156,1
929,29.120355411954762,2.3651050080775438,47.358673095703125,1
930,29.169628432956376,2.4143780290791597,50.30696487426758,1
931,29.268174474959608,2.463651050080775,58.80062484741211,1
932,29.317447495961222,2.463651050080775,57.59990310668945,1
933,29.366720516962836,2.463651050080775,60.67538070678711,1
934,29.465266558966068,2.5129240710823906,61.941139221191406,1
935,29.415993537964454,2.5129240710823906,63.611419677734375,1
936,29.415993537964454,2.5129240710823906,63.14858627319336,1
937,29.366720516962836,2.5129240710823906,59.07761001586914,1
938,29.268174474959608,2.463651050080775,52.430240631103516,1
939,29.071082390953144,2.463651050080775,43.3305549621582,1
940,28.775444264943452,2.7100161550888524,6.779405117034912,1
941,28.67689822294022,2.660743134087237,167.7855224609375,1
942,28.67689822294022,2.7100161550888524,161.72927856445312,1
943,29.02180936995153,2.562197092084006,44.17998504638672,1
944,28.824717285945066,2.759289176090468,176.60806274414062,1
945,28.726171243941835,2.7100161550888524,158.8808135986328,1
946,28.627625201938606,2.759289176090468,167.0651397705078,1
947,28.529079159935375,2.7100161550888524,158.71461486816406,1
948,28.430533117932143,2.6114701130856215,162.1951446533203,1
949,28.430533117932143,2.6114701130856215,154.00387573242188,1
950,28.627625201938606,2.7100161550888524,152.94631958007812,1
951,28.9232633279483,2.857835218093699,6.562685489654541,1
952,29.120355411954762,2.6114701130856215,39.35029220581055,1
953,29.169628432956376,2.5129240710823906,52.804466247558594,1
954,29.268174474959608,2.562197092084006,45.67873764038086,1
955,29.268174474959608,2.660743134087237,47.33999252319336,1
956,29.366720516962836,2.5129240710823906,50.84839630126953,1
957,29.21890145395799,2.7100161550888524,45.81147384643555,1
958,29.169628432956376,2.660743134087237,47.90718460083008,1
959,28.9232633279483,2.759289176090468,167.39422607421875,1
960,28.824717285945066,2.8085621970920833,162.39422607421875,1
961,28.824717285945066,2.8085621970920833,159.93458557128906,1
962,28.873990306946684,2.857835218093699,176.44407653808594,1
963,28.775444264943452,2.857835218093699,163.2394256591797,1
964,28.726171243941835,2.857835218093699,152.64268493652344,1
965,28.726171243941835,2.8085621970920833,157.21017456054688,1
966,28.775444264943452,2.9071082390953147,161.94752502441406,1
967,28.726171243941835,2.8085621970920833,152.21791076660156,1
968,28.775444264943452,2.95638126009693,171.83004760742188,1
969,28.726171243941835,2.95638126009693,164.20091247558594,1
970,28.726171243941835,2.95638126009693,167.21380615234375,1
971,28.430533117932143,2.8085621970920833,143.60293579101562,1
972,28.430533117932143,2.8085621970920833,152.44468688964844,1
973,28.430533117932143,2.7100161550888524,134.30923461914062,1
974,28.529079159935375,2.7100161550888524,125.99565887451172,1
975,28.57835218093699,2.7100161550888524,123.67831420898438,1
976,28.57835218093699,2.759289176090468,128.7142791748047,1
977,29.120355411954762,2.6114701130856215,53.78487777709961,1
978,28.627625201938606,3.0056542810985456,162.52310180664062,1
979,28.57835218093699,3.0056542810985456,128.43324279785156,1
980,28.33198707592891,2.8085621970920833,136.83193969726562,1
981,28.13489499192245,2.5129240710823906,138.8577880859375,1
982,28.13489499192245,2.5129240710823906,137.87957763671875,1
983,28.085621970920833,2.562197092084006,140.8147430419922,1
984,28.233441033925683,2.069466882067851,103.07736206054688,1
985,,,,0
986,29.268174474959608,2.463651050080775,44.387149810791016,1
987,29.514539579967686,2.463651050080775,43.419498443603516,1
988,29.5638126009693,2.463651050080775,50.15283203125,1
989,29.613085621970914,2.5129240710823906,55.51094055175781,1
990,29.66235864297253,2.463651050080775,53.963897705078125,1
991,29.613085621970914,2.5129240710823906,51.139923095703125,1
992,29.66235864297253,2.5129240710823906,57.32059860229492,1
993,29.5638126009693,2.463651050080775,72.95585632324219,1
994,29.760904684975763,2.660743134087237,65.49707794189453,1
995,29.810177705977377,2.7100161550888524,65.99195098876953,1
996,29.810177705977377,2.8085621970920833,69.15892028808594,1
997,29.5638126009693,2.6114701130856215,107.00066375732422,1
998,29.66235864297253,2.759289176090468,22.6402530670166,1
999,28.13489499192245,0.4434571890145395,100.90362548828125,1
1000,27.69143780290791,0.4434571890145395,120.3707504272461,1
1001,27.297253634894986,0.4434571890145395,147.94223022460938,1
1002,27.100161550888526,0.8376413570274635,136.8006591796875,1
1003,26.459612277867524,1.0347334410339255,152.32383728027344,1
1004,26.16397415185783,1.379644588045234,177.17539978027344,1
1005,25.62197092084006,1.6260096930533114,9.301457405090332,1
1006,25.129240710823904,1.9216478190630044,21.063201904296875,1
1007,24.587237479806134,2.266558966074313,32.50776290893555,1
1008,23.995961227786747,2.6114701130856215,34.63443374633789,1
1009,23.50323101777059,3.0056542810985456,33.716861724853516,1
1010,23.01050080775444,3.3998384491114693,32.966583251953125,1
1011,22.468497576736667,3.8925686591276243,45.98290252685547,1
1012,22.02504038772213,4.38529886914378,55.04436492919922,1
1013,21.729402261712437,4.92730210016155,68.1539306640625,1
1014,21.48303715670436,5.567851373182552,70.16814422607422,1
1015,21.285945072697896,6.159127625201937,74.8489761352539,1
1016,21.13812600969305,6.701130856219708,82.69791412353516,1
1017,21.039579967689818,7.292407108239094,85.24958038330078,1
1018,20.941033925686586,7.88368336025848,83.54114532470703,1
1019,20.941033925686586,8.524232633279482,84.2979507446289,1
1020,20.990306946688204,9.164781906300483,87.39190673828125,1
1021,21.088852988691436,9.756058158319869,88.10916137695312,1
1022,21.187399030694664,10.248788368336024,93.16051483154297,1
1023,21.384491114701127,10.790791599353794,97.3472900390625,1
1024,21.68012924071082,11.332794830371565,102.10269927978516,1
1025,21.97576736672051,11.92407108239095,109.45989227294922,1
1026,22.271405492730207,12.36752827140549,115.52549743652344,1
1027,22.66558966074313,12.81098546042003,120.13614654541016,1
1028,23.059773828756054,13.205169628432953,126.95491790771484,1
1029,23.50323101777059,13.451534733441031,137.0028076171875,1
1030,23.995961227786747,13.697899838449109,148.14703369140625,1
1031,24.53796445880452,13.79644588045234,156.0301513671875,1
1032,25.129240710823904,13.89499192245557,163.55015563964844,1
1033,25.72051696284329,13.89499192245557,168.71734619140625,1
1034,26.26252019386106,13.89499192245557,175.6600799560547,1
1035,26.705977382875602,13.79644588045234,5.495752334594727,1
1036,27.14943457189014,13.550080775444263,21.83388900756836,1
1037,27.543618739903064,13.25444264943457,41.39443588256836,1
1038,27.888529886914373,12.81098546042003,55.430259704589844,1
1039,28.13489499192245,12.318255250403874,61.176513671875,1
1040,28.282714054927297,11.874798061389335,75.56212615966797,1
1041,28.38126009693053,11.332794830371565,82.95450592041016,1
1042,28.282714054927297,10.889337641357026,88.48591613769531,1
1043,28.13489499192245,10.445880452342486,93.45130920410156,1
1044,27.937802907915987,9.95315024232633,101.51105499267578,1
1045,27.69143780290791,9.460420032310175,105.14009094238281,1
1046,27.445072697899832,9.066235864297251,106.39051055908203,1
1047,27.14943457189014,8.524232633279482,109.70732879638672,1
1048,26.853796445880448,7.982229402261711,106.05553436279297,1
1049,26.60743134087237,7.489499192245556,106.99116516113281,1
1050,26.31179321486268,6.996768982229401,109.41001892089844,1
1051,25.96688206785137,6.405492730210015,117.15599822998047,1
1052,25.572697899838445,6.060581583198706,123.63976287841797,1
1053,25.17851373182552,5.814216478190629,137.85003662109375,1
1054,24.63651050080775,5.469305331179321,149.73101806640625,1
1055,24.09450726978998,5.321486268174474,157.22105407714844,1
1056,23.50323101777059,5.124394184168012,161.13438415527344,1
1057,22.86268174474959,5.025848142164781,167.36636352539062,1
1058,22.22213247172859,4.878029079159934,174.7361297607422,1
1059,21.581583198707587,4.92730210016155,1.5017250776290894,1
1060,20.990306946688204,4.976575121163165,3.6061880588531494,1
1061,20.349757673667202,5.124394184168012,2.2560882568359375,1
1062,19.61066235864297,5.222940226171243,3.917928695678711,1
1063,18.871567043618736,5.222940226171243,8.665087699890137,1
1064,18.08319870759289,5.222940226171243,10.229471206665039,1
1065,17.393376413570273,5.321486268174474,16.99237632751465,1
1066,16.65428109854604,5.518578352180936,17.320049285888672,1
1067,16.063004846526653,5.7649434571890135,22.775897979736328,1
1068,15.668820678513729,6.011308562197091,28.439481735229492,1
1069,15.323909531502421,6.306946688206784,39.163150787353516,1
1070,15.077544426494343,6.701130856219708,51.05132293701172,1
1071,14.929725363489496,7.046042003231016,64.6944808959961,1
1072,14.831179321486266,7.440226171243941,73.53253936767578,1
1073,14.78190630048465,7.8344103392568645,81.15763854980469,1
1074,14.78190630048465,8.228594507269788,84.96276092529297,1
1075,14.880452342487882,8.819870759289174,91.62036895751953,1
1076,15.028271405492728,9.312600969305329,93.35306549072266,1
1077,15.22536348949919,9.8546042003231,97.14636993408203,1
1078,15.422455573505651,10.39660743134087,103.13998413085938,1
1079,15.668820678513729,10.84006462035541,107.74942779541016,1
1080,15.915185783521807,11.332794830371565,107.26892852783203,1
1081,16.161550888529884,11.874798061389335,108.9978256225586,1
1082,16.506462035541194,12.416801292407106,110.83638000488281,1
1083,16.802100161550886,12.761712439418414,113.82917022705078,1
1084,17.147011308562195,13.15589660743134,117.7733383178711,1
1085,17.54119547657512,13.697899838449109,118.30113983154297,1
1086,17.886106623586425,14.092084006462033,125.46588134765625,1
1087,18.329563812600966,14.535541195476572,121.29940032958984,1
1088,18.773021001615504,14.978998384491112,122.33287811279297,1
1089,19.216478190630045,15.323909531502421,131.24525451660156,1
1090,19.758481421647815,15.570274636510497,141.25003051757812,1
1091,20.201938610662356,15.718093699515345,153.38758850097656,1
1092,20.69466882067851,15.76736672051696,164.5709991455078,1
1093,21.285945072697896,15.816639741518575,179.88087463378906,1
1094,21.97576736672051,15.86591276252019,5.108675003051758,1
1095,22.5670436187399,15.86591276252019,4.572652339935303,1
1096,23.2075928917609,15.76736672051696,178.8544464111328,1
1097,23.8481421647819,15.668820678513729,12.011931419372559,1
1098,24.53796445880452,15.570274636510497,4.861998558044434,1
1099,25.129240710823904,15.422455573505651,13.349311828613281,1
1100,25.671243941841674,15.176090468497573,14.558084487915039,1
1101,26.114701130856215,14.880452342487882,22.786178588867188,1
1102,26.60743134087237,14.486268174474956,36.00404357910156,1
1103,26.95234248788368,14.141357027463648,44.666133880615234,1
1104,27.247980613893372,13.697899838449109,56.95853805541992,1
1105,27.49434571890145,13.15589660743134,69.60681915283203,1
1106,27.69143780290791,12.663166397415184,74.50080871582031,1
1107,27.740710823909527,12.121163166397412,82.20087432861328,1
1108,27.69143780290791,11.529886914378027,86.99639129638672,1
1109,27.59289176090468,10.938610662358641,93.67697143554688,1
1110,27.445072697899832,10.445880452342486,102.19352722167969,1
1111,27.100161550888526,9.903877221324715,111.29663848876953,1
1112,26.80452342487883,9.657512116316639,125.48336791992188,1
1113,26.410339256865907,9.361873990306945,133.99810791015625,1
1114,25.96688206785137,9.164781906300483,149.4035186767578,1
1115,25.474151857835214,9.066235864297251,159.37271118164062,1
1116,24.932148626817444,9.066235864297251,167.03253173828125,1
1117,24.488691437802903,9.164781906300483,173.84042358398438,1
1118,23.946688206785133,9.312600969305329,3.583613872528076,1
1119,23.453957996768978,9.460420032310175,22.006881713867188,1
1120,23.01050080775444,9.706785137318253,25.5400447845459,1
1121,22.5670436187399,10.002423263327946,32.55870819091797,1
1122,21.97576736672051,10.347334410339254,34.748226165771484,1
1123,21.43376413570274,10.74151857835218,38.30899429321289,1
1124,20.891760904684972,11.135702746365103,38.92789077758789,1
1125,20.44830371567043,11.579159935379643,42.35165023803711,1
1126,20.054119547657507,11.973344103392566,44.648582458496094,1
1127,19.659935379644583,12.416801292407106,48.73720932006836,1
1128,19.315024232633277,12.909531502423262,55.99216842651367,1
1129,19.0686591276252,13.352988691437801,62.269569396972656,1
1130,18.970113085621968,13.79644588045234,74.52236938476562,1
1131,18.970113085621968,14.23990306946688,83.06126403808594,1
1132,19.0686591276252,14.683360258481418,94.61514282226562,1
1133,19.26575121163166,15.077544426494343,104.98979949951172,1
1134,19.659935379644583,15.422455573505651,119.44831085205078,1
1135,20.103392568659125,15.718093699515345,132.71511840820312,1
1136,20.59612277867528,15.964458804523423,144.73248291015625,1
1137,21.187399030694664,16.161550888529884,155.55308532714844,1
1138,21.729402261712437,16.260096930533116,161.34275817871094,1
1139,22.22213247172859,16.358642972536344,163.73468017578125,1
1140,22.813408723747976,16.457189014539576,163.81109619140625,1
1141,23.50323101777059,16.555735056542808,160.3804473876953,1
1142,24.143780290791593,16.605008077544422,166.79661560058594,1
1143,24.685783521809366,16.605008077544422,172.38661193847656,1
1144,25.227786752827136,16.457189014539576,8.246912956237793,1
1145,25.671243941841674,16.30936995153473,11.165914535522461,1
1146,26.16397415185783,16.063004846526653,22.833349227905273,1
1147,26.410339256865907,15.76736672051696,43.06395721435547,1
1148,26.656704361873985,15.323909531502421,56.35839080810547,1
1149,26.853796445880448,14.831179321486266,71.88265228271484,1
1150,26.903069466882062,14.33844911147011,81.6944351196289,1
1151,26.853796445880448,13.845718901453955,91.15386199951172,1
1152,26.705977382875602,13.25444264943457,97.38334655761719,1
1153,26.558158319870753,12.761712439418414,109.06297302246094,1
1154,26.26252019386106,12.26898222940226,117.77757263183594,1
1155,25.819063004846523,11.874798061389335,133.19175720214844,1
1156,25.474151857835214,11.776252019386105,147.74880981445312,1
1157,24.981421647819058,11.726978998384489,161.28524780273438,1
1158,24.53796445880452,11.776252019386105,172.77284240722656,1
1159,24.045234248788365,11.92407108239095,10.767727851867676,1
1160,23.74959612277867,12.219709208400644,32.74700164794922,1
1161,23.453957996768978,12.564620355411952,47.35638427734375,1
1162,23.2075928917609,13.106623586429723,64.1059799194336,1
1163,23.059773828756054,13.550080775444263,75.51094055175781,1
1164,23.109046849757668,14.042810985460417,86.1256332397461,1
1165,23.109046849757668,14.584814216478188,92.8785400390625,1
1166,23.158319870759286,15.22536348949919,97.36756134033203,1
1167,23.404684975767363,15.816639741518575,98.83853149414062,1
1168,23.601777059773823,16.30936995153473,103.63339233398438,1
1169,23.8481421647819,16.752827140549268,104.01211547851562,1
1170,24.143780290791593,17.147011308562195,111.81511688232422,1
1171,24.43941841680129,17.442649434571887,116.43709564208984,1
1172,24.833602584814212,17.886106623586425,120.92839813232422,1
1173,25.227786752827136,18.231017770597735,127.79553985595703,1
1174,25.671243941841674,18.575928917609044,133.90135192871094,1
1175,26.114701130856215,18.822294022617122,139.07264709472656,1
1176,26.60743134087237,19.019386106623582,147.93824768066406,1
1177,27.14943457189014,19.117932148626814,160.09228515625,1
1178,27.69143780290791,19.167205169628428,162.41006469726562,1
1179,28.184168012924065,19.167205169628428,170.26499938964844,1
1180,28.57835218093699,19.0686591276252,179.95486450195312,1
1181,28.57835218093699,19.019386106623582,9.48031997680664,1
1182,28.57835218093699,18.92084006462035,20.627370834350586,1
1183,28.775444264943452,18.674474959612276,24.388322830200195,1
1184,28.972536348949912,18.28029079159935,45.15808868408203,1
1185,29.169628432956376,17.935379644588043,55.742095947265625,1
1186,29.268174474959608,17.54119547657512,65.78601837158203,1
1187,29.366720516962836,17.048465266558964,70.0770263671875,1
1188,29.366720516962836,16.506462035541194,76.27102661132812,1
1189,29.268174474959608,16.112277867528267,85.27645874023438,1
1190,29.169628432956376,15.570274636510497,94.94268035888672,1
1191,28.9232633279483,15.176090468497573,103.25442504882812,1
1192,28.627625201938606,14.683360258481418,110.18059539794922,1
1193,28.184168012924065,14.190630048465264,121.08340454101562,1
1194,27.69143780290791,13.89499192245557,130.55422973632812,1
1195,27.247980613893372,13.697899838449109,137.71636962890625,1
1196,26.80452342487883,13.500807754442647,151.8745574951172,1
1197,26.26252019386106,13.451534733441031,161.892578125,1
1198,25.769789983844905,13.451534733441031,172.64830017089844,1
1199,25.27705977382875,13.451534733441031,173.35546875,1
1200,24.685783521809366,13.550080775444263,3.95241117477417,1
1201,24.242326332794825,13.697899838449109,15.349505424499512,1
1202,23.74959612277867,13.89499192245557,23.233734130859375,1
1203,23.404684975767363,14.190630048465264,33.21623229980469,1
1204,23.109046849757668,14.486268174474956,41.51481246948242,1
1205,22.961227786752822,14.831179321486266,51.75312042236328,1
1206,22.813408723747976,15.274636510500805,60.87108612060547,1
1207,22.66558966074313,15.76736672051696,73.46562957763672,1
1208,22.5670436187399,16.30936995153473,81.5128173828125,1
1209,22.5670436187399,16.752827140549268,88.29518127441406,1
1210,22.616316639741516,17.344103392568655,92.77908325195312,1
1211,22.86268174474959,17.73828756058158,104.44223022460938,1
1212,23.2075928917609,18.132471728594503,120.17169189453125,1
1213,23.601777059773823,18.428109854604198,135.70843505859375,1
1214,24.09450726978998,18.625201938610658,148.99127197265625,1
1215,24.53796445880452,18.773021001615504,160.70811462402344,1
1216,25.17851373182552,18.871567043618736,167.58160400390625,1
1217,25.671243941841674,18.92084006462035,175.5383758544922,1
1218,26.361066235864293,18.92084006462035,177.4139404296875,1
1219,26.853796445880448,18.871567043618736,1.058272123336792,1
1220,27.297253634894986,18.822294022617122,2.6911981105804443,1
1221,27.740710823909527,18.72374798061389,178.4899444580078,1
1222,28.13489499192245,18.575928917609044,10.110579490661621,1
1223,28.529079159935375,18.28029079159935,32.156917572021484,1
1224,28.775444264943452,17.984652665589657,49.80422592163086,1
1225,29.02180936995153,17.442649434571887,68.25971221923828,1
1226,29.120355411954762,16.94991922455573,82.56828308105469,1
1227,29.071082390953144,16.506462035541194,90.35060119628906,1
1228,28.9232633279483,16.01373182552504,100.47407531738281,1
1229,28.67689822294022,15.521001615508883,111.52820587158203,1
1230,28.33198707592891,15.176090468497573,125.91316223144531,1
1231,27.888529886914373,14.831179321486266,130.55502319335938,1
1232,27.395799676898218,14.486268174474956,138.59307861328125,1
1233,27.001615508885294,14.289176090468494,144.49827575683594,1
1234,26.558158319870753,14.190630048465264,150.22695922851562,1
1235,26.016155088852983,14.092084006462033,159.1450653076172,1
1236,25.523424878836828,14.042810985460417,164.70867919921875,1
1237,24.932148626817444,14.042810985460417,174.01919555664062,1
1238,24.39014539579967,14.141357027463648,176.09295654296875,1
1239,23.89741518578352,14.289176090468494,3.182107925415039,1
1240,23.355411954765746,14.436995153473342,9.723628044128418,1
1241,22.86268174474959,14.634087237479804,13.278167724609375,1
1242,22.32067851373182,14.929725363489496,20.291173934936523,1
1243,21.827948303715665,15.126817447495958,26.69162940979004,1
1244,21.285945072697896,15.422455573505651,23.710918426513672,1
1245,20.842487883683358,15.718093699515345,28.01580810546875,1
1246,20.44830371567043,16.112277867528267,34.50376892089844,1
1247,20.15266558966074,16.506462035541194,44.31756591796875,1
1248,19.857027463651047,16.900646203554118,49.85536575317383,1
1249,19.61066235864297,17.344103392568655,51.70549392700195,1
1250,19.315024232633277,17.787560581583197,55.44076156616211,1
1251,19.019386106623582,18.28029079159935,62.369239807128906,1
1252,18.822294022617122,18.773021001615504,67.0111083984375,1
1253,18.674474959612276,19.216478190630045,70.34459686279297,1
1254,18.575928917609044,19.758481421647815,73.10615539550781,1
1255,18.526655896607426,20.25121163166397,79.62134552001953,1
1256,18.477382875605812,20.743941841680126,82.41161346435547,1
1257,18.526655896607426,21.384491114701127,87.74915313720703,1
1258,18.575928917609044,21.877221324717283,88.12765502929688,1
1259,18.625201938610658,22.517770597738284,95.26331329345703,1
1260,18.773021001615504,23.059773828756054,90.9638900756836,1
1261,18.92084006462035,23.55250403877221,93.24031829833984,1
1262,19.167205169628428,24.045234248788365,100.69015502929688,1
1263,19.512116316639737,24.39014539579967,113.86468505859375,1
1264,19.857027463651047,24.685783521809366,125.74695587158203,1
1265,20.349757673667202,24.932148626817444,137.47471618652344,1
1266,20.891760904684972,25.07996768982229,156.03414916992188,1
1267,21.43376413570274,25.129240710823904,177.4796142578125,1
1268,22.02504038772213,25.07996768982229,11.858613967895508,1
1269,22.5670436187399,24.882875605815826,23.18701171875,1
1270,23.01050080775444,24.587237479806134,40.88957977294922,1
1271,23.453957996768978,24.19305331179321,53.160133361816406,1
1272,23.798869143780287,23.700323101777055,62.972652435302734,1
1273,23.995961227786747,23.2075928917609,77.30892944335938,1
1274,24.09450726978998,22.714862681744744,84.89832305908203,1
1275,24.045234248788365,22.22213247172859,101.03148651123047,1
1276,23.8481421647819,21.729402261712437,109.22982788085938,1
1277,23.601777059773823,21.384491114701127,122.57901763916016,1
1278,23.30613893376413,21.039579967689818,128.27159118652344,1
1279,22.961227786752822,20.842487883683358,135.73257446289062,1
1280,22.5670436187399,20.69466882067851,148.91488647460938,1
1281,22.074313408723743,20.59612277867528,158.14309692382812,1
1282,21.581583198707587,20.59612277867528,168.78762817382812,1
1283,21.23667205169628,20.645395799676894,178.1342010498047,1
1284,20.79321486268174,20.69466882067851,2.7895402908325195,1
1285,20.349757673667202,20.743941841680126,3.368422508239746,1
1286,19.80775444264943,20.79321486268174,2.0864384174346924,1
1287,19.216478190630045,20.891760904684972,2.9311091899871826,1
1288,18.72374798061389,20.990306946688204,5.675903797149658,1
1289,18.231017770597735,21.187399030694664,12.848065376281738,1
1290,17.83683360258481,21.384491114701127,16.02659034729004,1
1291,17.442649434571887,21.630856219709205,28.015464782714844,1
1292,17.048465266558964,21.97576736672051,39.797401428222656,1
1293,16.802100161550886,22.419224555735052,51.84318542480469,1
1294,16.65428109854604,22.813408723747976,64.82775115966797,1
1295,16.555735056542808,23.256865912762517,79.52711486816406,1
1296,16.407915993537962,23.74959612277867,84.01665496826172,1
1297,16.358642972536344,24.340872374798057,88.39673614501953,1
1298,16.407915993537962,24.882875605815826,95.42381286621094,1
1299,16.555735056542808,25.326332794830368,100.16271209716797,1
1300,16.802100161550886,25.819063004846523,110.25877380371094,1
1301,17.19628432956381,26.114701130856215,127.4118423461914,1
1302,17.639741518578347,26.31179321486268,142.8236083984375,1
1303,18.18174474959612,26.410339256865907,157.00936889648438,1
1304,18.72374798061389,26.459612277867524,174.17686462402344,1
1305,19.167205169628428,26.26252019386106,10.435060501098633,1
1306,19.561389337641355,25.96688206785137,28.67437171936035,1
1307,19.90630048465266,25.62197092084006,42.933502197265625,1
1308,20.15266558966074,25.227786752827136,56.999908447265625,1
1309,20.25121163166397,24.784329563812598,75.09561920166016,1
1310,20.349757673667202,24.291599353796443,83.77412414550781,1
1311,20.300484652665585,23.74959612277867,88.97725677490234,1
1312,20.300484652665585,23.30613893376413,89.58460235595703,1
1313,20.201938610662356,22.813408723747976,95.0243148803711,1
1314,20.054119547657507,22.468497576736667,102.5381851196289,1
1315,19.857027463651047,22.12358642972536,109.25774383544922,1
1316,19.512116316639737,21.77867528271405,122.62933349609375,1
1317,19.167205169628428,21.532310177705973,135.42898559570312,1
1318,18.773021001615504,21.384491114701127,144.65354919433594,1
1319,18.37883683360258,21.285945072697896,154.1569366455078,1
1320,17.83683360258481,21.187399030694664,166.75466918945312,1
1321,17.344103392568655,21.285945072697896,3.3980965614318848,1
1322,16.8513731825525,21.384491114701127,7.854051113128662,1
1323,16.260096930533116,21.48303715670436,18.130767822265625,1
1324,15.76736672051696,21.532310177705973,20.82477569580078,1
1325,15.22536348949919,21.630856219709205,14.800610542297363,1
1326,14.732633279483034,21.77867528271405,14.200658798217773,1
1327,14.387722132471726,22.02504038772213,21.906160354614258,1
1328,14.141357027463648,22.271405492730207,35.21366882324219,1
1329,13.993537964458802,22.616316639741516,53.875160217285156,1
1330,13.944264943457187,23.059773828756054,71.90959167480469,1
1331,13.944264943457187,23.453957996768978,86.192138671875,1
1332,13.993537964458802,23.946688206785133,94.07398986816406,1
1333,14.190630048465264,24.39014539579967,109.56082153320312,1
1334,14.486268174474956,24.784329563812598,120.71916198730469,1
1335,14.880452342487882,25.129240710823904,142.97805786132812,1
1336,15.323909531502421,25.326332794830368,156.0209503173828,1
1337,15.76736672051696,25.37560581583198,169.09066772460938,1
1338,16.260096930533116,25.27705977382875,174.44485473632812,1
1339,16.703554119547654,25.129240710823904,11.291177749633789,1
1340,17.147011308562195,24.882875605815826,24.343761444091797,1
1341,17.54119547657512,24.53796445880452,36.98717498779297,1
1342,17.886106623586425,24.143780290791593,48.688846588134766,1
1343,18.18174474959612,23.700323101777055,54.74649429321289,1
1344,18.477382875605812,23.109046849757668,62.92243957519531,1
1345,18.72374798061389,22.5670436187399,72.01089477539062,1
1346,18.822294022617122,22.02504038772213,79.67448425292969,1
1347,18.871567043618736,21.48303715670436,85.65612030029297,1
1348,18.822294022617122,20.941033925686586,91.80104064941406,1
1349,18.773021001615504,20.399030694668816,99.3591079711914,1
1350,18.575928917609044,19.95557350565428,109.4371566772461,1
1351,18.329563812600966,19.413570274636506,116.00634765625,1
1352,17.984652665589657,18.822294022617122,123.39813995361328,1
1353,17.639741518578347,18.37883683360258,127.79351806640625,1
1354,17.29483037156704,17.984652665589657,139.93154907226562,1
1355,16.900646203554118,17.689014539579965,148.52114868164062,1
1356,16.457189014539576,17.442649434571887,155.5578155517578,1
1357,16.112277867528267,17.29483037156704,166.30963134765625,1
1358,15.619547657512113,17.19628432956381,175.65573120117188,1
1359,15.077544426494343,17.097738287560578,2.147636651992798,1
1360,14.535541195476572,17.097738287560578,8.144789695739746,1
1361,14.042810985460417,17.147011308562195,18.439916610717773,1
1362,13.599353796445877,17.393376413570273,32.50428771972656,1
1363,13.205169628432953,17.590468497576733,37.20951843261719,1
1364,12.81098546042003,17.886106623586425,43.12028121948242,1
1365,12.515347334410336,18.18174474959612,51.521812438964844,1
1366,12.26898222940226,18.526655896607426,62.1738166809082,1
1367,12.121163166397412,18.970113085621968,68.6810531616211,1
1368,11.92407108239095,19.462843295638123,76.25495147705078,1
1369,11.726978998384489,20.103392568659125,79.00296020507812,1
1370,11.628432956381259,20.645395799676894,81.91685485839844,1
1371,11.628432956381259,21.039579967689818,85.93274688720703,1
1372,11.776252019386105,21.48303715670436,95.08390808105469,1
1373,11.973344103392566,21.877221324717283,106.00852966308594,1
1374,12.26898222940226,22.271405492730207,115.86945343017578,1
1375,12.663166397415184,22.517770597738284,126.8779296875,1
1376,13.057350565428107,22.714862681744744,140.77120971679688,1
1377,13.550080775444263,22.764135702746362,159.8026885986328,1
1378,13.944264943457187,22.616316639741516,173.6223907470703,1
1379,14.33844911147011,22.419224555735052,24.192920684814453,1
1380,14.78190630048465,22.02504038772213,50.1822509765625,1
1381,15.176090468497573,21.630856219709205,55.696693420410156,1
1382,15.471728594507267,21.088852988691436,61.37590408325195,1
1383,15.76736672051696,20.546849757673662,68.63236236572266,1
1384,16.063004846526653,19.90630048465266,69.50897216796875,1
1385,16.260096930533116,19.36429725363489,74.27719116210938,1
1386,16.407915993537962,18.674474959612276,80.19231414794922,1
1387,16.506462035541194,18.08319870759289,81.0412368774414,1
1388,16.555735056542808,17.4919224555735,83.05101776123047,1
1389,16.65428109854604,16.8513731825525,79.13410186767578,1
1390,16.703554119547654,16.260096930533116,81.32788848876953,1
1391,16.802100161550886,15.619547657512113,85.03246307373047,1
1392,16.802100161550886,14.929725363489496,85.05734252929688,1
1393,16.752827140549268,14.33844911147011,88.96964263916016,1
1394,16.605008077544422,13.79644588045234,95.12579345703125,1
1395,16.457189014539576,13.25444264943457,100.12903594970703,1
1396,16.260096930533116,12.761712439418414,104.99668884277344,1
1397,16.01373182552504,12.26898222940226,100.64588165283203,1
1398,15.718093699515345,11.82552504038772,109.10254669189453,1
1399,15.373182552504035,11.28352180936995,112.744873046875,1
1400,15.077544426494343,10.987883683360256,121.14698028564453,1
1401,14.634087237479804,10.642972536348948,138.08697509765625,1
1402,14.092084006462033,10.39660743134087,150.23931884765625,1
1403,13.599353796445877,10.248788368336024,171.48602294921875,1
1404,13.008077544426492,10.29806138933764,1.0416359901428223,1
1405,12.613893376413568,10.39660743134087,10.594161033630371,1
1406,12.170436187399028,10.642972536348948,24.041927337646484,1
1407,11.82552504038772,10.938610662358641,39.813697814941406,1
1408,11.529886914378027,11.234248788368333,45.92245864868164,1
1409,11.332794830371565,11.628432956381259,51.35328674316406,1
1410,11.135702746365103,11.973344103392566,55.601749420166016,1
1411,11.037156704361871,12.36752827140549,68.26325225830078,1
1412,10.938610662358641,12.909531502423262,78.3731460571289,1
1413,10.938610662358641,13.402261712439415,86.37079620361328,1
1414,11.037156704361871,13.845718901453955,96.1192626953125,1
1415,11.234248788368333,14.23990306946688,103.58007049560547,1
1416,11.529886914378027,14.634087237479804,114.0873031616211,1
1417,11.874798061389335,14.978998384491112,129.30911254882812,1
1418,12.318255250403874,15.274636510500805,134.7032928466797,1
1419,12.81098546042003,15.521001615508883,143.00259399414062,1
1420,13.303715670436185,15.668820678513729,150.3096466064453,1
1421,13.89499192245557,15.76736672051696,159.33082580566406,1
1422,14.289176090468494,15.76736672051696,165.44857788085938,1
1423,14.880452342487882,15.718093699515345,172.95460510253906,1
1424,15.422455573505651,15.668820678513729,3.9513158798217773,1
1425,15.964458804523423,15.521001615508883,6.763515472412109,1
1426,16.457189014539576,15.323909531502421,17.86490821838379,1
1427,16.802100161550886,15.028271405492728,32.93111038208008,1
1428,17.048465266558964,14.634087237479804,47.12963104248047,1
1429,17.19628432956381,14.23990306946688,65.39723205566406,1
1430,17.344103392568655,13.747172859450725,76.97703552246094,1
1431,17.344103392568655,13.25444264943457,84.29974365234375,1
1432,17.393376413570273,12.7124394184168,90.91526794433594,1
1433,17.393376413570273,12.219709208400644,94.85504913330078,1
1434,17.29483037156704,11.628432956381259,97.29680633544922,1
1435,17.19628432956381,11.086429725363487,99.23748779296875,1
1436,17.048465266558964,10.593699515347332,99.90010833740234,1
1437,16.8513731825525,10.150242326332792,104.05023193359375,1
1438,16.703554119547654,9.756058158319869,106.66045379638672,1
1439,16.407915993537962,9.263327948303713,111.6129379272461,1
1440,16.161550888529884,8.721324717285944,110.55262756347656,1
1441,15.86591276252019,8.130048465266558,110.3621597290039,1
1442,15.619547657512113,7.538772213247172,109.91942596435547,1
1443,15.373182552504035,6.89822294022617,107.80511474609375,1
1444,15.126817447495958,6.306946688206784,111.73280334472656,1
1445,14.880452342487882,5.715670436187398,113.02124786376953,1
1446,14.584814216478188,5.124394184168012,112.46983337402344,1
1447,14.23990306946688,4.631663974151857,110.77214813232422,1
1448,13.944264943457187,4.188206785137317,117.46449279785156,1
1449,13.648626817447493,3.6954765751211625,116.4137954711914,1
1450,13.352988691437801,3.3012924071082383,115.30269622802734,1
1451,13.008077544426492,2.95638126009693,123.13835906982422,1
1452,12.7124394184168,2.7100161550888524,132.58209228515625,1
1453,12.416801292407106,2.463651050080775,134.76156616210938,1
1454,12.022617124394182,2.168012924071082,133.94854736328125,1
1455,11.726978998384489,1.97092084006462,131.70233154296875,1
1456,11.382067851373181,1.7245557350565426,138.97329711914062,1
1457,11.037156704361871,1.5274636510500805,151.41819763183594,1
1458,10.642972536348948,1.4289176090468494,167.81863403320312,1
1459,10.100969305331178,1.478190630048465,179.96429443359375,1
1460,9.805331179321485,1.576736672051696,12.346601486206055,1
1461,9.460420032310175,1.8231017770597735,33.516639709472656,1
1462,9.164781906300483,2.168012924071082,47.22138214111328,1
1463,8.967689822294021,2.562197092084006,63.75226593017578,1
1464,8.721324717285944,3.1042003231017765,77.30626678466797,1
1465,8.524232633279482,3.744749596122778,80.66046905517578,1
1466,8.376413570274634,4.483844911147011,82.23237609863281,1
1467,8.277867528271404,5.075121163166396,84.86109161376953,1
1468,8.32714054927302,5.715670436187398,93.737548828125,1
1469,8.42568659127625,6.159127625201937,99.0996322631836,1
1470,8.622778675282712,6.701130856219708,109.4234619140625,1
1471,8.918416801292405,7.243134087237478,112.13534545898438,1
1472,9.214054927302099,7.686591276252018,117.8570785522461,1
1473,9.608239095315023,8.080775444264942,125.4359130859375,1
1474,10.002423263327946,8.376413570274634,130.1856689453125,1
1475,10.445880452342486,8.721324717285944,134.7570343017578,1
1476,10.889337641357026,9.066235864297251,137.80673217773438,1
1477,11.431340872374795,9.361873990306945,142.26734924316406,1
1478,11.92407108239095,9.558966074313407,149.16006469726562,1
1479,12.416801292407106,9.608239095315023,156.92251586914062,1
1480,12.860258481421646,9.657512116316639,164.7461395263672,1
1481,13.402261712439415,9.706785137318253,173.5150146484375,1
1482,13.993537964458802,9.706785137318253,177.94573974609375,1
1483,14.535541195476572,9.657512116316639,179.32339477539062,1
1484,15.176090468497573,9.460420032310175,11.793951034545898,1
1485,15.668820678513729,9.214054927302099,19.450212478637695,1
1486,16.260096930533116,8.918416801292405,25.143800735473633,1
1487,16.900646203554118,8.573505654281098,33.013248443603516,1
1488,17.393376413570273,8.130048465266558,43.02766799926758,1
1489,17.73828756058158,7.588045234248787,55.41828536987305,1
1490,17.935379644588043,7.095315024232632,68.78829193115234,1
1491,18.08319870759289,6.651857835218093,79.15996551513672,1
1492,18.18174474959612,6.011308562197091,89.49038696289062,1
1493,18.18174474959612,5.321486268174474,94.24491119384766,1
1494,18.132471728594503,4.7302100161550875,93.1358642578125,1
1495,18.033925686591274,3.94184168012924,97.84353637695312,1
1496,17.984652665589657,3.153473344103392,98.57830810546875,1
1497,17.83683360258481,2.463651050080775,101.57279968261719,1
1498,17.689014539579965,1.872374798061389,99.4214859008789,1
1499,17.787560581583197,1.97092084006462,95.93192291259766,1
1500,17.886106623586425,1.97092084006462,90.43577575683594,1
1501,17.984652665589657,1.8231017770597735,86.42213439941406,1
1502,17.984652665589657,1.7245557350565426,88.17139434814453,1
1503,17.886106623586425,1.773828756058158,92.59135437011719,1
1504,17.83683360258481,1.9216478190630044,92.60608673095703,1
1505,17.639741518578347,1.872374798061389,95.51077270507812,1
1506,17.54119547657512,1.872374798061389,97.76549530029297,1
1507,17.442649434571887,1.675282714054927,99.12477111816406,1
1508,17.245557350565424,1.773828756058158,118.77220153808594,1
1509,16.8513731825525,1.6260096930533114,131.14105224609375,1
1510,16.407915993537962,1.4289176090468494,138.2299041748047,1
1511,15.964458804523423,1.3303715670436185,145.0653076171875,1
1512,15.521001615508883,1.281098546042003,154.23846435546875,1
1513,15.126817447495958,1.3303715670436185,166.351806640625,1
1514,14.634087237479804,1.379644588045234,179.10177612304688,1
1515,14.190630048465264,1.478190630048465,5.912039279937744,1
1516,13.697899838449109,1.6260096930533114,20.185129165649414,1
1517,13.402261712439415,1.8231017770597735,29.541078567504883,1
1518,13.106623586429723,2.168012924071082,49.73824691772461,1
1519,12.860258481421646,2.5129240710823906,66.24668884277344,1
1520,12.7124394184168,3.0056542810985456,71.7635498046875,1
1521,12.613893376413568,3.449111470113085,79.04073333740234,1
1522,12.613893376413568,3.94184168012924,88.05235290527344,1
1523,12.7124394184168,4.38529886914378,91.94037628173828,1
1524,12.958804523424876,4.878029079159934,100.8257064819336,1
1525,13.25444264943457,5.173667205169627,111.65218353271484,1
1526,13.697899838449109,5.469305331179321,127.09418487548828,1
1527,14.190630048465264,5.617124394184167,151.91371154785156,1
1528,14.634087237479804,5.715670436187398,163.53236389160156,1
1529,15.22536348949919,5.7649434571890135,174.37965393066406,1
1530,15.86591276252019,5.7649434571890135,174.86550903320312,1
1531,16.555735056542808,5.7649434571890135,178.6424102783203,1
1532,17.245557350565424,5.7649434571890135,6.055236339569092,1
1533,17.935379644588043,5.6663974151857825,2.295379638671875,1
1534,18.477382875605812,5.567851373182552,8.111376762390137,1
1535,19.019386106623582,5.37075928917609,6.477315902709961,1
1536,19.462843295638123,5.124394184168012,12.339877128601074,1
1537,20.004846526655893,4.828756058158319,17.35955047607422,1
1538,20.49757673667205,4.582390953150242,25.224855422973633,1
1539,21.088852988691436,4.286752827140549,19.101665496826172,1
1540,21.68012924071082,3.9911147011308556,18.06289291381836,1
1541,22.32067851373182,3.646203554119547,20.32972526550293,1
1542,22.961227786752822,3.3012924071082383,19.06850814819336,1
1543,23.601777059773823,3.0056542810985456,19.293230056762695,1
1544,24.291599353796443,2.660743134087237,20.0233211517334,1
1545,24.882875605815826,2.3158319870759283,17.76657485961914,1
1546,25.572697899838445,1.97092084006462,20.13910484313965,1
1547,26.26252019386106,1.6260096930533114,18.720428466796875,1
1548,26.903069466882062,1.281098546042003,18.805877685546875,1
1549,27.543618739903064,0.9361873990306945,16.40550994873047,1
1550,27.987075928917605,0.6405492730210015,20.176042556762695,1
1551,28.184168012924065,0.5912762520193859,27.2005672454834,1
1552,28.33198707592891,0.788368336025848,21.67940330505371,1
1553,28.184168012924065,0.886914378029079,34.37681198120117,1
1554,28.33198707592891,0.98546042003231,42.50722122192383,1
1555,28.38126009693053,1.0347334410339255,44.410247802734375,1
1556,28.33198707592891,1.0347334410339255,38.69994354248047,1
1557,28.33198707592891,1.084006462035541,46.88543701171875,1
1558,28.38126009693053,1.1332794830371564,47.76383972167969,1
1559,28.47980613893376,1.1825525040387719,49.6178092956543,1
1560,28.57835218093699,1.2318255250403876,55.343997955322266,1
1561,28.67689822294022,1.3303715670436185,57.55790710449219,1
1562,28.67689822294022,1.576736672051696,61.30872344970703,1
1563,28.824717285945066,1.773828756058158,59.938812255859375,1
1564,29.071082390953144,1.9216478190630044,68.89176940917969,1
1565,29.317447495961222,1.97092084006462,78.53306579589844,1
1566,29.514539579967686,1.872374798061389,80.23538208007812,1
1567,29.613085621970914,1.872374798061389,80.365234375,1
1568,29.613085621970914,1.8231017770597735,78.32322692871094,1
1569,29.613085621970914,1.9216478190630044,73.8543930053711,1
1570,29.613085621970914,1.8231017770597735,78.03929138183594,1
1571,29.5638126009693,1.9216478190630044,80.7930908203125,1
1572,29.514539579967686,1.8231017770597735,77.15291595458984,1
1573,29.5638126009693,1.7245557350565426,69.85438537597656,1
1574,29.465266558966068,2.1187399030694665,79.08334350585938,1
1575,29.465266558966068,1.872374798061389,79.5512466430664,1
1576,29.465266558966068,1.773828756058158,70.56391906738281,1
1577,29.366720516962836,1.97092084006462,76.8309326171875,1
1578,29.366720516962836,2.069466882067851,75.9785385131836,1
1579,29.268174474959608,1.773828756058158,83.34922790527344,1
1580,29.21890145395799,2.1187399030694665,67.01460266113281,1
1581,29.120355411954762,1.675282714054927,84.01863098144531,1
1582,29.21890145395799,1.773828756058158,66.03822326660156,1
1583,28.9232633279483,1.872374798061389,87.97135162353516,1
1584,28.9232633279483,1.773828756058158,85.3427963256836,1
1585,28.873990306946684,1.97092084006462,80.61146545410156,1
1586,28.9232633279483,1.576736672051696,72.39218139648438,1
1587,28.873990306946684,1.5274636510500805,70.96430969238281,1
1588,28.775444264943452,1.675282714054927,70.59510803222656,1
1589,28.824717285945066,1.773828756058158,52.75946044921875,1
1590,28.67689822294022,1.872374798061389,55.96269607543945,1
1591,28.775444264943452,1.97092084006462,57.21185302734375,1
1592,28.775444264943452,2.0201938610662356,57.91007614135742,1
1593,28.873990306946684,2.0201938610662356,64.1180191040039,1
1594,28.972536348949912,2.069466882067851,54.934051513671875,1
1595,29.02180936995153,2.069466882067851,51.91519546508789,1
1596,29.169628432956376,2.0201938610662356,52.59480285644531,1
1597,29.21890145395799,2.1187399030694665,57.48939895629883,1
1598,29.268174474959608,2.168012924071082,62.944923400878906,1
1599,29.268174474959608,2.2172859450726974,64.16716003417969,1
1600,29.268174474959608,2.168012924071082,61.32966613769531,1
1601,29.21890145395799,2.2172859450726974,60.901329040527344,1
1602,29.21890145395799,2.2172859450726974,56.51857376098633,1
1603,29.21890145395799,2.168012924071082,82.7150650024414,1
1604,29.21890145395799,2.5129240710823906,71.19139862060547,1
1605,28.972536348949912,1.97092084006462,90.33056640625,1
1606,28.775444264943452,1.8231017770597735,102.47520446777344,1
1607,28.57835218093699,1.7245557350565426,109.92910766601562,1
1608,28.233441033925683,1.4289176090468494,121.65713500976562,1
1609,27.69143780290791,1.1825525040387719,136.68063354492188,1
1610,27.198707592891754,1.0347334410339255,149.1727752685547,1
1611,26.755250403877216,1.0347334410339255,158.932861328125,1
1612,26.16397415185783,1.0347334410339255,163.21728515625,1
1613,25.37560581583198,0.98546042003231,166.8760986328125,1
1614,24.53796445880452,0.9361873990306945,164.87478637695312,1
1615,23.74959612277867,0.886914378029079,166.05076599121094,1
1616,23.059773828756054,0.8376413570274635,171.00244140625,1
1617,22.32067851373182,0.8376413570274635,174.97779846191406,1
1618,21.581583198707587,0.886914378029079,179.45933532714844,1
1619,20.842487883683358,0.98546042003231,8.063769340515137,1
1620,20.25121163166397,1.1332794830371564,11.83208179473877,1
1621,19.659935379644583,1.3303715670436185,21.030467987060547,1
1622,19.019386106623582,1.675282714054927,27.108558654785156,1
1623,18.526655896607426,2.0201938610662356,35.8878059387207,1
1624,18.08319870759289,2.4143780290791597,41.549827575683594,1
1625,17.639741518578347,2.9071082390953147,45.972900390625,1
1626,17.245557350565424,3.350565428109854,51.269046783447266,1
1627,16.802100161550886,3.9911147011308556,53.464561462402344,1
1628,16.506462035541194,4.533117932148626,61.434776306152344,1
1629,16.161550888529884,5.124394184168012,61.9659309387207,1
1630,15.915185783521807,5.715670436187398,64.5725326538086,1
1631,15.86591276252019,6.208400646203553,72.89903259277344,1
1632,15.86591276252019,6.701130856219708,79.81896209716797,1
1633,15.86591276252019,7.144588045234247,86.44818115234375,1
1634,16.01373182552504,7.686591276252018,95.10282135009766,1
1635,16.260096930533116,8.179321486268172,99.47464752197266,1
1636,16.506462035541194,8.672051696284328,100.3128890991211,1
1637,16.802100161550886,9.164781906300483,106.63806915283203,1
1638,17.097738287560578,9.706785137318253,107.5362319946289,1
1639,17.442649434571887,10.248788368336024,106.69361114501953,1
1640,17.787560581583197,10.84006462035541,106.69751739501953,1
1641,18.08319870759289,11.332794830371565,103.10987854003906,1
1642,18.428109854604198,11.776252019386105,111.92679595947266,1
1643,18.871567043618736,12.219709208400644,118.15026092529297,1
1644,19.315024232633277,12.515347334410336,126.68403625488281,1
1645,19.758481421647815,12.663166397415184,144.50567626953125,1
1646,20.300484652665585,12.7124394184168,160.82705688476562,1
1647,20.79321486268174,12.613893376413568,170.739501953125,1
1648,21.187399030694664,12.416801292407106,17.19551658630371,1
1649,21.630856219709205,12.121163166397412,21.83440399169922,1
1650,22.12358642972536,11.92407108239095,35.703399658203125,1
1651,22.616316639741516,11.628432956381259,31.489030838012695,1
1652,23.01050080775444,11.382067851373181,26.71700668334961,1
1653,23.601777059773823,11.037156704361871,24.87605857849121,1
1654,24.242326332794825,10.692245557350564,31.38873291015625,1
1655,24.833602584814212,10.29806138933764,33.10751724243164,1
1656,25.37560581583198,9.95315024232633,26.755146026611328,1
1657,25.868336025848137,9.608239095315023,30.289308547973633,1
1658,26.459612277867524,9.214054927302099,32.29383087158203,1
1659,26.853796445880448,8.77059773828756,37.9005126953125,1
1660,27.198707592891754,8.32714054927302,47.4174690246582,1
1661,27.49434571890145,7.932956381260095,50.86408996582031,1
1662,27.740710823909527,7.390953150242325,60.50609588623047,1
1663,27.937802907915987,6.848949919224554,73.60850524902344,1
1664,27.987075928917605,6.208400646203553,74.322509765625,1
1665,28.03634894991922,5.715670436187398,79.41593170166016,1
1666,27.987075928917605,5.222940226171243,83.39231872558594,1
1667,27.888529886914373,4.7302100161550875,93.20216369628906,1
1668,27.740710823909527,4.237479806138933,101.15642547607422,1
1669,27.49434571890145,3.6954765751211625,103.6190414428711,1
1670,27.198707592891754,3.252019386106623,107.29947662353516,1
1671,26.80452342487883,2.562197092084006,115.0147476196289,1
1672,26.361066235864293,2.1187399030694665,124.26785278320312,1
1673,25.868336025848137,1.7245557350565426,128.4358367919922,1
1674,25.27705977382875,1.281098546042003,143.79750061035156,1
1675,24.73505654281098,1.084006462035541,159.0175323486328,1
1676,24.045234248788365,0.886914378029079,169.64878845214844,1
1677,23.453957996768978,0.886914378029079,169.8760528564453,1
1678,22.714862681744744,0.8376413570274635,177.0164337158203,1
1679,22.172859450726975,0.8376413570274635,0.7810818552970886,1
1680,21.532310177705973,0.8376413570274635,2.7779111862182617,1
1681,20.990306946688204,0.98546042003231,10.432243347167969,1
1682,20.49757673667205,1.1332794830371564,11.116080284118652,1
1683,19.90630048465266,1.3303715670436185,13.56558895111084,1
1684,19.315024232633277,1.5274636510500805,14.333791732788086,1
1685,18.575928917609044,1.7245557350565426,15.610942840576172,1
1686,17.787560581583197,1.97092084006462,9.517016410827637,1
1687,17.048465266558964,2.266558966074313,7.0961408615112305,1
1688,16.407915993537962,2.5129240710823906,11.768515586853027,1
1689,15.816639741518575,2.8085621970920833,22.44466781616211,1
1690,15.373182552504035,3.153473344103392,26.569982528686523,1
1691,15.077544426494343,3.449111470113085,40.15175247192383,1
1692,14.78190630048465,3.7940226171243934,48.00319290161133,1
1693,14.535541195476572,4.188206785137317,55.844173431396484,1
1694,14.387722132471726,4.6809369951534725,65.33779907226562,1
1695,14.387722132471726,5.075121163166396,73.58991241455078,1
1696,14.436995153473342,5.469305331179321,78.52728271484375,1
1697,14.535541195476572,5.962035541195475,86.8722915649414,1
1698,14.634087237479804,6.504038772213246,92.64035034179688,1
1699,14.732633279483034,6.947495961227785,92.081298828125,1
1700,14.831179321486266,7.489499192245556,95.1306381225586,1
1701,15.028271405492728,7.982229402261711,92.77104949951172,1
1702,15.22536348949919,8.524232633279482,95.92115783691406,1
1703,15.422455573505651,9.066235864297251,101.46829223632812,1
1704,15.718093699515345,9.509693053311791,107.36724090576172,1
1705,16.063004846526653,9.95315024232633,112.54846954345703,1
1706,16.358642972536344,10.347334410339254,120.3696060180664,1
1707,16.752827140549268,10.692245557350564,126.30384826660156,1
1708,17.245557350565424,10.987883683360256,134.6354522705078,1
1709,17.689014539579965,11.18497576736672,144.39340209960938,1
1710,18.28029079159935,11.431340872374795,151.69525146484375,1
1711,18.773021001615504,11.480613893376411,163.16246032714844,1
1712,19.315024232633277,11.382067851373181,176.79151916503906,1
1713,19.7092084006462,11.234248788368333,16.82271957397461,1
1714,20.25121163166397,10.987883683360256,33.59326934814453,1
1715,20.842487883683358,10.642972536348948,46.27994918823242,1
1716,21.33521809369951,10.248788368336024,52.64474105834961,1
1717,21.630856219709205,9.8546042003231,60.134334564208984,1
1718,21.926494345718897,9.411147011308561,68.71021270751953,1
1719,22.22213247172859,8.819870759289174,71.3803939819336,1
1720,22.419224555735052,8.179321486268172,73.0981216430664,1
1721,22.714862681744744,7.538772213247172,76.49545288085938,1
1722,22.911954765751208,6.947495961227785,71.75872039794922,1
1723,23.059773828756054,6.3562197092084,74.00479125976562,1
1724,23.2075928917609,5.6663974151857825,81.33772277832031,1
1725,23.2075928917609,5.075121163166396,87.08157348632812,1
1726,23.158319870759286,4.336025848142164,90.6106185913086,1
1727,23.059773828756054,3.744749596122778,93.26734161376953,1
1728,22.911954765751208,3.153473344103392,96.03343200683594,1
1729,22.714862681744744,2.4143780290791597,98.7591323852539,1
1730,22.517770597738284,1.8231017770597735,97.74784851074219,1
1731,22.468497576736667,1.773828756058158,89.80445098876953,1
1732,22.616316639741516,1.8231017770597735,78.4668960571289,1
1733,22.764135702746362,1.773828756058158,64.39344024658203,1
1734,22.961227786752822,1.576736672051696,55.323585510253906,1
1735,23.30613893376413,1.281098546042003,43.49013900756836,1
1736,23.65105008077544,0.886914378029079,31.192228317260742,1
1737,23.798869143780287,1.084006462035541,13.537125587463379,1
1738,23.995961227786747,1.281098546042003,179.6446075439453,1
1739,24.340872374798057,1.4289176090468494,170.31561279296875,1
1740,24.73505654281098,1.6260096930533114,165.59561157226562,1
1741,25.17851373182552,1.8231017770597735,161.91537475585938,1
1742,25.62197092084006,2.0201938610662356,154.22508239746094,1
1743,26.213247172859447,2.266558966074313,149.71788024902344,1
1744,26.80452342487883,2.463651050080775,154.65234375,1
1745,27.445072697899832,2.660743134087237,159.86245727539062,1
1746,27.987075928917605,2.857835218093699,161.33880615234375,1
1747,28.33198707592891,3.0056542810985456,164.36106872558594,1
1748,27.987075928917605,3.1042003231017765,151.6034698486328,1
1749,27.937802907915987,3.3998384491114693,131.496337890625,1
1750,28.03634894991922,3.8925686591276243,120.7667236328125,1
1751,28.184168012924065,4.237479806138933,118.98110961914062,1
1752,28.47980613893376,4.6809369951534725,119.6158676147461,1
1753,28.824717285945066,5.025848142164781,124.63491821289062,1
1754,28.9232633279483,5.37075928917609,116.3008041381836,1
1755,29.02180936995153,5.6663974151857825,114.42903900146484,1
1756,29.169628432956376,5.962035541195475,110.3426742553711,1
1757,29.317447495961222,6.306946688206784,107.66179656982422,1
1758,29.268174474959608,6.553311793214862,102.84913635253906,1
1759,29.366720516962836,6.89822294022617,101.47941589355469,1
1760,29.514539579967686,7.193861066235863,106.61035919189453,1
1761,29.465266558966068,7.489499192245556,98.00257110595703,1
1762,29.514539579967686,7.932956381260095,93.12467193603516,1
1763,29.5638126009693,8.474959612277866,95.50769805908203,1
1764,29.613085621970914,8.967689822294021,94.04722595214844,1
1765,29.711631663974146,9.411147011308561,94.84295654296875,1
1766,29.85945072697899,10.002423263327946,103.1858139038086,1
1767,29.613085621970914,10.248788368336024,91.8691177368164,1
1768,29.415993537964454,10.642972536348948,82.02202606201172,1
1769,29.169628432956376,11.135702746365103,78.15357971191406,1
1770,28.9232633279483,11.726978998384489,69.42591094970703,1
1771,28.67689822294022,12.219709208400644,66.91180419921875,1
1772,28.38126009693053,12.663166397415184,67.35259246826172,1
1773,28.03634894991922,13.205169628432953,59.124176025390625,1
1774,27.69143780290791,13.845718901453955,62.267547607421875,1
1775,27.49434571890145,14.387722132471726,67.86408233642578,1
1776,27.346526655896604,14.978998384491112,74.04804229736328,1
1777,27.247980613893372,15.521001615508883,81.08956146240234,1
1778,27.198707592891754,16.112277867528267,82.78358459472656,1
1779,27.14943457189014,16.703554119547654,88.2740478515625,1
1780,27.198707592891754,17.19628432956381,91.19856262207031,1
1781,27.346526655896604,17.73828756058158,96.12310791015625,1
1782,27.49434571890145,18.231017770597735,101.18359375,1
1783,27.78998384491114,18.72374798061389,107.4749755859375,1
1784,28.03634894991922,19.117932148626814,115.5881576538086,1
1785,28.38126009693053,19.61066235864297,122.93746948242188,1
1786,28.726171243941835,19.857027463651047,136.4441680908203,1
1787,29.02180936995153,20.054119547657507,143.73291015625,1
1788,29.120355411954762,20.349757673667202,134.38644409179688,1
1789,29.21890145395799,20.645395799676894,131.99234008789062,1
1790,29.415993537964454,20.990306946688204,127.70677185058594,1
1791,29.5638126009693,21.384491114701127,115.8957748413086,1
1792,29.711631663974146,21.68012924071082,112.2374267578125,1
1793,29.90872374798061,21.97576736672051,110.93256378173828,1
1794,29.957996768982223,22.32067851373182,106.87158966064453,1
1795,30.10581583198707,22.5670436187399,104.8198471069336,1
1796,30.155088852988687,22.911954765751208,105.52855682373047,1
1797,30.253634894991915,23.355411954765746,101.95243072509766,1
1798,30.302907915993533,23.700323101777055,103.37840270996094,1
1799,30.401453957996765,23.995961227786747,101.13787841796875,1
1800,30.401453957996765,24.340872374798057,100.31533813476562,1
1801,30.54927302100161,24.685783521809366,108.98533630371094,1
1802,30.54927302100161,25.030694668820672,103.8783950805664,1
1803,30.74636510500807,25.37560581583198,103.41190338134766,1
1804,30.74636510500807,25.671243941841674,105.06901550292969,1
1805,30.74636510500807,26.016155088852983,103.27980041503906,1
1806,30.647819063004842,26.31179321486268,100.97303009033203,1
1807,30.79563812600969,26.656704361873985,102.17422485351562,1
1808,30.697092084006457,26.853796445880448,94.89307403564453,1
1809,30.647819063004842,27.14943457189014,91.00188446044922,1
1810,30.697092084006457,27.395799676898218,98.5673599243164,1
1811,30.844911147011302,27.78998384491114,102.7760238647461,1
1812,30.598546042003225,27.888529886914373,91.50799560546875,1
1813,30.401453957996765,28.13489499192245,85.22301483154297,1
1814,30.352180936995147,28.430533117932143,83.13414001464844,1
1815,30.253634894991915,28.627625201938606,79.69325256347656,1
1816,30.155088852988687,28.67689822294022,72.41057586669922,1
1817,30.00726978998384,28.824717285945066,65.66350555419922,1
1818,29.810177705977377,28.824717285945066,55.70180130004883,1
1819,29.5638126009693,28.972536348949912,47.43286895751953,1
1820,29.366720516962836,29.21890145395799,51.6083869934082,1
1821,29.169628432956376,29.268174474959608,43.61870193481445,1
1822,28.972536348949912,29.317447495961222,40.70183563232422,1
1823,28.726171243941835,29.465266558966068,40.475494384765625,1
1824,28.57835218093699,29.514539579967686,34.381500244140625,1
1825,28.282714054927297,29.66235864297253,31.582294464111328,1
1826,27.987075928917605,29.760904684975763,24.042367935180664,1
1827,27.642164781906295,29.90872374798061,20.870798110961914,1
1828,27.297253634894986,29.85945072697899,7.058170318603516,1
1829,26.903069466882062,29.90872374798061,0.808218777179718,1
1830,26.50888529886914,29.90872374798061,179.4415740966797,1
1831,26.114701130856215,29.957996768982223,3.725257635116577,1
1832,25.819063004846523,30.352180936995147,4.134482383728027,1
1833,25.474151857835214,30.302907915993533,8.80870532989502,1
1834,25.227786752827136,30.302907915993533,6.536532878875732,1
1835,24.882875605815826,30.302907915993533,21.20619010925293,1
1836,24.53796445880452,30.253634894991915,17.472314834594727,1
1837,24.242326332794825,30.2043618739903,6.2504963874816895,1
1838,23.89741518578352,30.302907915993533,14.582085609436035,1
1839,23.55250403877221,30.352180936995147,14.212526321411133,1
1840,23.30613893376413,30.352180936995147,17.15044403076172,1
1841,23.01050080775444,30.401453957996765,10.883710861206055,1
1842,22.813408723747976,30.401453957996765,12.066553115844727,1
1843,22.468497576736667,30.352180936995147,23.487871170043945,1
1844,22.271405492730207,30.401453957996765,2.7111308574676514,1
1845,21.97576736672051,30.401453957996765,16.09244155883789,1
1846,21.77867528271405,30.401453957996765,11.877617835998535,1
1847,21.532310177705973,30.352180936995147,3.3445992469787598,1
1848,21.285945072697896,30.352180936995147,178.31927490234375,1
1849,20.891760904684972,30.401453957996765,4.627106666564941,1
1850,20.59612277867528,30.499999999999993,9.315633773803711,1
1851,20.25121163166397,30.54927302100161,13.40902042388916,1
1852,20.004846526655893,30.598546042003225,14.24923324584961,1
1853,19.659935379644583,30.54927302100161,3.459737777709961,1
1854,19.36429725363489,30.598546042003225,1.7150678634643555,1
1855,19.019386106623582,30.352180936995147,0.8783699870109558,1
1856,18.92084006462035,30.253634894991915,154.49295043945312,1
1857,18.526655896607426,29.90872374798061,149.0965576171875,1
1858,18.08319870759289,29.613085621970914,148.06503295898438,1
1859,17.689014539579965,29.366720516962836,159.3477325439453,1
1860,17.344103392568655,29.21890145395799,156.99595642089844,1
1861,16.900646203554118,29.120355411954762,168.74163818359375,1
1862,16.506462035541194,29.071082390953144,171.60986328125,1
1863,16.112277867528267,29.02180936995153,1.354590892791748,1
1864,15.668820678513729,28.972536348949912,6.615777015686035,1
1865,15.274636510500805,29.02180936995153,14.591028213500977,1
1866,14.831179321486266,29.071082390953144,17.108436584472656,1
1867,14.486268174474956,29.169628432956376,19.231462478637695,1
1868,14.141357027463648,29.366720516962836,28.444929122924805,1
1869,13.747172859450725,29.514539579967686,38.2192268371582,1
1870,13.303715670436185,29.760904684975763,40.61618423461914,1
1871,13.057350565428107,29.613085621970914,33.517662048339844,1
1872,12.761712439418414,29.66235864297253,29.044357299804688,1
1873,12.515347334410336,29.760904684975763,34.17232894897461,1
1874,12.219709208400644,29.85945072697899,36.40203094482422,1
1875,12.022617124394182,29.85945072697899,30.646251678466797,1
1876,11.628432956381259,29.957996768982223,33.00602340698242,1
1877,11.382067851373181,29.90872374798061,26.214914321899414,1
1878,11.037156704361871,30.00726978998384,23.837875366210938,1
1879,10.642972536348948,30.253634894991915,37.363285064697266,1
1880,10.29806138933764,30.155088852988687,28.44002342224121,1
1881,9.95315024232633,30.352180936995147,33.34418487548828,1
1882,9.706785137318253,30.302907915993533,32.152381896972656,1
1883,9.411147011308561,30.401453957996765,30.65327262878418,1
1884,9.115508885298867,30.2043618739903,24.42567253112793,1
1885,8.622778675282712,30.499999999999993,25.10022735595703,1
1886,8.277867528271404,30.45072697899838,35.19586181640625,1
1887,7.982229402261711,30.401453957996765,21.352340698242188,1
1888,7.637318255250403,30.499999999999993,31.014389038085938,1
1889,7.243134087237478,30.499999999999993,28.81786346435547,1
1890,6.89822294022617,30.2043618739903,10.829461097717285,1
1891,6.504038772213246,30.2043618739903,12.231257438659668,1
1892,6.208400646203553,30.253634894991915,12.196989059448242,1
1893,5.814216478190629,30.352180936995147,22.415109634399414,1
1894,5.469305331179321,30.302907915993533,13.758081436157227,1
1895,5.075121163166396,30.45072697899838,20.042194366455078,1
1896,4.828756058158319,30.352180936995147,8.475089073181152,1
1897,4.533117932148626,30.352180936995147,12.845020294189453,1
1898,4.237479806138933,30.401453957996765,15.987574577331543,1
1899,3.94184168012924,30.352180936995147,10.866729736328125,1
1900,3.547657512116316,30.45072697899838,12.199392318725586,1
1901,3.3012924071082383,30.401453957996765,16.107912063598633,1
1902,3.350565428109854,30.45072697899838,24.48480224609375,1
1903,3.252019386106623,30.45072697899838,21.562698364257812,1
1904,3.3012924071082383,30.45072697899838,16.37766456604004,1
1905,3.252019386106623,30.499999999999993,20.9274845123291,1
1906,3.2027463651050074,30.54927302100161,20.77133560180664,1
1907,3.252019386106623,30.499999999999993,19.603015899658203,1
1908,3.252019386106623,30.499999999999993,18.886690139770508,1
1909,3.252019386106623,30.499999999999993,19.480064392089844,1
1910,3.252019386106623,30.499999999999993,19.26802635192871,1
1911,3.252019386106623,30.499999999999993,17.502866744995117,1
1912,3.350565428109854,30.352180936995147,6.611475467681885,1
1913,3.3012924071082383,30.352180936995147,12.583596229553223,1
1914,3.252019386106623,30.45072697899838,16.66032600402832,1
1915,3.3012924071082383,30.401453957996765,15.270437240600586,1
1916,3.3012924071082383,30.302907915993533,8.172167778015137,1
1917,3.2027463651050074,30.499999999999993,21.173234939575195,1
1918,3.2027463651050074,30.54927302100161,24.087360382080078,1
1919,3.252019386106623,30.598546042003225,19.282026290893555,1
1920,3.3012924071082383,30.45072697899838,9.514456748962402,1
1921,3.2027463651050074,30.54927302100161,18.481534957885742,1
1922,3.2027463651050074,30.54927302100161,19.425411224365234,1
1923,3.2027463651050074,30.54927302100161,21.22566032409668,1
1924,3.252019386106623,30.54927302100161,25.449485778808594,1
1925,3.2027463651050074,30.499999999999993,20.171995162963867,1
1926,3.252019386106623,30.54927302100161,23.691667556762695,1
1927,3.3012924071082383,30.499999999999993,18.146757125854492,1
1928,3.252019386106623,30.54927302100161,23.359317779541016,1
1929,3.252019386106623,30.45072697899838,22.192378997802734,1
1930,3.252019386106623,30.352180936995147,26.3471736907959,1
1931,3.2027463651050074,30.352180936995147,22.805395126342773,1
1932,3.2027463651050074,30.302907915993533,21.949878692626953,1
1933,3.2027463651050074,30.253634894991915,22.60152244567871,1
1934,3.2027463651050074,30.253634894991915,28.03927993774414,1
1935,3.2027463651050074,30.2043618739903,28.59397315979004,1
1936,3.2027463651050074,30.2043618739903,29.352100372314453,1
1937,3.153473344103392,30.2043618739903,33.06203842163086,1
1938,3.2027463651050074,30.10581583198707,30.231430053710938,1
1939,3.153473344103392,30.10581583198707,33.78517532348633,1
1940,3.153473344103392,30.00726978998384,36.93471908569336,1
1941,3.2027463651050074,29.90872374798061,40.05314636230469,1
1942,3.252019386106623,29.711631663974146,30.825868606567383,1
1943,3.1042003231017765,29.85945072697899,45.29166030883789,1
1944,3.0056542810985456,29.810177705977377,44.576175689697266,1
1945,3.0056542810985456,29.711631663974146,46.23577117919922,1
1946,3.054927302100161,29.5638126009693,47.7967529296875,1
1947,3.054927302100161,29.514539579967686,48.16600036621094,1
1948,3.054927302100161,29.5638126009693,46.03563690185547,1
1949,3.054927302100161,29.711631663974146,39.70162582397461,1
1950,3.2027463651050074,29.760904684975763,31.982318878173828,1
1951,3.2027463651050074,29.90872374798061,34.67256164550781,1
1952,3.252019386106623,29.957996768982223,30.04695701599121,1
1953,3.252019386106623,30.00726978998384,23.478939056396484,1
1954,3.3012924071082383,30.00726978998384,27.47003746032715,1
1955,3.3012924071082383,29.957996768982223,22.09947967529297,1
1956,3.3012924071082383,29.957996768982223,24.11481285095215,1
1957,3.3998384491114693,29.85945072697899,30.900087356567383,1
1958,3.4983844911147006,29.711631663974146,35.16857147216797,1
1959,3.4983844911147006,29.613085621970914,30.231361389160156,1
1960,3.449111470113085,29.514539579967686,31.06580924987793,1
1961,3.449111470113085,29.415993537964454,35.60987091064453,1
1962,3.449111470113085,29.317447495961222,35.98771667480469,1
1963,3.5969305331179315,29.071082390953144,18.84185791015625,1
1964,3.3998384491114693,29.169628432956376,37.95142364501953,1
1965,3.3998384491114693,29.02180936995153,34.917198181152344,1
1966,3.2027463651050074,29.071082390953144,39.56718826293945,1
1967,3.252019386106623,29.02180936995153,37.50132751464844,1
1968,3.252019386106623,29.02180936995153,36.853153228759766,1
1969,3.2027463651050074,29.02180936995153,41.502567291259766,1
1970,3.2027463651050074,28.972536348949912,40.597530364990234,1
1971,3.153473344103392,28.972536348949912,40.459896087646484,1
1972,3.1042003231017765,28.972536348949912,42.77903366088867,1
1973,3.054927302100161,28.9232633279483,41.93732833862305,1
1974,3.0056542810985456,28.972536348949912,39.62371826171875,1
1975,3.1042003231017765,28.9232633279483,40.76312255859375,1
1976,3.054927302100161,28.9232633279483,38.69977951049805,1
1977,3.054927302100161,28.9232633279483,42.76123046875,1
1978,3.2027463651050074,28.9232633279483,36.10729217529297,1
1979,3.2027463651050074,28.972536348949912,34.35974884033203,1
1980,3.547657512116316,29.071082390953144,11.75755786895752,1
1981,3.843295638126009,29.169628432956376,178.9349822998047,1
1982,4.089660743134086,29.21890145395799,8.266868591308594,1
1983,4.040387722132471,29.21890145395799,172.81236267089844,1
1984,3.9911147011308556,29.268174474959608,4.453740119934082,1
1985,3.8925686591276243,29.21890145395799,172.79185485839844,1
1986,4.040387722132471,29.169628432956376,11.073349952697754,1
1987,3.8925686591276243,29.120355411954762,174.72874450683594,1
1988,3.8925686591276243,29.120355411954762,13.883362770080566,1
1989,3.8925686591276243,28.972536348949912,3.2546112537384033,1
1990,3.7940226171243934,28.9232633279483,16.897201538085938,1
1991,3.7940226171243934,28.873990306946684,7.0412917137146,1
1992,3.744749596122778,28.873990306946684,16.635269165039062,1
1993,3.6954765751211625,28.824717285945066,18.95980453491211,1
1994,3.5969305331179315,28.824717285945066,20.41213035583496,1
1995,3.449111470113085,28.775444264943452,21.44683265686035,1
1996,3.3998384491114693,28.726171243941835,27.41632080078125,1
1997,3.3998384491114693,28.67689822294022,28.752351760864258,1
1998,3.3998384491114693,28.726171243941835,30.574609756469727,1
1999,3.350565428109854,28.67689822294022,34.940818786621094,1
2000,3.1042003231017765,28.726171243941835,42.226280212402344,1
2001,3.1042003231017765,28.726171243941835,35.85155487060547,1
2002,3.153473344103392,28.775444264943452,30.573362350463867,1
2003,3.2027463651050074,28.67689822294022,34.4447021484375,1
2004,3.153473344103392,28.726171243941835,29.48649787902832,1
2005,3.2027463651050074,28.726171243941835,29.85306739807129,1
2006,3.2027463651050074,28.726171243941835,33.64073944091797,1
2007,3.153473344103392,28.726171243941835,26.864967346191406,1
2008,3.2027463651050074,28.57835218093699,31.69471549987793,1
2009,3.252019386106623,28.430533117932143,38.43028259277344,1
2010,3.2027463651050074,28.529079159935375,71.24092864990234,1
2011,2.9071082390953147,28.775444264943452,48.01832580566406,1
2012,2.9071082390953147,28.57835218093699,48.00666427612305,1
2013,2.857835218093699,28.430533117932143,46.89899444580078,1
2014,2.759289176090468,28.430533117932143,46.81022644042969,1
2015,2.759289176090468,28.33198707592891,57.55644226074219,1
2016,2.660743134087237,28.38126009693053,57.064762115478516,1
2017,2.6114701130856215,28.33198707592891,56.97294235229492,1
2018,2.562197092084006,28.430533117932143,57.14644241333008,1
2019,2.4143780290791597,28.47980613893376,59.39561462402344,1
2020,2.3651050080775438,28.430533117932143,62.95188903808594,1
2021,2.2172859450726974,28.529079159935375,66.24251556396484,1
2022,2.266558966074313,28.38126009693053,68.02539825439453,1
2023,2.1187399030694665,28.627625201938606,72.28671264648438,1
2024,2.069466882067851,28.47980613893376,68.67206573486328,1
2025,1.97092084006462,28.57835218093699,76.52734375,1
2026,2.0201938610662356,28.47980613893376,82.1197738647461,1
2027,1.97092084006462,28.57835218093699,79.49311065673828,1
2028,1.9216478190630044,28.529079159935375,75.78474426269531,1
2029,1.9216478190630044,28.627625201938606,86.42676544189453,1
2030,1.872374798061389,28.726171243941835,106.27428436279297,1
2031,2.069466882067851,28.775444264943452,107.52387237548828,1
2032,2.3158319870759283,28.873990306946684,121.35249328613281,1
2033,2.6114701130856215,29.169628432956376,126.58345031738281,1
2034,2.857835218093699,29.366720516962836,136.95411682128906,1
2035,3.2027463651050074,29.465266558966068,166.21243286132812,1
2036,3.94184168012924,29.613085621970914,174.02676391601562,1
2037,4.7302100161550875,29.465266558966068,2.5040347576141357,1
2038,4.828756058158319,29.317447495961222,26.863113403320312,1
2039,4.976575121163165,28.873990306946684,52.20359802246094,1
2040,4.976575121163165,28.47980613893376,61.536277770996094,1
2041,4.878029079159934,28.184168012924065,65.43757629394531,1
2042,4.779483037156703,27.78998384491114,78.96333312988281,1
2043,4.6809369951534725,27.395799676898218,84.45211029052734,1
2044,4.533117932148626,27.100161550888526,97.0232925415039,1
2045,4.188206785137317,26.705977382875602,108.34231567382812,1
2046,3.744749596122778,26.361066235864293,122.75745391845703,1
2047,3.252019386106623,26.016155088852983,145.85586547851562,1
2048,2.759289176090468,25.819063004846523,165.24066162109375,1
2049,2.7100161550888524,25.62197092084006,154.0909423828125,1
2050,2.6114701130856215,25.523424878836828,152.55068969726562,1
2051,2.562197092084006,25.37560581583198,145.1594696044922,1
2052,2.4143780290791597,25.227786752827136,141.64608764648438,1
2053,2.463651050080775,24.981421647819058,114.19440460205078,1
2054,2.266558966074313,24.587237479806134,104.64677429199219,1
2055,2.1187399030694665,24.291599353796443,102.93109130859375,1
2056,1.872374798061389,23.995961227786747,112.96881866455078,1
2057,1.7245557350565426,23.65105008077544,102.486328125,1
2058,1.6260096930533114,23.355411954765746,101.84140014648438,1
2059,1.6260096930533114,23.01050080775444,96.22481536865234,1
2060,1.5274636510500805,22.66558966074313,92.39653015136719,1
2061,1.379644588045234,22.36995153473344,85.11508178710938,1
2062,1.1825525040387719,22.02504038772213,87.34010314941406,1
2063,1.084006462035541,21.581583198707587,84.41969299316406,1
2064,0.98546042003231,21.23667205169628,89.20271301269531,1
2065,0.9361873990306945,20.842487883683358,87.52110290527344,1
2066,0.98546042003231,20.546849757673662,91.05486297607422,1
2067,1.0347334410339255,20.300484652665585,93.53600311279297,1
2068,1.084006462035541,19.90630048465266,91.9712142944336,1
2069,1.084006462035541,19.80775444264943,90.8758316040039,1
2070,1.3303715670436185,19.462843295638123,85.57427978515625,1
2071,1.379644588045234,19.167205169628428,88.26807403564453,1
2072,1.281098546042003,18.92084006462035,92.8476333618164,1
2073,1.0347334410339255,18.575928917609044,93.2744140625,1
2074,1.0347334410339255,18.37883683360258,87.1343765258789,1
2075,1.084006462035541,17.984652665589657,87.21574401855469,1
2076,0.98546042003231,17.590468497576733,88.9286880493164,1
2077,0.98546042003231,17.097738287560578,86.1342544555664,1
2078,1.0347334410339255,16.555735056542808,91.45748138427734,1
2079,1.281098546042003,16.2108239095315,96.04243469238281,1
2080,1.5274636510500805,15.668820678513729,90.46632385253906,1
2081,1.6260096930533114,15.22536348949919,86.95348358154297,1
2082,1.675282714054927,14.78190630048465,89.10348510742188,1
2083,1.576736672051696,14.486268174474956,94.66848754882812,1
2084,1.4289176090468494,14.141357027463648,99.59516143798828,1
2085,1.4289176090468494,13.845718901453955,99.11830139160156,1
2086,1.478190630048465,13.500807754442647,93.6207504272461,1
2087,1.478190630048465,13.205169628432953,93.82772064208984,1
2088,1.379644588045234,12.761712439418414,98.7503662109375,1
2089,1.2318255250403876,12.318255250403874,110.87750244140625,1
2090,1.2318255250403876,11.92407108239095,105.9862289428711,1
2091,1.1825525040387719,11.579159935379643,97.39950561523438,1
2092,1.0347334410339255,11.28352180936995,101.58551788330078,1
2093,1.0347334410339255,10.987883683360256,99.1829605102539,1
2094,1.1332794830371564,10.642972536348948,97.15265655517578,1
2095,1.084006462035541,10.347334410339254,99.3343505859375,1
2096,1.1332794830371564,10.051696284329562,97.41209411621094,1
2097,1.2318255250403876,9.706785137318253,92.41959381103516,1
2098,1.2318255250403876,9.312600969305329,92.98003387451172,1
2099,1.1332794830371564,8.86914378029079,98.63185119628906,1
2100,1.0347334410339255,8.524232633279482,101.6918716430664,1
2101,1.084006462035541,8.080775444264942,100.85030364990234,1
2102,1.0347334410339255,7.8344103392568645,101.27528381347656,1
2103,0.9361873990306945,7.489499192245556,101.46207427978516,1
2104,0.886914378029079,7.193861066235863,103.75588989257812,1
2105,0.788368336025848,6.89822294022617,95.83606719970703,1
2106,0.689822294022617,6.7504038772213235,100.3414535522461,1
2107,0.6405492730210015,6.405492730210015,91.32715606689453,1
2108,0.6405492730210015,6.109854604200322,92.06341552734375,1
2109,0.5912762520193859,5.715670436187398,93.29730224609375,1
2110,0.492730210016155,5.469305331179321,86.66230773925781,1
2111,0.4434571890145395,5.124394184168012,87.97642517089844,1
2112,0.4434571890145395,4.779483037156703,90.60283660888672,1
2113,0.394184168012924,4.434571890145395,92.01338958740234,1
2114,0.4434571890145395,4.237479806138933,90.58692169189453,1
2115,0.4434571890145395,4.040387722132471,90.26762390136719,1
2116,0.5420032310177705,3.843295638126009,85.6928482055664,1
2117,0.7390953150242325,3.5969305331179315,79.74333190917969,1
2118,0.886914378029079,3.3012924071082383,81.86415100097656,1
2119,0.886914378029079,3.0056542810985456,90.7608871459961,1
2120,0.8376413570274635,2.759289176090468,95.64707946777344,1
2121,0.886914378029079,2.660743134087237,94.32539367675781,1
2122,1.084006462035541,2.3651050080775438,87.03199768066406,1
2123,1.0347334410339255,2.4143780290791597,92.96351623535156,1
2124,0.9361873990306945,2.3651050080775438,96.42948913574219,1
2125,0.886914378029079,2.3158319870759283,97.68464660644531,1
2126,0.9361873990306945,2.266558966074313,97.61563110351562,1
2127,0.98546042003231,2.3158319870759283,95.28426361083984,1
2128,0.98546042003231,2.3651050080775438,92.67683410644531,1
2129,1.0347334410339255,2.3651050080775438,98.75448608398438,1
2130,0.98546042003231,2.3651050080775438,102.51457214355469,1
2131,0.9361873990306945,2.3158319870759283,100.04161834716797,1
2132,0.9361873990306945,2.266558966074313,100.21109771728516,1
2133,1.0347334410339255,2.3158319870759283,96.26177978515625,1
2134,1.1825525040387719,2.4143780290791597,90.6687240600586,1
2135,1.281098546042003,2.3651050080775438,91.91002655029297,1
2136,1.2318255250403876,2.3158319870759283,98.36092376708984,1
2137,1.1332794830371564,2.3158319870759283,110.3343505859375,1
2138,1.1825525040387719,2.266558966074313,101.60449981689453,1
2139,1.1825525040387719,2.2172859450726974,106.73371887207031,1
2140,1.281098546042003,2.168012924071082,106.53350830078125,1
2141,1.379644588045234,2.069466882067851,112.27287292480469,1
2142,1.478190630048465,2.069466882067851,117.17251586914062,1
2143,1.6260096930533114,2.069466882067851,119.82534790039062,1
2144,1.7245557350565426,2.1187399030694665,123.21826171875,1
2145,1.7245557350565426,2.1187399030694665,115.62188720703125,1
2146,1.675282714054927,2.1187399030694665,117.06112670898438,1
2147,1.6260096930533114,2.3158319870759283,120.93289184570312,1
2148,1.576736672051696,2.3651050080775438,113.53617858886719,1
2149,1.576736672051696,2.2172859450726974,112.95487213134766,1
2150,1.5274636510500805,2.168012924071082,116.97286987304688,1
2151,1.5274636510500805,2.1187399030694665,119.5875473022461,1
2152,1.576736672051696,2.0201938610662356,116.14020538330078,1
2153,1.576736672051696,2.069466882067851,120.35094451904297,1
2154,1.576736672051696,2.168012924071082,118.47217559814453,1
2155,1.576736672051696,2.168012924071082,113.71533203125,1
2156,1.576736672051696,2.266558966074313,114.99931335449219,1
2157,1.576736672051696,2.168012924071082,113.94339752197266,1
2158,1.5274636510500805,2.1187399030694665,117.75736236572266,1
2159,1.576736672051696,2.168012924071082,113.05783081054688,1
2160,1.5274636510500805,2.1187399030694665,120.69979095458984,1
2161,1.576736672051696,2.1187399030694665,123.211181640625,1
2162,1.576736672051696,2.1187399030694665,118.34565734863281,1
2163,1.5274636510500805,2.0201938610662356,120.90348052978516,1
2164,1.576736672051696,2.069466882067851,120.13733673095703,1
2165,1.5274636510500805,2.1187399030694665,114.41276550292969,1
2166,1.478190630048465,2.069466882067851,121.24121856689453,1
2167,1.5274636510500805,2.069466882067851,121.05733489990234,1
2168,1.5274636510500805,2.069466882067851,122.85614776611328,1
2169,1.6260096930533114,2.1187399030694665,116.27012634277344,1
2170,1.576736672051696,2.069466882067851,124.04058837890625,1
2171,1.576736672051696,2.0201938610662356,122.9554443359375,1
2172,1.6260096930533114,2.0201938610662356,126.00592041015625,1
2173,1.773828756058158,2.168012924071082,123.32329559326172,1
2174,1.8231017770597735,2.2172859450726974,121.78018951416016,1
2175,1.8231017770597735,2.1187399030694665,125.80192565917969,1
2176,1.9216478190630044,2.069466882067851,129.1742401123047,1
2177,2.0201938610662356,2.069466882067851,132.03433227539062,1
2178,2.069466882067851,2.0201938610662356,138.7071533203125,1
2179,2.069466882067851,1.872374798061389,137.68157958984375,1
2180,2.069466882067851,1.9216478190630044,140.15521240234375,1
2181,2.1187399030694665,2.0201938610662356,140.8309326171875,1
2182,2.069466882067851,1.9216478190630044,132.6498260498047,1
2183,2.069466882067851,1.872374798061389,134.84710693359375,1
2184,2.168012924071082,1.9216478190630044,134.9611358642578,1
2185,2.2172859450726974,2.0201938610662356,138.4781494140625,1
2186,2.2172859450726974,1.872374798061389,134.9605712890625,1
2187,2.266558966074313,1.9216478190630044,135.19677734375,1
2188,2.266558966074313,1.9216478190630044,132.39576721191406,1
2189,2.3158319870759283,1.872374798061389,133.26895141601562,1
2190,2.3158319870759283,1.872374798061389,138.73785400390625,1
2191,2.3651050080775438,1.675282714054927,141.3671112060547,1
2192,2.4143780290791597,1.478190630048465,150.48609924316406,1
2193,2.6114701130856215,1.379644588045234,147.06263732910156,1
2194,2.660743134087237,1.281098546042003,165.58489990234375,1
2195,2.759289176090468,1.2318255250403876,172.9521942138672,1
2196,2.660743134087237,1.1825525040387719,171.16543579101562,1
2197,2.660743134087237,1.1825525040387719,164.6023712158203,1
2198,2.759289176090468,1.2318255250403876,154.0757598876953,1
2199,2.759289176090468,1.3303715670436185,172.24215698242188,1
2200,2.857835218093699,1.281098546042003,159.85214233398438,1
2201,2.8085621970920833,1.281098546042003,159.17124938964844,1
2202,2.95638126009693,1.379644588045234,168.06431579589844,1
2203,2.759289176090468,1.478190630048465,7.058502674102783,1
2204,2.7100161550888524,1.5274636510500805,8.15136432647705,1
2205,2.5129240710823906,1.773828756058158,17.860366821289062,1
2206,2.266558966074313,2.069466882067851,31.23472023010254,1
2207,1.9216478190630044,2.5129240710823906,42.044151306152344,1
2208,1.7245557350565426,2.9071082390953147,48.952056884765625,1
2209,1.576736672051696,3.3012924071082383,59.72487258911133,1
2210,1.478190630048465,3.6954765751211625,64.9444580078125,1
2211,1.478190630048465,4.138933764135702,75.43327331542969,1
2212,1.576736672051696,4.533117932148626,84.7026138305664,1
2213,1.7245557350565426,5.025848142164781,89.55963134765625,1
2214,1.9216478190630044,5.321486268174474,100.20867156982422,1
2215,2.2172859450726974,5.7649434571890135,114.56302642822266,1
2216,2.660743134087237,6.208400646203553,127.21375274658203,1
2217,3.2027463651050074,6.553311793214862,150.08770751953125,1
2218,3.843295638126009,6.651857835218093,174.0974884033203,1
2219,4.336025848142164,6.651857835218093,10.931164741516113,1
2220,4.7302100161550875,6.504038772213246,26.34737777709961,1
2221,5.173667205169627,6.257673667205168,44.11867141723633,1
2222,5.518578352180936,5.91276252019386,57.659305572509766,1
2223,5.91276252019386,5.469305331179321,68.27049255371094,1
2224,6.159127625201937,5.025848142164781,77.22747802734375,1
2225,6.3562197092084,4.533117932148626,81.0254898071289,1
2226,6.454765751211631,4.040387722132471,85.99305725097656,1
2227,6.504038772213246,3.449111470113085,87.21377563476562,1
2228,6.454765751211631,3.0056542810985456,94.25529479980469,1
2229,6.405492730210015,2.5129240710823906,97.59016418457031,1
2230,6.306946688206784,2.266558966074313,108.49835968017578,1
2231,6.109854604200322,2.069466882067851,126.72460174560547,1
2232,5.863489499192244,1.872374798061389,149.7318878173828,1
2233,5.518578352180936,1.773828756058158,154.82717895507812,1
2234,5.124394184168012,1.675282714054927,162.88514709472656,1
2235,4.631663974151857,1.675282714054927,175.61614990234375,1
2236,4.138933764135702,1.675282714054927,3.912628412246704,1
2237,3.646203554119547,1.8231017770597735,9.661930084228516,1
2238,3.3012924071082383,2.0201938610662356,19.294559478759766,1
2239,3.0056542810985456,2.3158319870759283,36.64597702026367,1
2240,2.759289176090468,2.759289176090468,56.445167541503906,1
2241,2.660743134087237,3.153473344103392,69.48698425292969,1
2242,2.759289176090468,3.547657512116316,81.11918640136719,1
2243,2.857835218093699,4.040387722132471,86.8553695678711,1
2244,3.054927302100161,4.533117932148626,94.23289489746094,1
2245,3.252019386106623,4.976575121163165,102.10635375976562,1
2246,3.547657512116316,5.37075928917609,119.25381469726562,1
2247,3.9911147011308556,5.6663974151857825,137.6725616455078,1
2248,4.582390953150242,5.962035541195475,157.04627990722656,1
2249,5.124394184168012,6.109854604200322,176.44622802734375,1
2250,5.7649434571890135,6.159127625201937,3.2924015522003174,1
2251,6.306946688206784,6.109854604200322,8.586481094360352,1
2252,6.848949919224554,6.011308562197091,19.639806747436523,1
2253,7.341680129240709,5.863489499192244,31.416528701782227,1
2254,7.8344103392568645,5.567851373182552,43.86863708496094,1
2255,8.228594507269788,5.173667205169627,53.051124572753906,1
2256,8.524232633279482,4.7302100161550875,64.77326965332031,1
2257,8.77059773828756,4.237479806138933,68.96485137939453,1
2258,8.86914378029079,3.8925686591276243,76.41378021240234,1
2259,9.016962843295637,3.3012924071082383,76.62987518310547,1
2260,9.164781906300483,2.759289176090468,82.11927032470703,1
2261,9.214054927302099,2.3651050080775438,89.78926086425781,1
2262,9.312600969305329,2.266558966074313,85.02294158935547,1
2263,9.361873990306945,2.4143780290791597,76.22015380859375,1
2264,9.509693053311791,2.168012924071082,71.74298095703125,1
2265,9.706785137318253,1.97092084006462,63.80997848510742,1
2266,9.95315024232633,1.97092084006462,51.46772003173828,1
2267,10.29806138933764,1.773828756058158,46.386043548583984,1
2268,10.593699515347332,1.576736672051696,39.97853088378906,1
2269,10.889337641357026,1.478190630048465,32.57954788208008,1
2270,11.234248788368333,1.4289176090468494,24.593149185180664,1
2271,11.529886914378027,1.3303715670436185,27.233386993408203,1
2272,11.82552504038772,1.1825525040387719,30.369129180908203,1
2273,12.318255250403874,1.2318255250403876,19.24505043029785,1
2274,12.7124394184168,1.2318255250403876,12.638578414916992,1
2275,13.106623586429723,1.1332794830371564,12.975730895996094,1
2276,13.402261712439415,1.0347334410339255,19.545934677124023,1
2277,13.697899838449109,0.9361873990306945,19.64293670654297,1
2278,14.042810985460417,0.886914378029079,18.50929069519043,1
2279,14.387722132471726,0.788368336025848,15.7066650390625,1
2280,14.78190630048465,0.788368336025848,9.482900619506836,1
2281,15.077544426494343,0.689822294022617,8.695873260498047,1
2282,15.521001615508883,0.5912762520193859,10.3803129196167,1
2283,15.86591276252019,0.492730210016155,7.131901741027832,1
2284,16.358642972536344,0.492730210016155,179.24363708496094,1
2285,16.802100161550886,0.5420032310177705,175.31610107421875,1
2286,17.393376413570273,0.5420032310177705,168.12876892089844,1
2287,17.984652665589657,0.5912762520193859,168.2005615234375,1
2288,18.625201938610658,0.6405492730210015,173.03172302246094,1
2289,19.167205169628428,0.5420032310177705,0.553057074546814,1
2290,19.7092084006462,0.394184168012924,7.801755905151367,1
2291,19.95557350565428,0.689822294022617,179.07418823242188,1
2292,20.349757673667202,1.1332794830371564,158.85064697265625,1
2293,20.645395799676894,1.5274636510500805,149.21034240722656,1
2294,20.941033925686586,1.9216478190630044,141.20571899414062,1
2295,21.285945072697896,2.2172859450726974,139.1057586669922,1
2296,21.729402261712437,2.562197092084006,130.8800048828125,1
2297,22.22213247172859,3.0056542810985456,135.37828063964844,1
2298,22.714862681744744,3.449111470113085,133.96109008789062,1
2299,23.256865912762517,3.8925686591276243,134.80673217773438,1
2300,23.798869143780287,4.237479806138933,134.3769073486328,1
2301,24.242326332794825,4.582390953150242,138.051513671875,1
2302,24.833602584814212,4.92730210016155,147.22787475585938,1
2303,25.37560581583198,5.173667205169627,155.07090759277344,1
2304,25.96688206785137,5.37075928917609,155.29913330078125,1
2305,26.558158319870753,5.518578352180936,158.62753295898438,1
2306,27.198707592891754,5.617124394184167,159.4687042236328,1
2307,27.839256865912756,5.715670436187398,165.43927001953125,1
2308,28.282714054927297,5.7649434571890135,167.0513458251953,1
2309,28.085621970920833,5.7649434571890135,153.3625946044922,1
2310,28.085621970920833,5.91276252019386,141.35586547851562,1
2311,28.13489499192245,6.109854604200322,128.74826049804688,1
2312,28.33198707592891,6.454765751211631,122.0891342163086,1
2313,28.57835218093699,6.848949919224554,120.27143096923828,1
2314,28.9232633279483,7.193861066235863,118.5381851196289,1
2315,29.071082390953144,7.538772213247172,110.68633270263672,1
2316,29.120355411954762,7.8344103392568645,101.50424194335938,1
2317,29.268174474959608,8.228594507269788,101.22251892089844,1
2318,29.415993537964454,8.573505654281098,103.9246826171875,1
2319,29.514539579967686,8.86914378029079,106.56067657470703,1
2320,29.514539579967686,9.115508885298867,96.8641357421875,1
2321,29.613085621970914,9.460420032310175,103.80604553222656,1
2322,29.66235864297253,9.756058158319869,103.41755676269531,1
2323,29.5638126009693,10.002423263327946,94.3232192993164,1
2324,29.514539579967686,10.445880452342486,90.97026824951172,1
2325,29.366720516962836,10.790791599353794,83.65091705322266,1
2326,29.169628432956376,11.28352180936995,79.33515930175781,1
2327,28.972536348949912,11.82552504038772,76.05145263671875,1
2328,28.726171243941835,12.36752827140549,60.43812942504883,1
2329,28.47980613893376,13.057350565428107,64.68280029296875,1
2330,28.184168012924065,13.697899838449109,69.24564361572266,1
2331,27.888529886914373,14.289176090468494,66.02113342285156,1
2332,27.69143780290791,14.831179321486266,73.45390319824219,1
2333,27.543618739903064,15.373182552504035,76.27491760253906,1
2334,27.49434571890145,16.01373182552504,83.95972442626953,1
2335,27.49434571890145,16.457189014539576,96.07701873779297,1
2336,27.642164781906295,16.999192245557346,102.65929412841797,1
2337,27.78998384491114,17.393376413570273,115.98182678222656,1
2338,28.184168012924065,17.83683360258481,125.85285186767578,1
2339,28.529079159935375,18.132471728594503,137.5605010986328,1
2340,28.9232633279483,18.329563812600966,148.6971893310547,1
2341,28.9232633279483,18.575928917609044,136.58042907714844,1
2342,29.071082390953144,18.970113085621968,128.00582885742188,1
2343,29.268174474959608,19.167205169628428,122.920654296875,1
2344,29.415993537964454,19.462843295638123,120.3510971069336,1
2345,29.514539579967686,19.758481421647815,119.13141632080078,1
2346,29.613085621970914,20.004846526655893,115.5164794921875,1
2347,29.711631663974146,20.25121163166397,112.33133697509766,1
2348,29.760904684975763,20.49757673667205,110.30830383300781,1
2349,29.85945072697899,20.79321486268174,108.83594512939453,1
