frame,x_cm,y_cm,theta,detected
305,12.966183574879208,5.746376811594194,119.7008590698242,1
306,13.260869565217373,5.869162640901763,123.35000991821289,1
307,13.522812667740183,5.893719806763277,133.56600901351862,1
308,13.801127214170672,5.893719806763277,141.8127256232491,1
309,14.066344605475019,5.883896940418671,150.09730936900016,1
310,14.636070853462135,5.893719806763277,165.04742139564542,1
311,15.14685990338162,5.834782608695643,174.76541271863326,1
312,15.579066022544259,5.824959742351038,179.094489938043,1
313,16.178260869565193,5.579388083735902,0.8134933667602874,1
314,16.728341384863096,5.284702093397738,0.7831771233868368,1
315,17.21948470209337,4.940901771336547,0.022416020947754602,1
316,17.710628019323643,4.508695652173906,1.4756344374843025,1
317,18.231239935587734,3.93896940418679,5.202122478441623,1
318,18.447342995169056,3.5362318840579663,11.84282066460493,1
319,18.62415458937195,3.172785829307564,21.69773298401676,1
320,18.761674718196428,2.7307568438003185,32.99663952934103,1
321,18.83043478260867,2.2789049919484667,44.56593565169194,1
322,18.879549114331695,1.8663446054750377,50.570556243282304,1
323,19.007246376811565,1.4930756843800301,52.744676171449576,1
324,19.15458937198065,1.1590982286634444,48.74399750409551,1
325,19.419806763285,0.9724637681159406,46.51565027532247,1
326,19.69484702093395,0.9135265700483078,42.303198887290705,1
327,19.999355877616715,0.8840579710144914,39.99435074547513,1
328,20.244927536231856,0.8840579710144916,36.724286157977716,1
329,20.53961352657002,0.8447665056360696,31.13443590296132,1
330,20.726247987117524,0.7858293075684368,23.02955209720205,1
331,21.020933977455687,0.6679549114331713,14.660629627711213,1
332,21.33526570048306,0.5599033816425112,8.74135200328516,1
333,21.68888888888886,0.491143317230273,4.767726547568152,1
334,22.03268921095005,0.48132045088566755,2.944611355969499,1
335,22.415780998389664,0.48132045088566755,2.4229709656634135,1
336,22.759581320450856,0.5206119162640894,2.6735990360114643,1
337,23.103381642512044,0.5500805152979058,2.398922354607034,1
338,23.47665056360705,0.5304347826086948,2.2691457019591326,1
339,23.820450885668244,0.491143317230273,1.0773967150451902,1
340,24.14460547504022,0.47149758454106205,179.0684021436034,1
341,24.478582930756808,0.4813204508856675,176.71556245925947,1
342,24.812560386473397,0.5500805152979058,172.5071649177741,1
343,25.16618357487919,0.6777777777777768,168.00015526630747,1
344,25.59838969404183,0.8251207729468586,163.62333065339234,1
345,26.099355877616706,1.001932367149757,160.693331026648,1
346,26.649436392914613,1.2082125603864715,159.7917883520565,1
347,27.130756843800278,1.4046698872785808,160.18914215774677,1
348,27.464734299516863,1.5913043478260847,158.83538526673874,1
349,27.700483091787397,1.8172302737520103,156.09566064170755,1
350,27.83800322061187,2.0628019323671465,149.3711070601704,1
351,27.877294685990297,2.3476650563607047,140.48847487603368,1
352,27.955877616747138,2.6816425120772904,131.1349385301372,1
353,28.162157809983853,3.064734299516904,125.88775201423233,1
354,28.368438003220568,3.457648953301122,121.92805105034995,1
355,28.555072463768074,3.8603864734299456,119.80807029771056,1
356,28.741706924315576,4.272946859903375,116.29162788760503,1
357,28.92834138486308,4.724798711755226,113.59251497616185,1
358,29.05603864734295,5.166827697262471,108.0193187632325,1
359,29.183735909822826,5.589210950080506,103.21677761325178,1
360,29.3212560386473,6.021417069243148,101.2215366019853,1
361,29.429307568437963,6.424154589371971,99.10799461109158,1
362,29.488244766505595,6.7876006441223735,97.2901435218563,1
363,29.54718196457323,7.16086956521738,96.38531682120343,1
364,29.606119162640862,7.543961352656995,95.46106057149693,1
365,29.655233494363888,7.927053140096606,94.1588792872268,1
366,29.684702093397703,8.290499194847008,93.20350169294561,1
367,29.723993558776122,8.683413848631227,92.44691034633529,1
368,29.753462157809942,9.086151368760051,91.63776055992143,1
369,29.782930756843758,9.498711755233481,92.20483758670258,1
370,29.782930756843758,9.911272141706911,92.21922742394655,1
371,29.802576489532964,10.372946859903367,92.06893623471656,1
372,29.812399355877574,10.854267310789036,91.99062824034559,1
373,29.851690821255993,11.345410628019307,92.72077288746438,1
374,29.84186795491139,11.826731078904974,93.11389966391017,1
375,29.812399355877574,12.317874396135249,91.91151145358856,1
376,29.782930756843758,12.838486312399336,91.64553355976442,1
377,29.73381642512073,13.359098228663424,91.64474419525928,1
378,29.645410628019278,13.938647342995148,90.9164743129015,1
379,29.586473429951646,14.606602254428319,89.92060483467583,1
380,29.57665056360704,15.323671497584519,90.83998081918736,1
381,29.596296296296252,16.040740740740716,92.86196564028012,1
382,29.65523349436388,16.757809983896916,96.42647379933449,1
383,29.73381642512073,17.386473429951664,98.79554936121991,1
384,29.83204508856678,17.926731078904965,102.00071861581026,1
385,29.910628019323628,18.38840579710142,102.90963915886996,1
386,29.979388083735863,18.80096618357485,102.87997282291988,1
387,30.0383252818035,19.16441223832525,100.64530015265557,1
388,30.08743961352652,19.53768115942026,100.7448383424069,1
389,30.136553945249553,19.901127214170664,100.07267878913422,1
390,30.18566827697258,20.244927536231852,99.56565952437211,1
391,30.224959742351,20.588727858293048,98.27451909616067,1
392,30.27407407407403,20.94235104669884,97.79367879936086,1
393,30.323188405797055,21.28615136876003,96.62283478088672,1
394,30.362479871175474,21.629951690821223,95.38306802545564,1
395,30.4017713365539,21.993397745571624,95.69757075949637,1
396,30.421417069243113,22.327375201288213,97.06315195800191,1
397,30.441062801932322,22.661352657004798,97.77896857030466,1
398,30.470531400966138,22.985507246376777,98.22646634959452,1
399,30.49017713365535,23.29983896940415,98.84491666289938,1
400,30.499999999999954,23.594524959742316,100.28166885600032,1
401,30.519645732689167,23.88921095008048,100.84997734852203,1
402,30.52946859903377,24.18389694041864,100.38880211458675,1
403,30.52946859903377,24.4687600644122,100.21067723636361,1
404,30.52946859903377,24.73397745571655,101.13390399489673,1
405,30.55893719806759,25.009017713365502,100.32489190812021,1
406,30.598228663446008,25.293880837359062,99.85428377073808,1
407,30.627697262479824,25.55909822866341,100.34984845742457,1
408,30.666988727858246,25.84396135265697,100.05952075493795,1
409,30.716103059581275,26.148470209339735,98.50241957151903,1
410,30.74557165861509,26.4431561996779,97.22376569940243,1
411,30.775040257648907,26.737842190016067,96.32117776355283,1
412,30.804508856682723,27.032528180354227,95.27252589977105,1
413,30.824154589371933,27.317391304347787,95.06650999389818,1
414,30.833977455716543,27.602254428341343,96.3253749128913,1
415,30.843800322061146,27.8871175523349,96.7884350764981,1
416,30.843800322061146,28.162157809983853,97.12786589575563,1
417,30.843800322061146,28.397906602254388,97.5031615079394,1
418,30.833977455716543,28.574718196457287,98.48799634868689,1
419,30.78486312399351,28.67294685990334,97.38559159868291,1
420,30.755394524959694,28.731884057970973,98.08414831560523,1
421,30.755394524959694,28.77117552334939,98.49465431345479,1
422,30.765217391304297,28.780998389694,99.15403402537265,1
423,30.755394524959694,28.76135265700479,98.18334617433825,1
424,30.804508856682723,28.77117552334939,98.63072769170336,1
425,30.843800322061146,28.780998389694,98.48603861551105,1
426,30.85362318840575,28.77117552334939,98.29751205765609,1
427,30.824154589371933,28.75152979066018,97.03725093176243,1
428,30.794685990338117,28.741706924315576,95.91322000392599,1
429,30.74557165861509,28.741706924315576,94.0567974950119,1
430,30.72592592592588,28.751529790660186,93.81891205967108,1
431,30.716103059581275,28.722061191626363,95.01480368627746,1
432,30.74557165861509,28.722061191626363,96.43195951935608,1
433,30.794685990338117,28.780998389694002,98.5668312906279,1
434,30.804508856682723,28.80064412238321,98.78640658373573,1
435,30.755394524959694,28.80064412238321,97.01620734398092,1
436,30.676811594202853,28.830112721417027,92.77196870598624,1
437,30.568760064412196,28.869404186795446,88.46990037214266,1
438,30.441062801932322,28.869404186795453,84.10293910464645,1
439,30.333011272141665,28.898872785829262,79.85126995498827,1
440,30.195491143317184,28.938164251207684,73.79862831576685,1
441,30.0383252818035,29.006924315619926,67.98311733523472,1
442,29.871336553945202,29.085507246376768,61.51909178568152,1
443,29.684702093397703,29.21320450885664,53.21110893428362,1
444,29.468599033816382,29.36054750402572,46.18513758671157,1
445,29.262318840579667,29.527536231884017,39.77950245143389,1
446,29.036392914653742,29.694524959742306,32.893556838910875,1
447,28.80064412238321,29.851690821255993,27.504491487685648,1
448,28.574718196457287,29.959742351046657,23.500113472323882,1
449,28.338969404186752,30.057971014492704,19.177512572489125,1
450,28.093397745571615,30.14637681159416,16.481559273749717,1
451,27.838003220611874,30.215136876006397,14.254822770437949,1
452,27.553140096618318,30.293719806763242,12.2090513031528,1
453,27.238808373590945,30.382125603864687,10.674605423448964,1
454,26.914653784218963,30.460708534621535,8.584191685217109,1
455,26.590499194846977,30.519645732689167,6.70357075980216,1
456,26.285990338164208,30.568760064412192,6.068698028758777,1
457,26.01095008051526,30.588405797101405,4.723714378656823,1
458,25.75555555555552,30.598228663446008,3.4481400010537318,1
459,25.519806763284986,30.60805152979061,4.173767061620892,1
460,25.284057971014455,30.60805152979061,5.0009710635349744,1
461,25.028663446054715,30.60805152979061,5.766725328148352,1
462,24.743800322061155,30.60805152979061,5.86028429692661,1
463,24.44911433172299,30.61787439613522,7.623391284370435,1
464,24.134782608695616,30.588405797101405,7.707443436112947,1
465,23.82045088566824,30.55893719806759,6.717237823164057,1
466,23.49629629629626,30.52946859903377,5.675141260851856,1
467,23.19178743961349,30.519645732689167,7.331490442829848,1
468,22.89710144927533,30.480354267310748,7.30199275734758,1
469,22.622061191626376,30.470531400966138,7.561049404448248,1
470,22.347020933977426,30.49017713365535,9.399282544023382,1
471,22.101449275362285,30.519645732689167,10.378347096866916,1
472,21.85587761674715,30.52946859903377,10.541744910111381,1
473,21.61030595813201,30.55893719806759,10.835937196872019,1
474,21.35491143317227,30.598228663446015,11.771456713315066,1
475,21.09951690821253,30.61787439613522,11.369424098894116,1
476,20.83429951690818,30.637520128824434,11.569665294310571,1
477,20.55925925925923,30.66698872785825,10.90319116826476,1
478,20.27439613526567,30.696457326892066,10.717752188918503,1
479,19.98953301127211,30.716103059581275,10.202980371775512,1
480,19.685024154589343,30.73574879227049,10.156102788265125,1
481,19.37069243156197,30.755394524959694,8.15426622383169,1
482,19.056360708534594,30.765217391304304,7.005551715764074,1
483,18.712560386473402,30.775040257648907,5.893167317502576,1
484,18.358937198067604,30.775040257648907,4.113992346283454,1
485,17.995491143317203,30.73574879227049,1.2065447936831777,1
486,17.6222222222222,30.637520128824434,178.87030797608716,1
487,17.21948470209337,30.509822866344557,175.87837842227023,1
488,16.806924315619945,30.36247987117548,174.64867313132723,1
489,16.384541062801908,30.224959742351,176.2796567114999,1
490,15.952334943639267,30.156199677938766,1.95201524606108,1
491,15.539774557165837,30.11690821256034,9.199164224401155,1
492,15.156682769726226,30.067793880837314,13.99470883103071,1
493,14.783413848631216,30.0383252818035,16.420981638763227,1
494,14.410144927536209,30.028502415458895,18.486436662741806,1
495,14.056521739130412,30.018679549114285,18.62867653833715,1
496,13.673429951690801,30.028502415458888,17.865493049991937,1
497,13.260869565217371,30.067793880837314,16.700729987364788,1
498,12.858132045088547,30.107085346215733,15.830561098983823,1
499,12.46521739130433,30.146376811594155,13.639458482957012,1
500,12.062479871175505,30.17584541062797,12.67340407004925,1
501,11.689210950080497,30.215136876006397,12.542989399842645,1
502,11.335587761674699,30.27407407407403,14.96665537262579,1
503,11.001610305958115,30.342834138486268,17.666704929509553,1
504,10.677455716586135,30.391948470209297,19.43781364320141,1
505,10.382769726247972,30.421417069243113,19.29045761408298,1
506,10.088083735909807,30.450885668276932,19.643865618172963,1
507,9.793397745571644,30.470531400966138,18.935408685315316,1
508,9.488888888888875,30.49017713365535,19.16555023023966,1
509,9.184380032206105,30.519645732689167,19.754896546880154,1
510,8.860225442834125,30.549114331722983,19.91542427852027,1
511,8.52624798711754,30.568760064412192,19.56293371297452,1
512,8.202093397745559,30.588405797101405,20.56225830961559,1
513,7.8681159420289735,30.60805152979061,19.82361162553892,1
514,7.534138486312388,30.627697262479824,20.618135871683045,1
515,7.200161030595803,30.647342995169037,19.854762148718077,1
516,6.885829307568427,30.676811594202853,18.916833485268008,1
517,6.561674718196447,30.716103059581275,17.019445768999343,1
518,6.257165861513679,30.755394524959694,16.686833237873245,1
519,5.952657004830909,30.78486312399351,14.593947938215736,1
520,5.6579710144927455,30.81433172302733,14.122318901963142,1
521,5.3436392914653705,30.824154589371936,13.177837356581088,1
522,5.039130434782601,30.81433172302733,12.479152887129704,1
523,4.7149758454106205,30.804508856682723,11.602659184531989,1
524,4.39082125603864,30.79468599033812,11.388101398806775,1
525,4.056843800322055,30.78486312399351,11.181085572656473,1
526,3.781803542673102,30.784863123993517,11.698385273103062,1
527,3.555877616747176,30.784863123993517,11.695181366081982,1
528,3.3987117552334896,30.775040257648907,10.488164711825894,1
529,3.31030595813204,30.775040257648907,10.117854079960006,1
530,3.290660225442829,30.775040257648907,10.145617013490348,1
531,3.2808373590982236,30.775040257648907,10.015888617834339,1
532,3.2710144927536184,30.79468599033812,11.114433905970696,1
533,3.2710144927536184,30.81433172302733,11.91728715129762,1
534,3.2710144927536184,30.824154589371936,12.290863470981922,1
535,3.2710144927536184,30.833977455716543,12.237041002081027,1
536,3.2611916264090133,30.833977455716543,11.94873943950767,1
537,3.261191626409013,30.843800322061146,11.713218078107591,1
538,3.261191626409013,30.843800322061146,11.561288904142993,1
539,3.261191626409013,30.853623188405756,10.539010891583825,1
540,3.2611916264090133,30.86344605475035,9.429430111903677,1
541,3.2710144927536184,30.892914653784175,8.773084260551164,1
542,3.2808373590982236,30.902737520128778,7.530264958387846,1
543,3.290660225442829,30.91256038647338,7.249608949317633,1
544,3.3004830917874353,30.902737520128778,5.786310554362853,1
545,3.3004830917874344,30.892914653784167,4.0087115197065755,1
546,3.31030595813204,30.87326892109496,1.8508249761748452,1
547,3.320128824476645,30.843800322061146,179.1671888918962,1
548,3.31030595813204,30.804508856682723,176.623909757248,1
549,3.2710144927536184,30.765217391304304,173.96895721059363,1
550,3.231723027375197,30.706280193236672,170.64055476356614,1
551,3.1826086956521693,30.61787439613522,167.38021055306427,1
552,3.1236714975845365,30.499999999999954,163.2819824036849,1
553,3.045088566827693,30.35265700483087,155.22497333686408,1
554,2.9370370370370327,30.17584541062798,148.54385913978658,1
555,2.819162640901767,29.979388083735863,142.29393284588875,1
556,2.6718196457326853,29.763285024154545,133.5947262368032,1
557,2.4950080515297866,29.53735909822862,126.13217038981601,1
558,2.328019323671494,29.3212560386473,121.60023752298224,1
559,2.180676328502412,29.095330112721378,116.01457098249863,1
560,2.0333333333333306,28.84975845410624,110.7625468361877,1
561,1.905636070853459,28.62383252818031,107.12467648709664,1
562,1.7779388083735885,28.368438003220568,103.9370453392715,1
563,1.6502415458937172,28.10322061191622,101.00455161617384,1
564,1.561835748792268,27.808534621578058,97.14411587382762,1
565,1.49307568438003,27.5138486312399,93.74436297052395,1
566,1.4144927536231864,27.14057971014489,91.77846640168646,1
567,1.3555555555555536,26.73784219001606,90.7190986846028,1
568,1.3359098228663426,26.315458937198024,89.49154817161686,1
569,1.3064412238325265,25.893075684379994,88.97775035238247,1
570,1.2376811594202881,25.460869565217354,90.20296378139055,1
571,1.2082125603864717,25.09742351046695,91.93292850722459,1
572,1.1983896940418663,24.79291465378418,92.06577302709461,1
573,1.1590982286634444,24.48840579710141,92.86852867000447,1
574,1.109983896940417,24.21336553945246,93.9441234418312,1
575,1.090338164251206,23.97761674718193,93.05562674409424,1
576,1.070692431561995,23.71239935587758,92.70942434180252,1
577,1.0412238325281788,23.41771336553942,92.24759866602743,1
578,1.0314009661835732,23.142673107890467,91.91184354993126,1
579,1.0510466988727842,22.857809983896907,90.74679324303989,1
580,1.1198067632850226,22.523832528180318,89.81884433932889,1
581,1.1689210950080497,22.189855072463736,88.1138947431608,1
582,1.2082125603864715,21.85587761674715,88.60722689912613,1
583,1.2278582930756827,21.521900161030565,88.64497600568319,1
584,1.2180354267310771,21.18792270531398,89.95257616816079,1
585,1.1689210950080497,20.88341384863121,92.17675461622589,1
586,1.1099838969404172,20.59855072463765,93.13691100622418,1
587,1.070692431561995,20.313687600644094,92.50146107847779,1
588,1.0314009661835732,19.99935587761672,91.6887738433842,1
589,1.0019323671497569,19.675201288244736,91.5677693345504,1
590,0.9724637681159406,19.331400966183544,90.21557553547667,1
591,0.9626409017713351,18.967954911433146,89.13359376779393,1
592,0.9724637681159407,18.614331723027348,87.6774096181189,1
593,1.001932367149757,18.270531400966156,87.15454152029886,1
594,1.0510466988727842,17.87761674718194,85.19023156636739,1
595,1.1001610305958116,17.46505636070851,83.97163688309726,1
596,1.1492753623188388,17.032850241545866,84.74866493073027,1
597,1.1590982286634444,16.580998389694017,87.19577229676946,1
598,1.1492753623188388,16.099677938808348,90.07970329228571,1
599,1.1394524959742334,15.657648953301102,94.27407096482543,1
600,1.1198067632850224,15.205797101449253,97.32471992087257,1
601,1.0706924315619952,14.773590982286612,98.54740087422573,1
602,1.0314009661835732,14.351207729468578,98.02352747234713,1
603,1.0215780998389676,13.948470209339751,96.94704519260354,1
604,0.982286634460546,13.555555555555534,94.80831760690099,1
605,0.9331723027375187,13.192109500805135,93.42791009286148,1
606,0.9037037037037023,12.848309178743943,93.2339435981369,1
607,0.874235104669886,12.514331723027357,92.77547412514804,1
608,0.8251207729468586,12.190177133655377,92.70155077239386,1
609,0.7858293075684368,11.885668276972606,94.14004627055647,1
610,0.7858293075684368,11.610628019323652,93.72406971497574,1
611,0.7956521739130423,11.315942028985491,92.52302312155376,1
612,0.8054750402576477,11.01143317230272,92.82535098046797,1
613,0.8054750402576477,10.706924315619952,93.62473823815293,1
614,0.7956521739130423,10.372946859903367,92.37603665160296,1
615,0.746537842190015,10.01932367149757,93.19043225611313,1
616,0.6974235104669877,9.685346215780985,93.18204811755152,1
617,0.6581320450885658,9.371014492753611,91.41502508095017,1
618,0.6384863123993549,9.046859903381629,91.11538115268715,1
619,0.618840579710144,8.722705314009648,91.72984251557298,1
620,0.6090177133655386,8.388727858293064,92.20731728839122,1
621,0.5893719806763277,8.04492753623187,93.55509035225052,1
622,0.5500805152979058,7.701127214170681,94.21187093645976,1
623,0.5107890499194839,7.396618357487911,92.95284114732459,1
624,0.48132045088566755,7.1019323671497485,91.51167754192105,1
625,0.4616747181964566,6.81706924315619,90.12522656126046,1
626,0.4322061191626402,6.551851851851842,89.544193442357,1
627,0.42238325281803474,6.286634460547495,89.97873243888196,1
628,0.42238325281803474,5.991948470209331,89.81909566620058,1
629,0.42238325281803474,5.716908212560378,90.06485010803189,1
630,0.4616747181964566,5.441867954911425,90.59837359081146,1
631,0.5402576489533003,5.147181964573261,90.61814619158716,1
632,0.599194847020933,4.862318840579702,91.70519427008004,1
633,0.6483091787439603,4.597101449275355,93.58439366106867,1
634,0.746537842190015,4.3220611916264025,93.17127900429941,1
635,0.8545893719806751,4.037198067632844,91.09003295404933,1
636,0.9528180354267297,3.732689210950075,87.94835638032437,1
637,1.0805152979066008,3.4183574879227003,85.02520980044022,1
638,1.2082125603864715,3.113848631239931,82.71719423901395,1
639,1.2769726247987099,2.9075684380032163,83.50739162907828,1
640,1.2769726247987099,2.7405797101449236,86.09547694893217,1
641,1.2180354267310771,2.622705314009658,91.58517566601141,1
642,1.1492753623188388,2.5539452495974198,96.98883212848796,1
643,1.0805152979066006,2.5244766505636034,101.58157767730304,1
644,1.0314009661835732,2.4458937198067594,105.19626151835242,1
645,1.0117552334943622,2.3967793880837323,108.56952541306067,1
646,1.0706924315619952,2.3869565217391266,108.67888736650455,1
647,1.129629629629628,2.396779388083732,108.01741020740931,1
648,1.16892109500805,2.4262479871175486,109.34060974782489,1
649,1.2082125603864717,2.495008051529787,110.16621697011753,1
650,1.2180354267310771,2.534299516908209,110.12293435644465,1
651,1.1787439613526554,2.5637681159420254,109.16918770935271,1
652,1.1296296296296278,2.55394524959742,110.1620011269698,1
653,1.1198067632850224,2.524476650563604,108.72291202811009,1
654,1.1001610305958116,2.4655394524959706,107.91943724486774,1
655,1.1001610305958116,2.4360708534621542,107.69698470765475,1
656,1.109983896940417,2.406602254428338,109.9429218145985,1
657,1.1394524959742334,2.416425120772943,110.11393413788599,1
658,1.16892109500805,2.4360708534621542,109.13992632039721,1
659,1.1983896940418663,2.4557165861513655,108.52064602917474,1
660,1.2180354267310771,2.46553945249597,110.27056210611511,1
661,1.2671497584541045,2.495008051529787,108.96724233099829,1
662,1.296618357487921,2.5048309178743926,108.95450081942711,1
663,1.2966183574879209,2.495008051529787,111.01377663556869,1
664,1.2966183574879209,2.4360708534621542,113.98687024609777,1
665,1.3260869565217372,2.4164251207729435,113.72452125524171,1
666,1.3359098228663426,2.386956521739127,117.45588318419217,1
667,1.3457326892109482,2.3476650563607047,119.83820703652663,1
668,1.3752012882447644,2.308373590982283,121.56370831066761,1
669,1.4144927536231864,2.3083735909822827,121.86871808714852,1
670,1.4341384863123972,2.269082125603861,122.93408159683955,1
671,1.4439613526570025,2.2199677938808335,122.91522492056843,1
672,1.4734299516908191,2.2003220611916228,123.40319386771657,1
673,1.5028985507246355,2.2003220611916228,122.38895642895181,1
674,1.5028985507246353,2.219967793880834,123.16822660950987,1
675,1.49307568438003,2.2494363929146504,123.76310532109095,1
676,1.4832528180354245,2.2789049919484663,124.30652839307481,1
677,1.4734299516908191,2.2887278582930723,122.91677527769404,1
678,1.4341384863123974,2.308373590982283,124.28683005154569,1
679,1.4439613526570025,2.3378421900160995,121.34551203368392,1
680,1.4341384863123972,2.3378421900160995,120.09928839566808,1
681,1.4341384863123972,2.3771336553945215,116.99481686534956,1
682,1.3948470209339754,2.3967793880837323,117.0889247037281,1
683,1.3752012882447646,2.406602254428338,115.98834227386216,1
684,1.3555555555555536,2.406602254428338,114.91338817032083,1
685,1.365378421900159,2.455716586151365,113.04477036187465,1
686,1.3457326892109482,2.4360708534621542,114.14746487163158,1
687,1.38502415458937,2.44589371980676,112.85451118906747,1
688,1.424315619967792,2.426247987117549,113.09789283599036,1
689,1.424315619967792,2.367310789049916,115.9192664839468,1
690,1.4341384863123974,2.2985507246376775,118.31512152769551,1
691,1.4734299516908191,2.2789049919484663,117.342103357952,1
692,1.4734299516908191,2.269082125603861,118.66541815705641,1
693,1.4734299516908191,2.2789049919484663,117.84058692471291,1
694,1.4636070853462138,2.308373590982283,117.5721368758316,1
695,1.4439613526570025,2.3181964573268887,116.3239290112888,1
696,1.404669887278581,2.3181964573268887,116.9339746961817,1
697,1.3752012882447646,2.308373590982283,116.14392573653333,1
698,1.3457326892109482,2.2985507246376775,115.38559854194868,1
699,1.3260869565217372,2.2985507246376775,114.07463604906039,1
700,1.3064412238325265,2.3181964573268887,114.33492343342358,1
701,1.2867954911433155,2.3378421900160995,114.46905927055967,1
702,1.2671497584541043,2.3476650563607047,113.36551082391694,1
703,1.257326892109499,2.3574879227053103,113.74342827339082,1
704,1.3064412238325265,2.386956521739127,114.84517109793568,1
705,1.3359098228663426,2.3574879227053103,115.3428901111488,1
706,1.38502415458937,2.3181964573268887,115.47711802884253,1
707,1.4439613526570028,2.308373590982283,118.60291087982868,1
708,1.512721417069241,2.308373590982283,120.31614670012942,1
709,1.6109500805152954,2.3574879227053103,118.71889543969576,1
710,1.7091787439613502,2.4262479871175486,116.39018815274093,1
711,1.8074074074074047,2.5244766505636034,114.37289260215684,1
712,1.8859903381642487,2.573590982286631,111.31506371779804,1
713,1.9842190016103032,2.7111111111111073,106.38760682964886,1
714,1.9842190016103032,2.750402576489529,105.40260449586961,1
715,2.0333333333333306,2.897745571658611,101.0868163822853,1
716,2.0529790660225413,2.9665056360708495,98.67724671679001,1
717,2.1020933977455685,3.104025764895326,92.33973126184729,1
718,2.1119162640901736,3.0843800322061146,92.20144331105342,1
719,2.151207729468595,3.0745571658615094,91.17154204694731,1
720,2.161030595813201,2.995974235104666,94.30503464361227,1
721,2.2003220611916228,3.0156199677938766,90.50999061171146,1
722,2.219967793880834,2.9959742351046654,89.71889802568897,1
723,2.2101449275362284,2.9566827697262434,90.28198437118573,1
724,2.259259259259256,3.0156199677938766,86.5086868131315,1
725,2.2985507246376775,3.0647342995169042,81.95519119130726,1
726,2.3378421900161,3.064734299516904,83.41795988633058,1
727,2.3771336553945215,3.0254428341384823,88.01303675595109,1
728,2.406602254428338,3.1236714975845365,82.17793661720818,1
729,2.3181964573268887,3.221900161030591,74.69723211017518,1
730,2.2199677938808344,3.320128824476645,62.57358701577868,1
731,2.151207729468596,3.4085346215780943,38.45326360742417,1
732,2.102093397745569,3.467471819645727,38.89194810786534,1
733,2.0922705314009633,3.4772946859903326,38.34303328753713,1
734,2.1904991948470176,3.329951690821251,58.549498107369594,1
735,2.3280193236714943,3.1826086956521693,78.16473999632814,1
736,2.416425120772943,3.0352657004830874,90.32467542857381,1
737,2.4753623188405762,2.9370370370370322,96.549899198495,1
738,2.534299516908209,2.8486312399355835,102.20576619228491,1
739,2.5048309178743926,2.9370370370370322,101.41600914097894,1
740,2.347665056360705,3.084380032206114,99.58785917758176,1
741,2.1610305958132012,3.2415458937198016,111.3036687362174,1
742,1.9743961352656973,3.4085346215780943,152.68270693010516,1
743,1.7582930756843773,3.546054750402571,161.36929541965466,1
744,1.6305958132045064,3.6541062801932314,167.5599444247752,1
745,1.60112721417069,3.673752012882442,157.94424198292916,1
746,1.6207729468599008,3.7130434782608646,158.11971009077956,1
747,1.669887278582928,3.791626409017708,157.7477689194187,1
748,1.748470209339772,3.8800322061191572,162.635185310465,1
749,1.7582930756843773,3.899677938808368,163.75453522422643,1
750,1.8172302737520103,3.958615136876001,168.70284254002664,1
751,1.895813204508854,3.988083735909817,171.78074578669245,1
752,1.9351046698872758,3.988083735909817,174.98892153266448,1
753,2.0333333333333306,3.988083735909817,178.45074917305038,1
754,1.9449275362318814,3.4969404186795443,6.961234376612474,1
755,2.0824476650563577,3.231723027375197,4.347500546601794,1
756,2.190499194847018,3.0647342995169042,99.43905895942719,1
757,2.3280193236714943,2.9272141706924275,93.46463028824938,1
758,2.406602254428338,2.7995169082125564,87.61643559757378,1
759,2.6718196457326853,3.1826086956521693,93.17417074714513,1
760,2.6718196457326853,3.329951690821251,87.99306286591633,0
761,2.6718196457326853,3.3888888888888835,86.48694516645054,0
762,2.6619967793880797,3.4183574879227003,86.20266941019328,0
763,2.6521739130434745,3.438003220611911,91.89424133300778,0
764,2.6521739130434745,3.438003220611911,91.89424133300778,0
765,2.6521739130434745,3.438003220611911,91.89424133300778,0
766,2.6521739130434745,3.438003220611911,91.89424133300778,0
767,2.6521739130434745,3.438003220611911,91.89424133300778,0
768,2.6521739130434745,3.438003220611911,91.89424133300778,0
769,2.6521739130434745,3.438003220611911,91.89424133300778,0
770,2.6521739130434745,3.438003220611911,91.89424133300778,0
771,2.6521739130434745,3.438003220611911,91.89424133300778,0
772,2.495008051529787,3.5362318840579654,93.70947373111815,1
773,2.4557165861513655,3.6344605475040197,79.84102647934434,1
774,2.102093397745569,3.2808373590982236,85.42800994728668,1
775,2.0726247987117525,3.379066022544278,42.27793397261851,1
776,1.7582930756843773,2.9861513687600594,30.483417457091793,1
777,1.60112721417069,2.495008051529787,88.90873353365055,0
778,1.3752012882447644,2.0333333333333306,107.55338858042985,1
779,1.4636070853462138,2.023510466988725,112.21995709684369,0
780,1.2278582930756827,1.5618357487922683,113.30371965169057,0
781,1.2769726247987099,1.5913043478260847,115.07040306854212,0
782,1.3260869565217372,1.620772946859901,116.81710052490234,0
783,1.3260869565217372,1.620772946859901,116.81710052490234,0
784,1.3260869565217372,1.620772946859901,116.81710052490234,0
785,1.3260869565217372,1.620772946859901,116.81710052490234,0
786,1.3260869565217372,1.620772946859901,116.81710052490234,0
787,1.3260869565217372,1.620772946859901,116.81710052490234,0
788,1.3260869565217372,1.620772946859901,116.81710052490234,0
789,1.3260869565217372,1.620772946859901,116.81710052490234,0
790,1.3260869565217372,1.620772946859901,116.81710052490234,0
791,1.3260869565217372,1.620772946859901,116.81710052490234,0
792,1.3260869565217372,1.5716586151368737,115.15396393793698,1
793,1.3260869565217372,1.5225442834138463,113.47361679315095,0
794,1.3260869565217372,1.473429951690819,111.78745345831389,0
795,1.3260869565217372,1.4243156199677918,110.10710631352785,0
796,1.3260869565217372,1.3752012882447644,108.4439697265625,0
797,1.3260869565217372,1.3752012882447644,108.4439697265625,0
798,1.3260869565217372,1.3752012882447644,108.4439697265625,0
799,1.3260869565217372,1.3752012882447644,108.4439697265625,0
800,1.3260869565217372,1.3752012882447644,108.4439697265625,0
801,1.3260869565217372,1.3752012882447644,108.4439697265625,0
802,1.3260869565217372,1.3752012882447644,108.4439697265625,0
803,1.3260869565217372,1.3752012882447644,108.4439697265625,0
804,1.3260869565217372,1.3752012882447644,108.4439697265625,0
805,1.3260869565217372,1.3752012882447644,108.4439697265625,0
806,1.3260869565217372,1.3752012882447644,108.4439697265625,0
807,1.3260869565217372,1.3752012882447644,108.4439697265625,0
808,1.3260869565217372,1.3752012882447644,108.4439697265625,0
809,1.3260869565217372,1.3752012882447644,108.4439697265625,0
810,1.5913043478260849,1.8172302737520103,102.34993444246076,1
811,1.8565217391304323,2.259259259259256,94.96447648262789,0
812,2.1217391304347797,2.7012882447665016,87.0210200383682,0
813,2.386956521739127,3.1433172302737473,79.63556207853533,0
814,2.6521739130434745,3.585346215780993,73.5415267944336,0
815,2.6521739130434745,3.585346215780993,73.5415267944336,0
816,2.6521739130434745,3.585346215780993,73.5415267944336,0
817,2.6521739130434745,3.585346215780993,73.5415267944336,0
818,2.3771336553945215,3.153140096618353,79.4698524033185,1
819,2.1020933977455685,2.7209339774557124,86.54399932500927,0
820,1.827053140096616,2.2887278582930723,94.10285126092822,0
821,1.552012882447663,1.8565217391304318,101.17699818261899,0
822,1.27697262479871,1.4243156199677918,107.10532379150389,0
823,1.443961352657003,1.8172302737520103,105.16641779302141,1
824,1.4144927536231866,2.259259259259256,107.70422206785295,1
825,1.38502415458937,2.701288244766501,110.33871715872401,0
826,1.3457326892109482,3.1334943639291417,113.27355386090396,1
827,1.38502415458937,3.585346215780993,121.26567194527806,1
828,1.2376811594202881,3.6148148148148094,130.66925370185936,1
829,1.2966183574879209,3.6049919484702038,138.55815675466252,1
830,1.3064412238325263,3.6148148148148094,140.8844237784932,1
831,1.326086956521737,3.6344605475040206,142.83003990543284,0
832,1.2671497584541043,3.634460547504021,139.14425381273844,0
833,1.2278582930756825,3.663929146537837,136.56396372043247,0
834,1.1787439613526551,3.683574879227048,131.70697021484375,0
835,1.1787439613526551,3.683574879227048,131.70697021484375,0
836,1.1787439613526551,3.683574879227048,131.70697021484375,0
837,1.1787439613526551,3.683574879227048,131.70697021484375,0
838,1.1787439613526551,3.683574879227048,131.70697021484375,0
839,1.2278582930756825,3.2513687600644077,128.89767043093116,1
840,1.3948470209339754,3.310305958132041,135.43273144702647,1
841,1.4832528180354245,3.339774557165857,145.29934514973976,1
842,1.5028985507246353,2.917391304347822,138.8702273065764,1
843,1.49307568438003,2.9075684380032163,137.17534454813318,1
844,1.532367149758452,3.3692431561996727,151.96274488179137,1
845,1.3555555555555536,3.3004830917874353,135.50588336845834,1
846,1.2573268921094989,3.261191626409013,126.37712490385957,1
847,1.404669887278581,3.6049919484702038,125.49880378345496,1
848,1.5814814814814795,3.5362318840579663,116.6297418973173,0
849,1.6698872785829284,3.438003220611911,103.39723203962795,1
850,1.8565217391304323,3.3790660225442783,96.0038763270019,0
851,1.846698872785827,3.3790660225442783,95.59191759645387,1
852,1.6404186795491118,3.4085346215780943,101.65363856064477,1
853,1.512721417069241,3.4772946859903326,112.72532193179332,1
854,1.2966183574879209,3.5067632850241495,118.91294987430216,1
855,1.1590982286634444,3.575523349436387,131.39524273784917,1
856,1.1885668276972607,3.5362318840579654,133.28839443422694,1
857,1.2278582930756825,3.5362318840579654,134.33226655899813,1
858,1.1689210950080497,3.467471819645728,128.08770804700953,1
859,1.2082125603864715,3.4478260869565167,127.44857845098335,1
860,1.1787439613526554,3.3987117552334896,120.72359759085174,1
861,1.1885668276972605,3.3888888888888835,123.02894269842702,1
862,1.2082125603864715,3.3790660225442783,127.54132186113716,0
863,1.2475040257648937,3.3987117552334896,134.13531969254888,0
864,1.2671497584541045,3.3987117552334896,141.04210553939413,0
865,1.27697262479871,3.388888888888884,146.27777099609375,0
866,1.5323671497584521,3.2120772946859857,141.26794923211148,1
867,1.7779388083735888,2.9763285024154547,136.48030533496535,1
868,2.0431561996779357,2.789694041867951,132.89363056719236,1
869,2.288727858293073,2.5539452495974198,128.01714384018368,1
870,2.5244766505636034,2.3181964573268887,124.44782110660131,1
871,2.5244766505636034,2.2592592592592555,127.01244487903092,1
872,2.5146537842189978,2.2396135265700448,127.09647376636767,1
873,2.4851851851851814,2.180676328502412,125.476815186147,1
874,2.4851851851851814,2.180676328502412,125.99932239040419,1
875,2.4851851851851814,2.180676328502412,124.80533901209915,1
876,2.46553945249597,2.170853462157807,123.14059029877052,1
877,2.4851851851851814,2.2101449275362284,123.8658876636637,1
878,2.5048309178743926,2.2789049919484663,122.23496257111327,1
879,2.514653784218998,2.2887278582930723,121.7183465296535,1
880,2.524476650563604,2.3181964573268887,120.3721226427794,1
881,2.5342995169082094,2.328019323671494,120.61262593576393,1
882,2.524476650563604,2.3181964573268887,121.0386639529538,1
883,2.534299516908209,2.2887278582930723,123.50071304379168,1
884,2.544122383252814,2.308373590982283,124.12640315818854,1
885,2.5637681159420254,2.308373590982283,126.29390348595456,0
886,2.5834138486312357,2.3378421900160995,126.47967815289786,0
887,2.603059581320447,2.3574879227053103,125.70272765751466,0
888,2.603059581320447,2.3574879227053103,125.77478790283206,0
889,2.455716586151365,2.524476650563603,120.21380658934825,1
890,2.3378421900160995,2.7209339774557124,113.0266807363465,1
891,2.2199677938808344,2.9173913043478215,105.1940938300487,0
892,2.003864734299514,3.221900161030591,107.80150227187919,1
893,1.787761674718194,3.5264090177133602,113.05174046822768,0
894,1.7190016103059556,3.6639291465378365,139.34579621864776,0
895,1.6207729468599013,3.7719806763284964,154.29956680274728,0
896,1.4537842190016081,3.8603864734299456,153.81950278745785,1
897,1.3850241545893698,3.840740740740735,146.16394651718338,0
898,1.306441223832526,3.3888888888888835,134.35919436146276,1
899,1.1983896940418661,2.98615136876006,124.07383281011403,1
900,1.326086956521737,3.025442834138482,114.4915508939679,1
901,1.522544283413846,3.0843800322061146,97.94061395076326,0
902,1.5421900161030573,2.6816425120772904,86.1096104409704,1
903,1.5716586151368734,2.711111111111107,84.16249672005796,0
904,1.6305958132045064,2.691465378421896,79.88061127941316,0
905,1.4341384863123972,2.6619967793880797,100.59124261478469,1
906,1.2180354267310771,2.5932367149758413,109.97685247524258,1
907,1.3555555555555536,2.8780998389694,105.62152656590902,1
908,1.3260869565217372,3.1826086956521693,110.96786107815474,1
909,1.2671497584541043,3.4478260869565167,111.15752893316476,1
910,1.2376811594202881,3.3594202898550676,109.6232600661127,1
911,1.2180354267310771,3.2513687600644077,107.0765276709354,1
912,1.0117552334943622,3.2513687600644077,116.04075627530148,1
913,0.9429951690821241,3.261191626409013,114.95268417349673,1
914,0.9037037037037023,3.31030595813204,118.10227103420792,0
915,0.8545893719806751,3.2808373590982236,118.29388695751288,0
916,0.8152979066022532,3.31030595813204,119.10496915118641,0
917,0.7858293075684368,3.3397745571658564,117.64331054687499,0
918,0.7858293075684368,3.3397745571658564,117.64331054687499,0
919,0.7858293075684368,3.3397745571658564,117.64331054687499,0
920,0.7858293075684368,3.3397745571658564,117.64331054687499,0
921,0.7858293075684368,3.3397745571658564,117.64331054687499,0
922,0.7858293075684368,3.3397745571658564,117.64331054687499,0
923,0.7858293075684368,3.3397745571658564,117.64331054687499,0
924,0.7858293075684368,3.3397745571658564,117.64331054687499,0
925,0.7858293075684368,3.3397745571658564,117.64331054687499,0
926,0.7858293075684368,3.3397745571658564,117.64331054687499,0
927,0.7858293075684368,3.3397745571658564,117.64331054687499,0
928,0.7858293075684368,3.3397745571658564,117.64331054687499,0
929,0.7858293075684368,3.3397745571658564,117.64331054687499,0
930,0.8644122383252805,2.9566827697262434,115.61223341315045,1
931,0.9429951690821241,2.5735909822866305,113.54943935241992,0
932,1.0215780998389679,2.1904991948470176,111.47585209045117,0
933,1.1001610305958114,1.8074074074074047,109.41305802972063,0
934,1.1787439613526551,1.4243156199677918,107.3819808959961,0
935,1.1787439613526551,1.4243156199677918,107.3819808959961,0
936,1.1787439613526551,1.4243156199677918,107.3819808959961,0
937,1.1787439613526551,1.4243156199677918,107.3819808959961,0
938,1.1787439613526551,1.4243156199677918,107.3819808959961,0
939,1.4046698872785808,1.6895330112721392,107.68339116425692,1
940,1.6305958132045064,1.9547504025764866,107.9849016018594,0
941,1.8565217391304318,2.219967793880834,108.28644544403903,0
942,2.0824476650563577,2.4851851851851814,108.58795588164152,0
943,2.092270531400963,2.524476650563603,108.44935803611207,1
944,1.876167471819643,2.2985507246376775,108.00903802581023,0
945,1.660064412238323,2.072624798711752,107.56861395172882,0
946,1.4439613526570028,1.8466988727858265,107.12829394142699,0
947,1.2278582930756825,1.620772946859901,106.68828582763672,0
948,1.2278582930756825,1.620772946859901,106.68828582763672,0
949,1.2278582930756825,1.620772946859901,106.68828582763672,0
950,1.2278582930756825,1.620772946859901,106.68828582763672,0
951,1.2278582930756825,1.620772946859901,106.68828582763672,0
952,1.2278582930756825,1.620772946859901,106.68828582763672,0
953,1.2278582930756825,1.620772946859901,106.68828582763672,0
954,1.2278582930756825,1.620772946859901,106.68828582763672,0
955,1.2278582930756825,1.620772946859901,106.68828582763672,0
956,1.2278582930756825,1.620772946859901,106.68828582763672,0
957,1.2278582930756825,1.620772946859901,106.68828582763672,0
958,1.2278582930756825,1.620772946859901,106.68828582763672,0
959,1.2278582930756825,1.620772946859901,106.68828582763672,0
960,1.2278582930756825,1.620772946859901,106.68828582763672,0
961,1.2278582930756825,1.620772946859901,106.68828582763672,0
962,1.2278582930756825,1.620772946859901,106.68828582763672,0
963,1.2278582930756825,1.620772946859901,106.68828582763672,0
964,1.2278582930756825,1.620772946859901,106.68828582763672,0
965,1.4636070853462138,1.748470209339772,110.75089725112039,1
966,1.7190016103059556,1.8859903381642487,111.4448577795176,1
967,1.9743961352656978,2.023510466988725,111.91794313117474,1
968,2.2494363929146504,2.14138486312399,115.36978992790424,1
969,2.524476650563604,2.2789049919484667,116.72702108812786,1
970,2.544122383252814,2.2494363929146504,115.1542151378045,1
971,2.5441223832528146,2.219967793880834,116.28532360903557,1
972,2.5342995169082085,2.14138486312399,122.7501413046756,1
973,2.5146537842189978,2.0628019323671465,126.83649444576244,1
974,2.5342995169082085,1.9449275362318807,132.3223263701219,1
975,2.583413848631236,1.8565217391304318,138.12022138541482,1
976,2.642351046698869,1.7681159420289827,143.05007509927322,1
977,2.7111111111111073,1.728824476650561,141.59519318145908,1
978,2.7602254428341344,1.7190016103059556,140.32489416204336,1
979,2.760225442834135,1.7386473429951663,140.13947338474406,1
980,2.730756843800318,1.777938808373588,137.56581716499483,1
981,2.7012882447665016,1.8172302737520103,135.50299087669643,1
982,2.6521739130434745,1.836876006441221,134.1126673792259,1
983,2.5932367149758417,1.8074074074074047,135.54397952508282,1
984,2.593236714975842,1.777938808373588,136.38434738469562,1
985,2.622705314009658,1.7190016103059556,137.90127300965443,1
986,2.652173913043474,1.6404186795491118,143.0931868917586,1
987,2.711111111111107,1.5913043478260847,149.49078361639087,1
988,2.789694041867951,1.60112721417069,150.11414949066173,1
989,2.8191626409017667,1.6109500805152954,150.9488034264857,1
990,2.819162640901767,1.6502415458937172,149.46501922594675,1
991,2.7995169082125564,1.7190016103059556,144.05655810332053,1
992,2.7798711755233456,1.797584541062799,136.99155730947868,1
993,2.750402576489529,1.8663446054750374,132.63090451515055,1
994,2.7209339774557124,1.9449275362318812,128.1933757359719,1
995,2.7111111111111073,2.023510466988725,125.26782578749126,1
996,2.7209339774557124,2.0824476650563577,123.03135749575532,1
997,2.730756843800318,2.14138486312399,123.10628658267302,1
998,2.760225442834135,2.200322061191623,121.11455608621975,1
999,2.7798711755233456,2.2494363929146504,122.20330530722275,1
1000,2.7700483091787396,2.2789049919484663,121.36357030326145,1
1001,2.7504025764895292,2.308373590982283,120.75098814867621,1
1002,2.730756843800318,2.308373590982283,119.25384310208413,1
1003,2.7111111111111073,2.2789049919484667,120.34910056904533,1
1004,2.7405797101449236,2.259259259259256,119.56627607206902,1
1005,2.7995169082125564,2.259259259259256,121.42996912106952,1
1006,2.858454106280189,2.259259259259256,123.18322439812374,1
1007,2.9173913043478215,2.2887278582930723,127.12053141008008,1
1008,2.956682769726244,2.3574879227053107,128.16610377830074,1
1009,2.9370370370370322,2.396779388083732,126.89677591312265,1
1010,2.8977455716586107,2.406602254428338,125.09337203790435,1
1011,2.8486312399355835,2.396779388083732,123.66170609283122,1
1012,2.7995169082125564,2.367310789049916,119.3265513579707,1
1013,2.779871175523345,2.3280193236714943,116.84800520610068,1
1014,2.799516908212556,2.288727858293073,118.24110147429124,1
1015,2.8486312399355835,2.2789049919484667,119.44545312154449,1
1016,2.887922705314005,2.288727858293073,121.50387738838849,1
1017,2.887922705314005,2.2789049919484667,122.64796048758437,1
1018,2.887922705314005,2.2592592592592555,125.13305564331243,1
1019,2.8682769726247943,2.259259259259256,124.19345284880293,1
1020,2.8289855072463728,2.229790660225439,123.92279269044695,1
1021,2.819162640901767,2.200322061191623,121.80988787347084,1
1022,2.8486312399355835,2.180676328502412,124.1705517503589,1
1023,2.858454106280189,2.1512077294685956,125.15815527873798,1
1024,2.8780998389694,2.092270531400963,127.53567689652087,1
1025,2.8977455716586107,2.0431561996779357,129.23929488038794,1
1026,2.927214170692427,1.9940418679549083,133.70683660466545,1
1027,2.9566827697262434,1.9547504025764866,135.3539247031121,1
1028,2.98615136876006,1.9351046698872758,135.3113979290277,1
1029,2.966505636070849,1.9351046698872758,134.2522909243855,1
1030,2.966505636070849,1.9351046698872758,134.50371045555397,1
1031,2.9370370370370327,1.9449275362318812,131.6294571649621,1
1032,2.9075684380032163,1.9547504025764866,127.73469463222236,1
1033,2.8977455716586107,1.9940418679549083,125.09201463320171,1
1034,2.9370370370370322,2.0235104669887245,124.79351939111203,1
1035,2.9566827697262434,2.0431561996779357,123.15114594755386,1
1036,2.98615136876006,2.0431561996779357,122.04486717982195,1
1037,3.025442834138482,2.0431561996779353,122.7200935791071,1
1038,3.0352657004830874,1.9743961352656973,125.01687138101018,1
1039,3.015619967793876,1.905636070853459,126.50540084477736,1
1040,3.0156199677938766,1.8663446054750374,128.38790718379445,1
1041,3.0156199677938766,1.8270531400966157,130.15853085584504,1
1042,3.015619967793876,1.8074074074074047,132.45227713857554,1
1043,2.995974235104666,1.797584541062799,133.0756249798831,1
1044,3.025442834138482,1.836876006441221,131.1295576004365,1
1045,3.074557165861509,1.905636070853459,127.2712473997843,1
1046,3.113848631239931,2.023510466988725,122.55576331385348,1
1047,3.1433172302737473,2.180676328502412,111.86829584891652,1
1048,3.20225442834138,2.3771336553945215,101.2378700243287,1
1049,3.2120772946859857,2.5539452495974198,90.8467474480064,1
1050,3.1727858293075637,2.711111111111107,82.2948355541533,1
1051,3.1236714975845365,2.838808373590978,76.26668105442944,1
1052,3.054911433172298,2.8780998389694,73.02042921545863,1
1053,2.98615136876006,2.9075684380032163,67.58696742045014,1
1054,2.9566827697262434,2.9272141706924275,65.56291607149096,1
1055,2.9173913043478215,2.9272141706924275,66.86355355619584,1
1056,2.887922705314005,2.917391304347822,63.509075288148175,1
1057,2.8780998389694,2.8879227053140055,71.35027179619662,1
1058,2.8682769726247943,2.848631239935584,84.97950253962627,0
1059,2.8780998389694004,2.7602254428341344,85.72529987074236,1
1060,2.9272141706924275,2.5539452495974198,97.53347278040142,1
1061,2.966505636070849,2.308373590982283,112.156201697315,1
1062,2.9959742351046654,2.0824476650563577,117.57188052879653,1
1063,3.054911433172298,1.8565217391304318,123.0683697560761,1
1064,3.054911433172298,1.660064412238323,131.93150632113043,1
1065,3.045088566827693,1.5913043478260847,135.4858991377959,1
1066,3.045088566827693,1.561835748792268,137.70940163364182,1
1067,3.025442834138482,1.552012882447663,136.94771783144247,1
1068,2.9763285024154547,1.5520128824476627,136.98379191024148,1
1069,2.9763285024154547,1.5716586151368737,136.55544994714012,1
1070,2.98615136876006,1.5814814814814793,136.96208905103092,1
1071,3.0156199677938766,1.5913043478260847,137.38054735410378,1
1072,3.074557165861509,1.6404186795491118,136.815424445362,1
1073,3.153140096618353,1.9056360708534594,144.02162766671353,1
1074,3.172785829307564,2.180676328502412,158.30000259677104,1
1075,3.153140096618353,2.4753623188405762,164.96656226842586,1
1076,3.113848631239931,2.7700483091787396,90.06057147162176,1
1077,3.045088566827693,3.0352657004830874,69.16199553744063,1
1078,2.9370370370370327,3.064734299516904,81.46859886797547,1
1079,2.848631239935583,3.064734299516904,83.97313179655752,1
1080,2.789694041867951,3.0450885668276926,80.3909778197312,0
1081,2.750402576489529,3.0352657004830874,69.32931983979233,1
1082,2.7405797101449236,3.005797101449271,65.1091676128842,1
1083,2.750402576489529,2.98615136876006,62.51623000948066,0
1084,2.819162640901767,2.9272141706924275,68.24382519867558,1
1085,2.848631239935584,2.897745571658611,62.87537944716256,1
1086,2.8682769726247948,2.858454106280189,54.152564854807004,0
1087,2.8780998389694,2.838808373590978,176.57499587820362,0
1088,2.9370370370370327,2.5637681159420254,159.31612257507072,1
1089,2.966505636070849,2.3378421900160995,160.87548596670229,1
1090,3.0450885668276926,2.0824476650563577,152.7955097901262,1
1091,3.09420289855072,1.8074074074074047,146.1034614143609,1
1092,3.1531400966183534,1.5421900161030573,140.1363614694773,1
1093,3.1727858293075637,1.5421900161030573,141.98073907044989,1
1094,3.1727858293075633,1.5421900161030575,143.8607364658702,1
1095,3.1924315619967745,1.5814814814814793,142.69325859517835,1
1096,3.1924315619967745,1.5814814814814793,144.15391910171235,1
1097,3.1826086956521693,1.5716586151368737,146.07455904153915,0
1098,3.1629629629629585,1.552012882447663,146.16535345158726,0
1099,3.1433172302737473,1.532367149758452,146.44198780979838,0
1100,3.09420289855072,1.4734299516908191,149.73568725585938,0
1101,3.09420289855072,1.4734299516908191,149.73568725585938,0
1102,3.0647342995169042,1.777938808373588,155.45798629893724,1
1103,3.054911433172298,2.092270531400963,169.82686073616998,1
1104,3.045088566827693,2.406602254428338,10.630654919380916,1
1105,3.0352657004830874,2.7209339774557124,24.588295051305185,0
1106,3.0254428341384823,3.0352657004830874,31.333080143408818,0
1107,3.045088566827693,3.045088566827693,29.645428779300648,0
1108,3.045088566827693,3.045088566827693,30.683111190795902,0
1109,3.045088566827693,3.045088566827693,30.683111190795902,0
1110,3.1138486312399314,2.7504025764895292,23.906097541700486,1
1111,3.2120772946859857,2.5735909822866305,16.6890016760662,1
1112,3.2415458937198016,2.2690821256038616,160.63916647585643,1
1113,3.2710144927536184,1.964573268921092,144.66140071758954,0
1114,3.3004830917874344,1.660064412238323,139.77904015327513,0
1115,3.2513687600644077,1.9351046698872758,143.33938755052384,1
1116,3.153140096618353,2.1020933977455685,144.94281788308695,1
1117,3.113848631239931,2.396779388083732,25.112592188960754,1
1118,3.074557165861509,2.6914653784218956,39.87536950599495,1
1119,3.064734299516904,2.98615136876006,40.09634102412952,1
1120,3.0647342995169042,3.0156199677938758,37.039961951165296,1
1121,3.0843800322061146,3.0352657004830865,26.131890610668762,0
1122,3.1629629629629585,3.0352657004830865,18.391103997259133,1
1123,3.1826086956521698,3.0450885668276926,16.874591680365103,1
1124,3.1727858293075637,3.054911433172298,17.61694925947059,0
1125,3.1629629629629585,3.045088566827693,23.33933136793347,0
1126,3.153140096618353,3.0352657004830874,28.91728259602081,0
1127,3.09420289855072,3.045088566827693,29.937444686889645,0
1128,3.09420289855072,3.045088566827693,29.937444686889645,0
1129,3.09420289855072,3.045088566827693,29.937444686889645,0
1130,3.09420289855072,3.045088566827693,29.937444686889645,0
1131,3.09420289855072,3.045088566827693,29.937444686889645,0
1132,3.09420289855072,3.045088566827693,29.937444686889645,0
1133,3.09420289855072,3.045088566827693,29.937444686889645,0
1134,3.09420289855072,3.045088566827693,29.937444686889645,0
1135,3.09420289855072,3.045088566827693,29.937444686889645,0
1136,3.09420289855072,3.045088566827693,29.937444686889645,0
1137,3.09420289855072,3.045088566827693,29.937444686889645,0
1138,3.09420289855072,3.045088566827693,29.937444686889645,0
1139,3.09420289855072,3.045088566827693,29.937444686889645,0
1140,3.1826086956521693,2.77004830917874,23.123587803273455,1
1141,3.2513687600644077,2.485185185185182,9.668851912116173,1
1142,3.320128824476646,2.200322061191623,171.71762866803218,0
1143,3.3888888888888844,1.9154589371980648,158.92903744544105,0
1144,3.457648953301122,1.6305958132045064,152.06625209411246,0
1145,3.438003220611911,1.620772946859901,152.99111938476562,0
1146,3.438003220611911,1.620772946859901,152.99111938476562,0
1147,3.438003220611911,1.620772946859901,152.99111938476562,0
1148,3.320128824476646,1.5618357487922683,152.83868050915555,1
1149,3.20225442834138,1.5028985507246353,152.68622868245885,0
1150,3.0843800322061146,1.4439613526570025,152.53377253824425,0
1151,2.966505636070849,1.38502415458937,152.38132071154757,0
1152,2.8486312399355835,1.3260869565217372,152.2288818359375,0
1153,2.8486312399355835,1.3260869565217372,152.2288818359375,0
1154,2.8486312399355835,1.3260869565217372,152.2288818359375,0
1155,2.8486312399355835,1.3260869565217372,152.2288818359375,0
1156,2.8486312399355835,1.3260869565217372,152.2288818359375,0
1157,2.8486312399355835,1.3260869565217372,152.2288818359375,0
1158,2.8486312399355835,1.3260869565217372,152.2288818359375,0
1159,2.8486312399355835,1.3260869565217372,152.2288818359375,0
1160,2.8486312399355835,1.3260869565217372,152.2288818359375,0
1161,2.8486312399355835,1.3260869565217372,152.2288818359375,0
1162,2.8486312399355835,1.3260869565217372,152.2288818359375,0
1163,2.8486312399355835,1.3260869565217372,152.2288818359375,0
1164,2.8486312399355835,1.3260869565217372,152.2288818359375,0
1165,2.8486312399355835,1.3260869565217372,152.2288818359375,0
1166,2.8682769726247943,1.3162640901771319,152.35947333158933,1
1167,2.8977455716586107,1.3064412238325265,150.74825594279656,1
1168,2.9075684380032163,1.2867954911433155,150.74085528613466,1
1169,2.9763285024154547,1.2966183574879209,149.8263581268604,1
1170,3.0450885668276926,1.2966183574879209,150.31699897158566,1
1171,3.123671497584536,1.3359098228663426,149.5454513852992,1
1172,3.1826086956521693,1.3850241545893698,148.42731893669276,1
1173,3.20225442834138,1.404669887278581,148.06327741727554,1
1174,3.162962962962958,1.3948470209339754,148.61494704829164,0
1175,3.123671497584536,1.3948470209339754,147.75499176950345,0
1176,3.0549114331722977,1.365378421900159,148.02660227753267,0
1177,2.995974235104665,1.3260869565217372,150.3943328857422,0
1178,2.995974235104665,1.3260869565217372,150.3943328857422,0
1179,2.995974235104665,1.3260869565217372,150.3943328857422,0
1180,2.995974235104665,1.3260869565217372,150.3943328857422,0
1181,2.995974235104665,1.3260869565217372,150.3943328857422,0
1182,2.995974235104665,1.3260869565217372,150.3943328857422,0
1183,2.995974235104665,1.3260869565217372,150.3943328857422,0
1184,2.995974235104665,1.3260869565217372,150.3943328857422,0
1185,2.995974235104665,1.3260869565217372,150.3943328857422,0
1186,2.995974235104665,1.3260869565217372,150.3943328857422,0
1187,2.995974235104665,1.3260869565217372,150.3943328857422,0
1188,2.995974235104665,1.3260869565217372,150.3943328857422,0
1189,2.995974235104665,1.3260869565217372,150.3943328857422,0
1190,2.995974235104665,1.3260869565217372,150.3943328857422,0
1191,3.0057971014492706,1.6207729468599013,143.73812453328622,1
1192,3.015619967793876,1.9154589371980648,135.09230814948862,0
1193,3.025442834138482,2.210144927536229,125.50066365226917,0
1194,3.0352657004830874,2.5048309178743926,116.85484726847159,0
1195,3.045088566827693,2.7995169082125564,110.19863891601561,0
1196,3.045088566827693,2.7995169082125564,110.19863891601561,0
1197,3.045088566827693,2.7995169082125564,110.19863891601561,0
1198,3.045088566827693,2.7995169082125564,110.19863891601561,0
1199,3.045088566827693,2.7995169082125564,110.19863891601561,0
1200,3.045088566827693,2.7995169082125564,110.19863891601561,0
1201,3.045088566827693,2.7995169082125564,110.19863891601561,0
1202,3.045088566827693,2.7995169082125564,110.19863891601561,0
1203,3.045088566827693,2.7995169082125564,110.19863891601561,0
1204,3.045088566827693,2.7995169082125564,110.19863891601561,0
1205,3.045088566827693,2.7995169082125564,110.19863891601561,0
1206,3.0254428341384823,2.858454106280189,108.73727618372898,1
1207,3.005797101449271,2.917391304347822,101.83846676451515,0
1208,3.005797101449271,2.9763285024154547,21.83861654572964,1
1209,3.005797101449271,3.0352657004830874,18.23928714482407,0
1210,3.005797101449271,3.09420289855072,17.54670199656524,0
1211,3.0254428341384823,3.09420289855072,15.177955945482802,0
1212,3.074557165861509,3.104025764895326,12.234723671388734,1
1213,3.084380032206115,3.1334943639291426,10.80649721234106,1
1214,3.054911433172298,3.133494363929142,13.650905415682585,1
1215,3.025442834138482,3.1334943639291417,16.63237623632216,0
1216,2.9959742351046654,3.133494363929142,19.6930748236316,0
1217,2.9370370370370327,3.1236714975845365,23.365760526780328,0
1218,2.8977455716586107,3.09420289855072,27.52279472351075,0
1219,2.8977455716586107,3.09420289855072,27.52279472351075,0
1220,2.8977455716586107,3.09420289855072,27.52279472351075,0
1221,2.8977455716586107,3.09420289855072,27.52279472351075,0
1222,2.9075684380032163,2.7504025764895292,20.30586032662708,1
1223,2.9173913043478215,2.3967793880837323,8.258810482402994,1
1224,2.9272141706924275,2.0431561996779357,173.10045435335206,0
1225,2.9370370370370327,1.6895330112721392,161.20310393637806,0
1226,2.9468599033816383,1.3359098228663426,154.02882643944528,0
1227,2.9468599033816383,1.3260869565217372,154.25982666015625,0
1228,2.9468599033816383,1.3260869565217372,154.25982666015625,0
1229,2.9468599033816383,1.3260869565217372,154.25982666015625,0
1230,2.9370370370370327,1.5716586151368737,147.8436325357094,1
1231,2.9272141706924275,1.8172302737520105,139.78530114426212,0
1232,2.917391304347822,2.062801932367147,130.98179632888238,0
1233,2.9075684380032163,2.3083735909822836,122.92346493743511,0
1234,2.8977455716586107,2.55394524959742,116.50727081298828,0
1235,2.8977455716586107,2.55394524959742,116.50727081298828,0
1236,2.8977455716586107,2.55394524959742,116.50727081298828,0
1237,2.8977455716586107,2.55394524959742,116.50727081298828,0
1238,2.8977455716586107,2.55394524959742,116.50727081298828,0
1239,2.8977455716586107,2.55394524959742,116.50727081298828,0
1240,2.8977455716586107,2.55394524959742,116.50727081298828,0
1241,2.8977455716586107,2.55394524959742,116.50727081298828,0
1242,2.8977455716586107,2.55394524959742,116.50727081298828,0
1243,2.8977455716586107,2.55394524959742,116.50727081298828,0
1244,2.9075684380032163,2.6718196457326857,117.12837991014017,1
1245,2.8977455716586107,2.779871175523346,103.12432058258536,1
1246,2.8682769726247943,2.8780998389694004,68.83504183674486,1
1247,2.838808373590978,2.9763285024154547,54.785496819217784,0
1248,2.8093397745571616,3.104025764895326,47.056327585059634,1
1249,2.779871175523345,3.084380032206115,52.129793379813485,1
1250,2.7602254428341344,3.054911433172298,56.47307152688964,1
1251,2.7602254428341344,3.0352657004830874,59.425180301402165,0
1252,2.760225442834134,3.0156199677938766,62.498531503868385,0
1253,2.7602254428341344,2.9665056360708495,68.14649833123227,0
1254,2.750402576489529,2.9468599033816383,72.05059814453125,0
1255,2.750402576489529,2.9468599033816383,72.05059814453125,0
1256,2.750402576489529,2.9468599033816383,72.05059814453125,0
1257,2.750402576489529,2.9468599033816383,72.05059814453125,0
1258,2.750402576489529,2.9468599033816383,72.05059814453125,0
1259,2.750402576489529,2.9468599033816383,72.05059814453125,0
1260,2.750402576489529,2.9468599033816383,72.05059814453125,0
1261,2.750402576489529,2.9468599033816383,72.05059814453125,0
1262,2.750402576489529,2.9468599033816383,72.05059814453125,0
1263,2.8486312399355835,2.995974235104666,66.15653875500384,1
1264,2.9075684380032163,3.064734299516904,51.20435907430102,1
1265,2.9370370370370322,3.104025764895326,38.0499149263741,1
1266,2.9370370370370327,3.1334943639291417,33.19594788224978,1
1267,2.9370370370370327,3.1629629629629585,29.94079568304875,0
1268,2.838808373590978,3.1433172302737473,40.01281381390625,0
1269,2.779871175523345,3.104025764895326,47.498128213774265,0
1270,2.750402576489529,3.09420289855072,49.91001892089844,0
1271,2.750402576489529,3.09420289855072,49.91001892089844,0
1272,2.750402576489529,3.09420289855072,49.91001892089844,0
1273,2.750402576489529,3.09420289855072,49.91001892089844,0
1274,2.779871175523345,2.730756843800318,47.06672755591094,1
1275,2.8093397745571616,2.3673107890499163,34.23449466431014,1
1276,2.838808373590978,2.003864734299514,166.3967782588962,0
1277,2.887922705314005,1.660064412238323,152.80642344730717,1
1278,2.966505636070849,1.3162640901771319,151.06543917120607,1
1279,2.9468599033816383,1.2966183574879209,151.70209839454648,1
1280,2.9566827697262434,1.306441223832526,152.74603884182682,1
1281,2.966505636070849,1.3162640901771316,153.79248609140467,0
1282,2.956682769726244,1.3064412238325263,155.48425690361876,0
1283,2.917391304347822,1.2966183574879209,155.41537599572817,0
1284,2.9468599033816383,1.3260869565217372,156.28921508789062,0
1285,2.9468599033816383,1.3260869565217372,156.28921508789062,0
1286,2.9468599033816383,1.3260869565217372,156.28921508789062,0
1287,2.9468599033816383,1.3260869565217372,156.28921508789062,0
1288,2.9468599033816383,1.3260869565217372,156.28921508789062,0
1289,2.9468599033816383,1.3260869565217372,156.28921508789062,0
1290,2.9468599033816383,1.3260869565217372,156.28921508789062,0
1291,2.9468599033816383,1.3260869565217372,156.28921508789062,0
1292,2.9468599033816383,1.3260869565217372,156.51249422430422,1
1293,2.9468599033816383,1.3260869565217372,156.735814066729,0
1294,2.966505636070849,1.404669887278581,149.8147249420182,1
1295,2.98615136876006,1.4832528180354245,140.0587383704904,0
1296,3.005797101449271,1.561835748792268,128.70295361879153,0
1297,3.0254428341384823,1.6404186795491118,118.67950182745531,0
1298,3.045088566827693,1.7190016103059556,111.61727142333983,0
1299,3.045088566827693,1.7190016103059556,111.61727142333983,0
1300,3.045088566827693,1.7190016103059556,111.61727142333983,0
1301,3.045088566827693,1.7190016103059556,111.61727142333983,0
1302,3.045088566827693,1.7190016103059556,111.61727142333983,0
1303,3.045088566827693,1.7190016103059556,111.61727142333983,0
1304,3.045088566827693,1.7190016103059556,111.61727142333983,0
1305,3.054911433172298,2.0136876006441193,117.72183224015014,1
1306,3.064734299516904,2.308373590982283,132.49432792852255,0
1307,3.074557165861509,2.603059581320447,157.9593692760673,0
1308,3.0843800322061146,2.8977455716586107,172.7318649644397,0
1309,3.09420289855072,3.1924315619967745,178.83642578125,0
1310,3.09420289855072,3.1924315619967745,178.83642578125,0
1311,3.09420289855072,3.1924315619967745,178.83642578125,0
1312,3.09420289855072,3.1924315619967745,178.83642578125,0
1313,3.09420289855072,3.1924315619967745,178.83642578125,0
1314,3.09420289855072,3.1924315619967745,178.83642578125,0
1315,3.09420289855072,3.1924315619967745,178.83642578125,0
1316,3.09420289855072,3.1924315619967745,178.83642578125,0
1317,3.09420289855072,3.1924315619967745,178.83642578125,0
1318,3.074557165861509,2.819162640901767,174.74085891449994,1
1319,3.074557165861509,2.4458937198067594,168.49307221497017,1
1320,3.1236714975845365,2.0824476650563577,163.12085585400206,1
1321,3.1826086956521693,1.7190016103059556,158.3374936573535,1
1322,3.261191626409013,1.365378421900159,153.18082058078338,1
1323,3.3692431561996727,1.4046698872785808,152.3133543441689,1
1324,3.4478260869565163,1.4341384863123974,153.77288934143093,1
1325,2.9173913043478215,1.7681159420289831,155.908165359536,1
1326,2.367310789049916,2.1806763285024124,163.28813516443648,1
1327,1.8466988727858265,2.652173913043474,167.40074766105414,1
1328,1.3948470209339754,3.153140096618353,179.94067770626816,1
1329,0.9822866344605462,3.7130434782608637,15.9073517847022,1
1330,1.1198067632850226,4.047020933977449,33.35030346426397,1
1331,1.2769726247987099,4.39082125603864,46.330334239696896,1
1332,1.4144927536231864,4.724798711755225,59.65951735792928,1
1333,1.4832528180354245,5.068599033816417,70.1388535498091,1
1334,1.5421900161030575,5.461513687600636,77.39420023199354,1
1335,1.6502415458937176,5.854428341384855,82.10664665874634,1
1336,1.797584541062799,6.2375201288244675,87.51848522734493,1
1337,1.9743961352656973,6.650080515297897,93.25806242657116,1
1338,2.219967793880834,7.082286634460537,100.57406780458925,1
1339,2.524476650563603,7.455555555555544,109.99467206044345,1
1340,2.8780998389694,7.7895330112721295,120.18658762366442,1
1341,3.280837359098224,8.0940418679549,131.110938341902,1
1342,3.732689210950075,8.339613526570036,142.22850845107732,1
1343,4.2140096618357425,8.516425120772933,153.13162466018838,1
1344,4.7149758454106205,8.624476650563594,165.5973978472182,1
1345,5.23558776167471,8.624476650563594,179.86491707029265,1
1346,5.726731078904983,8.52624798711754,15.46701263359186,1
1347,6.178582930756834,8.280676328502404,31.73706064160698,1
1348,6.591143317230264,7.936876006441212,46.013649494190624,1
1349,6.944766505636061,7.5243156199677825,58.01727102717953,1
1350,7.200161030595803,7.092109500805142,68.04506906136696,1
1351,7.376972624798701,6.62061191626408,77.70562845663937,1
1352,7.435909822866333,6.16876006441223,86.06312767960284,1
1353,7.376972624798701,5.736553945249589,95.22467215021314,1
1354,7.229629629629619,5.333816425120764,105.950736670938,1
1355,6.974235104669877,4.980193236714968,119.20683739897332,1
1356,6.610789049919475,4.685507246376805,136.01429783100508,1
1357,6.227697262479862,4.498872785829301,154.32583876251255,1
1358,5.805314009661827,4.410466988727852,169.81962661866956,1
1359,5.333816425120764,4.449758454106274,2.2209961177005138,1
1360,4.881964573268914,4.577455716586145,12.577449837219698,1
1361,4.489049919484695,4.813204508856676,22.369272041777872,1
1362,4.105958132045082,5.137359098228655,33.0496843778683,1
1363,3.781803542673102,5.510628019323663,43.808690584258954,1
1364,3.546054750402571,5.913365539452487,54.47175159799439,1
1365,3.3987117552334896,6.375040257648943,66.25403306759553,1
1366,3.3594202898550676,6.8661835748792175,77.52279736422955,1
1367,3.428180354267306,7.318035426731067,90.66126520262867,1
1368,3.6246376811594145,7.769887278582919,105.89555395076786,1
1369,3.929146537842184,8.182447665056348,123.3246966695774,1
1370,4.351529790660219,8.516425120772933,142.57040228810223,1
1371,4.852495974235098,8.752173913043466,161.46958230014388,1
1372,5.412399355877609,8.889694041867942,179.83393753732696,1
1373,5.952657004830908,8.909339774557152,18.076395025803052,1
1374,6.463446054750394,8.801288244766493,36.25189123756369,1
1375,6.885829307568427,8.575362318840568,53.00589615958299,1
1376,7.2099838969404075,8.241384863123981,66.1211167174366,1
1377,7.416264090177123,7.8386473429951575,76.39908369960709,1
1378,7.553784219001599,7.3671497584540955,83.40505438677712,1
1379,7.6028985507246265,6.8661835748792175,88.83685952679512,1
1380,7.593075684380021,6.335748792270522,92.82461614023241,1
1381,7.514492753623178,5.795491143317221,97.10918884225833,1
1382,7.396618357487912,5.284702093397738,101.4021665424839,1
1383,7.200161030595803,4.813204508856676,107.84121266470639,1
1384,6.944766505636061,4.390821256038641,115.49556609059348,1
1385,6.630434782608686,4.037198067632844,123.14257253683485,1
1386,6.27681159420289,3.7621578099838913,131.24168159671916,1
1387,5.903542673107881,3.5362318840579654,139.97894605351757,1
1388,5.540096618357479,3.3790660225442783,150.0783907471954,1
1389,5.166827697262471,3.2808373590982236,161.34695456552444,1
1390,4.724798711755226,3.2415458937198016,173.0324423624482,1
1391,4.2434782608695585,3.2710144927536184,4.363060250052436,1
1392,3.703220611916259,3.4085346215780943,13.912796247552796,1
1393,3.133494363929142,3.6246376811594145,22.073265699115513,1
1394,2.5932367149758417,3.9193236714975783,30.510305135799896,1
1395,2.1610305958132012,4.282769726247981,40.86243655929833,1
1396,1.8172302737520103,4.665861513687593,51.29910101710761,1
1397,1.5814814814814793,5.058776167471812,61.56103146927539,1
1398,1.4341384863123972,5.481159420289847,69.48380107060203,1
1399,1.3359098228663426,5.923188405797093,74.8978056082868,1
1400,1.2769726247987099,6.384863123993549,78.7439904684616,1
1401,1.2475040257648935,6.876006441223822,80.36867766950918,1
1402,1.2376811594202881,7.386795491143306,80.58670962773978,1
1403,1.2376811594202881,7.87793880837358,81.60373927226748,1
1404,1.257326892109499,8.359259259259247,82.4467251728289,1
1405,1.2966183574879209,8.801288244766493,84.89350389722934,1
1406,1.365378421900159,9.233494363929134,89.73392258117251,1
1407,1.49307568438003,9.616586151368745,98.65090898411836,1
1408,1.6797101449275338,9.980032206119146,110.11396833235969,1
1409,1.9547504025764866,10.294363929146522,125.65154218092016,1
1410,2.3181964573268887,10.55958132045087,142.78731124183267,1
1411,2.750402576489529,10.726570048309162,160.26597783882062,1
1412,3.1826086956521693,10.795330112721402,178.2006034992562,1
1413,3.6148148148148094,10.746215780998373,16.85089754318971,1
1414,4.017552334943633,10.55958132045087,35.051735538176,1
1415,4.361352657004824,10.245249597423495,51.684814142756245,1
1416,4.626570048309172,9.84251207729467,66.20138672228906,1
1417,4.8426731078904925,9.351368760064398,78.2804489503007,1
1418,4.990016103059574,8.791465378421886,88.55970416644189,1
1419,5.048953301127208,8.192270531400954,95.96604277280123,1
1420,5.029307568437996,7.612721417069231,101.64909467879399,1
1421,4.940901771336547,7.033172302737509,106.49405762298785,1
1422,4.793558776167465,6.492914653784209,111.03110730746027,1
1423,4.567632850241539,5.991948470209332,115.90483828329135,1
1424,4.282769726247981,5.579388083735902,124.46746099024185,1
1425,3.9487922705313947,5.23558776167471,135.21135333894387,1
1426,3.555877616747177,4.990016103059574,148.12185143392333,1
1427,3.1236714975845365,4.852495974235097,162.63409782971323,1
1428,2.7798711755233456,4.80338164251207,175.7126604663232,1
1429,2.5146537842189978,4.852495974235098,9.733193518194412,1
1430,2.308373590982283,4.980193236714969,24.278085104332085,1
1431,2.1904991948470176,5.206119162640894,38.58540545549404,1
1432,2.1413848631239905,5.500805152979058,51.51646604096589,1
1433,2.0726247987117516,5.913365539452487,62.14722648280218,1
1434,2.03333333333333,6.355394524959733,69.70491195848156,1
1435,2.0529790660225413,6.807246376811584,77.99643978038601,1
1436,2.151207729468596,7.249275362318829,88.45887890790002,1
1437,2.3574879227053103,7.671658615136865,101.73059549672627,1
1438,2.6718196457326853,8.035104669887266,119.94937357513132,1
1439,3.074557165861509,8.359259259259247,140.91679503857185,1
1440,3.555877616747176,8.624476650563594,158.89167755015743,1
1441,4.086312399355871,8.801288244766493,175.30180268871945,1
1442,4.6363929146537775,8.85040257648952,10.753850662674637,1
1443,5.147181964573261,8.781642512077282,23.947293817279295,1
1444,5.599033816425112,8.595008051529778,36.87514171691393,1
1445,5.97230273752012,8.300322061191615,48.352925635622796,1
1446,6.266988727858283,7.9172302737520015,58.451462273079166,1
1447,6.453623188405787,7.494847020933966,68.52287980697902,1
1448,6.571497584541052,7.013526570048299,79.24672097282054,1
1449,6.600966183574869,6.532206119162632,88.57547047808924,1
1450,6.532206119162632,6.0803542673107795,98.5438947474582,1
1451,6.365217391304339,5.66779388083735,109.77130463171792,1
1452,6.129468599033807,5.323993558776159,123.19171151472216,1
1453,5.805314009661827,5.068599033816417,139.72440639843774,1
1454,5.432045088566819,4.901610305958124,156.4955981569032,1
1455,4.999838969404179,4.832850241545886,171.15354513548797,1
1456,4.5578099838969335,4.891787439613519,6.216905225585965,1
1457,4.125603864734293,5.048953301127207,22.36880226216009,1
1458,3.7621578099838913,5.314170692431555,41.00366955752662,1
1459,3.467471819645728,5.677616747181956,58.31347473119357,1
1460,3.3004830917874344,6.119645732689202,71.56327541032336,1
1461,3.2415458937198016,6.571497584541054,83.38608244503034,1
1462,3.31030595813204,7.0528180354267205,94.51913523035103,1
1463,3.4871175523349387,7.5243156199677825,106.27390967547284,1
1464,3.752334943639286,7.936876006441212,118.946993170622,1
1465,4.096135265700477,8.280676328502404,131.68719862436402,1
1466,4.518518518518512,8.56553945249596,144.87825561590734,1
1467,4.980193236714968,8.732528180354254,159.09621667429988,1
1468,5.45169082125603,8.76199677938807,173.75790365402088,1
1469,5.883896940418671,8.683413848631227,9.658439895666843,1
1470,6.257165861513679,8.477133655394512,26.820314159635743,1
1471,6.542028985507237,8.143156199677927,45.85680267311252,1
1472,6.699194847020924,7.730595813204498,66.05785507490103,1
1473,6.7384863123993455,7.308212560386463,81.64933186062805,1
1474,6.689371980676318,6.836714975845401,93.97322844995821,1
1475,6.561674718196447,6.394685990338155,102.73463308308209,1
1476,6.355394524959733,6.001771336553937,109.19030411937132,1
1477,6.119645732689202,5.677616747181957,115.1783642871329,1
1478,5.834782608695643,5.363285024154581,123.19377721560815,1
1479,5.500805152979058,5.147181964573262,133.19491610981234,1
1480,5.1078904991948395,4.990016103059574,147.14219209882526,1
1481,4.665861513687593,4.940901771336547,165.44440199438571,1
1482,4.2140096618357425,4.980193236714968,6.844030616916126,1
1483,3.791626409017707,5.127536231884051,29.093562128013126,1
1484,3.4281803542673055,5.382930756843793,48.65229483922504,1
1485,3.1629629629629585,5.7561996779388,63.15725137525036,1
1486,3.0057971014492706,6.18840579710144,74.21548700090244,1
1487,2.9272141706924275,6.659903381642502,81.5928987697915,1
1488,2.9272141706924275,7.1805152979065925,85.82017497913343,1
1489,2.995974235104666,7.691304347826074,88.93193171004847,1
1490,3.113848631239931,8.182447665056348,92.51755595414323,1
1491,3.290660225442829,8.65394524959741,96.25940767402781,1
1492,3.5165861513687546,9.10579710144926,102.69257037891676,1
1493,3.791626409017708,9.528180354267295,111.72547545681941,1
1494,4.145249597423504,9.921095008051514,123.78212725620897,1
1495,4.547987117552329,10.255072463768101,137.08314890729395,1
1496,5.019484702093391,10.500644122383239,150.54534531007386,1
1497,5.510628019323663,10.667632850241532,163.4023036302363,1
1498,6.021417069243148,10.736392914653768,174.16562101632462,1
1499,6.532206119162632,10.716747181964559,2.6874507080718284,1
1500,7.042995169082116,10.598872785829293,10.501667650256158,1
1501,7.514492753623178,10.412238325281788,19.1601209601385,1
1502,7.976167471819633,10.14702093397744,27.128018663380946,1
1503,8.39855072463767,9.813043478260855,37.808562142109174,1
1504,8.752173913043466,9.420128824476638,49.83803763080741,1
1505,9.046859903381629,8.987922705313997,62.216168286596854,1
1506,9.243317230273737,8.516425120772933,72.65165159518537,1
1507,9.331723027375187,8.035104669887266,81.98720894040947,1
1508,9.321900161030582,7.57342995169081,89.00140264713404,1
1509,9.233494363929132,7.1314009661835644,95.44702971164335,1
1510,9.056682769726233,6.728663446054741,100.93901167845026,1
1511,8.820933977455704,6.375040257648943,106.41889696398363,1
1512,8.536070853462146,6.050885668276964,113.72145018472527,1
1513,8.20209339774556,5.77584541062801,122.84453514052905,1
1514,7.848470209339763,5.55974235104669,133.09430529144487,1
1515,7.455555555555544,5.392753623188398,145.5437585355645,1
1516,7.042995169082116,5.284702093397738,159.03145644119508,1
1517,6.600966183574869,5.2650563607085274,169.24719803267632,1
1518,6.129468599033808,5.304347826086948,177.42469880061157,1
1519,5.6579710144927455,5.412399355877609,4.453832043576825,1
1520,5.215942028985499,5.589210950080506,11.382152081157631,1
1521,4.78373590982286,5.854428341384855,18.97841911032038,1
1522,4.430112721417062,6.168760064412228,30.74576372242937,1
1523,4.15507246376811,6.551851851851842,45.06223858520996,1
1524,3.9193236714975783,6.984057971014482,58.97193683036347,1
1525,3.7719806763284973,7.435909822866333,71.20277042041867,1
1526,3.7228663446054697,7.897584541062789,80.85478205216552,1
1527,3.7621578099838913,8.39855072463767,91.16239691737344,1
1528,3.93896940418679,8.88969404186794,102.17790108331835,1
1529,4.223832528180348,9.32190016103058,116.3433805208133,1
1530,4.597101449275355,9.724637681159406,133.72856032562618,1
1531,5.088244766505629,10.03896940418678,153.92067420496357,1
1532,5.638325281803534,10.23542673107889,174.3766645733103,1
1533,6.18840579710144,10.304186795491129,13.283301246038516,1
1534,6.7384863123993455,10.264895330112706,29.311751723698748,1
1535,7.239452495974225,10.097906602254413,43.646249500044966,1
1536,7.652012882447653,9.822866344605462,56.80931455560881,1
1537,7.98599033816424,9.439774557165848,67.66826213431906,1
1538,8.251207729468586,8.968276972624786,76.66409629105738,1
1539,8.437842190016092,8.43784219001609,83.86217719984475,1
1540,8.565539452495962,7.87793880837358,89.4805146570186,1
1541,8.624476650563594,7.268921095008041,93.74016654465962,1
1542,8.614653784218989,6.650080515297897,98.3415996083081,1
1543,8.52624798711754,6.090177133655386,104.09505177673981,1
1544,8.359259259259247,5.589210950080507,111.74936297528879,1
1545,8.11368760064411,5.147181964573262,121.39724134587948,1
1546,7.779710144927525,4.832850241545886,134.74077147312238,1
1547,7.386795491143306,4.646215780998383,151.17793922158845,1
1548,6.954589371980665,4.567632850241539,169.33269943349785,1
1549,6.502737520128815,4.606924315619961,8.5557927172035,1
1550,6.050885668276964,4.773913043478254,28.062847969151246,1
1551,5.64814814814814,5.0587761674718115,45.371398748493455,1
1552,5.304347826086949,5.441867954911425,59.9274933060098,1
1553,5.058776167471812,5.903542673107881,72.51682166713483,1
1554,4.940901771336547,6.384863123993549,82.84845501207352,1
1555,4.980193236714969,6.866183574879216,95.20548599426913,1
1556,5.157004830917867,7.298389694041856,109.01258997936053,1
1557,5.432045088566819,7.652012882447653,124.2359793778013,1
1558,5.815136876006433,7.897584541062789,140.62943053167157,1
1559,6.257165861513679,8.054750402576477,157.867257530411,1
1560,6.699194847020924,8.084219001610293,176.06436910372665,1
1561,7.141223832528169,7.976167471819633,17.562730909288003,1
1562,7.57342995169081,7.740418679549103,38.55764769713732,1
1563,7.9172302737520015,7.396618357487912,57.11813470897345,1
1564,8.172624798711743,6.954589371980665,71.95273392871822,1
1565,8.32979066022543,6.463446054750394,84.29543822885037,1
1566,8.369082125603853,5.982125603864725,94.93303516262678,1
1567,8.300322061191613,5.530273752012874,104.05749970226897,1
1568,8.123510466988716,5.1078904991948395,114.10877477575316,1
1569,7.848470209339763,4.734621578099832,126.37267835261443,1
1570,7.494847020933966,4.410466988727852,139.26833802497345,1
1571,7.072463768115931,4.15507246376811,152.13116874425074,1
1572,6.62061191626408,3.9880837359098167,163.5433982337041,1
1573,6.149114331723018,3.9193236714975783,174.0714305736331,1
1574,5.6874396135265615,3.9586151368760008,3.8451797711021407,1
1575,5.245410628019315,4.125603864734293,13.037498483343294,1
1576,4.852495974235097,4.37117552334943,22.913669296262988,1
1577,4.498872785829301,4.695330112721409,34.62980646959124,1
1578,4.223832528180348,5.078421900161024,46.170925150355494,1
1579,4.017552334943632,5.52045088566827,58.02155519386452,1
1580,3.8898550724637624,6.0017713365539365,69.721867504861,1
1581,3.85056360708534,6.522383252818026,79.78852431440271,1
1582,3.899677938808368,7.042995169082116,87.3194754343253,1
1583,4.027375201288239,7.563607085346204,94.52894604613033,1
1584,4.223832528180347,8.054750402576477,103.08075913109272,1
1585,4.498872785829301,8.496779388083723,112.72949133997749,1
1586,4.8426731078904925,8.889694041867942,123.76453307699977,1
1587,5.245410628019316,9.233494363929132,136.48804286472176,1
1588,5.707085346215772,9.498711755233481,149.90968768191448,1
1589,6.217874396135256,9.685346215780983,164.01965579487415,1
1590,6.7384863123993455,9.763929146537828,178.20857546850905,1
1591,7.249275362318829,9.724637681159404,12.004460391245363,1
1592,7.720772946859893,9.557648953301113,24.608010038207787,1
1593,8.143156199677927,9.302254428341373,34.073524060473986,1
1594,8.506602254428328,8.95845410628018,41.97230054462666,1
1595,8.820933977455704,8.575362318840567,49.75448288060424,1
1596,9.095974235104658,8.143156199677927,57.515852278322114,1
1597,9.331723027375187,7.661835748792259,64.33082126922699,1
1598,9.498711755233481,7.1608695652173795,72.96578662797833,1
1599,9.60676328502414,6.659903381642502,81.12100379176377,1
1600,9.636231884057956,6.1589371980676235,89.79692367526503,1
1601,9.577294685990324,5.6874396135265615,99.43685121493672,1
1602,9.410305958132032,5.284702093397738,110.33684107685812,1
1603,9.145088566827685,4.940901771336547,122.95565478720414,1
1604,8.801288244766493,4.675684380032199,137.15461754715818,1
1605,8.39855072463767,4.508695652173905,151.53525468926537,1
1606,7.936876006441213,4.449758454106274,166.5733760417001,1
1607,7.46537842190015,4.498872785829301,1.8316559530251342,1
1608,7.042995169082116,4.656038647342988,16.585152574282517,1
1609,6.669726247987109,4.901610305958124,32.56167077855106,1
1610,6.365217391304339,5.225764895330105,49.211346081664225,1
1611,6.168760064412229,5.638325281803534,65.05403749331649,1
1612,6.099999999999992,6.090177133655386,80.05737618488136,1
1613,6.139291465378412,6.561674718196447,94.46535940013847,1
1614,6.2964573268921,7.003703703703692,109.1201277568231,1
1615,6.571497584541054,7.386795491143306,126.44615559068623,1
1616,6.954589371980665,7.671658615136865,145.5428425391689,1
1617,7.406441223832518,7.848470209339763,162.4540676106726,1
1618,7.9172302737520015,7.897584541062789,176.09760582879514,1
1619,8.428019323671485,7.848470209339763,7.670748976967549,1
1620,8.899516908212547,7.691304347826074,19.225082831460607,1
1621,9.30225442834137,7.406441223832518,33.236623638094514,1
1622,9.60676328502414,7.062640901771326,50.4176263030949,1
1623,9.754106280193222,6.679549114331714,69.03981237394609,1
1624,9.773752012882431,6.266988727858284,85.83526251937785,1
1625,9.685346215780983,5.844605475040249,101.9896744028639,1
1626,9.469243156199664,5.471336553945241,118.26715112271737,1
1627,9.154911433172288,5.147181964573261,135.0003542674692,1
1628,8.791465378421886,4.89178743961352,151.65509202151685,1
1629,8.359259259259247,4.724798711755226,164.80543373871328,1
1630,7.927053140096606,4.675684380032199,176.00668240390493,1
1631,7.46537842190015,4.764090177133649,7.550107998593688,1
1632,7.0528180354267205,4.940901771336546,18.377130597894357,1
1633,6.699194847020924,5.196296296296288,30.201389492419374,1
1634,6.433977455716577,5.540096618357479,44.457834766932216,1
1635,6.217874396135256,5.933011272141698,58.41135552774942,1
1636,6.129468599033807,6.3455716586151265,70.2569417964915,1
1637,6.119645732689202,6.777777777777769,81.3095884057507,1
1638,6.178582930756835,7.239452495974224,90.31596854958882,1
1639,6.325925925925917,7.691304347826076,99.06686029600185,1
1640,6.561674718196448,8.123510466988716,105.75083316755342,1
1641,6.8661835748792175,8.506602254428328,112.9192000717457,1
1642,7.229629629629619,8.850402576489518,121.06776495811076,1
1643,7.652012882447653,9.125442834138472,130.17860351513423,1
1644,8.11368760064411,9.312077294685976,140.62727294174744,1
1645,8.634299516908198,9.429951690821241,153.89353212856184,1
1646,9.184380032206104,9.479066022544268,167.25262942948336,1
1647,9.754106280193222,9.44959742351045,0.3374329394357158,1
1648,10.333655394524945,9.341545893719793,12.822393266965301,1
1649,10.88373590982285,9.19420289855071,22.833778703935295,1
1650,11.38470209339773,8.968276972624786,32.97070222317668,1
1651,11.846376811594187,8.663768115942016,41.17437690289993,1
1652,12.24911433172301,8.319967793880824,46.1063389250702,1
1653,12.622383252818015,7.887761674718185,50.971122153528896,1
1654,12.9563607085346,7.396618357487912,57.70968338746397,1
1655,13.211755233494344,6.885829307568427,63.22904941896441,1
1656,13.388566827697241,6.365217391304339,70.28346886949973,1
1657,13.486795491143297,5.824959742351038,77.78971887692416,1
1658,13.476972624798691,5.333816425120764,85.47949542228042,1
1659,13.388566827697243,4.852495974235097,91.53863288748242,1
1660,13.24122383252816,4.3711755233494305,97.84265339272893,1
1661,13.044766505636051,3.9193236714975783,104.47850449532291,1
1662,12.818840579710127,3.4772946859903326,111.47584804527708,1
1663,12.553623188405778,3.0352657004830874,116.61298380130876,1
1664,12.308051529790642,2.7012882447665016,122.8378134450856,1
1665,12.033011272141689,2.4851851851851814,132.02732746802255,1
1666,11.718679549114315,2.377133655394521,143.59154234766913,1
1667,11.365056360708518,2.3967793880837323,158.46423990978764,1
1668,10.991787439613509,2.563768115942025,176.10978344996897,1
1669,10.569404186795476,2.799516908212556,12.911734461504402,1
1670,10.186312399355861,3.1040257648953253,28.52737941908304,1
1671,9.871980676328487,3.467471819645728,42.9521493317923,1
1672,9.64605475040256,3.8898550724637624,56.85767986131013,1
1673,9.518357487922689,4.331884057971008,68.2509986696283,1
1674,9.488888888888873,4.80338164251207,78.44776259098606,1
1675,9.557648953301113,5.284702093397738,88.77827435429332,1
1676,9.714814814814801,5.746376811594194,100.7026067164925,1
1677,9.950563607085332,6.1589371980676235,113.48437148348978,1
1678,10.27471819645731,6.522383252818026,128.2783639984998,1
1679,10.647987117552319,6.767954911433162,144.28750739412783,1
1680,11.09983896940417,6.905475040257639,159.39878019623293,1
1681,11.571336553945233,6.934943639291456,173.92528532869034,1
1682,12.062479871175507,6.836714975845401,8.790571850334109,1
1683,12.52415458937196,6.630434782608686,24.22600902659916,1
1684,12.9563607085346,6.306280193236705,40.59497268885661,1
1685,13.260869565217371,5.874074074074065,57.792133176078046,1
1686,13.457326892109482,5.402576489533003,73.08855132663318,1
1687,13.516264090177113,4.91143317230273,86.4731381078581,1
1688,13.457326892109482,4.420289855072457,97.48414989121206,1
1689,13.300161030595792,3.9880837359098167,107.24439512411402,1
1690,13.044766505636051,3.6049919484702038,116.29755678696168,1
1691,12.730434782608677,3.231723027375197,124.01849087562265,1
1692,12.37681159420288,2.9173913043478215,130.59049676959407,1
1693,12.013365539452476,2.6619967793880797,138.16555439284173,1
1694,11.640096618357472,2.455716586151365,146.85193499694242,1
1695,11.257004830917857,2.328019323671494,156.1261200602268,1
1696,10.844444444444429,2.2985507246376775,168.7585033655389,1
1697,10.441706924315605,2.367310789049916,4.239890818704838,1
1698,10.048792270531388,2.534299516908209,22.062493709513124,1
1699,9.685346215780985,2.789694041867951,40.94496441379926,1
1700,9.420128824476638,3.1236714975845365,58.37057813928979,1
1701,9.262962962962948,3.546054750402571,70.87201041858916,1
1702,9.184380032206104,4.017552334943633,79.87108533595384,1
1703,9.204025764895315,4.498872785829301,87.78090531502119,1
1704,9.30225442834137,4.980193236714968,94.59094614110525,1
1705,9.459420289855057,5.441867954911426,99.99219492457158,1
1706,9.685346215780983,5.864251207729461,106.81084434345291,1
1707,9.989855072463753,6.266988727858284,114.31914338907961,1
1708,10.34347826086955,6.650080515297897,120.61937618948888,1
1709,10.736392914653768,7.013526570048299,124.69204613718469,1
1710,11.148953301127198,7.347504025764884,129.81160426496606,1
1711,11.58115942028984,7.622544283413836,137.13058953082304,1
1712,12.003542673107873,7.809178743961342,145.76826372947107,1
1713,12.425925925925906,7.907407407407396,156.82695894132308,1
1714,12.858132045088547,7.907407407407396,172.58430013711626,1
1715,13.300161030595792,7.7895330112721295,11.093104464226549,1
1716,13.712721417069222,7.543961352656995,33.79788741317388,1
1717,14.076167471819625,7.1805152979065925,57.16548498527122,1
1718,14.351207729468578,6.748309178743952,72.51127148141047,1
1719,14.518196457326871,6.227697262479863,84.87515956706572,1
1720,14.557487922705292,5.697262479871168,93.9967992651866,1
1721,14.488727858293055,5.1864734299516835,101.72276030710104,1
1722,14.32173913043476,4.724798711755226,109.35295264120464,1
1723,14.066344605475019,4.282769726247981,119.65452839831576,1
1724,13.732367149758431,3.9193236714975788,131.09809699555137,1
1725,13.34927536231882,3.6148148148148094,145.00791289024448,1
1726,12.926892109500788,3.3987117552334896,158.18675757011783,1
1727,12.48486312399354,3.2710144927536184,171.19229978489668,1
1728,12.042834138486295,3.2513687600644077,3.546601754682757,1
1729,11.62045088566826,3.3495974235104624,15.53348463866492,1
1730,11.207890499194832,3.555877616747177,26.473435218434936,1
1731,10.814975845410611,3.8505636070853404,37.03864249995592,1
1732,10.461352657004815,4.223832528180348,45.6283421301008,1
1733,10.14702093397744,4.646215780998383,52.54990355080059,1
1734,9.871980676328487,5.1078904991948395,58.59334074649516,1
1735,9.62640901771335,5.618679549114323,62.592434934473104,1
1736,9.420128824476636,6.149114331723018,67.08490454397145,1
1737,9.243317230273737,6.689371980676318,71.06334400701685,1
1738,9.135265700483078,7.239452495974224,75.8187000876965,1
1739,9.095974235104656,7.799355877616736,82.57652936464353,1
1740,9.164734299516894,8.290499194847008,90.60101096800535,1
1741,9.321900161030582,8.742351046698861,99.94293041238943,1
1742,9.596940418679534,9.164734299516894,110.97652837351711,1
1743,9.921095008051514,9.538003220611902,120.87361186449729,1
1744,10.304186795491129,9.852334943639276,129.097400567444,1
1745,10.716747181964559,10.156843800322047,136.32875198860694,1
1746,11.16859903381641,10.431884057970999,141.64834601725713,1
1747,11.62045088566826,10.667632850241532,145.68368877410393,1
1748,12.121417069243138,10.873913043478245,150.54727062690588,1
1749,12.642028985507228,11.01143317230272,157.15173800475745,1
1750,13.162640901771317,11.080193236714958,165.56021469605608,1
1751,13.702898550724617,11.070370370370354,174.93631440322417,1
1752,14.252979066022524,10.952495974235088,5.594193587807778,1
1753,14.734299516908191,10.75603864734298,17.83311667619785,1
1754,15.176328502415435,10.490821256038632,28.69491398417319,1
1755,15.569243156199656,10.14702093397744,39.98656104409852,1
1756,15.854106280193212,9.73446054750401,51.42266398197195,1
1757,16.06038647342993,9.282608695652161,63.085855264901355,1
1758,16.20772946859901,8.791465378421886,72.95141821710945,1
1759,16.266666666666644,8.261030595813192,82.67477419983516,1
1760,16.24702093397743,7.701127214170681,90.52511211301027,1
1761,16.168438003220587,7.141223832528169,97.264652918659,1
1762,16.001449275362294,6.591143317230264,103.0928173749276,1
1763,15.765700483091766,6.060708534621569,109.63493803185546,1
1764,15.480837359098206,5.589210950080507,116.83919111105601,1
1765,15.156682769726222,5.196296296296289,124.95897112801421,1
1766,14.80305958132043,4.8721417069243085,132.72154454548087,1
1767,14.390499194847,4.58727858293075,139.94326137198146,1
1768,13.958293075684361,4.341706924315614,147.55580140561415,1
1769,13.476972624798691,4.15507246376811,156.08505221605262,1
1770,13.015297906602234,4.037198067632844,165.67333106494596,1
1771,12.543800322061172,3.9979066022544223,177.16912316722147,1
1772,12.111594202898534,4.066666666666661,10.934934831972273,1
1773,11.708856682769708,4.233655394524954,25.229561484709112,1
1774,11.384702093397728,4.489049919484695,40.08170870958273,1
1775,11.070370370370352,4.82302737520128,52.20660565455292,1
1776,10.814975845410611,5.215942028985499,60.91810119688416,1
1777,10.608695652173898,5.657971014492745,66.45516032670824,1
1778,10.441706924315605,6.149114331723018,70.54625384167946,1
1779,10.304186795491129,6.659903381642502,71.36151659883684,1
1780,10.196135265700468,7.1805152979065925,73.19094830475964,1
1781,10.117552334943625,7.710950080515286,76.14894300825758,1
1782,10.078260869565202,8.251207729468586,78.71816435084435,1
1783,10.088083735909809,8.791465378421886,81.21986395017123,1
1784,10.12737520128823,9.321900161030582,84.80025711011925,1
1785,10.23542673107889,9.822866344605462,90.79497623239206,1
1786,10.402415458937181,10.314009661835733,97.13345845733392,1
1787,10.638164251207714,10.75603864734298,105.5896974051718,1
1788,10.913204508856666,11.129307568437985,116.5734181485311,1
1789,11.257004830917857,11.443639291465363,130.0693329277991,1
1790,11.649919484702076,11.679388083735894,144.9676668256409,1
1791,12.082125603864716,11.79726247987116,162.35570026613144,1
1792,12.524154589371964,11.787439613526555,179.97122036691448,1
1793,12.96618357487921,11.669565217391288,16.56497328100758,1
1794,13.398389694041848,11.414170692431545,32.363293401985224,1
1795,13.78148148148146,11.050724637681142,46.61000677778368,1
1796,14.105636070853441,10.598872785829291,56.77738799096711,1
1797,14.370853462157788,10.107729468599018,64.37812033273714,1
1798,14.577133655394501,9.587117552334929,69.30884425480849,1
1799,14.704830917874371,9.06650563607084,73.09350984115635,1
1800,14.763768115942009,8.575362318840568,77.01125520810366,1
1801,14.763768115942009,8.084219001610293,83.45387368442329,1
1802,14.685185185185162,7.612721417069231,90.58211562198647,1
1803,14.537842190016082,7.1314009661835644,98.91203579889104,1
1804,14.311916264090154,6.679549114331712,107.57761698092544,1
1805,14.017230273751991,6.227697262479862,117.40605695183285,1
1806,13.673429951690801,5.8446054750402485,127.31080199193121,1
1807,13.28051529790658,5.530273752012874,137.44951373922916,1
1808,12.86795491143315,5.304347826086948,147.94884105499114,1
1809,12.455394524959724,5.147181964573262,157.78874954658562,1
1810,12.0526570048309,5.078421900161024,165.95725905546857,1
1811,11.64009661835747,5.068599033816417,174.01781310336864,1
1812,11.237359098228646,5.117713365539446,2.4316205265431194,1
1813,10.834621578099823,5.245410628019316,12.129311694042826,1
1814,10.471175523349421,5.441867954911425,23.854720430401837,1
1815,10.14702093397744,5.716908212560378,37.69682754840719,1
1816,9.86215780998388,6.090177133655386,50.18092211587731,1
1817,9.675523349436379,6.51256038647342,62.89668463293846,1
1818,9.596940418679534,6.964412238325272,72.87166632471207,1
1819,9.587117552334927,7.435909822866334,83.98331857900192,1
1820,9.695169082125588,7.907407407407396,96.98233947612376,1
1821,9.930917874396119,8.300322061191613,113.763228299235,1
1822,10.245249597423495,8.614653784218989,134.02915298753143,1
1823,10.628341384863107,8.830756843800309,155.0775067956788,1
1824,11.060547504025749,8.928985507246363,174.52018045965326,1
1825,11.502576489532995,8.879871175523336,12.241986643547596,1
1826,11.92495974235103,8.703059581320439,27.872713926549302,1
1827,12.317874396135249,8.428019323671485,41.675246237760845,1
1828,12.671497584541044,8.064573268921084,53.31643191289457,1
1829,12.966183574879206,7.642190016103048,63.648256648971554,1
1830,13.15281803542671,7.16086956521738,73.85652090568769,1
1831,13.24122383252816,6.679549114331712,85.56479939684053,1
1832,13.22157809983895,6.217874396135256,98.29434501606572,1
1833,13.074235104669867,5.785668276972617,112.84241777757721,1
1834,12.818840579710123,5.382930756843793,127.93827966611224,1
1835,12.494685990338144,5.078421900161023,143.08158138943284,1
1836,12.121417069243137,4.832850241545886,157.4756740865531,1
1837,11.708856682769708,4.675684380032199,170.45671788774462,1
1838,11.29629629629628,4.616747181964565,3.3579141306103923,1
1839,10.903381642512063,4.675684380032199,16.26951098458303,1
1840,10.549758454106264,4.8426731078904925,29.01472255264447,1
1841,10.255072463768101,5.117713365539445,41.23263877998148,1
1842,10.03896940418678,5.441867954911425,52.93555376113856,1
1843,9.891626409017698,5.834782608695643,63.429515036624,1
1844,9.84251207729467,6.266988727858283,72.99072854641166,1
1845,9.871980676328487,6.718840579710135,82.07762570477435,1
1846,9.980032206119148,7.180515297906591,92.20955461504496,1
1847,10.176489533011257,7.671658615136865,102.06967845105554,1
1848,10.461352657004815,8.133333333333322,111.9711393996905,1
1849,10.795330112721402,8.536070853462144,122.4171579680662,1
1850,11.18824476650562,8.860225442834125,134.14905690826618,1
1851,11.630273752012865,9.105797101449262,144.5756240811707,1
1852,12.111594202898534,9.253140096618344,155.85484537696465,1
1853,12.612560386473412,9.30225442834137,167.5375670977388,1
1854,13.133172302737501,9.282608695652161,179.42548592489777,1
1855,13.663607085346195,9.164734299516894,11.758800814588094,1
1856,14.174396135265678,8.95845410628018,26.855725410756264,1
1857,14.60660225442832,8.653945249597411,43.06489590188198,1
1858,14.960225442834115,8.280676328502405,58.94010943094247,1
1859,15.21561996779386,7.828824476650551,72.59849203645346,1
1860,15.362962962962943,7.3376811594202795,84.43817489717685,1
1861,15.392431561996755,6.846537842190005,92.90754185035033,1
1862,15.333494363929123,6.394685990338155,101.76371470152887,1
1863,15.176328502415435,5.952657004830909,110.21955316266371,1
1864,14.940579710144906,5.549919484702086,118.6305515130356,1
1865,14.60660225442832,5.1864734299516835,126.97983705106793,1
1866,14.213687600644102,4.862318840579704,135.89825020125963,1
1867,13.771658615136854,4.547987117552329,143.6687416305193,1
1868,13.300161030595794,4.302415458937191,151.70407806806983,1
1869,12.82866344605473,4.145249597423504,160.8780959994233,1
1870,12.366988727858274,4.076489533011267,170.2561438414939,1
1871,11.915136876006423,4.105958132045082,1.4126452353136736,1
1872,11.492753623188388,4.2434782608695585,14.006952733061542,1
1873,11.109661835748776,4.47922705314009,26.024474085342618,1
1874,10.736392914653766,4.773913043478254,36.876980805465884,1
1875,10.422061191626394,5.12753623188405,45.72014625244444,1
1876,10.137198067632836,5.510628019323663,53.394431450009186,1
1877,9.891626409017698,5.913365539452488,59.43147556139613,1
1878,9.685346215780985,6.335748792270522,65.25637583370249,1
1879,9.547826086956508,6.767954911433162,70.03393301260405,1
1880,9.459420289855057,7.229629629629619,76.09642566252296,1
1881,9.439774557165846,7.730595813204497,82.05983931936564,1
1882,9.488888888888875,8.261030595813192,87.7205238463224,1
1883,9.616586151368745,8.791465378421886,93.01237506268023,1
1884,9.793397745571642,9.30225442834137,98.28276125566508,1
1885,10.009500805152964,9.793397745571642,102.16666059559613,1
1886,10.264895330112706,10.245249597423495,104.66685877519669,1
1887,10.549758454106264,10.657809983896925,107.61476900221317,1
1888,10.86409017713364,11.050724637681142,111.31394070197024,1
1889,11.217713365539435,11.443639291465361,116.07998821326994,1
1890,11.610628019323656,11.807085346215763,122.1583496439066,1
1891,12.042834138486295,12.121417069243137,129.97082064432044,1
1892,12.514331723027357,12.39645732689209,139.48964212410493,1
1893,12.985829307568418,12.583091787439594,150.1102182522719,1
1894,13.4966183574879,12.671497584541044,160.92558670599905,1
1895,13.997584541062782,12.661674718196437,172.2096565007448,1
1896,14.459259259259237,12.543800322061172,5.353061132825601,1
1897,14.861996779388061,12.317874396135247,20.468237977700465,1
1898,15.205797101449253,12.003542673107873,38.34269755065313,1
1899,15.43172302737518,11.630273752012865,57.402135399405495,1
1900,15.55942028985505,11.188244766505619,74.13810761020159,1
1901,15.588888888888865,10.716747181964557,87.9242924597808,1
1902,15.500483091787416,10.215780998389679,99.460494217901,1
1903,15.333494363929123,9.724637681159406,109.64494408873458,1
1904,15.087922705313986,9.243317230273737,118.36710544117093,1
1905,14.773590982286612,8.791465378421886,126.0070743835783,1
1906,14.400322061191602,8.369082125603851,133.47776913413435,1
1907,14.007407407407385,8.005636070853452,138.99530307507223,1
1908,13.575201288244745,7.691304347826074,144.49386912658377,1
1909,13.133172302737501,7.435909822866333,150.92335099605765,1
1910,12.661674718196437,7.268921095008041,158.0607470880953,1
1911,12.209822866344586,7.1805152979065925,166.30166737584653,1
1912,11.757971014492735,7.16086956521738,177.40091269504967,1
1913,11.306119162640885,7.229629629629619,9.607643744483,1
1914,10.854267310789032,7.406441223832518,21.676001609483194,1
1915,10.431884057970999,7.661835748792259,33.41248097952169,1
1916,10.029146537842177,8.00563607085345,43.70080491457388,1
1917,9.675523349436379,8.428019323671485,51.0956622762815,1
1918,9.371014492753611,8.88969404186794,56.382083162816016,1
1919,9.15491143317229,9.351368760064398,62.03205758527767,1
1920,9.037037037037026,9.832689210950067,68.20997534020991,1
1921,9.007568438003208,10.294363929146524,76.19069640055802,1
1922,9.076328502415446,10.736392914653768,87.52769425435501,1
1923,9.253140096618342,11.16859903381641,100.9592815445177,1
1924,9.51835748792269,11.58115942028984,115.0176957205754,1
1925,9.891626409017698,11.92495974235103,129.21919676372323,1
1926,10.323832528180338,12.229468599033797,142.41321165722044,1
1927,10.814975845410611,12.46521739130433,154.66376662834466,1
1928,11.3355877616747,12.602737520128807,166.4967130628177,1
1929,11.846376811594187,12.642028985507228,179.18663728510526,1
1930,12.317874396135247,12.583091787439594,11.469025058565594,1
1931,12.769726247987098,12.406280193236697,22.4313725358979,1
1932,13.192109500805135,12.121417069243138,30.846954608097807,1
1933,13.575201288244745,11.767793880837342,38.73940570511608,1
1934,13.938647342995148,11.3355877616747,43.69733546109521,1
1935,14.272624798711735,10.86409017713364,48.27943968351289,1
1936,14.586956521739108,10.372946859903365,53.24097708931515,1
1937,14.852173913043455,9.86215780998388,58.56890087325469,1
1938,15.097745571658592,9.32190016103058,61.87309203513398,1
1939,15.323671497584519,8.732528180354254,65.70693016707614,1
1940,15.529951690821232,8.094041867954898,69.42418720846594,1
1941,15.70676328502413,7.435909822866333,72.57993710608048,1
1942,15.873752012882424,6.767954911433162,74.7642647527836,1
1943,16.03091787439611,6.099999999999992,76.43479992395552,1
1944,16.148792270531377,5.481159420289847,77.70373639298086,1
1945,16.256843800322038,4.911433172302731,77.48370354472857,1
1946,16.364895330112695,4.361352657004824,76.14326636954333,1
1947,16.472946859903356,3.791626409017707,75.84876563380732,1
1948,16.561352657004807,3.2513687600644077,76.8008766166218,1
1949,16.63993558776165,2.848631239935583,76.89152021733965,1
1950,16.70869565217389,2.5146537842189978,77.9182225742012,1
1951,16.787278582930732,2.269082125603861,77.81150306206163,1
1952,16.87568438003218,2.190499194847017,73.40396411154742,1
1953,17.023027375201263,2.14138486312399,66.06592518638351,1
1954,17.21948470209337,2.0136876006441193,58.17127017354828,1
1955,17.415942028985476,1.9056360708534594,48.41853021419281,1
1956,17.661513687600618,1.8172302737520099,37.7892071048844,1
1957,17.946376811594178,1.7386473429951663,27.852061193132556,1
1958,18.24106280193234,1.7386473429951663,18.505361236184267,1
1959,18.584863123993536,1.7877616747181935,8.221610807685245,1
1960,19.017069243156175,1.8466988727858265,1.4295220899680559,1
1961,19.488566827697234,1.895813204508854,177.2368359410849,1
1962,20.00917874396132,1.9154589371980648,175.94074851738372,1
1963,20.578904991948438,1.9154589371980648,175.78815159365345,1
1964,21.18792270531398,1.905636070853459,175.93664624215717,1
1965,21.826409017713335,1.8859903381642487,174.93764333684516,1
1966,22.474718196457292,1.8565217391304318,175.12697639388577,1
1967,23.113204508856647,1.8172302737520103,174.80329077032732,1
1968,23.751690821256002,1.7681159420289827,174.65900816412108,1
1969,24.370531400966147,1.7091787439613502,176.52185925749322,1
1970,24.96972624798708,1.640418679549112,179.879634902434,1
1971,25.549275362318802,1.552012882447663,3.5743195156117853,1
1972,26.12882447665052,1.4341384863123974,6.928186888147104,1
1973,26.68872785829304,1.2966183574879209,8.671722777162348,1
1974,27.111111111111075,1.1492753623188388,11.600843343953768,1
1975,27.415619967793837,1.0117552334943625,11.716299323131414,1
1976,27.63172302737516,0.9135265700483078,8.864151565316442,1
1977,27.788888888888845,0.8545893719806749,5.251391875323877,1
1978,27.838003220611874,0.8251207729468586,0.6371440842691116,1
1979,27.94605475040253,0.8447665056360696,173.45597522307995,1
1980,28.093397745571615,0.9037037037037023,164.57659908354043,1
1981,28.240740740740698,0.9921095008051516,155.27431027430944,1
1982,28.35861513687596,1.1394524959742334,145.17384559684808,1
1983,28.525603864734258,1.365378421900159,134.53725655800633,1
1984,28.682769726247944,1.6502415458937172,124.22804369954831,1
1985,28.83993558776163,1.9743961352656973,117.79234913312243,1
1986,28.997101449275323,2.3378421900161,111.87190938599228,1
1987,29.1444444444444,2.730756843800318,107.03175253266413,1
1988,29.252495974235064,3.123671497584536,105.49902500018908,1
1989,29.331078904991905,3.5067632850241495,102.79933013012621,1
1990,29.390016103059544,3.899677938808368,99.93785522422439,1
1991,29.44895330112717,4.312238325281797,99.14074909640073,1
1992,29.4980676328502,4.724798711755225,98.54949838080341,1
1993,29.547181964573223,5.157004830917867,96.94679624327132,1
1994,29.596296296296252,5.569565217391296,96.22844774400286,1
1995,29.645410628019278,5.982125603864725,94.9411817321227,1
1996,29.694524959742306,6.38486312399355,93.68649186263423,1
1997,29.743639291465332,6.777777777777769,92.78732623530802,1
1998,29.753462157809942,7.1314009661835644,93.07405192897447,1
1999,29.773107890499148,7.504669887278571,94.27426341840619,1
2000,29.782930756843758,7.858293075684368,95.56635770177293,1
2001,29.773107890499155,8.182447665056348,96.43155575107022,1
2002,29.753462157809942,8.496779388083723,96.42068889819858,1
2003,29.763285024154545,8.811111111111098,95.71771110778003,1
2004,29.753462157809942,9.115619967793867,93.9352560454528,1
2005,29.723993558776122,9.429951690821241,91.85184384826808,1
2006,29.714170692431516,9.783574879227038,90.11015880301893,1
2007,29.73381642512073,10.14702093397744,89.60127520330589,1
2008,29.73381642512073,10.500644122383237,89.68346545418625,1
2009,29.694524959742306,10.864090177133638,89.48676992443554,1
2010,29.645410628019278,11.247181964573253,88.94715036856044,1
2011,29.566827697262436,11.620450885668259,88.92376657775539,1
2012,29.44895330112717,12.013365539452478,88.5148500059483,1
2013,29.350724637681118,12.475040257648935,87.06232871468247,1
2014,29.311433172302696,12.976006441223813,87.5204443249043,1
2015,29.301610305958086,13.545732689210928,87.52781532518746,1
2016,29.301610305958093,14.164573268921071,87.6037394105534,1
2017,29.311433172302692,14.842351046698848,86.79281237396812,1
2018,29.331078904991905,15.549597423510443,87.55603141960998,1
2019,29.350724637681118,16.276489533011247,88.76891976796472,1
2020,29.40966183574875,16.96409017713363,93.74692328890917,1
2021,29.468599033816382,17.612399355877592,96.58995024227912,1
2022,29.53735909822862,18.201771336553918,100.16914276995874,1
2023,29.62576489533007,18.72238325281801,102.64070387630005,1
2024,29.714170692431516,19.184057971014465,104.27547743418098,1
2025,29.782930756843758,19.586795491143288,103.52049199920384,1
2026,29.871336553945202,19.9698872785829,103.29998134794394,1
2027,29.969565217391256,20.323510466988697,103.88077485164965,1
2028,30.03832528180349,20.657487922705283,103.17191535916179,1
2029,30.11690821256034,21.001288244766474,102.54992708925245,1
2030,30.185668276972574,21.345088566827663,101.48706015214677,1
2031,30.24460547504021,21.679066022544255,101.72830789350202,1
2032,30.29371980676324,22.013043478260837,100.64766725344133,1
2033,30.342834138486268,22.347020933977422,100.0771202640615,1
2034,30.382125603864687,22.671175523349405,99.99526878377344,1
2035,30.421417069243113,22.995330112721383,99.51818113576398,1
2036,30.460708534621535,23.309661835748756,98.52628365824744,1
2037,30.499999999999954,23.60434782608692,97.92278835092502,1
2038,30.539291465378376,23.90885668276969,98.57962878471517,1
2039,30.568760064412192,24.203542673107854,97.46595677006013,1
2040,30.60805152979061,24.508051529790624,98.428519625418,1
2041,30.627697262479824,24.802737520128787,97.99626674308696,1
2042,30.647342995169037,25.117069243156163,97.2867592752426,1
2043,30.666988727858246,25.44122383252814,96.23308785941714,1
2044,30.68663446054746,25.765378421900124,96.95216740246514,1
2045,30.696457326892062,26.079710144927496,95.65667689574698,1
2046,30.716103059581275,26.38421900161027,95.06505952342438,1
2047,30.73574879227049,26.678904991948436,96.26444642668314,1
2048,30.74557165861509,26.94412238325278,96.1590175625506,1
2049,30.765217391304304,27.20933977455713,95.07366354150155,1
2050,30.804508856682723,27.494202898550686,95.73181022841045,1
2051,30.794685990338117,27.75942028985503,95.20770581527961,1
2052,30.765217391304304,28.004991948470167,92.47661786175804,1
2053,30.755394524959694,28.260386473429907,91.83882143154136,1
2054,30.765217391304304,28.466666666666622,93.23610506189385,1
2055,30.755394524959694,28.604186795491103,93.0979357468975,1
2056,30.78486312399351,28.72206119162637,95.55211987432001,1
2057,30.824154589371933,28.80064412238321,98.92438535625882,1
2058,30.833977455716543,28.810466988727818,101.14161704596998,1
2059,30.81433172302733,28.810466988727814,102.01817065984724,1
2060,30.804508856682723,28.810466988727814,103.58811123799373,1
2061,30.79468599033812,28.810466988727818,103.48079377684914,1
2062,30.765217391304297,28.780998389694,102.68239462154007,1
2063,30.78486312399351,28.80064412238321,102.70073710675146,1
2064,30.794685990338117,28.80064412238321,102.01322285441587,1
2065,30.765217391304304,28.780998389694,99.92829351368822,1
2066,30.775040257648907,28.790821256038605,99.71426118852452,1
2067,30.81433172302733,28.820289855072424,100.40872549575997,1
2068,30.804508856682723,28.810466988727814,100.02091501373789,1
2069,30.804508856682723,28.80064412238321,100.46669201415641,1
2070,30.824154589371936,28.820289855072424,102.25556302176277,1
2071,30.81433172302733,28.810466988727818,102.89596467949619,1
2072,30.79468599033812,28.810466988727814,102.80338042493608,1
2073,30.78486312399351,28.810466988727814,103.56042472762041,1
2074,30.775040257648907,28.83993558776163,104.20592143590802,1
2075,30.755394524959694,28.84975845410624,103.8906929685091,1
2076,30.72592592592588,28.859581320450843,104.4577860084382,1
2077,30.696457326892062,28.869404186795446,106.2859786085499,1
2078,30.647342995169037,28.869404186795446,106.17564791319374,1
2079,30.578582930756802,28.849758454106233,104.71058860614191,1
2080,30.519645732689167,28.80064412238321,104.24079031203452,1
2081,30.509822866344564,28.780998389694,104.80603398403257,1
2082,30.49017713365535,28.76135265700479,103.80155510564566,1
2083,30.49017713365535,28.741706924315576,102.79053028547908,1
2084,30.519645732689163,28.731884057970973,103.67618954313149,1
2085,30.598228663446008,28.780998389694002,104.63162084066909,1
2086,30.627697262479824,28.80064412238321,104.19590811039156,1
2087,30.666988727858246,28.830112721417027,103.99273009542195,1
2088,30.696457326892066,28.84975845410624,105.26156799642234,1
2089,30.72592592592588,28.88904991948466,105.26812710160259,1
2090,30.676811594202853,28.869404186795446,104.80252943388611,1
2091,30.65716586151364,28.87922705314005,104.63564857927771,1
2092,30.627697262479824,28.869404186795446,105.22820114310174,1
2093,30.61787439613522,28.88904991948466,105.48458860072856,1
2094,30.588405797101405,28.87922705314005,106.39285830369234,1
2095,30.578582930756795,28.908695652173872,108.19992382431089,1
2096,30.549114331722983,28.90869565217387,109.6548031562011,1
2097,30.52946859903377,28.918518518518475,110.16154391263605,1
2098,30.509822866344564,28.918518518518475,110.91756588773329,1
2099,30.499999999999957,28.92834138486308,111.75554459783184,1
2100,30.499999999999957,28.918518518518475,110.91042399869073,1
2101,30.499999999999957,28.90869565217387,110.15863236439966,1
2102,30.509822866344564,28.88904991948466,109.90002926870235,1
2103,30.519645732689167,28.859581320450843,108.58551556229054,1
2104,30.52946859903377,28.830112721417027,107.2649947434936,1
2105,30.53929146537838,28.810466988727814,106.87325066517874,1
2106,30.549114331722983,28.790821256038605,106.28957023504242,1
2107,30.549114331722983,28.780998389694,105.74644607777981,1
2108,30.53929146537838,28.7908212560386,106.272728006849,1
2109,30.509822866344557,28.80064412238321,107.05863302747282,1
2110,30.441062801932322,28.76135265700479,106.86440056740257,1
2111,30.362479871175474,28.731884057970973,106.40330276690231,1
2112,30.27407407407403,28.741706924315576,106.63402393923863,1
2113,30.146376811594155,28.692592592592554,105.6356492855956,1
2114,30.0481481481481,28.682769726247944,106.47634578359504,1
2115,29.959742351046657,28.702415458937157,106.94672541395032,1
2116,29.871336553945206,28.71223832528176,108.57591058042831,1
2117,29.782930756843758,28.682769726247944,109.77827431945948,1
2118,29.743639291465332,28.71223832528176,112.49418146978867,1
2119,29.694524959742306,28.702415458937157,112.08023552594958,1
2120,29.6748792270531,28.72206119162637,113.56497785691013,1
2121,29.66505636070849,28.71223832528176,113.50560638756926,1
2122,29.655233494363888,28.67294685990334,112.04298398348124,1
2123,29.635587761674675,28.614009661835706,109.25937803973672,1
2124,29.62576489533007,28.555072463768074,107.15451610864696,1
2125,29.62576489533007,28.476489533011225,102.97859714114206,1
2126,29.61594202898546,28.427375201288203,100.80646246134395,1
2127,29.60611916264086,28.368438003220568,99.08043277497055,1
2128,29.635587761674675,28.338969404186752,97.00041346984585,1
2129,29.645410628019278,28.299677938808333,93.91862384047641,1
2130,29.62576489533007,28.289855072463723,95.45566251864832,1
2131,29.60611916264086,28.289855072463723,96.14399702723082,1
2132,29.58647342995165,28.338969404186752,98.46564347881647,1
2133,29.537359098228627,28.378260869565175,101.72730837043102,1
2134,29.4980676328502,28.437198067632806,105.85045921612725,1
2135,29.47842190016099,28.486312399355835,107.17279198425604,1
2136,29.468599033816385,28.525603864734258,107.92789557236036,1
2137,29.468599033816385,28.54524959742347,107.68546149945024,1
2138,29.45877616747178,28.525603864734258,107.0071940114232,1
2139,29.448953301127176,28.476489533011232,105.61292895295747,1
2140,29.439130434782566,28.427375201288203,104.36147056188588,1
2141,29.429307568437963,28.378260869565175,102.96361489498385,1
2142,29.429307568437963,28.329146537842142,101.88622853263071,1
2143,29.429307568437963,28.309500805152936,101.31556832087901,1
2144,29.429307568437963,28.309500805152936,101.49876637083075,1
2145,29.41948470209336,28.289855072463723,101.31914051125118,1
2146,29.41948470209336,28.299677938808333,101.01222002485561,1
2147,29.429307568437956,28.338969404186752,101.12548502952248,1
2148,29.419484702093353,28.28985507246373,100.42399356029073,1
2149,29.439130434782566,28.319323671497546,99.57990207041841,1
2150,29.458776167471775,28.348792270531355,98.7448503771259,1
2151,29.439130434782566,28.309500805152936,99.11905689068506,1
2152,29.40966183574875,28.28985507246373,98.64930773103309,1
2153,29.40966183574875,28.32914653784215,98.29883298385873,1
2154,29.399838969404147,28.289855072463723,95.63888631143553,1
2155,29.40966183574875,28.250563607085304,92.70509346784901,1
2156,29.458776167471775,28.32914653784215,91.85213627375086,1
2157,29.468599033816382,28.289855072463723,90.35828600709775,1
2158,29.47842190016099,28.28003220611912,89.35254508061276,1
2159,29.458776167471775,28.31932367149754,93.67146621635605,1
2160,29.419484702093353,28.38808373590978,98.33742522967155,1
2161,29.36054750402572,28.378260869565178,100.1598040753513,1
2162,29.33107890499191,28.466666666666622,103.0502782359049,1
2163,29.301610305958093,28.54524959742347,106.32685817881533,1
2164,29.28196457326888,28.574718196457287,106.65104986133257,1
2165,29.272141706924277,28.58454106280189,106.53659069453113,1
2166,29.272141706924277,28.555072463768074,105.51377938844946,1
2167,29.272141706924277,28.505958132045045,104.70643602950788,1
2168,29.272141706924277,28.45684380032202,103.36995407893728,1
2169,29.272141706924277,28.40772946859899,102.3049401818325,1
2170,29.272141706924277,28.35861513687596,100.55136108160694,1
2171,29.272141706924277,28.338969404186752,100.04795489541547,1
2172,29.262318840579674,28.31932367149754,99.35319852237667,1
2173,29.252495974235064,28.309500805152936,98.9834427741852,1
2174,29.24267310789046,28.299677938808333,98.73419820154417,1
2175,29.223027375201248,28.319323671497546,101.54725736620058,1
2176,29.21320450885664,28.348792270531362,104.27529373652261,1
2177,29.21320450885664,28.368438003220568,106.43056262541636,1
2178,29.223027375201248,28.417552334943593,107.23286422758915,1
2179,29.23285024154585,28.466666666666622,107.81400771172454,0
2180,29.252495974235064,28.486312399355835,106.28946217442649,0
2181,29.262318840579674,28.505958132045045,104.5282431257487,0
2182,29.272141706924277,28.53542673107886,103.21605682373048,0
2183,29.272141706924277,28.53542673107886,103.21605682373048,0
2184,29.272141706924277,28.53542673107886,103.21605682373048,0
2185,29.272141706924277,28.53542673107886,103.21605682373048,0
2186,29.272141706924277,28.53542673107886,103.21605682373048,0
2187,29.272141706924277,28.53542673107886,103.21605682373048,0
2188,29.272141706924277,28.53542673107886,103.21605682373048,0
2189,29.272141706924277,28.53542673107886,103.21605682373048,0
2190,29.272141706924277,28.53542673107886,103.21605682373048,0
2191,29.272141706924277,28.53542673107886,103.21605682373048,0
2192,29.272141706924277,28.53542673107886,103.21605682373048,0
2193,29.272141706924277,28.53542673107886,103.21605682373048,0
2194,29.272141706924277,28.53542673107886,103.21605682373048,0
2195,29.272141706924277,28.53542673107886,103.21605682373048,0
2196,29.24267310789046,28.54524959742347,105.83620935296291,1
2197,29.223027375201248,28.574718196457287,108.65323527624771,1
2198,29.20338164251204,28.604186795491096,111.50054076209258,0
2199,29.183735909822826,28.633655394524915,114.3225605088676,0
2200,29.164090177133613,28.663123993558735,117.06660070152208,0
2201,29.17391304347822,28.682769726247944,117.19568634033203,0
2202,29.17391304347822,28.682769726247944,117.19568634033203,0
2203,29.17391304347822,28.682769726247944,117.19568634033203,0
2204,29.17391304347822,28.682769726247944,117.19568634033203,0
2205,29.17391304347822,28.682769726247944,117.19568634033203,0
2206,29.17391304347822,28.682769726247944,117.19568634033203,0
2207,29.17391304347822,28.682769726247944,117.19568634033203,0
2208,29.17391304347822,28.682769726247944,117.19568634033203,0
2209,29.17391304347822,28.682769726247944,117.19568634033203,0
2210,29.17391304347822,28.682769726247944,117.19568634033203,0
2211,29.17391304347822,28.682769726247944,117.19568634033203,0
2212,29.17391304347822,28.682769726247944,117.19568634033203,0
2213,29.17391304347822,28.682769726247944,117.19568634033203,0
2214,29.17391304347822,28.682769726247944,117.19568634033203,0
2215,29.17391304347822,28.682769726247944,117.19568634033203,0
2216,29.17391304347822,28.682769726247944,117.19568634033203,0
2217,29.17391304347822,28.682769726247944,117.19568634033203,0
2218,29.17391304347822,28.682769726247944,117.19568634033203,0
2219,29.17391304347822,28.682769726247944,117.19568634033203,0
2220,29.17391304347822,28.682769726247944,117.19568634033203,0
2221,29.17391304347822,28.682769726247944,117.19568634033203,0
2222,29.17391304347822,28.682769726247944,117.19568634033203,0
2223,29.17391304347822,28.682769726247944,117.19568634033203,0
2224,29.15426731078901,28.633655394524915,115.26599255296863,1
2225,29.183735909822822,28.682769726247944,113.95235496361668,1
2226,29.16409017713361,28.62383252818031,111.55819249068546,1
2227,29.1444444444444,28.505958132045045,105.80051383638279,1
2228,29.134621578099797,28.348792270531355,97.5001734256099,1
2229,29.1444444444444,28.240740740740694,90.4845704211811,0
2230,29.10515297906598,28.034460547503983,83.10541846903025,0
2231,29.114975845410584,27.936231884057925,77.34710769163583,0
2232,29.12479871175519,27.896940418679502,74.85795593261719,0
2233,29.12479871175519,27.896940418679502,74.85795593261719,0
2234,29.12479871175519,27.896940418679502,74.85795593261719,0
2235,29.12479871175519,27.896940418679502,74.85795593261719,0
2236,29.12479871175519,27.896940418679502,74.85795593261719,0
2237,29.12479871175519,27.896940418679502,74.85795593261719,0
2238,29.12479871175519,27.896940418679502,74.85795593261719,0
2239,29.12479871175519,27.896940418679502,74.85795593261719,0
2240,29.12479871175519,27.896940418679502,74.85795593261719,0
2241,29.12479871175519,27.896940418679502,74.85795593261719,0
2242,29.12479871175519,27.896940418679502,74.85795593261719,0
2243,29.12479871175519,27.896940418679502,74.85795593261719,0
2244,29.12479871175519,27.896940418679502,74.85795593261719,0
2245,29.12479871175519,27.896940418679502,74.85795593261719,0
2246,29.12479871175519,27.896940418679502,74.85795593261719,0
2247,29.12479871175519,27.896940418679502,74.85795593261719,0
2248,29.114975845410584,27.995169082125557,79.20078600464824,1
2249,29.10515297906598,28.132689210950037,86.1058516106026,1
2250,29.075684380032165,28.27020933977451,94.7587796551169,1
2251,29.065861513687558,28.466666666666622,104.52586570391695,1
2252,29.05603864734295,28.682769726247944,112.67205239117169,1
2253,29.05603864734295,28.7908212560386,117.02732981878574,1
2254,29.05603864734295,28.859581320450843,119.31546754693025,1
2255,29.07568438003216,28.918518518518475,120.21996528252546,1
2256,29.07568438003216,28.92834138486308,120.44985001981236,1
2257,29.085507246376768,28.92834138486308,120.4499766148967,1
2258,29.095330112721378,28.938164251207684,120.630215285158,1
2259,29.10515297906598,28.938164251207688,119.9807616680581,1
2260,29.124798711755194,28.947987117552294,119.66303101089912,1
2261,29.134621578099797,28.918518518518475,118.36441465291236,1
2262,29.134621578099797,28.869404186795446,117.06564857794406,1
2263,29.134621578099797,28.820289855072424,115.39525625338216,0
2264,29.134621578099797,28.780998389694002,114.17263634226806,0
2265,29.429307568437956,28.555072463768074,115.35627587658607,1
2266,29.753462157809942,28.358615136875965,116.57141605107259,1
2267,30.067793880837314,28.162157809983853,118.10285758056713,1
2268,30.382125603864687,27.95587761674714,119.48121487166738,1
2269,30.706280193236672,27.76924315619964,120.68102855499983,1
2270,30.716103059581275,27.75942028985503,120.32974228090191,1
2271,30.696457326892062,27.739774557165823,121.02408862475015,1
2272,30.66698872785825,27.729951690821213,122.9766615976575,1
2273,30.637520128824427,27.729951690821217,125.09020337147598,0
2274,30.52946859903377,27.631723027375166,133.6297536631803,1
2275,30.480354267310748,27.59243156199674,136.79072443547523,1
2276,30.450885668276932,27.57278582930753,139.36482970651693,1
2277,30.441062801932322,27.543317230273715,139.63438992139865,1
2278,30.411594202898506,27.504025764895296,140.92300760947072,1
2279,30.450885668276932,27.543317230273715,135.027616197812,0
2280,30.441062801932322,27.533494363929105,134.9725780743707,0
2281,30.421417069243113,27.5138486312399,134.92247295643816,0
2282,30.4017713365539,27.50402576489529,135.84996032714844,0
2283,30.4017713365539,27.50402576489529,135.84996032714844,0
2284,30.4017713365539,27.50402576489529,135.84996032714844,0
2285,30.4017713365539,27.50402576489529,135.84996032714844,0
2286,30.4017713365539,27.50402576489529,135.84996032714844,0
2287,30.4017713365539,27.50402576489529,135.84996032714844,0
2288,30.4017713365539,27.50402576489529,135.84996032714844,0
2289,30.4017713365539,27.50402576489529,135.84996032714844,0
2290,30.126731078904946,27.700483091787397,130.04948541494062,1
2291,29.8615136876006,27.89694041867951,123.71919277601933,1
2292,29.596296296296252,28.10322061191622,117.43831909239648,1
2293,29.331078904991905,28.309500805152936,111.54056516946348,0
2294,29.065861513687555,28.51578099838965,106.41581725533011,0
2295,29.07568438003216,28.525603864734258,107.27584959925332,0
2296,29.07568438003216,28.53542673107886,107.57959747314452,0
2297,29.05603864734295,28.45684380032202,104.51507591546746,1
2298,29.05603864734295,28.466666666666622,103.83761418551254,1
2299,29.05603864734295,28.486312399355835,103.43559930150941,1
2300,29.05603864734295,28.486312399355835,102.75701815211463,1
2301,29.05603864734295,28.49613526570044,102.73458367172229,1
2302,29.07568438003216,28.58454106280189,105.80717129852111,0
2303,29.07568438003216,28.58454106280189,106.44869070579455,0
2304,29.07568438003216,28.574718196457287,106.82218880369297,0
2305,29.07568438003216,28.58454106280189,107.46795654296875,0
2306,29.07568438003216,28.58454106280189,107.46795654296875,0
2307,29.07568438003216,28.58454106280189,107.46795654296875,0
2308,29.07568438003216,28.58454106280189,107.46795654296875,0
2309,29.07568438003216,28.58454106280189,107.46795654296875,0
2310,29.07568438003216,28.58454106280189,107.46795654296875,0
2311,29.07568438003216,28.58454106280189,107.46795654296875,0
2312,29.07568438003216,28.58454106280189,107.46795654296875,0
2313,29.07568438003216,28.58454106280189,107.46795654296875,0
2314,29.065861513687558,28.555072463768074,106.25936875006377,1
2315,29.065861513687558,28.574718196457287,106.3035826553349,1
2316,29.05603864734295,28.574718196457287,106.47825854984139,1
2317,29.046215780998345,28.574718196457287,106.65304057687888,0
2318,29.036392914653742,28.574718196457287,106.82791581057845,0
2319,29.036392914653742,28.604186795491103,108.20910113810099,0
2320,29.026570048309136,28.58454106280189,108.33925628662108,0
2321,29.026570048309136,28.58454106280189,108.33925628662108,0
2322,29.026570048309136,28.58454106280189,108.33925628662108,0
2323,29.026570048309136,28.58454106280189,108.33925628662108,0
2324,29.026570048309136,28.58454106280189,108.33925628662108,0
2325,29.026570048309136,28.58454106280189,108.33925628662108,0
