frame,x_cm,y_cm,theta,detected
300,12.966183574879208,5.746376811594194,119.70085906982422,0
301,12.966183574879208,5.746376811594194,119.70085906982422,0
302,12.966183574879208,5.746376811594194,119.70085906982422,0
303,12.966183574879208,5.746376811594194,119.70085906982422,0
304,13.084057971014474,5.795491143317221,119.70085906982422,0
305,13.300161030595794,5.834782608695643,119.70085906982422,1
306,13.634138486312377,5.86425120772946,126.99916076660156,1
307,14.066344605475019,5.883896940418671,155.48153686523438,1
308,14.636070853462135,5.893719806763277,165.36439514160156,1
309,15.14685990338162,5.834782608695644,2.1556222438812256,1
310,15.579066022544259,5.824959742351038,8.284313201904297,1
311,16.178260869565193,5.579388083735902,1.5920387506484985,1
312,16.728341384863096,5.284702093397738,177.72171020507815,1
313,17.219484702093375,4.940901771336547,174.33775329589847,1
314,17.710628019323643,4.508695652173906,2.00590443611145,1
315,18.231239935587734,3.93896940418679,4.434762477874784,1
316,18.447342995169056,3.5362318840579663,8.881175041198759,1
317,18.62415458937195,3.172785829307564,16.377101898193388,1
318,18.761674718196428,2.7307568438003185,28.115379333496122,1
319,18.83043478260867,2.2789049919484667,58.76395416259771,1
320,18.879549114331695,1.8663446054750377,54.43996047973636,1
321,19.007246376811565,1.4930756843800301,61.67857360839844,1
322,19.15458937198065,1.1590982286634444,48.02102279663086,1
323,19.419806763285,0.9724637681159406,40.62990951538089,1
324,19.69484702093395,0.9135265700483078,39.1357231140137,1
325,19.999355877616715,0.8840579710144914,43.68455123901367,1
326,20.244927536231856,0.8840579710144916,40.073558807373075,1
327,20.53961352657002,0.8447665056360696,36.449089050293,1
328,20.726247987117524,0.7858293075684368,23.936824798583984,1
329,21.020933977455687,0.6679549114331713,10.214797973632841,1
330,21.33526570048306,0.5599033816425112,4.196232318878202,1
331,21.68888888888886,0.491143317230273,179.8018341064453,1
332,22.03268921095005,0.48132045088566755,6.093110084533691,1
333,22.415780998389664,0.48132045088566755,3.5406482219696045,1
334,22.759581320450856,0.5206119162640894,1.0904133319854736,1
335,23.103381642512044,0.5500805152979058,1.5949125289916992,1
336,23.47665056360705,0.5304347826086948,1.0552363395690918,1
337,23.820450885668244,0.491143317230273,4.715173244476318,1
338,24.14460547504022,0.47149758454106205,2.8922550678253174,1
339,24.478582930756808,0.4813204508856675,175.09707641601562,1
340,24.812560386473397,0.5500805152979058,171.53237915039062,1
341,25.16618357487919,0.6777777777777768,169.3833465576172,1
342,25.59838969404183,0.8251207729468586,163.71658325195312,1
343,26.099355877616706,1.001932367149757,160.2428436279297,1
344,26.649436392914613,1.2082125603864715,153.14007568359375,1
345,27.130756843800278,1.4046698872785808,157.0248260498047,1
346,27.464734299516863,1.5913043478260847,164.80859375,1
347,27.700483091787397,1.8172302737520103,165.7060546875,1
348,27.83800322061187,2.0628019323671465,153.53744506835938,1
349,27.877294685990297,2.3476650563607047,138.65322875976562,1
350,27.955877616747138,2.6816425120772904,121.19666290283205,1
351,28.162157809983853,3.064734299516904,124.71703338623048,1
352,28.368438003220568,3.457648953301122,119.28395080566408,1
353,28.555072463768074,3.8603864734299456,125.92656707763672,1
354,28.741706924315576,4.272946859903375,118.52156066894533,1
355,28.92834138486308,4.724798711755226,110.49816894531251,1
356,29.05603864734295,5.166827697262471,107.22624969482422,1
357,29.183735909822826,5.589210950080506,106.0466079711914,1
358,29.3212560386473,6.021417069243148,97.82533264160156,1
359,29.429307568437963,6.424154589371971,94.4136962890625,1
360,29.488244766505595,6.7876006441223735,100.5905532836914,1
361,29.54718196457323,7.16086956521738,96.70787048339844,1
362,29.606119162640862,7.543961352656995,96.91571044921876,1
363,29.655233494363888,7.927053140096606,93.306396484375,1
364,29.684702093397703,8.290499194847008,89.77384185791016,1
365,29.723993558776122,8.683413848631227,94.08096313476562,1
366,29.753462157809942,9.086151368760051,91.94252014160156,1
367,29.782930756843758,9.498711755233481,93.12800598144533,1
368,29.782930756843758,9.911272141706911,89.26307678222656,1
369,29.802576489532964,10.372946859903367,92.60596466064453,1
370,29.812399355877574,10.854267310789036,94.1529541015625,1
371,29.851690821255993,11.345410628019307,91.19216918945312,1
372,29.84186795491139,11.826731078904974,92.7369384765625,1
373,29.812399355877574,12.317874396135249,92.91571044921876,1
374,29.782930756843758,12.838486312399336,94.57112884521484,1
375,29.73381642512073,13.359098228663424,88.1347427368164,1
376,29.645410628019278,13.938647342995148,89.86498260498047,1
377,29.586473429951646,14.606602254428319,92.73300170898438,1
378,29.57665056360704,15.323671497584519,89.28414916992188,1
379,29.596296296296252,16.040740740740716,89.58944702148438,1
380,29.65523349436388,16.757809983896916,92.72972106933594,1
381,29.73381642512073,17.386473429951664,100.0317153930664,1
382,29.83204508856678,17.926731078904965,110.97550964355467,1
383,29.910628019323628,18.38840579710142,100.81419372558594,1
384,29.979388083735863,18.80096618357485,105.44395446777344,1
385,30.0383252818035,19.16441223832525,97.35074615478516,1
386,30.08743961352652,19.53768115942026,99.88468933105467,1
387,30.136553945249553,19.901127214170664,99.74783325195314,1
388,30.18566827697258,20.244927536231852,101.30978393554688,1
389,30.224959742351,20.588727858293048,102.06823730468751,1
390,30.27407407407403,20.94235104669884,94.8000717163086,1
391,30.323188405797055,21.28615136876003,93.43254089355467,1
392,30.362479871175474,21.629951690821223,97.36013793945312,1
393,30.4017713365539,21.993397745571624,95.47787475585938,1
394,30.421417069243113,22.327375201288213,95.84475708007812,1
395,30.441062801932322,22.661352657004798,96.37117767333984,1
396,30.470531400966138,22.985507246376777,100.26725006103516,1
397,30.49017713365535,23.29983896940415,100.93880462646484,1
398,30.499999999999954,23.594524959742316,97.71205139160156,1
399,30.519645732689167,23.88921095008048,98.93437957763672,1
400,30.52946859903377,24.18389694041864,103.55912017822267,1
401,30.52946859903377,24.4687600644122,103.10419464111328,1
402,30.52946859903377,24.73397745571655,98.63919067382812,1
403,30.55893719806759,25.009017713365502,96.81991577148438,1
404,30.598228663446008,25.293880837359062,103.53491973876952,1
405,30.627697262479824,25.55909822866341,99.52749633789062,1
406,30.666988727858246,25.84396135265697,100.75411987304688,1
407,30.716103059581275,26.148470209339735,101.11041259765624,1
408,30.74557165861509,26.4431561996779,95.3583755493164,1
409,30.775040257648907,26.737842190016067,95.75732421875,1
410,30.804508856682723,27.032528180354227,93.1436996459961,1
411,30.824154589371933,27.317391304347787,96.25162506103516,1
412,30.833977455716543,27.602254428341343,95.84989929199222,1
413,30.843800322061146,27.8871175523349,94.3289794921875,1
414,30.843800322061146,28.162157809983853,102.08318328857422,1
415,30.843800322061146,28.397906602254388,95.4548797607422,1
416,30.833977455716543,28.574718196457287,97.94134521484376,1
417,30.78486312399351,28.67294685990334,97.71868896484376,1
418,30.755394524959694,28.731884057970973,99.24561309814452,1
419,30.755394524959694,28.77117552334939,96.56720733642578,1
420,30.765217391304297,28.780998389694,98.94761657714844,1
421,30.755394524959694,28.76135265700479,99.9933853149414,1
422,30.804508856682723,28.77117552334939,101.0142593383789,1
423,30.843800322061146,28.780998389694,94.38821411132812,1
424,30.85362318840575,28.77117552334939,98.79794311523438,1
425,30.824154589371933,28.75152979066018,98.22640991210938,1
426,30.794685990338117,28.741706924315576,99.05279541015624,1
427,30.74557165861509,28.741706924315576,94.71769714355469,1
428,30.72592592592588,28.751529790660186,88.70887756347656,1
429,30.716103059581275,28.722061191626363,89.56891632080078,1
430,30.74557165861509,28.722061191626363,97.03964233398438,1
431,30.794685990338117,28.780998389694002,105.16826629638672,1
432,30.804508856682723,28.80064412238321,101.67955017089844,1
433,30.755394524959694,28.80064412238321,99.2943115234375,1
434,30.676811594202853,28.830112721417027,90.69981384277344,1
435,30.568760064412196,28.869404186795446,88.18119812011719,1
436,30.441062801932322,28.869404186795453,84.04838562011719,1
437,30.333011272141665,28.898872785829262,80.25407409667969,1
438,30.195491143317184,28.938164251207684,77.32860565185547,1
439,30.0383252818035,29.006924315619926,69.33834838867188,1
440,29.871336553945202,29.085507246376768,57.406478881835945,1
441,29.684702093397703,29.21320450885664,55.49484252929688,1
442,29.468599033816382,29.36054750402572,48.40230178833008,1
443,29.262318840579667,29.527536231884017,35.05571746826172,1
444,29.036392914653742,29.694524959742306,34.409664154052734,1
445,28.80064412238321,29.851690821255993,25.845287322998047,1
446,28.574718196457287,29.959742351046657,21.103132247924805,1
447,28.338969404186752,30.057971014492704,21.15657997131348,1
448,28.093397745571615,30.14637681159416,15.1261510848999,1
449,27.838003220611874,30.215136876006397,12.649639129638672,1
450,27.553140096618318,30.293719806763242,12.387189865112305,1
451,27.238808373590945,30.382125603864687,10.003509521484379,1
452,26.914653784218963,30.460708534621535,10.881170272827148,1
453,26.590499194846977,30.519645732689167,7.44722032546997,1
454,26.285990338164208,30.568760064412192,2.1621172428131104,1
455,26.01095008051526,30.588405797101405,3.016837596893311,1
456,25.75555555555552,30.598228663446008,6.841507434844971,1
457,25.519806763284986,30.60805152979061,4.152458667755127,1
458,25.284057971014455,30.60805152979061,1.0726100206375122,1
459,25.028663446054715,30.60805152979061,5.783755302429199,1
460,24.743800322061155,30.60805152979061,7.145465850830078,1
461,24.44911433172299,30.61787439613522,10.682120323181152,1
462,24.134782608695616,30.588405797101405,4.617990970611572,1
463,23.82045088566824,30.55893719806759,9.888997077941896,1
464,23.49629629629626,30.52946859903377,6.203381538391113,1
465,23.19178743961349,30.519645732689167,2.1921212673187256,1
466,22.89710144927533,30.480354267310748,5.479608058929443,1
467,22.622061191626376,30.470531400966138,12.90268611907959,1
468,22.347020933977426,30.49017713365535,9.742175102233888,1
469,22.101449275362285,30.519645732689167,7.488456726074219,1
470,21.85587761674715,30.52946859903377,11.38016414642334,1
471,21.61030595813201,30.55893719806759,10.376771926879885,1
472,21.35491143317227,30.598228663446015,13.721921920776367,1
473,21.09951690821253,30.61787439613522,11.209661483764648,1
474,20.83429951690818,30.637520128824434,12.169684410095217,1
475,20.55925925925923,30.66698872785825,9.37000560760498,1
476,20.27439613526567,30.696457326892066,11.376949310302734,1
477,19.98953301127211,30.716103059581275,10.38933563232422,1
478,19.685024154589343,30.73574879227049,10.282944679260254,1
479,19.37069243156197,30.755394524959694,9.595833778381348,1
480,19.056360708534594,30.765217391304304,9.135571479797365,1
481,18.712560386473402,30.775040257648907,1.3076809644699097,1
482,18.358937198067604,30.775040257648907,4.678310871124268,1
483,17.995491143317203,30.73574879227049,4.745431423187256,1
484,17.6222222222222,30.637520128824434,0.716283917427063,1
485,17.21948470209337,30.509822866344557,174.54254150390625,1
486,16.806924315619945,30.36247987117548,169.5722198486328,1
487,16.384541062801908,30.224959742351,169.8843536376953,1
488,15.952334943639267,30.156199677938766,178.5366973876953,1
489,15.539774557165837,30.11690821256034,9.181357383728027,1
490,15.156682769726226,30.067793880837314,24.043739318847656,1
491,14.783413848631216,30.0383252818035,23.976953506469727,1
492,14.410144927536209,30.028502415458895,13.87850856781006,1
493,14.056521739130412,30.018679549114285,11.090429306030273,1
494,13.673429951690801,30.028502415458888,19.40932273864746,1
495,13.260869565217371,30.067793880837314,24.757495880126957,1
496,12.858132045088547,30.107085346215733,20.185443878173828,1
497,12.46521739130433,30.146376811594155,8.010926246643066,1
498,12.062479871175505,30.17584541062797,6.709372520446777,1
499,11.689210950080497,30.215136876006397,8.740489959716797,1
500,11.335587761674699,30.27407407407403,19.804096221923828,1
501,11.001610305958115,30.342834138486268,19.526241302490234,1
502,10.677455716586135,30.391948470209297,19.95771026611328,1
503,10.382769726247972,30.421417069243113,20.170167922973636,1
504,10.088083735909807,30.450885668276932,17.72995948791504,1
505,9.793397745571644,30.470531400966138,19.067636489868164,1
506,9.488888888888875,30.49017713365535,21.29333877563477,1
507,9.184380032206105,30.519645732689167,16.415380477905273,1
508,8.860225442834125,30.549114331722983,21.320600509643555,1
509,8.52624798711754,30.568760064412192,20.67157745361328,1
510,8.202093397745559,30.588405797101405,19.86870574951172,1
511,7.8681159420289735,30.60805152979061,19.53346061706543,1
512,7.534138486312388,30.627697262479824,21.41687393188477,1
513,7.200161030595803,30.647342995169037,17.6262264251709,1
514,6.885829307568427,30.676811594202853,24.65306282043457,1
515,6.561674718196447,30.716103059581275,16.053970336914062,1
516,6.257165861513679,30.755394524959694,14.856681823730469,1
517,5.952657004830909,30.78486312399351,11.968990325927734,1
518,5.6579710144927455,30.81433172302733,15.98106575012207,1
519,5.3436392914653705,30.824154589371936,14.10651397705078,1
520,5.039130434782601,30.81433172302733,13.697684288024902,1
521,4.7149758454106205,30.804508856682723,10.133509635925291,1
522,4.39082125603864,30.79468599033812,8.471266746520996,1
523,4.056843800322055,30.78486312399351,11.602499008178713,1
524,3.781803542673102,30.784863123993517,13.033516883850098,1
525,3.555877616747176,30.784863123993517,12.662328720092772,1
526,3.3987117552334896,30.775040257648907,12.716373443603516,1
527,3.31030595813204,30.775040257648907,8.455172538757324,1
528,3.290660225442829,30.775040257648907,5.555062770843506,1
529,3.2808373590982236,30.775040257648907,11.18728733062744,1
530,3.2710144927536184,30.79468599033812,12.801067352294922,1
531,3.2710144927536184,30.81433172302733,12.068544387817385,1
532,3.2710144927536184,30.824154589371936,13.931066513061523,1
533,3.2710144927536184,30.833977455716543,9.59765625,1
534,3.2611916264090133,30.833977455716543,13.053028106689451,1
535,3.261191626409013,30.843800322061146,12.532279014587402,1
536,3.261191626409013,30.843800322061146,10.628457069396973,1
537,3.261191626409013,30.853623188405756,12.753316879272461,1
538,3.2611916264090133,30.86344605475035,8.836295127868652,1
539,3.2710144927536184,30.892914653784175,7.943968772888183,1
540,3.2808373590982236,30.902737520128778,6.9892578125,1
541,3.290660225442829,30.91256038647338,7.353526592254639,1
542,3.3004830917874353,30.902737520128778,6.528505802154541,1
543,3.3004830917874344,30.892914653784167,7.432775497436524,1
544,3.31030595813204,30.87326892109496,0.6013503670692445,1
545,3.320128824476645,30.843800322061146,178.0964813232422,1
546,3.31030595813204,30.804508856682723,176.6107177734375,1
547,3.2710144927536184,30.765217391304304,173.16189575195312,1
548,3.231723027375197,30.706280193236672,174.6525421142578,1
549,3.1826086956521693,30.61787439613522,167.280517578125,1
550,3.1236714975845365,30.499999999999954,161.38890075683594,1
551,3.045088566827693,30.35265700483087,160.4224395751953,1
552,2.9370370370370327,30.17584541062798,152.731689453125,1
553,2.819162640901767,29.979388083735863,132.3819580078125,1
554,2.6718196457326853,29.763285024154545,135.2578125,1
555,2.4950080515297866,29.53735909822862,131.57565307617188,1
556,2.328019323671494,29.3212560386473,116.40398406982423,1
557,2.180676328502412,29.095330112721378,114.79786682128906,1
558,2.0333333333333306,28.84975845410624,110.29434967041016,1
559,1.905636070853459,28.62383252818031,107.59607696533205,1
560,1.7779388083735885,28.368438003220568,104.71898651123048,1
561,1.6502415458937172,28.10322061191622,98.1658706665039,1
562,1.561835748792268,27.808534621578058,98.9072723388672,1
563,1.49307568438003,27.5138486312399,95.66558837890624,1
564,1.4144927536231864,27.14057971014489,88.20724487304688,1
565,1.3555555555555536,26.73784219001606,87.74453735351562,1
566,1.3359098228663426,26.315458937198024,88.42272186279297,1
567,1.3064412238325265,25.893075684379994,93.57364654541017,1
568,1.2376811594202881,25.460869565217354,89.5216293334961,1
569,1.2082125603864717,25.09742351046695,85.6379623413086,1
570,1.1983896940418663,24.79291465378418,93.85601806640624,1
571,1.1590982286634444,24.48840579710141,97.0515365600586,1
572,1.109983896940417,24.21336553945246,94.23294067382812,1
573,1.090338164251206,23.97761674718193,93.5032730102539,1
574,1.070692431561995,23.71239935587758,91.0781478881836,1
575,1.0412238325281788,23.41771336553942,89.4141616821289,1
576,1.0314009661835732,23.142673107890467,95.31486511230467,1
577,1.0510466988727842,22.857809983896907,91.9288558959961,1
578,1.1198067632850226,22.523832528180318,91.8279037475586,1
579,1.1689210950080497,22.189855072463736,85.23365783691406,1
580,1.2082125603864715,21.85587761674715,84.7806625366211,1
581,1.2278582930756827,21.521900161030565,86.80723571777344,1
582,1.2180354267310771,21.18792270531398,94.41276550292967,1
583,1.1689210950080497,20.88341384863121,92.01619720458984,1
584,1.1099838969404172,20.59855072463765,91.73258209228516,1
585,1.070692431561995,20.313687600644094,95.89630126953124,1
586,1.0314009661835732,19.99935587761672,91.62985229492189,1
587,1.0019323671497569,19.675201288244736,91.23965454101562,1
588,0.9724637681159406,19.331400966183544,87.94996643066406,1
589,0.9626409017713351,18.967954911433146,91.12989044189452,1
590,0.9724637681159407,18.614331723027348,89.12683868408203,1
591,1.001932367149757,18.270531400966156,86.21977233886719,1
592,1.0510466988727842,17.87761674718194,83.95848846435547,1
593,1.1001610305958116,17.46505636070851,85.34402465820312,1
594,1.1492753623188388,17.032850241545866,81.30233001708984,1
595,1.1590982286634444,16.580998389694017,83.0323715209961,1
596,1.1492753623188388,16.099677938808348,90.12828063964844,1
597,1.1394524959742334,15.657648953301102,96.27056884765624,1
598,1.1198067632850224,15.205797101449253,99.68441772460938,1
599,1.0706924315619952,14.773590982286612,102.08406829833984,1
600,1.0314009661835732,14.351207729468578,98.40536499023438,1
601,1.0215780998389676,13.948470209339751,96.29714965820312,1
602,0.982286634460546,13.555555555555534,93.64306640625,1
603,0.9331723027375187,13.192109500805135,94.32264709472656,1
604,0.9037037037037023,12.848309178743943,91.37491607666016,1
605,0.874235104669886,12.514331723027357,91.50350952148438,1
606,0.8251207729468586,12.190177133655377,95.32535552978516,1
607,0.7858293075684368,11.885668276972606,91.35350036621094,1
608,0.7858293075684368,11.610628019323652,93.95321655273438,1
609,0.7956521739130423,11.315942028985491,98.5745620727539,1
610,0.8054750402576477,11.01143317230272,89.4188003540039,1
611,0.8054750402576477,10.706924315619952,89.34764099121095,1
612,0.7956521739130423,10.372946859903367,92.8547821044922,1
613,0.746537842190015,10.01932367149757,97.93771362304688,1
614,0.6974235104669877,9.685346215780985,92.34525299072266,1
615,0.6581320450885658,9.371014492753611,93.4768295288086,1
616,0.6384863123993549,9.046859903381629,89.30553436279298,1
617,0.618840579710144,8.722705314009648,83.98295593261719,1
618,0.6090177133655386,8.388727858293064,96.4250717163086,1
619,0.5893719806763277,8.04492753623187,95.39391326904295,1
620,0.5500805152979058,7.701127214170681,95.84318542480467,1
621,0.5107890499194839,7.396618357487911,95.96453857421876,1
622,0.48132045088566755,7.1019323671497485,87.37236785888672,1
623,0.4616747181964566,6.81706924315619,90.16397094726564,1
624,0.4322061191626402,6.551851851851842,88.22663879394531,1
625,0.42238325281803474,6.286634460547495,88.93299865722656,1
626,0.42238325281803474,5.991948470209331,93.0310516357422,1
627,0.42238325281803474,5.716908212560378,89.5434341430664,1
628,0.4616747181964566,5.441867954911425,89.36709594726562,1
629,0.5402576489533003,5.147181964573261,89.45452880859375,1
630,0.599194847020933,4.862318840579702,91.59796142578125,1
631,0.6483091787439603,4.597101449275355,93.1301498413086,1
632,0.746537842190015,4.3220611916264025,94.97903442382812,1
633,0.8545893719806751,4.037198067632844,98.77326965332034,1
634,0.9528180354267297,3.732689210950075,87.37250518798828,1
635,1.0805152979066008,3.4183574879227003,81.08826446533203,1
636,1.2082125603864715,3.113848631239931,77.56346893310547,1
637,1.2769726247987099,2.9075684380032163,80.74040222167969,1
638,1.2769726247987099,2.7405797101449236,86.8256607055664,1
639,1.2180354267310771,2.622705314009658,91.3753890991211,1
640,1.1492753623188388,2.5539452495974198,93.94347381591795,1
641,1.0805152979066006,2.5244766505636034,105.28028106689452,1
642,1.0314009661835732,2.4458937198067594,107.62379455566406,1
643,1.0117552334943622,2.3967793880837323,109.5370635986328,1
644,1.0706924315619952,2.3869565217391266,109.34352111816406,1
645,1.129629629629628,2.396779388083732,111.05898284912111,1
646,1.16892109500805,2.4262479871175486,105.82906341552734,1
647,1.2082125603864717,2.495008051529787,104.31287384033205,1
648,1.2180354267310771,2.534299516908209,116.19015502929688,1
649,1.1787439613526554,2.5637681159420254,113.43434143066408,1
650,1.1296296296296278,2.55394524959742,110.84513092041016,1
651,1.1198067632850224,2.524476650563604,101.01741790771484,1
652,1.1001610305958116,2.4655394524959706,109.21984863281251,1
653,1.1001610305958116,2.4360708534621542,109.02842712402344,1
654,1.109983896940417,2.406602254428338,109.42628479003906,1
655,1.1394524959742334,2.416425120772943,109.73655700683595,1
656,1.16892109500805,2.4360708534621542,112.30590820312501,1
657,1.1983896940418663,2.4557165861513655,110.07429504394533,1
658,1.2180354267310771,2.46553945249597,104.13786315917967,1
659,1.2671497584541045,2.495008051529787,106.34156036376952,1
660,1.296618357487921,2.5048309178743926,118.55065917968751,1
661,1.2966183574879209,2.495008051529787,105.87734985351564,1
662,1.2966183574879209,2.4360708534621542,110.01156616210938,1
663,1.3260869565217372,2.4164251207729435,114.3334503173828,1
664,1.3359098228663426,2.386956521739127,121.13390350341795,1
665,1.3457326892109482,2.3476650563607047,117.24945068359376,1
666,1.3752012882447644,2.308373590982283,124.54354858398438,1
667,1.4144927536231864,2.3083735909822827,121.91674041748048,1
668,1.4341384863123972,2.269082125603861,122.96453094482422,1
669,1.4439613526570025,2.2199677938808335,122.65357971191406,1
670,1.4734299516908191,2.2003220611916228,122.59262847900392,1
671,1.5028985507246355,2.2003220611916228,124.44916534423828,1
672,1.5028985507246353,2.219967793880834,124.35626220703124,1
673,1.49307568438003,2.2494363929146504,117.87785339355466,1
674,1.4832528180354245,2.2789049919484663,126.54373931884766,1
675,1.4734299516908191,2.2887278582930723,125.55283355712892,1
676,1.4341384863123974,2.308373590982283,127.1554946899414,1
677,1.4439613526570025,2.3378421900160995,117.42325592041016,1
678,1.4341384863123972,2.3378421900160995,124.7009048461914,1
679,1.4341384863123972,2.3771336553945215,111.76792907714844,1
680,1.3948470209339754,2.3967793880837323,119.41885375976562,1
681,1.3752012882447646,2.406602254428338,111.69959259033205,1
682,1.3555555555555536,2.406602254428338,117.88699340820314,1
683,1.365378421900159,2.455716586151365,119.15310668945312,1
684,1.3457326892109482,2.4360708534621542,106.31237030029295,1
685,1.38502415458937,2.44589371980676,110.17389678955078,1
686,1.424315619967792,2.426247987117549,117.14241027832031,1
687,1.424315619967792,2.367310789049916,111.49625396728516,1
688,1.4341384863123974,2.2985507246376775,120.38717651367188,1
689,1.4734299516908191,2.2789049919484663,120.37703704833986,1
690,1.4734299516908191,2.269082125603861,122.12298583984376,1
691,1.4734299516908191,2.2789049919484663,112.29405975341795,1
692,1.4636070853462138,2.308373590982283,118.10384368896484,1
693,1.4439613526570025,2.3181964573268887,116.28890991210938,1
694,1.404669887278581,2.3181964573268887,119.04043579101562,1
695,1.3752012882447646,2.308373590982283,115.88431549072266,1
696,1.3457326892109482,2.2985507246376775,115.35350036621095,1
697,1.3260869565217372,2.2985507246376775,114.15570068359376,1
698,1.3064412238325265,2.3181964573268887,112.49871063232422,1
699,1.2867954911433155,2.3378421900160995,112.48096466064452,1
700,1.2671497584541043,2.3476650563607047,117.18811798095706,1
701,1.257326892109499,2.3574879227053103,116.02349090576172,1
702,1.3064412238325265,2.386956521739127,108.62960052490234,1
703,1.3359098228663426,2.3574879227053103,114.3781967163086,1
704,1.38502415458937,2.3181964573268887,117.9668960571289,1
705,1.4439613526570028,2.308373590982283,119.67503356933594,1
706,1.512721417069241,2.308373590982283,116.68907928466795,1
707,1.6109500805152954,2.3574879227053103,124.32683563232422,1
708,1.7091787439613502,2.4262479871175486,122.9272232055664,1
709,1.8074074074074047,2.5244766505636034,109.88638305664062,1
710,1.8859903381642487,2.573590982286631,108.10855102539062,1
711,1.9842190016103032,2.7111111111111073,106.78456115722656,1
712,1.9842190016103032,2.750402576489529,109.15579223632814,1
713,2.0333333333333306,2.897745571658611,97.89285278320312,1
714,2.0529790660225413,2.9665056360708495,105.00082397460938,1
715,2.1020933977455685,3.104025764895326,86.07121276855469,1
716,2.1119162640901736,3.0843800322061146,95.13687133789062,1
717,2.151207729468595,3.0745571658615094,77.31492614746094,1
718,2.161030595813201,2.995974235104666,97.2282257080078,1
719,2.2003220611916228,3.0156199677938766,99.72996520996094,1
720,2.219967793880834,2.9959742351046654,101.24170684814452,1
721,2.2101449275362284,2.9566827697262434,76.48946380615234,1
722,2.259259259259256,3.0156199677938766,73.12361907958984,1
723,2.2985507246376775,3.0647342995169042,99.9066162109375,1
724,2.3378421900161,3.064734299516904,82.20513916015625,1
725,2.3771336553945215,3.0254428341384823,79.025634765625,1
726,2.406602254428338,3.1236714975845365,83.48653411865234,1
727,2.3181964573268887,3.221900161030591,95.66545867919922,1
728,2.2199677938808344,3.320128824476645,70.68822479248047,1
729,2.151207729468596,3.4085346215780943,24.155920028686523,1
730,2.102093397745569,3.467471819645727,3.8525147438049316,1
731,2.0922705314009633,3.4772946859903326,26.682254791259766,1
732,2.1904991948470176,3.329951690821251,74.78718566894531,1
733,2.3280193236714943,3.1826086956521693,67.38634490966797,1
734,2.416425120772943,3.0352657004830874,102.62370300292967,1
735,2.4753623188405762,2.9370370370370322,100.61134338378906,1
736,2.534299516908209,2.8486312399355835,104.2233657836914,1
737,2.5048309178743926,2.9370370370370322,103.33595275878906,1
738,2.347665056360705,3.084380032206114,100.23406219482422,1
739,2.1610305958132012,3.2415458937198016,98.67663574218751,1
740,1.9743961352656973,3.4085346215780943,17.78713607788086,1
741,1.7582930756843773,3.546054750402571,164.87216186523438,1
742,1.6305958132045064,3.6541062801932314,167.8356628417969,1
743,1.60112721417069,3.673752012882442,146.83154296875,1
744,1.6207729468599008,3.7130434782608646,164.0028076171875,1
745,1.669887278582928,3.791626409017708,145.85452270507815,1
746,1.748470209339772,3.8800322061191572,165.72848510742188,1
747,1.7582930756843773,3.899677938808368,165.9860076904297,1
748,1.8172302737520103,3.958615136876001,170.78445434570312,1
749,1.895813204508854,3.988083735909817,169.38739013671875,1
750,1.9351046698872758,3.988083735909817,171.62542724609375,1
751,2.0333333333333306,3.988083735909817,1.2494925260543823,1
752,1.9449275362318814,3.4969404186795443,1.9576553106307983,1
753,2.0824476650563577,3.231723027375197,8.0084810256958,1
754,2.190499194847018,3.0647342995169042,68.10385131835938,1
755,2.3280193236714943,2.9272141706924275,117.76590728759766,1
756,2.406602254428338,2.7995169082125564,98.96048736572267,1
757,2.6718196457326853,3.1826086956521693,93.2130126953125,1
758,2.659729964077786,3.337507741855563,60.13439559936522,1
759,2.635550600767988,3.411557041991819,91.8942413330078,1
760,2.5894586894586857,3.4636937941285715,98.39264502892127,0
761,2.531277096494484,3.51356373095503,104.89104872483472,0
762,2.470828688219989,3.5513439861265894,111.38945242074819,0
763,2.410380279945494,3.589124241298149,117.88785611666165,0
764,2.3499318716709987,3.626904496469708,124.3862598125751,0
765,2.2894834633965035,3.6646847516412677,130.8846635084886,0
766,2.2290350551220084,3.7024650068128273,137.38306720440204,0
767,2.1685866468475132,3.7402452619843864,143.8814709003155,0
768,2.108138238573018,3.778025517155946,150.37987459622897,0
769,2.047689830298523,3.8158057723275056,156.87827829214243,0
770,1.9872414220240278,3.8535860274990648,163.37668198805588,0
771,2.056757091539697,3.883810231636313,169.87508568396936,0
772,1.8240307196828909,3.454626532887397,176.3734893798828,1
773,1.9275486188529638,3.4697386349560206,35.9553108215332,1
774,1.7582930756843773,2.98615136876006,102.91588592529295,1
775,1.6256843800322038,2.509742351046695,22.998924255371094,1
776,1.3997584541062782,2.0480676328502385,108.0168914794922,1
777,1.4881642512077273,2.0347365999539884,112.41699600219728,0
778,1.2524154589371963,1.5660455486542422,116.81710052490236,1
779,1.3015297906602235,1.584989648033124,116.21901975359236,0
780,1.3260869565217372,1.585691281343453,115.62093898228238,0
781,1.3260869565217372,1.568150448585229,115.02285821097237,0
782,1.3260869565217372,1.5506096158270046,114.4247774396624,0
783,1.3260869565217372,1.533068783068781,113.82669666835241,0
784,1.3260869565217372,1.5155279503105568,113.22861589704242,0
785,1.3260869565217372,1.4979871175523327,112.63053512573244,0
786,1.3260869565217372,1.4804462847941084,112.03245435442244,0
787,1.3260869565217372,1.4629054520358848,111.43437358311246,0
788,1.3260869565217372,1.4453646192776606,110.83629281180245,0
789,1.3260869565217372,1.4278237865194365,110.23821204049247,0
790,1.3260869565217372,1.4102829537612123,109.64013126918249,0
791,1.3408212560386454,1.420807453416147,109.0420504978725,0
792,1.3702898550724618,1.4593972854842396,108.4439697265625,1
793,1.4144927536231866,1.526052449965491,106.50494511922201,0
794,1.4734299516908191,1.6207729468599008,104.56592051188152,0
795,1.54710144927536,1.7435587761674693,102.62689590454102,0
796,1.6207729468599008,1.8663446054750374,100.68787129720052,0
797,1.6944444444444422,1.9891304347826058,98.74884668986003,0
798,1.7681159420289831,2.1119162640901736,96.80982208251953,0
799,1.8417874396135239,2.2347020933977424,94.87079747517905,0
800,1.9154589371980648,2.3574879227053103,92.93177286783855,0
801,1.9891304347826058,2.480273752012879,90.99274826049805,0
802,2.0628019323671465,2.603059581320447,89.05372365315756,0
803,2.136473429951688,2.7258454106280157,87.11469904581705,0
804,2.210144927536229,2.8486312399355835,85.17567443847656,0
805,2.2838164251207695,2.971417069243152,83.23664983113606,0
806,2.357487922705311,3.09420289855072,81.29762522379558,0
807,2.431159420289852,3.2169887278582885,79.35860061645506,0
808,2.5048309178743926,3.339774557165856,77.41957600911458,0
809,2.529388083735906,3.383977455716581,75.48055140177408,0
810,2.5048309178743926,3.349597423510462,73.5415267944336,1
811,2.4311594202898514,3.2366344605474993,77.73700141906738,0
812,2.3083735909822836,3.045088566827693,81.93247604370116,0
813,2.136473429951688,2.774959742351043,86.12795066833495,0
814,1.9645732689210924,2.5048309178743926,90.32342529296874,0
815,1.7926731078904967,2.2347020933977424,94.51889991760254,0
816,1.6207729468599013,1.964573268921092,98.71437454223633,0
817,1.5166505636070835,1.8270531400966157,102.90984916687012,0
818,1.480305958132043,1.822141706924313,107.1053237915039,1
819,1.5117391304347805,1.949838969404184,105.148046875,0
820,1.6109500805152959,2.2101449275362284,103.1907699584961,0
821,1.7779388083735888,2.603059581320447,101.23349304199219,0
822,1.7150724637681136,2.966505636070849,99.27621612548829,0
823,1.6138969404186774,3.2464573268921044,97.31893920898438,1
824,1.4744122383252798,3.4429146537842135,120.03755950927734,1
825,1.3801127214170674,3.58043478260869,120.6369094848633,0
826,1.2327697262479853,3.609903381642507,121.23625946044922,1
827,1.291706924315618,3.6000805152979014,149.24522399902344,1
828,1.3064412238325263,3.6148148148148094,143.87249755859375,1
829,1.3315441044909622,3.5864376453748386,157.78793334960938,1
830,1.2835212023617801,3.490391841116474,131.70697021484375,1
831,1.260601180891034,3.375791733762744,130.11396026611328,0
832,1.2333154410449076,3.2033458579352256,128.5209503173828,0
833,1.260601180891034,2.963231347289314,126.92794036865233,0
834,1.2878869207371604,2.723116836643403,125.33493041992186,0
835,1.3151726605832867,2.483002325997492,123.7419204711914,0
836,1.342458400429413,2.2428878153515805,122.14891052246094,0
837,1.3697441402755393,2.002773304705669,120.55590057373047,0
838,1.5094471282877058,2.301825013419213,118.962890625,0
839,1.5651100375738034,2.619431025228123,117.36988067626952,1
840,1.5465557344784375,2.533208087314364,174.49826049804688,1
841,1.49307568438003,2.9075684380032163,176.71546936035156,1
842,1.532367149758452,3.3692431561996727,98.58562469482422,1
843,1.3555555555555536,3.3004830917874353,127.4328384399414,1
844,1.2573268921094989,3.261191626409013,159.0386962890625,1
845,1.404669887278581,3.6049919484702038,121.00567626953122,1
846,1.586392914653782,3.5411433172302687,128.2643280029297,1
847,1.6747987117552312,3.4429146537842135,91.38265991210938,1
848,1.7632045088566801,3.4134460547503975,89.46741867065431,0
849,1.7533816425120747,3.4134460547503975,87.55217742919922,1
850,1.54710144927536,3.4429146537842135,106.03693389892578,0
851,1.4144927536231862,3.5067632850241486,124.52169036865234,1
852,1.1983896940418661,3.5362318840579654,119.3772201538086,1
853,1.1590982286634444,3.575523349436388,145.44236755371094,1
854,1.1885668276972607,3.5362318840579663,115.43219757080077,1
855,1.2278582930756825,3.5362318840579663,153.72328186035156,1
856,1.1689210950080497,3.467471819645728,132.84335327148438,1
857,1.2082125603864715,3.4478260869565167,124.40393829345706,1
858,1.1787439613526554,3.3987117552334896,116.62315368652344,1
859,1.1885668276972605,3.3888888888888835,112.24795532226562,1
860,1.25929146537842,3.3437037037036985,117.72544860839842,1
861,1.4007407407407388,3.2926247987117505,146.27777099609375,1
862,1.573623188405795,3.1865378421900115,140.86556396484377,0
863,1.787761674718194,3.0352657004830874,135.45335693359374,0
864,2.043156199677936,2.858454106280189,130.04114990234376,0
865,2.2376489533011243,2.658067632850238,124.62894287109376,0
866,2.4007085346215744,2.5421578099838933,119.21673583984376,1
867,2.4930434782608666,2.412495974235101,123.45043182373048,1
868,2.524476650563604,2.3181964573268887,129.51710510253906,1
869,2.524476650563604,2.2592592592592555,122.64756774902342,1
870,2.5146537842189978,2.2396135265700448,127.40853881835938,1
871,2.4851851851851814,2.180676328502412,132.04153442382812,1
872,2.4851851851851814,2.180676328502412,123.87035369873048,1
873,2.4851851851851814,2.180676328502412,121.45622253417967,1
874,2.46553945249597,2.1708534621578064,125.24416351318358,1
875,2.4851851851851814,2.210144927536228,121.47586059570312,1
876,2.5048309178743926,2.2789049919484667,123.65644073486328,1
877,2.5146537842189978,2.2887278582930723,127.5014190673828,1
878,2.524476650563604,2.3181964573268887,113.18267822265625,1
879,2.5342995169082094,2.3280193236714943,122.69046020507814,1
880,2.524476650563604,2.3181964573268887,114.80244445800778,1
881,2.5342995169082085,2.288727858293072,124.84677886962892,1
882,2.5441223832528146,2.3083735909822827,129.6656494140625,1
883,2.5342995169082085,2.341771336553941,125.41448211669923,1
884,2.4950080515297866,2.4380354267310755,125.77478790283206,1
885,2.4262479871175486,2.5578743961352615,119.61288146972659,0
886,2.3083735909822827,2.6914653784218956,113.4509750366211,0
887,2.1610305958132012,2.8584541062801887,107.28906860351563,0
888,2.0726247987117525,3.0215136876006397,101.12716217041014,0
889,1.9645732689210924,3.205201288244761,94.96525573730467,1
890,1.8368760064412215,3.409516908212555,90.73944091796876,1
891,1.7214573268921072,3.575523349436388,125.3941345214844,0
892,1.61831723027375,3.703220611916258,160.048828125,1
893,1.4685185185185163,3.79653784219001,151.03545951843262,0
894,1.3506441223832506,3.830917874396129,142.02209091186523,0
895,1.2769726247987099,3.5951690821255986,133.00872230529785,0
896,1.2155797101449255,3.1482286634460497,123.99535369873048,1
897,1.1419082125603848,2.7553140096618316,114.49463272094727,0
898,1.3211755233494344,2.8093397745571616,104.99391174316406,1
899,1.4292270531400946,2.6374396135265656,114.5167922973633,1
900,1.4537842190016081,2.450805152979062,34.028221130371094,1
901,1.4767042404723543,2.624342458400425,67.40132522583008,0
902,1.5225442834138463,2.892834138486308,100.77442932128906,1
903,1.3260869565217372,2.8633655394524915,108.26158905029295,0
904,1.1983896940418663,3.025442834138482,115.74874877929688,0
905,1.3359098228663426,3.3103059581320395,123.23590850830078,1
906,1.3129898013955965,3.4707461084272624,125.00025177001953,1
907,1.2671497584541043,3.4478260869565163,75.617919921875,1
908,1.2376811594202881,3.3594202898550676,122.95797729492188,1
909,1.2180354267310771,3.2513687600644077,101.57631683349611,1
910,1.0117552334943622,3.2513687600644077,116.69262695312501,1
911,0.9429951690821241,3.261191626409013,113.5886459350586,1
912,0.9083262290423402,3.28777114710618,124.99037933349611,1
913,0.8684569479965887,3.2132329260206447,117.643310546875,1
914,0.8430330586340805,3.1750970919768826,117.03970292035272,0
915,0.8320545609548156,3.1144264469072604,116.43609529383042,0
916,0.8551671876480048,3.0017523917779627,115.83248766730814,0
917,0.8782798143411942,2.8890783366486645,115.22888004078584,0
918,0.9013924410343834,2.776404281519367,114.62527241426356,0
919,0.9245050677275728,2.663730226390069,114.02166478774127,0
920,0.9476176944207619,2.551056171260771,113.41805716121898,0
921,0.9707303211139513,2.438382116131473,112.81444953469669,0
922,0.9938429478071408,2.325708061002175,112.21084190817442,0
923,1.01695557450033,2.2130340058728772,111.60723428165213,0
924,1.0400682011935194,2.1003599507435795,111.00362665512984,0
925,1.0631808278867088,1.9876858956142816,110.40001902860755,0
926,1.086293454579898,1.8750118404849836,109.79641140208525,0
927,1.1094060812730873,1.7623377853556856,109.19280377556296,0
928,1.1325187079662764,1.6496637302263875,108.58919614904067,0
929,1.176111689979264,1.5889930851567657,107.98558852251838,0
930,1.2401850273120503,1.5803258501468196,107.3819808959961,1
931,1.3247387199646343,1.6236620251965495,107.54946814643013,0
932,1.429772767937017,1.7190016103059556,107.71695539686415,0
933,1.5552871712291978,1.8663446054750374,107.88444264729819,0
934,1.6808015745213787,2.0136876006441193,108.05192989773221,0
935,1.8063159778135596,2.1610305958132012,108.21941714816624,0
936,1.9318303811057405,2.3083735909822836,108.38690439860027,0
937,2.0573447843979213,2.455716586151365,108.55439164903429,0
938,2.103730542136336,2.517109500805149,108.72187889946832,0
939,2.0709876543209846,2.4925523349436354,108.88936614990234,1
940,1.9591161209518666,2.382045088566824,108.33909606933594,0
941,1.7681159420289827,2.1855877616747152,107.78882598876955,0
942,1.5627287366417777,1.9654662567706018,107.23855590820312,0
943,1.4220831503440177,1.8076306543697822,106.68828582763672,1
944,1.3461791831357028,1.7120809544722562,107.65536984530361,0
945,1.335016835016833,1.6788171570780244,108.62245386297053,0
946,1.3885961059874081,1.7078392621870857,109.58953788063742,0
947,1.4421753769579835,1.7368613672961473,110.55662189830433,0
948,1.4957546479285588,1.7658834724052093,111.52370591597123,0
949,1.549333918899134,1.7949055775142706,112.49078993363814,0
950,1.602913189869709,1.8239276826233322,113.45787395130505,0
951,1.6564924608402845,1.8529497877323937,114.42495796897195,0
952,1.7100717318108596,1.8819718928414553,115.39204198663886,0
953,1.763651002781435,1.910993997950517,116.35912600430575,0
954,1.8172302737520103,1.9400161030595786,117.32621002197266,0
955,1.8708095447225854,1.9690382081686402,118.29329403963955,0
956,1.9243888156931603,1.998060313277702,119.26037805730645,0
957,1.9779680866637357,2.0270824183867635,120.22746207497337,0
958,2.0315473576343113,2.056104523495825,121.19454609264028,0
959,2.085126628604886,2.0851266286048866,122.16163011030717,0
960,2.1387058995754615,2.114148733713948,123.12871412797408,0
961,2.192285170546037,2.1431708388230097,124.09579814564097,0
962,2.245864441516612,2.172192943932071,125.0628821633079,0
963,2.299443712487187,2.201215049041133,126.0299661809748,0
964,2.361952861952859,2.2342555994729874,126.9970501986417,0
965,2.4137461572244145,2.26149172888303,127.9641342163086,1
966,2.4744693309910666,2.263277704582049,110.02960205078124,1
967,2.5244766505636034,2.2789049919484667,108.98087310791016,1
968,2.5441223832528146,2.2494363929146504,123.4797592163086,1
969,2.544122383252814,2.219967793880834,113.366455078125,1
970,2.5342995169082085,2.1413848631239905,119.97772979736327,1
971,2.5146537842189978,2.0628019323671465,115.62340545654297,1
972,2.5342995169082085,1.9449275362318812,142.61241149902344,1
973,2.5834138486312357,1.8565217391304318,143.46572875976562,1
974,2.642351046698869,1.7681159420289831,139.1884307861328,1
975,2.7111111111111073,1.728824476650561,147.69610595703125,1
976,2.7602254428341344,1.7190016103059556,142.2962646484375,1
977,2.760225442834135,1.7386473429951663,135.3240509033203,1
978,2.730756843800318,1.777938808373588,137.1702117919922,1
979,2.7012882447665016,1.8172302737520103,138.27081298828125,1
980,2.6521739130434745,1.836876006441221,134.78260803222656,1
981,2.5932367149758417,1.8074074074074047,131.96343994140625,1
982,2.5932367149758417,1.777938808373588,128.3560333251953,1
983,2.622705314009658,1.7190016103059556,144.40725708007812,1
984,2.6521739130434745,1.6404186795491118,142.4387969970703,1
985,2.7111111111111073,1.5913043478260847,142.21377563476562,1
986,2.789694041867951,1.60112721417069,158.08367919921875,1
987,2.819162640901767,1.6109500805152954,160.5345458984375,1
988,2.819162640901767,1.6502415458937172,147.43545532226565,1
989,2.7995169082125564,1.7190016103059556,146.5673828125,1
990,2.779871175523345,1.797584541062799,134.41783142089844,1
991,2.750402576489529,1.8663446054750374,131.66905212402344,1
992,2.7209339774557124,1.9449275362318812,124.88392639160156,1
993,2.7111111111111073,2.023510466988725,126.00761413574222,1
994,2.7209339774557124,2.0824476650563577,124.0216293334961,1
995,2.730756843800318,2.14138486312399,119.77614593505861,1
996,2.7602254428341344,2.200322061191623,120.46387481689452,1
997,2.7798711755233456,2.2494363929146504,125.25806427001952,1
998,2.7700483091787396,2.2789049919484663,116.04553222656251,1
999,2.750402576489529,2.308373590982283,129.50625610351562,1
1000,2.730756843800318,2.308373590982283,115.59577941894533,1
1001,2.7111111111111073,2.2789049919484667,117.4473114013672,1
1002,2.7405797101449236,2.259259259259256,117.87342071533205,1
1003,2.799516908212556,2.259259259259256,121.44832611083983,1
1004,2.858454106280189,2.259259259259256,125.49449920654297,1
1005,2.9173913043478215,2.2887278582930723,124.88634490966797,1
1006,2.9566827697262434,2.3574879227053107,126.19115447998048,1
1007,2.9370370370370327,2.396779388083732,137.78677368164062,1
1008,2.8977455716586107,2.406602254428338,126.63824462890624,1
1009,2.848631239935583,2.396779388083732,119.14579772949222,1
1010,2.799516908212556,2.367310789049916,115.91851043701173,1
1011,2.779871175523345,2.3280193236714943,119.26004028320312,1
1012,2.799516908212556,2.288727858293073,115.73182678222656,1
1013,2.848631239935583,2.2789049919484667,114.18488311767578,1
1014,2.887922705314005,2.288727858293073,126.19288635253906,1
1015,2.887922705314005,2.2789049919484667,121.88287353515625,1
1016,2.887922705314005,2.2592592592592555,129.5342559814453,1
1017,2.8682769726247943,2.259259259259256,121.39701843261722,1
1018,2.8289855072463728,2.229790660225439,126.65895080566408,1
1019,2.819162640901767,2.200322061191623,121.51725769042969,1
1020,2.8486312399355835,2.180676328502412,120.5324478149414,1
1021,2.858454106280189,2.1512077294685956,118.96175384521484,1
1022,2.8780998389694,2.092270531400963,133.29684448242188,1
1023,2.8977455716586107,2.0431561996779357,131.56675720214844,1
1024,2.927214170692427,1.9940418679549083,133.21273803710938,1
1025,2.9566827697262434,1.9547504025764866,128.96817016601562,1
1026,2.98615136876006,1.9351046698872758,141.564208984375,1
1027,2.966505636070849,1.9351046698872758,141.4872589111328,1
1028,2.966505636070849,1.9351046698872758,131.35572814941406,1
1029,2.9370370370370327,1.9449275362318812,127.95648193359376,1
1030,2.9075684380032163,1.9547504025764866,130.21592712402344,1
1031,2.8977455716586107,1.9940418679549083,127.29816436767577,1
1032,2.9370370370370327,2.0235104669887245,121.8179168701172,1
1033,2.9566827697262434,2.0431561996779357,118.13037109375,1
1034,2.98615136876006,2.0431561996779357,126.47643280029295,1
1035,3.025442834138482,2.0431561996779353,122.0283432006836,1
1036,3.0352657004830874,1.9743961352656973,121.77674865722656,1
1037,3.015619967793876,1.905636070853459,125.18251037597658,1
1038,3.015619967793876,1.8663446054750374,129.62852478027344,1
1039,3.015619967793876,1.8270531400966157,133.9608154296875,1
1040,3.0156199677938766,1.8074074074074047,131.36656188964844,1
1041,2.9959742351046654,1.797584541062799,130.64076232910156,1
1042,3.025442834138482,1.836876006441221,136.67465209960938,1
1043,3.074557165861509,1.905636070853459,132.74098205566406,1
1044,3.113848631239931,2.023510466988725,124.192626953125,1
1045,3.1433172302737473,2.180676328502412,111.52993774414062,1
1046,3.20225442834138,2.3771336553945215,107.46026611328124,1
1047,3.2120772946859857,2.5539452495974198,78.5649642944336,1
1048,3.1727858293075637,2.711111111111107,83.72440338134766,1
1049,3.1236714975845365,2.838808373590978,74.26384735107422,1
1050,3.054911433172298,2.8780998389694,70.09442138671875,1
1051,2.98615136876006,2.9075684380032163,74.72216033935547,1
1052,2.9566827697262434,2.9272141706924275,62.29192352294922,1
1053,2.9173913043478215,2.9272141706924275,56.3862190246582,1
1054,2.887922705314005,2.917391304347822,64.33036041259766,1
1055,2.8780998389694,2.8879227053140055,76.61799621582031,1
1056,2.887922705314005,2.8289855072463728,58.26899719238281,1
1057,2.897745571658611,2.7405797101449236,115.52450561523438,1
1058,2.9468599033816387,2.5342995169082085,91.51195907592773,0
1059,2.98615136876006,2.2887278582930723,67.4994125366211,1
1060,3.0156199677938766,2.0628019323671465,118.62805938720705,1
1061,3.054911433172298,1.8565217391304323,128.54310607910156,1
1062,3.054911433172298,1.6600644122383226,137.66360473632812,1
1063,3.0450885668276926,1.5913043478260847,135.1529998779297,1
1064,3.0450885668276926,1.5618357487922683,139.31529235839844,1
1065,3.025442834138482,1.5520128824476627,136.70057678222656,1
1066,2.976328502415454,1.552012882447663,139.71340942382812,1
1067,2.9763285024154547,1.5716586151368737,133.8561248779297,1
1068,2.98615136876006,1.5814814814814793,135.3331298828125,1
1069,3.0156199677938766,1.5913043478260847,137.17608642578125,1
1070,3.0745571658615094,1.640418679549112,138.73008728027344,1
1071,3.1531400966183525,1.905636070853459,141.8148651123047,1
1072,3.1727858293075637,2.180676328502412,131.0093994140625,1
1073,3.1531400966183525,2.475362318840576,19.321821212768555,1
1074,3.113848631239931,2.7700483091787396,23.467208862304688,1
1075,3.0450885668276926,3.035265700483087,82.39787292480469,1
1076,2.9370370370370327,3.0647342995169042,109.4468994140625,1
1077,2.8486312399355835,3.0647342995169042,85.95625305175781,1
1078,2.7946054750402536,3.0499999999999954,78.0721206665039,1
1079,2.7553140096618316,3.0401771336553898,66.02751922607425,1
1080,2.7454911433172264,3.010708534621574,58.1209774017334,0
1081,2.7798711755233456,2.966505636070849,50.21443557739258,1
1082,2.8486312399355835,2.9075684380032163,64.98036193847656,1
1083,2.873188405797097,2.873188405797097,82.4329605102539,0
1084,2.909205582393984,2.7487654320987613,99.88555908203125,1
1085,2.951771336553941,2.5588566827697226,174.31594848632812,1
1086,2.98615136876006,2.308373590982283,162.8788553873698,0
1087,3.0156199677938766,2.0824476650563577,151.44176228841144,0
1088,3.09420289855072,1.8270531400966157,140.00466918945312,1
1089,3.1269457863660715,1.637144390767577,139.03506469726562,1
1090,3.153140096618353,1.5421900161030573,138.74035644531244,1
1091,3.1727858293075637,1.5421900161030575,142.55810546875,1
1092,3.1727858293075637,1.5421900161030573,140.34567260742188,1
1093,3.192431561996775,1.5814814814814793,149.29061889648438,1
1094,3.1924315619967745,1.5814814814814793,148.3836669921875,1
1095,3.1776972624798665,1.6224100912506685,132.78472900390625,1
1096,3.14822866344605,1.7042673107890471,149.73568725585943,1
1097,3.113848631239931,1.836876006441221,161.31183115641278,0
1098,3.045088566827693,1.980944712828768,172.88797505696618,0
1099,3.020531400966179,2.234702093397742,4.464118957519531,0
1100,2.995974235104666,2.4884594739667163,16.040262858072936,0
1101,2.9959742351046654,2.701288244766501,27.616406758626283,0
1102,3.0008856682769682,2.8633655394524915,39.19255065917969,1
1103,3.022168545356947,2.925577026301659,25.480955123901367,1
1104,3.0598228663446014,2.8879227053140055,30.6831111907959,1
1105,3.1138486312399314,2.7504025764895292,20.3558931350708,0
1106,3.1596886741814236,2.5539452495974198,10.028675079345703,0
1107,3.2169887278582885,2.3083735909822836,179.7014570236206,0
1108,3.274288781535154,2.0628019323671465,169.3742389678955,0
1109,3.349597423510462,1.984219001610303,159.0470209121704,0
1110,3.344685990338159,1.8270531400966157,148.7198028564453,1
1111,3.3250402576489484,1.813955984970475,118.89315032958979,1
1112,3.290660225442829,1.9449275362318812,143.21658325195318,1
1113,3.2415458937198016,2.219967793880834,164.91983668009442,0
1114,3.1433172302737473,2.386956521739127,6.623090108235715,0
1115,3.1040257648953253,2.6816425120772904,28.326343536376953,1
1116,3.0680085882984387,2.881374127750935,74.11601257324219,1
1117,3.064734299516904,2.9861513687600594,42.1379508972168,1
1118,3.064734299516904,3.015619967793876,35.04412841796875,1
1119,3.108937198067628,3.025442834138482,27.558523178100586,1
1120,3.187520128824472,3.025442834138482,12.984501838684082,1
1121,3.2071658615136833,3.0352657004830874,157.99774408340448,0
1122,3.202543336175045,3.02890972814246,123.01098632812494,1
1123,3.2031211518423746,2.9867291844273898,29.93744468688965,1
1124,3.1843421426541587,2.938192668371692,26.315069759593257,0
1125,3.146206308610396,2.8833001799753677,22.692694832296866,0
1126,3.172208013640234,2.8024059865492053,19.070319905000588,0
1127,3.198209718670072,2.7215117931230424,15.447944977704196,0
1128,3.22421142369991,2.64061759969688,11.825570050407862,0
1129,3.250213128729748,2.5597234062707175,8.20319512311147,0
1130,3.276214833759586,2.4788292128445546,4.580820195815079,0
1131,3.3022165387894242,2.3979350194183917,0.9584452685187443,0
1132,3.3282182438192622,2.317040825992229,177.33607034122235,0
1133,3.3542199488491002,2.2361466325660664,173.71369541392608,0
1134,3.3802216538789382,2.1552524391399044,170.09132048662968,0
1135,3.4062233589087763,2.0743582457137415,166.4689455593333,0
1136,3.4322250639386143,1.9934640522875788,162.84657063203696,0
1137,3.4582267689684523,1.9125698588614164,159.22419570474057,0
1138,3.4842284739982903,1.8316756654352535,155.6018207774443,0
1139,3.485384105332949,1.7571374443497176,151.9794458501479,0
1140,3.4645001962137463,1.6903584622254673,148.3570709228515,1
1141,3.4215767466406803,1.631338719062502,152.99111938476562,1
1142,3.3566137566137515,1.5800782148608212,152.88222830636158,0
1143,3.26961122613296,1.5365769496204256,152.7733372279576,0
1144,3.185415228893485,1.494478951000688,152.66444614955356,0
1145,3.1012192316540097,1.4523809523809503,152.55555507114957,0
1146,3.0170232344145345,1.4102829537612125,152.44666399274553,0
1147,2.9507578662167995,1.3760588400684999,152.33777291434154,0
1148,2.9024231270608043,1.3497086113028123,152.2288818359375,1
1149,2.872019016946549,1.3312322674641497,152.26515875922308,0
1150,2.8595455358740343,1.320629808552512,152.30143568250867,0
1151,2.8650026838432594,1.3179012345678995,152.33771260579425,0
1152,2.8704598318124845,1.3151726605832867,152.37398952907984,0
1153,2.8759169797817097,1.3124440865986742,152.41026645236542,0
1154,2.8813741277509353,1.3097155126140616,152.446543375651,0
1155,2.88683127572016,1.3069869386294488,152.4828202989366,0
1156,2.8922884236893855,1.3042583646448362,152.51909722222217,0
1157,2.8977455716586107,1.3015297906602237,152.5553741455078,0
1158,2.903202719627836,1.298801216675611,152.5916510687934,0
1159,2.908659867597062,1.2960726426909985,152.62792799207898,0
1160,2.9141170155662866,1.2933440687063857,152.66420491536456,0
1161,2.919574163535512,1.2906154947217732,152.70048183865015,0
1162,2.925031311504737,1.2878869207371606,152.73675876193573,0
1163,2.9304884594739624,1.285158346752548,152.77303568522132,0
1164,2.9359456074431876,1.2824297727679352,152.8093126085069,0
1165,2.950134192163173,1.280246913580245,152.84558953179248,0
1166,2.943585614600103,1.2687869028448722,152.88186645507807,1
1167,2.9948828055108203,1.287341205940238,144.11767578125,1
1168,3.0450885668276926,1.2966183574879209,152.19207763671875,1
1169,3.123671497584536,1.3359098228663426,147.68287658691406,1
1170,3.1826086956521693,1.38502415458937,154.6801300048828,1
1171,3.20225442834138,1.404669887278581,149.0519561767578,1
1172,3.1635086777598804,1.4112184648416513,138.385498046875,1
1173,3.125308641975304,1.4439613526570028,150.3943328857422,1
1174,3.0581857219538326,1.4636070853462138,148.16123877631293,0
1175,3.00143138307389,1.4898013955984948,145.92814466688367,0
1176,3.0041599570585027,1.5716586151368737,143.6950505574544,0
1177,3.0068885310431157,1.6535158346752525,141.46195644802515,0
1178,3.0096171050277283,1.7353730542136314,139.2288623385959,0
1179,3.012345679012341,1.8172302737520103,136.99576822916669,0
1180,3.0150742529969534,1.8990874932903892,134.76267411973743,0
1181,3.0178028269815664,1.980944712828768,132.52958001030817,0
1182,3.020531400966179,2.0628019323671465,130.2964859008789,0
1183,3.023259974950792,2.1446591519055254,128.06339179144965,0
1184,3.025988548935404,2.2265163714439042,125.83029768202044,0
1185,3.028717122920017,2.308373590982283,123.59720357259113,0
1186,3.0314456969046297,2.390230810520662,121.36410946316192,0
1187,3.0341742708892423,2.472088030059041,119.13101535373266,0
1188,3.0369028448738553,2.5539452495974198,116.8979212443034,0
1189,3.039631418858468,2.6358024691357986,114.66482713487414,0
1190,3.0405045625335436,2.705217391304344,112.43173302544488,0
1191,3.0395222758990834,2.762190016103056,110.19863891601562,1
1192,3.0366845589550864,2.8067203435319334,104.49349492390957,0
1193,3.031991411701552,2.838808373590978,98.7883509318034,0
1194,3.025442834138482,2.858454106280189,93.08320693969728,0
1195,3.018894256575412,2.8780998389694,87.37806294759116,0
1196,3.0123456790123413,2.8977455716586107,81.67291895548504,0
1197,3.005797101449271,2.917391304347822,75.96777496337893,0
1198,2.999248523886201,2.937037037037033,70.26263097127278,0
1199,2.9926999463231305,2.956682769726244,64.55748697916667,0
1200,2.9861513687600603,2.9763285024154547,58.85234298706058,0
1201,2.97960279119699,2.995974235104666,53.14719899495441,0
1202,2.9730542136339198,3.0156199677938766,47.44205500284832,0
1203,2.966505636070849,3.0352657004830874,41.736911010742205,0
1204,2.9599570585077792,3.054911433172298,36.03176701863606,0
1205,2.964541062801928,3.0706280193236672,30.326623026529944,0
1206,2.980257648953297,3.0824154589371937,24.621479034423828,1
1207,3.004651100375734,3.092729468599029,18.7392706871033,0
1208,3.037721417069239,3.1015700483091746,12.857062339782715,1
1209,3.0794685990338118,3.108937198067628,12.078402280807524,0
1210,3.1187600644122337,3.118760064412234,11.299742221832304,0
1211,3.1285829307568394,3.1482286634460506,10.521082162857056,0
1212,3.0917471819645685,3.145772946859899,9.742422103881836,1
1213,3.0487721417069196,3.097886473429947,5.696835041046143,1
1214,2.999657809983893,3.0045692431561952,27.522794723510742,1
1215,2.9444041867954867,2.865821256038643,20.720529794692993,0
1216,2.910024154589368,2.6644524959742313,13.918264865875244,0
1217,2.9161634460547456,2.449577294685987,7.115999937057495,0
1218,2.9223027375201243,2.2347020933977424,0.3137350082397461,0
1219,2.9284420289855033,2.019826892109498,173.51147007942203,0
1220,2.934581320450881,1.8049516908212535,166.70920515060425,0
1221,2.939492753623184,1.6232286634460522,159.9069402217865,0
1222,2.9417730618817535,1.5195623418449482,153.10467529296875,1
1223,2.941422245226589,1.4939527260179415,154.25982666015625,1
1224,2.9384403036576905,1.5463998159650312,148.8666043962751,0
1225,2.9328272371750588,1.6769036116862182,143.47338213239397,0
1226,2.9258109040717697,1.8523119392684584,138.08015986851285,0
1227,2.9187945709684797,2.027720266850699,132.6869376046317,0
1228,2.9117782378651897,2.2031285944329393,127.29371534075057,0
1229,2.9068668046928874,2.351874856222679,121.90049307686942,0
1230,2.9040602714515713,2.473959052219919,116.50727081298827,1
1231,2.9033586381412424,2.5693811824246575,122.8025381905692,0
1232,2.9047619047619007,2.638141246836896,129.0978055681501,0
1233,2.908270071313545,2.680239245456633,135.39307294573103,0
1234,2.9117782378651897,2.722337244076371,141.68834032331196,0
1235,2.9152864044168347,2.7644352426961083,147.98360770089286,0
1236,2.9187945709684797,2.8065332413158464,154.2788750784738,0
1237,2.9223027375201243,2.848631239935584,160.5741424560547,0
1238,2.9258109040717692,2.890729238555321,166.86940983363561,0
1239,2.9293190706234142,2.932827237175059,173.1646772112165,0
1240,2.932827237175059,2.974925235794797,179.4599445887974,0
1241,2.9363354037267038,3.017023234414535,5.75521196637834,0
1242,2.9398435702783483,3.0591212330342725,12.050479343959267,0
1243,2.9230043708304536,3.0829767655854567,18.345746721540166,0
1244,2.8858178053830184,3.088589832068089,24.641014099121094,1
1245,2.8479296066252546,3.1005175983436812,49.97084808349612,1
1246,2.8093397745571616,3.118760064412234,57.67494583129883,1
1247,2.7798711755233456,3.099114331723023,50.62806701660156,0
1248,2.7602254428341344,3.069645732689206,43.5811882019043,1
1249,2.7677814938684464,3.0537780255171514,51.68779754638672,1
1250,2.78289359593707,3.026954044345344,72.05059814453125,1
1251,2.8055617490400055,2.989173789173785,66.78192892441382,0
1252,2.825963086832648,2.984640158553198,61.513259704296416,0
1253,2.863743342004207,3.0035302861389774,56.244590484178985,0
1254,2.9015235971757667,3.022420413724757,50.97592126406158,0
1255,2.9393038523473263,3.0413105413105366,45.70725204394412,0
1256,2.9770841075188854,3.0602006688963166,40.43858282382672,0
1257,3.014864362690445,3.079090796482096,35.16991360370929,0
1258,3.052644617862005,3.0979809240678757,29.90124438359186,0
1259,3.0904248730335637,3.1168710516536557,24.632575163474428,0
1260,3.1282051282051233,3.1357611792394353,19.363905943356997,0
1261,3.1659853833766833,3.154651306825215,14.095236723239594,0
1262,3.156918122135509,3.1894091415830497,8.826567503122163,0
1263,3.110826210826206,3.190920351789912,3.5578982830047607,1
1264,3.0277096494487754,3.178830670135013,5.458266258239746,1
1265,2.9407206119162597,3.117532206119158,37.67032241821289,1
1266,2.8498590982286593,3.007024959742347,49.91001892089844,1
1267,2.801972624798707,2.8314412238325244,39.76398277282715,0
1268,2.787238325281799,2.6398953301127177,29.61794662475586,0
1269,2.8056561996779346,2.4127415458937165,19.47191047668457,0
1270,2.82407407407407,2.1855877616747152,9.325874328613281,0
1271,2.8424919484702054,1.9584339774557136,179.179838180542,0
1272,2.8609098228663403,1.7312801932367126,169.0338020324707,0
1273,2.8756441223832483,1.5495571658615117,158.8877658843994,0
1274,2.896517713365535,1.4230877616747164,148.74172973632812,1
1275,2.9235305958132,1.3518719806763266,151.08628845214844,1
1276,2.9763285024154547,1.3260869565217372,149.4457015991211,0
1277,2.9566827697262434,1.3064412238325265,147.80511474609375,1
1278,2.966505636070849,1.3162640901771316,156.6331787109375,1
1279,2.966505636070849,1.3162640901771316,151.91183471679688,1
1280,2.956682769726244,1.3064412238325263,156.28921508789062,1
1281,2.917391304347822,1.2966183574879206,156.3822593688965,0
1282,2.9468599033816383,1.3260869565217372,156.47530364990234,0
1283,2.9468599033816383,1.3260869565217372,156.5683479309082,0
1284,2.9468599033816383,1.3260869565217372,156.66139221191406,0
1285,2.9468599033816383,1.3260869565217372,156.75443649291992,0
1286,2.9468599033816383,1.3260869565217372,156.84748077392578,0
1287,2.9468599033816383,1.3260869565217372,156.94052505493164,0
1288,2.9468599033816383,1.3260869565217372,157.0335693359375,0
1289,2.9468599033816383,1.3260869565217372,157.12661361694336,0
1290,2.9468599033816383,1.3260869565217372,157.21965789794922,0
1291,2.956682769726244,1.3653784219001592,157.31270217895505,0
1292,2.9763285024154547,1.4439613526570028,157.40574645996094,1
1293,2.996867222954175,1.549333918899134,134.51150894165036,0
1294,3.018298931342405,1.6814961206265528,111.61727142333984,1
1295,3.0406236275801453,1.8404479578392596,117.72810363769533,0
1296,3.0540184453227885,1.9868979651588319,123.83893585205077,0
1297,3.0584833845703367,2.1208461425852696,129.94976806640625,0
1298,3.062948323817885,2.2547943200117078,136.06060028076172,0
1299,3.0674132630654327,2.388742497438146,142.1714324951172,0
1300,3.0718782023129805,2.5226906748645836,148.28226470947266,0
1301,3.0763431415605282,2.656638852291022,154.39309692382812,0
1302,3.0808080808080764,2.79058702971746,160.5039291381836,0
1303,3.0852730200556246,2.924535207143898,166.6147613525391,0
1304,3.0873337612468004,3.0029807551546632,172.72559356689453,0
1305,3.0869903043816045,3.025923673749756,178.83642578125,1
1306,3.0842426494600366,2.993363962929176,177.18509498009314,0
1307,3.079090796482096,2.9053016226929227,175.5337641789363,0
1308,3.071534745447784,2.761736653040997,173.88243337777945,0
1309,3.063978694413472,2.618171683389071,172.23110257662262,0
1310,3.05642264337916,2.4746067137371446,170.57977177546576,0
1311,3.0488665923448486,2.3310417440852187,168.9284409743089,0
1312,3.041310541310536,2.187476774433293,167.27711017315204,0
1313,3.0337544902762246,2.043911804781367,165.62577937199518,0
1314,3.026198439241913,1.9003468351294408,163.97444857083832,0
1315,3.0186423882076006,1.7567818654775151,162.3231177696815,0
1316,3.011086337173289,1.6132168958255892,160.67178696852466,0
1317,3.02468722903505,1.498364920104048,159.0204561673678,0
1318,3.0889136628267018,1.4220488046574982,157.36912536621094,1
1319,3.164474173169821,1.3744456831413332,147.02593994140625,1
1320,3.261191626409013,1.365378421900159,154.06732177734375,1
1321,3.3692431561996727,1.4046698872785808,155.78268432617188,1
1322,3.4478260869565163,1.4341384863123974,151.62965393066406,1
1323,2.9173913043478215,1.7681159420289831,153.04078674316406,1
1324,2.367310789049916,2.1806763285024124,154.34361267089844,1
1325,1.8466988727858265,2.652173913043474,164.8679962158203,1
1326,1.3948470209339754,3.153140096618353,26.47287368774414,1
1327,0.9822866344605462,3.7130434782608637,168.26942443847653,1
1328,1.1198067632850226,4.047020933977449,30.66473960876462,1
1329,1.2769726247987099,4.39082125603864,45.14120483398435,1
1330,1.4144927536231864,4.724798711755225,67.67050933837888,1
1331,1.4832528180354245,5.068599033816417,72.02632141113278,1
1332,1.5421900161030575,5.461513687600636,79.51496124267572,1
1333,1.6502415458937176,5.854428341384855,83.9853286743164,1
1334,1.797584541062799,6.2375201288244675,83.66682434082031,1
1335,1.9743961352656973,6.650080515297897,91.2880249023437,1
1336,2.219967793880834,7.082286634460537,99.3580703735351,1
1337,2.524476650563603,7.455555555555544,108.39131927490234,1
1338,2.8780998389694,7.7895330112721295,120.76718902587885,1
1339,3.280837359098224,8.0940418679549,130.60960388183588,1
1340,3.732689210950075,8.339613526570036,141.95199584960938,1
1341,4.2140096618357425,8.516425120772933,153.88421630859375,1
1342,4.7149758454106205,8.624476650563594,164.0230712890625,1
1343,5.23558776167471,8.624476650563594,174.97459411621088,1
1344,5.726731078904983,8.52624798711754,15.583945274353027,1
1345,6.178582930756834,8.280676328502404,36.85076904296875,1
1346,6.591143317230264,7.936876006441212,45.287132263183594,1
1347,6.944766505636061,7.5243156199677825,61.41134262084961,1
1348,7.200161030595803,7.092109500805142,68.27655792236328,1
1349,7.376972624798701,6.62061191626408,77.71295928955078,1
1350,7.435909822866333,6.16876006441223,86.61480712890625,1
1351,7.376972624798701,5.736553945249589,94.5807113647461,1
1352,7.229629629629619,5.333816425120764,102.98373413085938,1
1353,6.974235104669877,4.980193236714968,114.5614242553711,1
1354,6.610789049919475,4.685507246376805,133.42959594726562,1
1355,6.227697262479862,4.498872785829301,158.35659790039062,1
1356,5.805314009661827,4.410466988727852,175.52078247070312,1
1357,5.333816425120764,4.449758454106274,2.6531803607940674,1
1358,4.881964573268914,4.577455716586145,12.595355033874512,1
1359,4.489049919484695,4.813204508856676,20.74086570739746,1
1360,4.105958132045082,5.137359098228655,31.685361862182617,1
1361,3.781803542673102,5.510628019323663,44.86811065673828,1
1362,3.546054750402571,5.913365539452487,55.99790954589844,1
1363,3.3987117552334896,6.375040257648943,65.30538940429688,1
1364,3.3594202898550676,6.8661835748792175,73.65403747558594,1
1365,3.428180354267306,7.318035426731067,93.16324615478516,1
1366,3.6246376811594145,7.769887278582919,100.20917510986328,1
1367,3.929146537842184,8.182447665056348,124.05132293701172,1
1368,4.351529790660219,8.516425120772933,140.70748901367188,1
1369,4.852495974235098,8.752173913043466,165.57077026367188,1
1370,5.412399355877609,8.889694041867942,177.9152069091797,1
1371,5.952657004830908,8.909339774557152,16.699167251586914,1
1372,6.463446054750394,8.801288244766493,37.596580505371094,1
1373,6.885829307568427,8.575362318840568,56.24058532714844,1
1374,7.2099838969404075,8.241384863123981,69.31327819824219,1
1375,7.416264090177123,7.8386473429951575,80.29822540283203,1
1376,7.553784219001599,7.3671497584540955,84.23927307128906,1
1377,7.6028985507246265,6.8661835748792175,90.93436431884766,1
1378,7.593075684380021,6.335748792270522,91.88227844238281,1
1379,7.514492753623178,5.795491143317221,96.79411315917969,1
1380,7.396618357487912,5.284702093397738,100.23875427246094,1
1381,7.200161030595803,4.813204508856676,105.75672149658203,1
1382,6.944766505636061,4.390821256038641,112.43177795410156,1
1383,6.630434782608686,4.037198067632844,124.5777359008789,1
1384,6.27681159420289,3.7621578099838913,135.24942016601562,1
1385,5.903542673107881,3.5362318840579654,137.33262634277344,1
1386,5.540096618357479,3.3790660225442783,145.92794799804688,1
1387,5.166827697262471,3.2808373590982236,157.0931854248047,1
1388,4.724798711755226,3.2415458937198016,177.98178100585938,1
1389,4.2434782608695585,3.2710144927536184,10.75178050994873,1
1390,3.703220611916259,3.4085346215780943,11.023683547973633,1
1391,3.133494363929142,3.6246376811594145,22.224105834960938,1
1392,2.5932367149758417,3.9193236714975783,27.368223190307617,1
1393,2.1610305958132012,4.282769726247981,39.52357482910156,1
1394,1.8172302737520103,4.665861513687593,53.29857635498058,1
1395,1.5814814814814793,5.058776167471812,62.503684997558594,1
1396,1.4341384863123972,5.481159420289847,73.1196060180664,1
1397,1.3359098228663426,5.923188405797093,78.39983367919933,1
1398,1.2769726247987099,6.384863123993549,79.5392532348634,1
1399,1.2475040257648935,6.876006441223822,80.60922241210949,1
1400,1.2376811594202881,7.386795491143306,82.02455139160145,1
1401,1.2376811594202881,7.87793880837358,81.26993560791016,1
1402,1.257326892109499,8.359259259259247,79.49075317382812,1
1403,1.2966183574879209,8.801288244766493,84.62773895263683,1
1404,1.365378421900159,9.233494363929134,84.8198776245116,1
1405,1.49307568438003,9.616586151368745,94.39058685302746,1
1406,1.6797101449275338,9.980032206119146,105.94456481933594,1
1407,1.9547504025764866,10.294363929146522,126.73893737792969,1
1408,2.3181964573268887,10.55958132045087,141.6162567138672,1
1409,2.750402576489529,10.726570048309162,162.0520477294922,1
1410,3.1826086956521693,10.795330112721402,175.473388671875,1
1411,3.6148148148148094,10.746215780998373,16.962894439697266,1
1412,4.017552334943633,10.55958132045087,37.101627349853516,1
1413,4.361352657004824,10.245249597423495,54.00772476196289,1
1414,4.626570048309172,9.84251207729467,66.2696304321289,1
1415,4.8426731078904925,9.351368760064398,81.08030700683594,1
1416,4.990016103059574,8.791465378421886,91.11371612548828,1
1417,5.048953301127208,8.192270531400954,97.65282440185547,1
1418,5.029307568437996,7.612721417069231,105.54924011230446,1
1419,4.940901771336547,7.033172302737509,104.03507232666016,1
1420,4.793558776167465,6.492914653784209,109.76887512207031,1
1421,4.567632850241539,5.991948470209332,115.47491455078125,1
1422,4.282769726247981,5.579388083735902,120.40867614746094,1
1423,3.9487922705313947,5.23558776167471,130.0380096435547,1
1424,3.555877616747177,4.990016103059574,148.65931701660156,1
1425,3.1236714975845365,4.852495974235097,164.70030212402344,1
1426,2.7798711755233456,4.80338164251207,177.1113739013672,1
1427,2.5146537842189978,4.852495974235098,10.188359260559082,1
1428,2.308373590982283,4.980193236714969,16.06816864013672,1
1429,2.1904991948470176,5.206119162640894,46.403717041015625,1
1430,2.1413848631239905,5.500805152979058,54.4798698425293,1
1431,2.0726247987117516,5.913365539452487,62.79036331176758,1
1432,2.03333333333333,6.355394524959733,71.25392150878906,1
1433,2.0529790660225413,6.807246376811584,75.57549285888672,1
1434,2.151207729468596,7.249275362318829,84.31867980957031,1
1435,2.3574879227053103,7.671658615136865,96.60775756835938,1
1436,2.6718196457326853,8.035104669887266,118.29818725585938,1
1437,3.074557165861509,8.359259259259247,143.49801635742188,1
1438,3.555877616747176,8.624476650563594,165.6956329345703,1
1439,4.086312399355871,8.801288244766493,170.50216674804688,1
1440,4.6363929146537775,8.85040257648952,9.149589538574219,1
1441,5.147181964573261,8.781642512077282,29.274248123168945,1
1442,5.599033816425112,8.595008051529778,41.008079528808594,1
1443,5.97230273752012,8.300322061191615,44.89604568481445,1
1444,6.266988727858283,7.9172302737520015,57.74532699584961,1
1445,6.453623188405787,7.494847020933966,69.37750244140625,1
1446,6.571497584541052,7.013526570048299,79.87735748291016,1
1447,6.600966183574869,6.532206119162632,90.17546844482422,1
1448,6.532206119162632,6.0803542673107795,98.60432434082031,1
1449,6.365217391304339,5.66779388083735,104.28462219238281,1
1450,6.129468599033807,5.323993558776159,120.48841094970703,1
1451,5.805314009661827,5.068599033816417,138.17532348632812,1
1452,5.432045088566819,4.901610305958124,160.53855895996094,1
1453,4.999838969404179,4.832850241545886,176.26473999023415,1
1454,4.5578099838969335,4.891787439613519,1.702881932258606,1
1455,4.125603864734293,5.048953301127207,14.930118560791016,1
1456,3.7621578099838913,5.314170692431555,45.32657241821289,1
1457,3.467471819645728,5.677616747181956,63.13455581665039,1
1458,3.3004830917874344,6.119645732689202,74.58438110351562,1
1459,3.2415458937198016,6.571497584541054,81.79690551757812,1
1460,3.31030595813204,7.0528180354267205,91.01937866210938,1
1461,3.4871175523349387,7.5243156199677825,107.42481231689453,1
1462,3.752334943639286,7.936876006441212,119.12499237060547,1
1463,4.096135265700477,8.280676328502404,132.27345275878906,1
1464,4.518518518518512,8.56553945249596,143.86793518066406,1
1465,4.980193236714968,8.732528180354254,155.59010314941406,1
1466,5.45169082125603,8.76199677938807,175.61569213867188,1
1467,5.883896940418671,8.683413848631227,10.477789878845215,1
1468,6.257165861513679,8.477133655394512,22.367536544799805,1
1469,6.542028985507237,8.143156199677927,44.77230453491211,1
1470,6.699194847020924,7.730595813204498,68.86300659179665,1
1471,6.7384863123993455,7.308212560386463,87.61144256591797,1
1472,6.689371980676318,6.836714975845401,97.76927947998047,1
1473,6.561674718196447,6.394685990338155,101.98207855224632,1
1474,6.355394524959733,6.001771336553937,111.72331237792946,1
1475,6.119645732689202,5.677616747181957,114.33025360107399,1
1476,5.834782608695643,5.363285024154581,120.06043243408203,1
1477,5.500805152979058,5.147181964573262,127.74858856201172,1
1478,5.1078904991948395,4.990016103059574,143.28025817871094,1
1479,4.665861513687593,4.940901771336547,165.18675231933594,1
1480,4.2140096618357425,4.980193236714968,6.771288871764682,1
1481,3.791626409017707,5.127536231884051,28.57333755493164,1
1482,3.4281803542673055,5.382930756843793,52.78944015502907,1
1483,3.1629629629629585,5.7561996779388,68.98409271240189,1
1484,3.0057971014492706,6.18840579710144,77.40525054931595,1
1485,2.9272141706924275,6.659903381642502,81.93716430664062,1
1486,2.9272141706924275,7.1805152979065925,88.69898223876908,1
1487,2.995974235104666,7.691304347826074,90.74867248535111,1
1488,3.113848631239931,8.182447665056348,90.22489166259766,1
1489,3.290660225442829,8.65394524959741,92.99592590331986,1
1490,3.5165861513687546,9.10579710144926,99.98886871337845,1
1491,3.791626409017708,9.528180354267295,107.55403900146484,1
1492,4.145249597423504,9.921095008051514,124.07530975341797,1
1493,4.547987117552329,10.255072463768101,135.32632446289017,1
1494,5.019484702093391,10.500644122383239,154.1612548828125,1
1495,5.510628019323663,10.667632850241532,163.46479797363236,1
1496,6.021417069243148,10.736392914653768,174.53424072265625,1
1497,6.532206119162632,10.716747181964559,8.421360969543457,1
1498,7.042995169082116,10.598872785829293,9.751527786254883,1
1499,7.514492753623178,10.412238325281788,16.3691463470459,1
1500,7.976167471819633,10.14702093397744,23.054988861083984,1
1501,8.39855072463767,9.813043478260855,39.44664764404297,1
1502,8.752173913043466,9.420128824476638,47.841087341308594,1
1503,9.046859903381629,8.987922705313997,63.109153747558594,1
1504,9.243317230273737,8.516425120772933,75.56748962402344,1
1505,9.331723027375187,8.035104669887266,85.00471496582031,1
1506,9.321900161030582,7.57342995169081,89.99808502197266,1
1507,9.233494363929132,7.1314009661835644,95.4676742553711,1
1508,9.056682769726233,6.728663446054741,98.70880889892578,1
1509,8.820933977455704,6.375040257648943,108.21935272216797,1
1510,8.536070853462146,6.050885668276964,112.38159942626953,1
1511,8.20209339774556,5.77584541062801,117.26062774658203,1
1512,7.848470209339763,5.55974235104669,132.6897430419922,1
1513,7.455555555555544,5.392753623188398,145.1597900390625,1
1514,7.042995169082116,5.284702093397738,159.27737426757812,1
1515,6.600966183574869,5.2650563607085274,173.10971069335938,1
1516,6.129468599033808,5.304347826086948,4.677497386932373,1
1517,5.6579710144927455,5.412399355877609,2.262240409851529,1
1518,5.215942028985499,5.589210950080506,6.8607053756718415,1
1519,4.78373590982286,5.854428341384855,15.32455825805664,1
1520,4.430112721417062,6.168760064412228,28.57958030700729,1
1521,4.15507246376811,6.551851851851842,43.698726654052734,1
1522,3.9193236714975783,6.984057971014482,62.294647216796875,1
1523,3.7719806763284973,7.435909822866333,76.3251953125,1
1524,3.7228663446054697,7.897584541062789,81.0226440429692,1
1525,3.7621578099838913,8.39855072463767,90.04231262207077,1
1526,3.93896940418679,8.88969404186794,93.90190887451172,1
1527,4.223832528180348,9.32190016103058,117.03558349609375,1
1528,4.597101449275355,9.724637681159406,132.60585021972656,1
1529,5.088244766505629,10.03896940418678,151.22499084472702,1
1530,5.638325281803534,10.23542673107889,178.05136108398483,1
1531,6.18840579710144,10.304186795491129,13.981444358826138,1
1532,6.7384863123993455,10.264895330112706,30.90398216247604,1
1533,7.239452495974225,10.097906602254413,45.384582519531705,1
1534,7.652012882447653,9.822866344605462,56.33558654785202,1
1535,7.98599033816424,9.439774557165848,70.26592254638717,1
1536,8.251207729468586,8.968276972624786,80.59754943847702,1
1537,8.437842190016092,8.43784219001609,84.70974731445358,1
1538,8.565539452495962,7.87793880837358,90.32457733154342,1
1539,8.624476650563594,7.268921095008041,93.11622619628952,1
1540,8.614653784218989,6.650080515297897,98.65677642822311,1
1541,8.52624798711754,6.090177133655386,101.86931610107467,1
1542,8.359259259259247,5.589210950080507,107.78706359863327,1
1543,8.11368760064411,5.147181964573262,119.48396301269577,1
1544,7.779710144927525,4.832850241545886,132.03923034668014,1
1545,7.386795491143306,4.646215780998383,147.54788208007858,1
1546,6.954589371980665,4.567632850241539,173.67416381835983,1
1547,6.502737520128815,4.606924315619961,5.62290334701629,1
1548,6.050885668276964,4.773913043478254,26.603208541870572,1
1549,5.64814814814814,5.0587761674718115,52.98108673095794,1
1550,5.304347826086949,5.441867954911425,61.86133956909225,1
1551,5.058776167471812,5.903542673107881,71.26183319091842,1
1552,4.940901771336547,6.384863123993549,82.35611724853607,1
1553,4.980193236714969,6.866183574879216,94.76117706298919,1
1554,5.157004830917867,7.298389694041856,104.09659576416061,1
1555,5.432045088566819,7.652012882447653,126.36669158935638,1
1556,5.815136876006433,7.897584541062789,139.86245727539108,1
1557,6.257165861513679,8.054750402576477,156.99531555175827,1
1558,6.699194847020924,8.084219001610293,174.1108398437509,1
1559,7.141223832528169,7.976167471819633,16.103469848633722,1
1560,7.57342995169081,7.740418679549103,43.90858459472702,1
1561,7.9172302737520015,7.396618357487912,55.989410400391534,1
1562,8.172624798711743,6.954589371980665,74.32051086425872,1
1563,8.32979066022543,6.463446054750394,89.84507751464935,1
1564,8.369082125603853,5.982125603864725,93.82458496093841,1
1565,8.300322061191613,5.530273752012874,104.83580017089935,1
1566,8.123510466988716,5.1078904991948395,111.12341308593841,1
1567,7.848470209339763,4.734621578099832,120.88999938964935,1
1568,7.494847020933966,4.410466988727852,142.57014465332122,1
1569,7.072463768115931,4.15507246376811,155.20429992675872,1
1570,6.62061191626408,3.9880837359098167,165.23304748535247,1
1571,6.149114331723018,3.9193236714975783,173.00373840332122,1
1572,5.6874396135265615,3.9586151368760008,0.9962645769128358,1
1573,5.245410628019315,4.125603864734293,16.832958221436456,1
1574,4.852495974235097,4.37117552334943,23.581138610840753,1
1575,4.498872785829301,4.695330112721409,30.06028175354095,1
1576,4.223832528180348,5.078421900161024,42.552043914796286,1
1577,4.017552334943632,5.52045088566827,63.41327667236419,1
1578,3.8898550724637624,6.0017713365539365,72.8466033935556,1
1579,3.85056360708534,6.522383252818026,78.69464874267669,1
1580,3.899677938808368,7.042995169082116,88.65977478027435,1
1581,4.027375201288239,7.563607085346204,95.2662200927748,1
1582,4.223832528180347,8.054750402576477,101.00976562500091,1
1583,4.498872785829301,8.496779388083723,108.81995391845794,1
1584,4.8426731078904925,8.889694041867942,122.42310333252044,1
1585,5.245410628019316,9.233494363929132,138.10482788086028,1
1586,5.707085346215772,9.498711755233481,149.32954406738372,1
1587,6.217874396135256,9.685346215780983,163.2534637451181,1
1588,6.7384863123993455,9.763929146537828,176.02639770507903,1
1589,7.249275362318829,9.724637681159404,15.875074386598044,1
1590,7.720772946859893,9.557648953301113,26.896036148072653,1
1591,8.143156199677927,9.302254428341373,35.92396926880019,1
1592,8.506602254428328,8.95845410628018,45.864784240723566,1
1593,8.820933977455704,8.575362318840567,45.137825012208395,1
1594,9.095974235104658,8.143156199677927,55.86420822143691,1
1595,9.331723027375187,7.661835748792259,66.38305664062636,1
1596,9.498711755233481,7.1608695652173795,74.798728942872,1
1597,9.60676328502414,6.659903381642502,78.78192138672011,1
1598,9.636231884057956,6.1589371980676235,88.77719879150527,1
1599,9.577294685990324,5.6874396135265615,97.07093811035293,1
1600,9.410305958132032,5.284702093397738,110.42527008056777,1
1601,9.145088566827685,4.940901771336547,122.96218109130996,1
1602,8.801288244766493,4.675684380032199,132.57232666015716,1
1603,8.39855072463767,4.508695652173905,153.74443054199355,1
1604,7.936876006441213,4.449758454106274,168.6431732177748,1
1605,7.46537842190015,4.498872785829301,178.84614562988372,1
1606,7.042995169082116,4.656038647342988,16.953960418702536,1
1607,6.669726247987109,4.901610305958124,32.374519348145895,1
1608,6.365217391304339,5.225764895330105,46.916511535645895,1
1609,6.168760064412229,5.638325281803534,70.276168823244,1
1610,6.099999999999992,6.090177133655386,79.23091888427871,1
1611,6.139291465378412,6.561674718196447,93.8582839965834,1
1612,6.2964573268921,7.003703703703692,107.39503479004043,1
1613,6.571497584541054,7.386795491143306,123.01661682129088,1
1614,6.954589371980665,7.671658615136865,146.61531066894668,1
1615,7.406441223832518,7.848470209339763,169.15179443359511,1
1616,7.9172302737520015,7.897584541062789,178.152252197267,1
1617,8.428019323671485,7.848470209339763,6.910879611970813,1
1618,8.899516908212547,7.691304347826074,16.622720718385608,1
1619,9.30225442834137,7.406441223832518,27.85198974609557,1
1620,9.60676328502414,7.062640901771326,50.15878677368346,1
1621,9.754106280193222,6.679549114331714,71.54522705078307,1
1622,9.773752012882431,6.266988727858284,88.35967254638854,1
1623,9.685346215780983,5.844605475040249,100.5885467529315,1
1624,9.469243156199664,5.471336553945241,114.6907806396498,1
1625,9.154911433172288,5.147181964573261,138.04263305664244,1
1626,8.791465378421886,4.89178743961352,152.54934692382994,1
1627,8.359259259259247,4.724798711755226,167.2465515136737,1
1628,7.927053140096606,4.675684380032199,1.8507444858569215,1
1629,7.46537842190015,4.764090177133649,2.299182891847977,1
1630,7.0528180354267205,4.940901771336546,14.834281921388538,1
1631,6.699194847020924,5.196296296296288,33.14547348022643,1
1632,6.433977455716577,5.540096618357479,40.91370773315566,1
1633,6.217874396135256,5.933011272141698,60.449077606203446,1
1634,6.129468599033807,6.3455716586151265,72.91274261474791,1
1635,6.119645732689202,6.777777777777769,84.48376464843932,1
1636,6.178582930756835,7.239452495974224,89.45250701904524,1
1637,6.325925925925917,7.691304347826076,98.45619201660338,1
1638,6.561674718196448,8.123510466988716,106.075485229494,1
1639,6.8661835748792175,8.506602254428328,117.35116577148665,1
1640,7.229629629629619,8.850402576489518,117.08279418945449,1
1641,7.652012882447653,9.125442834138472,125.38040924072402,1
1642,8.11368760064411,9.312077294685976,140.1462707519545,1
1643,8.634299516908198,9.429951690821241,152.39495849609557,1
1644,9.184380032206104,9.479066022544268,170.13632202148574,1
1645,9.754106280193222,9.44959742351045,1.225945234300525,1
1646,10.333655394524945,9.341545893719793,11.022509574891956,1
1647,10.88373590982285,9.19420289855071,26.019039154054553,1
1648,11.38470209339773,8.968276972624786,36.00564956665221,1
1649,11.846376811594187,8.663768115942016,38.86160659790221,1
1650,12.24911433172301,8.319967793880824,52.26462936401549,1
1651,12.622383252818015,7.887761674718185,52.56616592407454,1
1652,12.9563607085346,7.396618357487912,50.66989135742415,1
1653,13.211755233494344,6.885829307568427,60.30123519897643,1
1654,13.388566827697241,6.365217391304339,73.39043426513899,1
1655,13.486795491143297,5.824959742351038,79.66876220703352,1
1656,13.476972624798691,5.333816425120764,86.75526428222884,1
1657,13.388566827697243,4.852495974235097,88.11878967285384,1
1658,13.24122383252816,4.3711755233494305,99.64299774170104,1
1659,13.044766505636051,3.9193236714975783,103.60128021240462,1
1660,12.818840579710127,3.4772946859903326,111.1476287841815,1
1661,12.553623188405778,3.0352657004830874,119.75826263427916,1
1662,12.308051529790642,2.7012882447665016,123.23937988281432,1
1663,12.033011272141689,2.4851851851851814,125.0282440185565,1
1664,11.718679549114315,2.377133655394521,135.05718994140852,1
1665,11.365056360708518,2.3967793880837323,161.32966613769713,1
1666,10.991787439613509,2.563768115942025,1.4265811443347047,1
1667,10.569404186795476,2.799516908212556,6.538540363313587,1
1668,10.186312399355861,3.1040257648953253,31.41536521911803,1
1669,9.871980676328487,3.467471819645728,45.074962615969525,1
1670,9.64605475040256,3.8898550724637624,58.11775588989531,1
1671,9.518357487922689,4.331884057971008,68.05294036865507,1
1672,9.488888888888873,4.80338164251207,81.18689727783385,1
1673,9.557648953301113,5.284702093397738,88.16690826416288,1
1674,9.714814814814801,5.746376811594194,96.11145019531523,1
1675,9.950563607085332,6.1589371980676235,110.67350006103698,1
1676,10.27471819645731,6.522383252818026,131.04884338379088,1
1677,10.647987117552319,6.767954911433162,143.45999145507994,1
1678,11.09983896940417,6.905475040257639,158.85218811035338,1
1679,11.571336553945233,6.934943639291456,177.03982543945494,1
1680,12.062479871175507,6.836714975845401,6.222662448884876,1
1681,12.52415458937196,6.630434782608686,23.114978790285022,1
1682,12.9563607085346,6.306280193236705,39.242103576662885,1
1683,13.260869565217371,5.874074074074065,59.166969299318225,1
1684,13.457326892109482,5.402576489533003,76.34864807129179,1
1685,13.516264090177113,4.91143317230273,89.08032989502226,1
1686,13.457326892109482,4.420289855072457,97.33987426758085,1
1687,13.300161030595792,3.9880837359098167,108.69389343261992,1
1688,13.044766505636051,3.6049919484702038,115.40150451660429,1
1689,12.730434782608677,3.231723027375197,125.67271423340026,1
1690,12.37681159420288,2.9173913043478215,134.25694274902526,1
1691,12.013365539452476,2.6619967793880797,135.76113891601835,1
1692,11.640096618357472,2.455716586151365,141.42913818359557,1
1693,11.257004830917857,2.328019323671494,154.11973571777526,1
1694,10.844444444444429,2.2985507246376775,170.73237609863463,1
1695,10.441706924315605,2.367310789049916,179.3703308105487,1
1696,10.048792270531388,2.534299516908209,19.21635818481718,1
1697,9.685346215780985,2.789694041867951,45.66242980957304,1
1698,9.420128824476638,3.1236714975845365,59.52539062500273,1
1699,9.262962962962948,3.546054750402571,73.88491058349882,1
1700,9.184380032206104,4.017552334943633,87.62266540527617,1
1701,9.204025764895315,4.498872785829301,85.8584899902371,1
1702,9.30225442834137,4.980193236714968,91.1821212768582,1
1703,9.459420289855057,5.441867954911426,100.21067047119413,1
1704,9.685346215780983,5.864251207729461,108.4385910034207,1
1705,9.989855072463753,6.266988727858284,114.27237701416288,1
1706,10.34347826086955,6.650080515297897,119.63769531250273,1
1707,10.736392914653768,7.013526570048299,129.11076354980742,1
1708,11.148953301127198,7.347504025764884,131.6134185791043,1
1709,11.58115942028984,7.622544283413836,128.66897583008085,1
1710,12.003542673107873,7.809178743961342,140.03082275390898,1
1711,12.425925925925906,7.907407407407396,157.69390869140807,1
1712,12.858132045088547,7.907407407407396,173.86257934570585,1
1713,13.300161030595792,7.7895330112721295,3.150194644930707,1
1714,13.712721417069222,7.543961352656995,36.09999847412382,1
1715,14.076167471819625,7.1805152979065925,59.605758666994916,1
1716,14.351207729468578,6.748309178743952,76.7253112792996,1
1717,14.518196457326871,6.227697262479863,89.62424468994504,1
1718,14.557487922705292,5.697262479871168,94.00245666504179,1
1719,14.488727858293055,5.1864734299516835,102.4060974121121,1
1720,14.32173913043476,4.724798711755226,106.71545410156523,1
1721,14.066344605475019,4.282769726247981,116.02848815918242,1
1722,13.732367149758431,3.9193236714975788,128.20915222168242,1
1723,13.34927536231882,3.6148148148148094,147.9551696777371,1
1724,12.926892109500788,3.3987117552334896,157.65078735351835,1
1725,12.48486312399354,3.2710144927536184,175.30667114258085,1
1726,12.042834138486295,3.2513687600644077,179.27008056640898,1
1727,11.62045088566826,3.3495974235104624,15.879239082339154,1
1728,11.207890499194832,3.555877616747177,30.15243911743528,1
1729,10.814975845410611,3.8505636070853404,37.19144821167265,1
1730,10.461352657004815,4.223832528180348,47.9372367858914,1
1731,10.14702093397744,4.646215780998383,53.19923400879179,1
1732,9.871980676328487,5.1078904991948395,59.41439056396757,1
1733,9.62640901771335,5.618679549114323,64.68753814697538,1
1734,9.420128824476636,6.149114331723018,67.6484527587927,1
1735,9.243317230273737,6.689371980676318,67.89697265625273,1
1736,9.135265700483078,7.239452495974224,75.81781768799192,1
1737,9.095974235104656,7.799355877616736,79.33516693115507,1
1738,9.164734299516894,8.290499194847008,88.61425781250364,1
1739,9.321900161030582,8.742351046698861,102.01783752441679,1
1740,9.596940418679534,9.164734299516894,107.55512237549192,1
1741,9.921095008051514,9.538003220611902,122.5257492065466,1
1742,10.304186795491129,9.852334943639276,134.76475524902617,1
1743,10.716747181964559,10.156843800322047,137.08868408203398,1
1744,11.16859903381641,10.431884057970999,142.10403442383085,1
1745,11.62045088566826,10.667632850241532,144.7936401367224,1
1746,12.121417069243138,10.873913043478245,149.5099792480496,1
1747,12.642028985507228,11.01143317230272,154.95674133301145,1
1748,13.162640901771317,11.080193236714958,161.49320983886992,1
1749,13.702898550724617,11.070370370370354,175.84892272949492,1
1750,14.252979066022524,10.952495974235088,7.105725765231,1
1751,14.734299516908191,10.75603864734298,15.225170135500775,1
1752,15.176328502415435,10.490821256038632,27.668609619143353,1
1753,15.569243156199656,10.14702093397744,45.09313583374387,1
1754,15.854106280193212,9.73446054750401,48.274696350100385,1
1755,16.06038647342993,9.282608695652161,62.804576873782025,1
1756,16.20772946859901,8.791465378421886,72.81528472900754,1
1757,16.266666666666644,8.261030595813192,87.75405883789426,1
1758,16.24702093397743,7.701127214170681,91.97480010986601,1
1759,16.168438003220587,7.141223832528169,97.06269073486692,1
1760,16.001449275362294,6.591143317230264,102.29316711426054,1
1761,15.765700483091766,6.060708534621569,107.26228332519895,1
1762,15.480837359098206,5.589210950080507,117.1178894042996,1
1763,15.156682769726222,5.196296296296289,124.72980499267942,1
1764,14.80305958132043,4.8721417069243085,132.9307250976599,1
1765,14.390499194847,4.58727858293075,142.78274536133085,1
1766,13.958293075684361,4.341706924315614,145.84268188476926,1
1767,13.476972624798691,4.15507246376811,153.1662750244168,1
1768,13.015297906602234,4.037198067632844,163.20970153808958,1
1769,12.543800322061172,3.9979066022544223,176.4826049804724,1
1770,12.111594202898534,4.066666666666661,11.237555503848853,1
1771,11.708856682769708,4.233655394524954,22.06992721557981,1
1772,11.384702093397728,4.489049919484695,44.21334838867551,1
1773,11.070370370370352,4.82302737520128,52.151515960697,1
1774,10.814975845410611,5.215942028985499,70.9383468627966,1
1775,10.608695652173898,5.657971014492745,68.46271514892851,1
1776,10.441706924315605,6.149114331723018,68.12342834472929,1
1777,10.304186795491129,6.659903381642502,72.0695953369177,1
1778,10.196135265700468,7.1805152979065925,73.13671875000364,1
1779,10.117552334943625,7.710950080515286,75.01438903808958,1
1780,10.078260869565202,8.251207729468586,77.60258483887083,1
1781,10.088083735909809,8.791465378421886,82.96660614014036,1
1782,10.12737520128823,9.321900161030582,84.88782501221067,1
1783,10.23542673107889,9.822866344605462,85.5980148315466,1
1784,10.402415458937181,10.314009661835733,92.98032379150754,1
1785,10.638164251207714,10.75603864734298,108.47875976562864,1
1786,10.913204508856666,11.129307568437985,114.33925628662473,1
1787,11.257004830917857,11.443639291465363,126.51816558838254,1
1788,11.649919484702076,11.679388083735894,140.87202453613645,1
1789,12.082125603864716,11.79726247987116,167.1090240478552,1
1790,12.524154589371964,11.787439613526555,178.5385894775427,1
1791,12.96618357487921,11.669565217391288,16.603219985965552,1
1792,13.398389694041848,11.414170692431545,33.031139373782935,1
1793,13.78148148148146,11.050724637681142,48.63882827759153,1
1794,14.105636070853441,10.598872785829291,63.5699615478552,1
1795,14.370853462157788,10.107729468599018,68.57552337646848,1
1796,14.577133655394501,9.587117552334929,68.0152740478552,1
1797,14.704830917874371,9.06650563607084,72.4417877197302,1
1798,14.763768115942009,8.575362318840568,73.9290924072302,1
1799,14.763768115942009,8.084219001610293,82.63616943359739,1
1800,14.685185185185162,7.612721417069231,88.17826843262083,1
1801,14.537842190016082,7.1314009661835644,100.6813125610388,1
1802,14.311916264090154,6.679549114331712,107.66101074219114,1
1803,14.017230273751991,6.227697262479862,115.30981445312864,1
1804,13.673429951690801,5.8446054750402485,125.84975433349973,1
1805,13.28051529790658,5.530273752012874,138.3417663574255,1
1806,12.86795491143315,5.304347826086948,150.15342712402708,1
1807,12.455394524959724,5.147181964573262,157.04447937012083,1
1808,12.0526570048309,5.078421900161024,167.7395172119177,1
1809,11.64009661835747,5.068599033816417,175.4027709960974,1
1810,11.237359098228646,5.117713365539446,179.145843505863,1
1811,10.834621578099823,5.245410628019316,10.682519912723365,1
1812,10.471175523349421,5.441867954911425,19.596706390384497,1
1813,10.14702093397744,5.716908212560378,37.84527206421262,1
1814,9.86215780998388,6.090177133655386,54.805789947513404,1
1815,9.675523349436379,6.51256038647342,65.8696441650427,1
1816,9.596940418679534,6.964412238325272,69.0495529174841,1
1817,9.587117552334927,7.435909822866334,86.30489349365598,1
1818,9.695169082125588,7.907407407407396,88.29503631592252,1
1819,9.930917874396119,8.300322061191613,113.53515625000364,1
1820,10.245249597423495,8.614653784218989,132.37573242187864,1
1821,10.628341384863107,8.830756843800309,156.8531646728552,1
1822,11.060547504025749,8.928985507246363,177.30854797363645,1
1823,11.502576489532995,8.879871175523336,10.308104515080231,1
1824,11.92495974235103,8.703059581320439,30.661844253544587,1
1825,12.317874396135249,8.428019323671485,45.002262115482154,1
1826,12.671497584541044,8.064573268921084,54.011512756351294,1
1827,12.966183574879206,7.642190016103048,65.14471435547239,1
1828,13.15281803542671,7.16086956521738,70.7459869384802,1
1829,13.24122383252816,6.679549114331712,83.48872375488645,1
1830,13.22157809983895,6.217874396135256,96.73984527588254,1
1831,13.074235104669867,5.785668276972617,114.16679382324583,1
1832,12.818840579710123,5.382930756843793,126.98778533936002,1
1833,12.494685990338144,5.078421900161023,142.91671752930142,1
1834,12.121417069243137,4.832850241545886,158.9058990478552,1
1835,11.708856682769708,4.675684380032199,172.75151062012173,1
1836,11.29629629629628,4.616747181964565,4.175047874455231,1
1837,10.903381642512063,4.675684380032199,11.549349784854712,1
1838,10.549758454106264,4.8426731078904925,30.156690597537818,1
1839,10.255072463768101,5.117713365539445,44.81626510620572,1
1840,10.03896940418678,5.441867954911425,54.24280166626431,1
1841,9.891626409017698,5.834782608695643,62.422931671146216,1
1842,9.84251207729467,6.266988727858283,72.19697570801236,1
1843,9.871980676328487,6.718840579710135,83.85214996338345,1
1844,9.980032206119148,7.180515297906591,92.40039825439817,1
1845,10.176489533011257,7.671658615136865,99.00610351562955,1
1846,10.461352657004815,8.133333333333322,113.98684692383267,1
1847,10.795330112721402,8.536070853462144,121.51008605957486,1
1848,11.18824476650562,8.860225442834125,133.05699157715298,1
1849,11.630273752012865,9.105797101449262,144.15371704101926,1
1850,12.111594202898534,9.253140096618344,159.32881164551236,1
1851,12.612560386473412,9.30225442834137,164.26571655273892,1
1852,13.133172302737501,9.282608695652161,178.11820983887173,1
1853,13.663607085346195,9.164734299516894,12.454780578617829,1
1854,14.174396135265678,8.95845410628018,24.004568099980133,1
1855,14.60660225442832,8.653945249597411,40.25091171265103,1
1856,14.960225442834115,8.280676328502405,65.25488281250455,1
1857,15.21561996779386,7.828824476650551,74.65635681152798,1
1858,15.362962962962943,7.3376811594202795,85.78665161133267,1
1859,15.392431561996755,6.846537842190005,92.55233001709439,1
1860,15.333494363929123,6.394685990338155,103.92729949951627,1
1861,15.176328502415435,5.952657004830909,107.1857299804733,1
1862,14.940579710144906,5.549919484702086,119.54805755615598,1
1863,14.60660225442832,5.1864734299516835,128.01620483398892,1
1864,14.213687600644102,4.862318840579704,134.50329589844205,1
1865,13.771658615136854,4.547987117552329,145.34342956543423,1
1866,13.300161030595794,4.302415458937191,152.13259887695767,1
1867,12.82866344605473,4.145249597423504,158.15892028809048,1
1868,12.366988727858274,4.076489533011267,168.27883911133267,1
1869,11.915136876006423,4.105958132045082,1.3733761310622867,1
1870,11.492753623188388,4.2434782608695585,12.137441635136383,1
1871,11.109661835748776,4.47922705314009,28.155883789067047,1
1872,10.736392914653766,4.773913043478254,40.578136444096344,1
1873,10.422061191626394,5.12753623188405,46.803050994877594,1
1874,10.137198067632836,5.510628019323663,55.00812530518033,1
1875,9.891626409017698,5.913365539452488,57.43386077881314,1
1876,9.685346215780985,6.335748792270522,67.21143341064908,1
1877,9.547826086956508,6.767954911433162,70.65705108643033,1
1878,9.459420289855057,7.229629629629619,75.93650817871548,1
1879,9.439774557165846,7.730595813204497,78.69707489014127,1
1880,9.488888888888875,8.261030595813192,88.1628799438522,1
1881,9.616586151368745,8.791465378421886,97.23915100098111,1
1882,9.793397745571642,9.30225442834137,98.51698303223111,1
1883,10.009500805152964,9.793397745571642,102.03169250488736,1
1884,10.264895330112706,10.245249597423495,105.33542633057095,1
1885,10.549758454106264,10.657809983896925,107.71704101562955,1
1886,10.86409017713364,11.050724637681142,109.71420288086392,1
1887,11.217713365539435,11.443639291465361,113.27646636963345,1
1888,11.610628019323656,11.807085346215763,120.63829040527798,1
1889,12.042834138486295,12.121417069243137,129.36970520019986,1
1890,12.514331723027357,12.39645732689209,138.15786743164517,1
1891,12.985829307568418,12.583091787439594,148.74479675293423,1
1892,13.4966183574879,12.671497584541044,161.1669311523483,1
1893,13.997584541062782,12.661674718196437,173.9244995117242,1
1894,14.459259259259237,12.543800322061172,2.3246011734054264,1
1895,14.861996779388061,12.317874396135247,14.459053993230555,1
1896,15.205797101449253,12.003542673107873,39.484577178959626,1
1897,15.43172302737518,11.630273752012865,60.25722503662655,1
1898,15.55942028985505,11.188244766505619,75.14278411865689,1
1899,15.588888888888865,10.716747181964557,89.67605590820767,1
1900,15.500483091787416,10.215780998389679,103.24655914307095,1
1901,15.333494363929123,9.724637681159406,109.47007751465298,1
1902,15.087922705313986,9.243317230273737,118.30411529541561,1
1903,14.773590982286612,8.791465378421886,127.0853881835983,1
1904,14.400322061191602,8.369082125603851,133.75851440430142,1
1905,14.007407407407385,8.005636070853452,141.2212066650436,1
1906,13.575201288244745,7.691304347826074,146.84037780762173,1
1907,13.133172302737501,7.435909822866333,145.86743164062955,1
1908,12.661674718196437,7.268921095008041,154.74577331543423,1
1909,12.209822866344586,7.1805152979065925,166.48262023926327,1
1910,11.757971014492735,7.16086956521738,177.23025512695767,1
1911,11.306119162640885,7.229629629629619,7.267374515537995,1
1912,10.854267310789032,7.406441223832518,21.748437881474274,1
1913,10.431884057970999,7.661835748792259,36.72796249390194,1
1914,10.029146537842177,8.00563607085345,45.17731094360897,1
1915,9.675523349436379,8.428019323671485,54.53942489624478,1
1916,9.371014492753611,8.88969404186794,59.15172195435116,1
1917,9.15491143317229,9.351368760064398,59.47824859619686,1
1918,9.037037037037026,9.832689210950067,63.35801315308163,1
1919,9.007568438003208,10.294363929146524,73.87438964844205,1
1920,9.076328502415446,10.736392914653768,86.04670715332486,1
1921,9.253140096618342,11.16859903381641,99.52643585205533,1
1922,9.51835748792269,11.58115942028984,116.67838287354061,1
1923,9.891626409017698,11.92495974235103,129.34683227539517,1
1924,10.323832528180338,12.229468599033797,142.8001098632858,1
1925,10.814975845410611,12.46521739130433,156.94067382812955,1
1926,11.3355877616747,12.602737520128807,165.5885620117242,1
1927,11.846376811594187,12.642028985507228,177.85356140137264,1
1928,12.317874396135247,12.583091787439594,9.073619842533844,1
1929,12.769726247987098,12.406280193236697,29.18821334839413,1
1930,13.192109500805135,12.121417069243138,35.62185668945858,1
1931,13.575201288244745,11.767793880837342,38.36774063110897,1
1932,13.938647342995148,11.3355877616747,40.2204322814996,1
1933,14.272624798711735,10.86409017713364,50.4399147033746,1
1934,14.586956521739108,10.372946859903365,53.97192764282772,1
1935,14.852173913043455,9.86215780998388,58.33967590332577,1
1936,15.097745571658592,9.32190016103058,62.999374389653894,1
1937,15.323671497584519,8.732528180354254,67.10881805420468,1
1938,15.529951690821232,8.094041867954898,66.89194488525845,1
1939,15.70676328502413,7.435909822866333,73.19577026367733,1
1940,15.873752012882424,6.767954911433162,76.96308898926236,1
1941,16.03091787439611,6.099999999999992,78.73391723633358,1
1942,16.148792270531377,5.481159420289847,77.95858001709439,1
1943,16.256843800322038,4.911433172302731,75.31867980957577,1
1944,16.364895330112695,4.361352657004824,79.54306793213436,1
1945,16.472946859903356,3.791626409017707,75.86354064941952,1
1946,16.561352657004807,3.2513687600644077,72.02738952637264,1
1947,16.63993558776165,2.848631239935583,76.49008178711392,1
1948,16.70869565217389,2.5146537842189978,80.06934356689999,1
1949,16.787278582930732,2.269082125603861,79.99626159668514,1
1950,16.87568438003218,2.190499194847017,80.97566223144986,1
1951,17.023027375201263,2.14138486312399,71.4852905273492,1
1952,17.21948470209337,2.0136876006441193,53.02091217041561,1
1953,17.415942028985476,1.9056360708534594,43.33210754395077,1
1954,17.661513687600618,1.8172302737520099,43.53934860230038,1
1955,17.946376811594178,1.7386473429951663,32.25307464600155,1
1956,18.24106280193234,1.7386473429951663,15.310029983525965,1
1957,18.584863123993536,1.7877616747181935,2.9365665912682744,1
1958,19.017069243156175,1.8466988727858265,0.06746316701719479,1
1959,19.488566827697234,1.895813204508854,172.4026031494186,1
1960,20.00917874396132,1.9154589371980648,176.79911804199673,1
1961,20.578904991948438,1.9154589371980648,173.99069213867642,1
1962,21.18792270531398,1.905636070853459,176.44778442383358,1
1963,21.826409017713335,1.8859903381642487,179.30056762695767,1
1964,22.474718196457292,1.8565217391304318,173.14704895020077,1
1965,23.113204508856647,1.8172302737520103,171.81213378906796,1
1966,23.751690821256002,1.7681159420289827,174.93359375000546,1
1967,24.370531400966147,1.7091787439613502,174.83520507813046,1
1968,24.96972624798708,1.640418679549112,178.57385253906796,1
1969,25.549275362318802,1.552012882447663,2.4760665893609257,1
1970,26.12882447665052,1.4341384863123974,8.669250488286707,1
1971,26.68872785829304,1.2966183574879209,13.373477935795563,1
1972,27.111111111111075,1.1492753623188388,11.48700141907284,1
1973,27.415619967793837,1.0117552334943625,7.329750537877771,1
1974,27.63172302737516,0.9135265700483078,17.159767150884363,1
1975,27.788888888888845,0.8545893719806749,9.24493312836239,1
1976,27.838003220611874,0.8251207729468586,179.02542114258358,1
1977,27.94605475040253,0.8447665056360696,173.47396850586392,1
1978,28.093397745571615,0.9037037037037023,164.3771362304742,1
1979,28.240740740740698,0.9921095008051516,161.4840698242233,1
1980,28.35861513687596,1.1394524959742334,143.38244628906796,1
1981,28.525603864734258,1.365378421900159,132.34512329102108,1
1982,28.682769726247944,1.6502415458937172,124.33925628662564,1
1983,28.83993558776163,1.9743961352656973,112.84679412842343,1
1984,28.997101449275323,2.3378421900161,108.68139648438046,1
1985,29.1444444444444,2.730756843800318,111.18820190430142,1
1986,29.252495974235064,3.123671497584536,102.5221557617242,1
1987,29.331078904991905,3.5067632850241495,99.88298034668423,1
1988,29.390016103059544,3.899677938808368,105.22299194336392,1
1989,29.44895330112717,4.312238325281797,95.20905303955533,1
1990,29.4980676328502,4.724798711755225,96.85815429688046,1
1991,29.547181964573223,5.157004830917867,98.56145477295468,1
1992,29.596296296296252,5.569565217391296,96.94664764404843,1
1993,29.645410628019278,5.982125603864725,97.15846252441952,1
1994,29.694524959742306,6.38486312399355,91.6002807617233,1
1995,29.743639291465332,6.777777777777769,90.4263076782272,1
1996,29.753462157809942,7.1314009661835644,92.30687713623593,1
1997,29.773107890499148,7.504669887278571,92.45860290527798,1
1998,29.782930756843758,7.858293075684368,98.60798645019986,1
1999,29.773107890499155,8.182447665056348,97.58106994629361,1
2000,29.753462157809942,8.496779388083723,96.87195587158749,1
2001,29.763285024154545,8.811111111111098,96.62786102295468,1
2002,29.753462157809942,9.115619967793867,92.40388488770077,1
2003,29.723993558776122,9.429951690821241,95.09812927246548,1
2004,29.714170692431516,9.783574879227038,88.65326690674374,1
2005,29.73381642512073,10.14702093397744,86.46685028076718,1
2006,29.73381642512073,10.500644122383237,87.94377136231014,1
2007,29.694524959742306,10.864090177133638,89.87068176270077,1
2008,29.645410628019278,11.247181964573253,95.51490020752408,1
2009,29.566827697262436,11.620450885668259,87.6744995117242,1
2010,29.44895330112717,12.013365539452478,83.76052856445767,1
2011,29.350724637681118,12.475040257648935,87.8278198242242,1
2012,29.311433172302696,12.976006441223813,87.84391021729061,1
2013,29.301610305958086,13.545732689210928,88.19811248779843,1
2014,29.301610305958093,14.164573268921071,89.96410369873593,1
2015,29.311433172302692,14.842351046698848,83.79760742188046,1
2016,29.331078904991905,15.549597423510443,88.20653533936093,1
2017,29.350724637681118,16.276489533011247,83.79438781738736,1
2018,29.40966183574875,16.96409017713363,92.01684570312955,1
2019,29.468599033816382,17.612399355877592,96.0648803710992,1
2020,29.53735909822862,18.201771336553918,109.15170288086392,1
2021,29.62576489533007,18.72238325281801,101.91051483154843,1
2022,29.714170692431516,19.184057971014465,101.72646331787655,1
2023,29.782930756843758,19.586795491143288,104.34905242920468,1
2024,29.871336553945202,19.9698872785829,104.2571182251022,1
2025,29.969565217391256,20.323510466988697,105.3587493896539,1
2026,30.03832528180349,20.657487922705283,100.80677032471158,1
2027,30.11690821256034,21.001288244766474,104.6270599365289,1
2028,30.185668276972574,21.345088566827663,100.80751800537564,1
2029,30.24460547504021,21.679066022544255,101.15315246582577,1
2030,30.29371980676324,22.013043478260837,100.04634094238827,1
2031,30.342834138486268,22.347020933977422,102.01125335693814,1
2032,30.382125603864687,22.671175523349405,99.21997833252499,1
2033,30.421417069243113,22.995330112721383,97.9545288085983,1
2034,30.460708534621535,23.309661835748756,100.74417114258358,1
2035,30.499999999999954,23.60434782608692,97.6624145507858,1
2036,30.539291465378376,23.90885668276969,97.05178833008358,1
2037,30.568760064412192,24.203542673107854,96.20442962646939,1
2038,30.60805152979061,24.508051529790624,101.2376098632867,1
2039,30.627697262479824,24.802737520128787,95.18158721924283,1
2040,30.647342995169037,25.117069243156163,102.47541809082486,1
2041,30.666988727858246,25.44122383252814,94.89568328857968,1
2042,30.68663446054746,25.765378421900124,92.65956878662655,1
2043,30.696457326892062,26.079710144927496,95.99247741699764,1
2044,30.716103059581275,26.38421900161027,98.7550430297897,1
2045,30.73574879227049,26.678904991948436,95.98110961914608,1
2046,30.74557165861509,26.94412238325278,91.9385833740289,1
2047,30.765217391304304,27.20933977455713,98.64446258545377,1
2048,30.804508856682723,27.494202898550686,95.46723937988827,1
2049,30.794685990338117,27.75942028985503,93.33901214600064,1
2050,30.765217391304304,28.004991948470167,99.26989746094296,1
2051,30.755394524959694,28.260386473429907,89.29657745361783,1
2052,30.765217391304304,28.466666666666622,84.98788452148983,1
2053,30.755394524959694,28.604186795491103,92.31604766846249,1
2054,30.78486312399351,28.72206119162637,100.29994201660611,1
2055,30.824154589371933,28.80064412238321,98.57909393311002,1
2056,30.833977455716543,28.810466988727818,101.40082550049374,1
2057,30.81433172302733,28.810466988727814,101.97694396973202,1
2058,30.804508856682723,28.810466988727814,103.45036315918514,1
2059,30.79468599033812,28.810466988727818,104.6797485351617,1
2060,30.765217391304297,28.780998389694,106.43464660645077,1
2061,30.78486312399351,28.80064412238321,100.86351776123593,1
2062,30.794685990338117,28.80064412238321,97.97373199463345,1
2063,30.765217391304304,28.780998389694,103.54161834717343,1
2064,30.775040257648907,28.790821256038605,101.25708770752408,1
2065,30.81433172302733,28.820289855072424,96.00193023682186,1
2066,30.804508856682723,28.810466988727814,99.79760742187955,1
2067,30.804508856682723,28.80064412238321,101.43456268311093,1
2068,30.824154589371936,28.820289855072424,101.60197448731014,1
2069,30.81433172302733,28.810466988727818,103.4853363037164,1
2070,30.79468599033812,28.810466988727814,104.95954132080624,1
2071,30.78486312399351,28.810466988727814,102.99916076660611,1
2072,30.775040257648907,28.83993558776163,100.97138977051236,1
2073,30.755394524959694,28.84975845410624,105.38492584229061,1
2074,30.72592592592588,28.859581320450843,106.71097564697811,1
2075,30.696457326892062,28.869404186795446,103.3870239257858,1
2076,30.647342995169037,28.869404186795446,105.82877349854061,1
2077,30.578582930756802,28.849758454106233,110.1245727539117,1
2078,30.519645732689167,28.80064412238321,104.83451843262173,1
2079,30.509822866344564,28.780998389694,99.37931823731014,1
2080,30.49017713365535,28.76135265700479,101.04900360107968,1
2081,30.49017713365535,28.741706924315576,108.64154815674374,1
2082,30.519645732689163,28.731884057970973,105.10527801514127,1
2083,30.598228663446008,28.780998389694002,99.8060913085992,1
2084,30.627697262479824,28.80064412238321,103.7890014648492,1
2085,30.666988727858246,28.830112721417027,105.80670928955624,1
2086,30.696457326892066,28.84975845410624,106.45864105225155,1
2087,30.72592592592588,28.88904991948466,104.09257507324764,1
2088,30.676811594202853,28.869404186795446,106.16046905518033,1
2089,30.65716586151364,28.87922705314005,103.82181549072811,1
2090,30.627697262479824,28.869404186795446,103.47984313965298,1
2091,30.61787439613522,28.88904991948466,105.62400054932095,1
2092,30.588405797101405,28.87922705314005,107.05464172363736,1
2093,30.578582930756795,28.908695652173872,107.44238281250455,1
2094,30.549114331722983,28.90869565217387,108.36015319824764,1
2095,30.52946859903377,28.918518518518475,112.53105926514218,1
2096,30.509822866344564,28.918518518518475,112.89128112793514,1
2097,30.499999999999957,28.92834138486308,109.58436584473202,1
2098,30.499999999999957,28.918518518518475,111.21951293945767,1
2099,30.499999999999957,28.90869565217387,112.54988861084439,1
2100,30.509822866344564,28.88904991948466,108.30548858643124,1
2101,30.519645732689167,28.859581320450843,109.13537597656796,1
2102,30.52946859903377,28.830112721417027,108.29236602783749,1
2103,30.53929146537838,28.810466988727814,104.64470672607968,1
2104,30.549114331722983,28.790821256038605,105.94469451904752,1
2105,30.549114331722983,28.780998389694,106.34960174561093,1
2106,30.53929146537838,28.7908212560386,106.21720123291561,1
2107,30.509822866344557,28.80064412238321,105.57582092285702,1
2108,30.441062801932322,28.76135265700479,107.2764511108453,1
2109,30.362479871175474,28.731884057970973,109.87778472900845,1
2110,30.27407407407403,28.741706924315576,105.37915802002499,1
2111,30.146376811594155,28.692592592592554,103.91247558594205,1
2112,30.0481481481481,28.682769726247944,106.72673797607968,1
2113,29.959742351046657,28.702415458937157,102.28919219971249,1
2114,29.871336553945206,28.71223832528176,114.1469116210992,1
2115,29.782930756843758,28.682769726247944,107.7078018188522,1
2116,29.743639291465332,28.71223832528176,112.0003509521539,1
2117,29.694524959742306,28.702415458937157,112.68442535400936,1
2118,29.6748792270531,28.72206119162637,115.91822052002499,1
2119,29.66505636070849,28.71223832528176,112.08493804932186,1
2120,29.655233494363888,28.67294685990334,115.13881683350155,1
2121,29.635587761674675,28.614009661835706,111.70348358154843,1
2122,29.62576489533007,28.555072463768074,105.32590484619595,1
2123,29.62576489533007,28.476489533011225,102.00277709961483,1
2124,29.61594202898546,28.427375201288203,101.66108703613827,1
2125,29.60611916264086,28.368438003220568,94.1991806030328,1
2126,29.635587761674675,28.338969404186752,100.8041381835992,1
2127,29.645410628019278,28.299677938808333,96.71831512451627,1
2128,29.62576489533007,28.289855072463723,91.61491394043423,1
2129,29.60611916264086,28.289855072463723,86.23278045654843,1
2130,29.58647342995165,28.338969404186752,101.82186889648983,1
2131,29.537359098228627,28.378260869565175,104.26207733154752,1
2132,29.4980676328502,28.437198067632806,108.19626617432186,1
2133,29.47842190016099,28.486312399355835,107.47572326660611,1
2134,29.468599033816385,28.525603864734258,107.48666381836392,1
2135,29.468599033816385,28.54524959742347,108.43886566162655,1
2136,29.45877616747178,28.525603864734258,108.04195404053189,1
2137,29.448953301127176,28.476489533011232,106.98412322998502,1
2138,29.439130434782566,28.427375201288203,104.0801162719772,1
2139,29.429307568437963,28.378260869565175,100.49976348877408,1
2140,29.429307568437963,28.329146537842142,102.20143890381405,1
2141,29.429307568437963,28.309500805152936,101.06157684326627,1
2142,29.429307568437963,28.309500805152936,101.58973693848111,1
2143,29.41948470209336,28.289855072463723,101.22535705566861,1
2144,29.41948470209336,28.299677938808333,101.41577148438046,1
2145,29.429307568437956,28.338969404186752,101.30326080322811,1
2146,29.419484702093353,28.28985507246373,99.52636718750546,1
2147,29.439130434782566,28.319323671497546,102.1560668945358,1
2148,29.458776167471775,28.348792270531355,97.71571350098111,1
2149,29.439130434782566,28.309500805152936,97.19855499268033,1
2150,29.40966183574875,28.28985507246373,97.13388061523983,1
2151,29.40966183574875,28.32914653784215,101.39556121826718,1
2152,29.399838969404147,28.289855072463723,99.80585479736874,1
2153,29.40966183574875,28.250563607085304,95.96385955811093,1
2154,29.458776167471775,28.32914653784215,83.59789276123593,1
2155,29.468599033816382,28.289855072463723,82.61450195313046,1
2156,29.47842190016099,28.28003220611912,97.15164947510311,1
2157,29.458776167471775,28.31932367149754,92.40793609619686,1
2158,29.419484702093353,28.38808373590978,90.99283599854061,1
2159,29.36054750402572,28.378260869565178,105.23350524902798,1
2160,29.33107890499191,28.466666666666622,105.93352508545377,1
2161,29.301610305958093,28.54524959742347,106.08905792236874,1
2162,29.28196457326888,28.574718196457287,106.6719360351608,1
2163,29.272141706924277,28.58454106280189,107.70652770996548,1
2164,29.272141706924277,28.555072463768074,106.8543319702203,1
2165,29.272141706924277,28.505958132045045,105.36108398438046,1
2166,29.272141706924277,28.45684380032202,100.95879364014127,1
2167,29.272141706924277,28.40772946859899,102.64653778076627,1
2168,29.272141706924277,28.35861513687596,101.03369903564908,1
2169,29.272141706924277,28.338969404186752,101.5293807983453,1
2170,29.262318840579674,28.31932367149754,96.57775878906796,1
2171,29.252495974235064,28.309500805152936,98.44750213623502,1
2172,29.24267310789046,28.299677938808333,99.17621612549283,1
2173,29.223027375201248,28.319323671497546,99.18685150146939,1
2174,29.21320450885664,28.348792270531362,100.28141021729061,1
2175,29.21320450885664,28.368438003220568,110.7920989990289,1
2176,29.223027375201248,28.417552334943593,112.02355194092343,1
2177,29.231213097155084,28.467212381463547,109.80493927002408,1
2178,29.247584541062757,28.487949543746602,103.21605682373593,1
2179,29.252495974235064,28.509232420826578,103.95684432983944,0
2180,29.255770263016604,28.540883879048085,104.69763183594205,0
2181,29.247584541062757,28.5436124530327,105.43841934204647,0
2182,29.239398819108924,28.546341027017313,106.17920684814999,0
2183,29.231213097155084,28.549069601001925,106.9199943542535,0
2184,29.22302737520125,28.551798174986537,107.66078186035702,0
2185,29.21484165324741,28.55452674897115,108.40156936646054,0
2186,29.206655931293575,28.55725532295576,109.14235687256405,0
2187,29.198470209339735,28.559983896940377,109.88314437866757,0
2188,29.190284487385895,28.562712470924986,110.62393188477108,0
2189,29.182098765432055,28.5654410449096,111.36471939087369,0
2190,29.173913043478215,28.56816961889421,112.10550689697811,0
2191,29.165727321524383,28.570898192878825,112.84629440308163,0
2192,29.157541599570543,28.57362676686344,113.58708190918514,0
2193,29.149355877616706,28.57635534084805,114.32786941528866,0
2194,29.141170155662866,28.579083914832665,115.06865692139218,0
2195,29.1444444444444,28.600912506709562,115.80944442749569,0
2196,29.148628257887474,28.62037633446647,116.5502319335992,1
2197,29.153721595992085,28.63747539810338,117.19568634033658,1
2198,29.159724458758234,28.652209697620282,116.83498297797814,0
2199,29.166636846185916,28.66457923301719,116.4742796156188,0
2200,29.162998747539767,28.655483986401816,116.11357625326036,0
2201,29.159360648893617,28.646388739786442,115.75287289090102,0
2202,29.155722550247468,28.637293493171068,115.39216952854167,0
2203,29.15208445160132,28.62819824655569,115.03146616618324,0
2204,29.148446352955165,28.619102999940317,114.67076280382389,0
2205,29.144808254309016,28.610007753324943,114.31005944146546,0
2206,29.141170155662866,28.600912506709562,113.94935607910611,0
2207,29.137532057016717,28.59181726009419,113.58865271674767,0
2208,29.133893958370567,28.582722013478815,113.22794935438833,0
2209,29.13025585972441,28.573626766863434,112.8672459920299,0
2210,29.12661776107826,28.56453152024806,112.50654262967055,0
2211,29.122979662432112,28.555436273632687,112.1458392673112,0
2212,29.119341563785962,28.54634102701731,111.78513590495277,0
2213,29.115703465139813,28.537245780401935,111.42443254259342,0
2214,29.112065366493663,28.52815053378656,111.06372918023499,0
2215,29.108427267847514,28.51905528717118,110.70302581787564,0
2216,29.104789169201364,28.509960040555807,110.3423224555172,0
2217,29.101151070555215,28.500864793940433,109.98161909315786,0
2218,29.097512971909065,28.49176954732506,109.62091573079942,0
2219,29.093874873262912,28.482674300709682,109.26021236844008,0
2220,29.090236774616763,28.47357905409431,108.89950900608073,0
2221,29.086598675970613,28.464483807478935,108.5388056437223,0
2222,29.082960577324464,28.45538856086356,108.17810228136295,0
2223,29.129164430130572,28.546341027017313,107.81739891900452,0
2224,29.126981570942878,28.531061012703482,107.45669555664517,1
2225,29.125526331484416,28.458662849645094,110.67613983154843,1
2226,29.134621578099797,28.348792270531355,105.27499389648983,1
2227,29.14395330112717,28.245652173912998,87.50255584717252,1
2228,29.103679549114286,28.049194847020892,74.85795593262264,1
2229,29.1120289855072,27.96570048309174,76.00411682129379,0
2230,29.119887278582887,27.946054750402528,77.15027770996676,0
2231,29.11743156199673,27.970611916264044,78.2964385986379,0
2232,29.114975845410584,27.995169082125557,79.44259948730996,0
2233,29.112520128824436,28.01972624798707,80.58876037598202,0
2234,29.11006441223828,28.044283413848586,81.73492126465317,0
2235,29.10760869565213,28.068840579710105,82.88108215332522,0
2236,29.10515297906598,28.09339774557161,84.02724304199728,0
2237,29.102697262479825,28.117954911433127,85.17340393066934,0
2238,29.100241545893674,28.14251207729464,86.3195648193414,0
2239,29.09778582930752,28.167069243156156,87.46572570801345,0
2240,29.09533011272137,28.19162640901767,88.6118865966846,0
2241,29.092874396135223,28.21618357487918,89.75804748535666,0
2242,29.09041867954907,28.240740740740694,90.90420837402871,0
2243,29.087962962962923,28.26529790660221,92.05036926269986,0
2244,29.085507246376768,28.28985507246373,93.19653015137283,0
2245,29.083051529790616,28.31441223832524,94.34269104004397,0
2246,29.08059581320446,28.338969404186752,95.48885192871603,0
2247,29.078631239935543,28.397906602254388,96.63501281738809,0
2248,29.05751207729464,28.451932367149716,97.78117370605923,1
2249,29.056529790660182,28.559983896940377,110.4656372070367,1
2250,29.05603864734295,28.682769726247944,115.17101287842343,1
2251,29.05603864734295,28.790821256038605,120.34276580811002,1
2252,29.05603864734295,28.859581320450843,119.0838470459039,1
2253,29.07568438003216,28.918518518518475,120.02951812744686,1
2254,29.07568438003216,28.92834138486308,121.93971252441861,1
2255,29.085507246376768,28.92834138486308,119.70468902588436,1
2256,29.095330112721378,28.938164251207684,121.49176788330624,1
2257,29.10515297906598,28.938164251207684,119.08448028564908,1
2258,29.124798711755194,28.947987117552294,120.93010711670468,1
2259,29.134621578099797,28.918518518518475,118.6930541992233,1
2260,29.134621578099797,28.869404186795446,118.11642456055142,1
2261,29.236124530327384,28.758078368223256,114.99374389648983,1
2262,29.439130434782566,28.5943639291465,112.58771514893124,1
2263,29.733816425120732,28.368438003220568,116.44146219889808,0
2264,30.05797101449271,28.171980676328463,120.29520924886583,0
2265,30.372302737520084,27.97552334943635,124.14895629883358,1
2266,30.58513150831987,27.831454643048808,121.01231384277798,1
2267,30.706280193236672,27.76924315619964,120.16113281250455,1
2268,30.716103059581275,27.75942028985503,119.45104217529752,1
2269,30.696457326892062,27.739774557165823,118.63803100586483,1
2270,30.66698872785825,27.729951690821213,122.3869018554742,1
2271,30.60314009661831,27.69066022544279,124.4886093139703,1
2272,30.49508856682765,27.59243156199674,129.96296691894986,1
2273,30.445974235104625,27.553140096618318,149.81433105469296,0
2274,30.41650563607081,27.533494363929105,169.66569519043514,1
2275,30.406682769726206,27.50402576489529,136.12471008301327,1
2276,30.41159420289851,27.50402576489529,136.10011291504452,1
2277,30.427965646806182,27.559688674181388,131.20272827148983,1
2278,30.372302737520084,27.582608695652134,135.8499603271539,1
2279,30.283896940418636,27.612077294685946,133.13533337911485,0
2280,30.17257112184644,27.667740203972052,130.4207064310758,0
2281,30.05797101449271,27.749597423510426,127.70607948303768,0
2282,29.943370907138977,27.8314546430488,124.99145253499864,0
2283,29.828770799785246,27.913311862587182,122.27682558696051,0
2284,29.714170692431516,27.995169082125564,119.56219863892056,0
2285,29.59957058507779,28.077026301663942,116.84757169088243,0
2286,29.484970477724055,28.15888352120232,114.13294474284339,0
2287,29.370370370370324,28.240740740740698,111.41831779480435,0
2288,29.255770263016597,28.32259796027908,108.70369084676622,0
2289,29.173913043478215,28.388083735909778,105.98906389872718,0
2290,29.114975845410584,28.447020933977416,103.27443695068905,1
2291,29.075029522275855,28.473870101986,106.06051635742642,1
2292,29.05407407407403,28.46863123993554,107.57959747314999,1
2293,29.05210950080511,28.431304347826046,104.43850250244668,0
2294,29.03639291465374,28.378260869565175,101.29740753174337,0
2295,29.01674718196453,28.299677938808333,98.15631256104007,0
2296,29.020676328502372,28.325217391304307,95.01521759033676,0
2297,29.028534621578057,28.376296296296253,91.87412261963345,1
2298,29.04032206119158,28.42344605475036,104.26235961914608,1
2299,29.05603864734295,28.49613526570044,105.60208129883358,1
2300,29.07492877492873,28.582274247491597,104.2358245849664,1
2301,29.073417564721865,28.57774061687101,107.4679565429742,1
2302,29.071150749411572,28.561117304595523,107.00143902118907,0
2303,29.06812832899785,28.561872909698952,106.53492149940485,0
2304,29.064350303480694,28.55053883314748,106.06840397761971,0
2305,29.06057227796354,28.539204756596018,105.60188645583457,0
2306,29.056794252446384,28.52787068004455,105.13536893404944,0
2307,29.053016226929223,28.51653660349308,104.66885141226521,0
2308,29.049238201412074,28.505202526941616,104.20233389048008,0
2309,29.045460175894913,28.493868450390146,103.73581636869494,0
2310,29.041682150377756,28.48253437383868,103.26929884691071,0
2311,29.037904124860603,28.471200297287208,102.80278132512558,0
2312,29.03412609934345,28.45986622073574,102.33626380334044,0
2313,29.040926545274328,28.49991329121759,101.86974628155622,0
2314,29.038659729964035,28.52258144432053,101.40322875977108,1
2315,29.037148519757174,28.547516412733764,107.68845367432095,1
2316,29.036392914653742,28.574718196457287,108.33925628662655,1
2317,29.03639291465374,28.604186795491103,108.33925628662655,0
2318,29.026570048309136,28.58454106280189,108.33925628662655,0
2319,29.026570048309136,28.58454106280189,108.33925628662655,0
2320,29.026570048309136,28.58454106280189,108.33925628662655,0
2321,29.026570048309136,28.58454106280189,108.33925628662655,0
2322,29.026570048309136,28.58454106280189,108.33925628662655,0
2323,29.026570048309136,28.58454106280189,108.33925628662655,0
2324,29.026570048309136,28.58454106280189,108.33925628662655,0
2325,29.026570048309136,28.58454106280189,108.33925628662655,0
