frame,x_cm,y_cm,theta,detected
307,2.221288515406157,2.563025210084028,110.02197265624999,1
308,2.285364145658258,2.6698179271708624,105.07129669189452,1
309,2.306722689075625,2.662698412698407,106.2427376660688,1
310,2.3387605042016752,2.659138655462179,108.18381251659704,1
311,2.357983193277305,2.6570028011204423,109.35269193226176,0
312,2.4007002801120394,2.674089635854336,110.15358075103586,0
313,2.4177871148459333,2.6484593837534955,112.89335936010325,0
314,2.4348739495798264,2.6484593837534955,113.9746627807617,0
315,2.4348739495798264,2.6484593837534955,113.9746627807617,0
316,2.4348739495798264,2.6484593837534955,113.9746627807617,0
317,2.4348739495798264,2.6484593837534955,113.9746627807617,0
318,2.4348739495798264,2.6484593837534955,113.9746627807617,0
319,2.4348739495798264,2.6484593837534955,113.9746627807617,0
320,2.4348739495798264,2.6484593837534955,113.9746627807617,0
321,2.4348739495798264,2.6484593837534955,113.9746627807617,0
322,2.4348739495798264,2.6484593837534955,113.9746627807617,0
323,2.4348739495798264,2.6484593837534955,113.9746627807617,0
324,2.511764705882347,2.537394957983188,119.93288284119055,1
325,2.580112044817921,2.409243697478986,124.62898659170364,1
326,2.648459383753495,2.2554621848739447,128.44471676509588,1
327,2.7168067226890695,2.0675070028011158,134.03098229276176,1
328,2.7766106442576968,1.8453781512605,140.2391068119701,1
329,2.7851540616246435,1.7428571428571389,137.33996797268264,1
330,2.836414565826324,1.6659663865546182,137.1363029040425,1
331,2.9303921568627387,1.631792717086831,136.8460477051055,1
332,3.0670868347338867,1.6488795518207247,128.50143171888004,1
333,3.212324929971982,1.7001400560224051,115.03407025761219,0
334,3.331932773109236,1.7428571428571389,102.70835904346751,0
335,3.417366946778704,1.7770308123249259,92.35398188339956,0
336,3.460084033613437,1.7941176470588194,85.36207580566406,0
337,3.460084033613437,1.7941176470588194,85.36207580566406,0
338,3.460084033613437,1.7941176470588194,85.36207580566406,0
339,3.460084033613437,1.7941176470588194,85.36207580566406,0
340,3.460084033613437,1.7941176470588194,85.36207580566406,0
341,3.460084033613437,1.7941176470588194,85.36207580566406,0
342,3.460084033613437,1.7941176470588194,85.36207580566406,0
343,3.460084033613437,1.7941176470588194,85.36207580566406,0
344,3.460084033613437,1.7941176470588194,85.36207580566406,0
345,3.460084033613437,1.7941176470588194,85.36207580566406,0
346,3.460084033613437,1.7941176470588194,85.36207580566406,0
347,3.460084033613437,1.7941176470588194,85.36207580566406,0
348,3.460084033613437,1.7941176470588194,85.36207580566406,0
349,3.460084033613437,1.7941176470588194,85.36207580566406,0
350,3.460084033613437,1.7941176470588194,85.36207580566406,0
351,3.460084033613437,1.7941176470588194,85.36207580566406,0
352,3.460084033613437,1.7941176470588194,85.36207580566406,0
353,3.460084033613437,1.7941176470588194,85.36207580566406,0
354,3.460084033613437,1.7941176470588194,85.36207580566406,0
355,3.460084033613437,1.7941176470588194,85.36207580566406,0
356,3.460084033613437,1.7941176470588194,85.36207580566406,0
357,3.460084033613437,1.7941176470588194,85.36207580566406,0
358,3.460084033613437,1.7941176470588194,85.36207580566406,0
359,3.460084033613437,1.7941176470588194,85.36207580566406,0
360,3.460084033613437,1.7941176470588194,85.36207580566406,0
361,3.460084033613437,1.7941176470588194,85.36207580566406,0
362,3.460084033613437,1.7941176470588194,85.36207580566406,0
363,3.460084033613437,1.7941176470588194,85.36207580566406,0
364,3.0243697478991525,1.7855742296918726,90.28732716774503,1
365,2.5886554621848683,1.7770308123249259,105.1559659593257,0
366,2.1529411764705833,1.7684873949579791,138.9026735670415,0
367,1.7172268907562986,1.7599439775910324,153.77131235862214,0
368,1.281512605042014,1.7514005602240856,158.69656372070312,0
369,1.281512605042014,1.7514005602240856,158.69656372070312,0
370,1.281512605042014,1.7514005602240856,158.69656372070312,0
371,1.281512605042014,1.7514005602240856,158.69656372070312,0
372,1.281512605042014,1.7514005602240856,158.69656372070312,0
373,1.5463585434173635,1.9393557422969145,159.20214408250038,1
374,1.811204481792713,2.127310924369743,159.7081978366296,0
375,2.0760504201680625,2.3152661064425715,160.2144095852454,0
376,2.4605042016806666,2.246918767506998,160.3020743765889,1
377,2.802240896358537,2.1358543417366898,159.59197947442036,1
378,2.8962184873949512,1.8539215686274466,154.99112705873083,1
379,3.05854341736694,1.6232492997198844,151.1370088007943,1
380,3.1696078431372476,1.3925770308123218,147.68944665358896,1
381,3.161064425770301,1.418207282913162,144.74927994358882,0
382,3.195238095238088,1.4865546218487362,142.646384976433,0
383,3.212324929971982,1.5378151260504167,144.08399459643812,0
384,3.161064425770301,1.5378151260504167,144.45046997070312,0
385,3.186694677871141,1.8026610644257661,140.69467763953298,1
386,3.1354341736694606,1.8453781512605,139.64542194632537,1
387,3.101260504201673,1.905182072829127,136.99409830739032,1
388,3.05854341736694,1.9649859943977546,136.20675601916975,1
389,3.015826330532206,2.0247899159663816,135.43000620092542,0
390,2.9474789915966317,1.8197478991596596,140.59501467654707,0
391,2.956022408963579,1.8368347338935531,140.74281077490173,0
392,2.947478991596632,1.8368347338935531,141.89974975585938,0
393,2.947478991596632,1.8368347338935531,141.89974975585938,0
394,2.947478991596632,1.8368347338935531,141.89974975585938,0
395,2.947478991596632,1.8368347338935531,141.89974975585938,0
396,2.947478991596632,1.8368347338935531,141.89974975585938,0
397,2.947478991596632,1.8368347338935531,141.89974975585938,0
398,2.947478991596632,1.8368347338935531,141.89974975585938,0
399,2.947478991596632,1.8368347338935531,141.89974975585938,0
400,2.947478991596632,1.8368347338935531,141.89974975585938,0
401,2.947478991596632,1.8368347338935531,141.89974975585938,0
402,2.9816526610644187,1.734313725490192,143.38588034283922,1
403,2.990196078431366,1.631792717086831,139.82417266706815,1
404,3.0414565826330464,1.5036414565826297,141.1709161014866,1
405,3.118347338935567,1.392577030812322,143.45683768964324,1
406,3.2037815126050346,1.281512605042014,139.70283854555356,1
407,3.246498599439769,1.2729691876750673,118.65430767762169,1
408,3.280672268907556,1.2985994397759075,97.96287718305923,1
409,2.7936974789915903,1.7428571428571389,70.48079989892052,1
410,2.2981792717086784,2.2640056022408914,64.61407232686261,1
411,1.8624649859943936,2.8620448179271647,66.57428548754162,1
412,1.5036414565826297,3.4942577030812245,62.46663654073337,1
413,1.23879551820728,4.177731092436966,63.17072882046655,1
414,1.5036414565826297,4.53655462184873,76.06441033012246,1
415,1.8026610644257661,4.827030812324919,90.555821743323,1
416,2.1187675070027963,5.0833333333333215,106.09669798413307,1
417,2.469047619047614,5.356722689075618,123.81932177350521,1
418,2.8620448179271643,5.570308123249288,141.74958603438765,1
419,3.3233893557422896,5.7240896358543285,160.44346696628045,1
420,3.8530812324929884,5.835154061624637,177.42115777637727,1
421,4.416946778711474,5.860784313725477,12.603965306680774,1
422,4.972268907563014,5.77535014005601,25.929101428575013,1
423,5.501960784313713,5.578851540616234,38.00688460297477,1
424,5.9633053221288375,5.27128851540615,50.59044876951126,1
425,6.322128851540603,4.886834733893546,62.916887293601164,1
426,6.569887955182058,4.434033613445369,74.79460402885114,1
427,6.706582633053206,3.9214285714285624,85.4206164456223,1
428,6.757843137254886,3.434453781512597,95.3078028981684,1
429,6.706582633053206,3.015826330532206,105.99120295406094,1
430,6.569887955182058,2.708263305322123,118.3822733397907,1
431,6.347759103641442,2.520308123249294,131.448186715333,1
432,6.082913165266093,2.4690476190476134,147.0895606482135,1
433,5.741176470588223,2.4946778711484536,162.38478622079842,1
434,5.322549019607831,2.6142857142857086,178.122875634972,1
435,4.869747899159654,2.7936974789915903,13.99474971954864,1
436,4.434033613445368,3.0414565826330464,29.678068265837126,1
437,4.00686274509803,3.3917366946778635,42.63332994424316,1
438,3.6309523809523725,3.844537815126041,54.00522400147299,1
439,3.3746498599439696,4.331512605042007,62.99420105673663,1
440,3.2294117647058753,4.8441176470588125,71.03695474593644,1
441,3.161064425770301,5.373809523809512,77.49243616145601,1
442,3.178151260504195,5.87787114845937,83.6695726101485,1
443,3.280672268907556,6.347759103641443,90.83404685092746,1
444,3.4686274509803843,6.809103641456568,99.09090483719419,1
445,3.742016806722681,7.227731092436959,109.14576736636425,1
446,4.109383753501392,7.612184873949562,123.12222556740329,1
447,4.53655462184873,7.928291316526594,140.23061095508007,1
448,5.023529411764694,8.141876750700263,159.27210410877308,1
449,5.5361344537815,8.227310924369728,178.75036604219025,1
450,6.040196078431359,8.201680672268889,17.826698870160193,1
451,6.48445378151259,8.047899159663846,35.67878540176389,1
452,6.868907563025195,7.7830532212884975,51.61259075166995,1
453,7.159383753501385,7.449859943977574,65.18541401544091,1
454,7.330252100840321,7.06540616246497,76.44891982301172,1
455,7.398599439775895,6.638235294117632,84.71735289578142,1
456,7.372969187675054,6.1939775910364006,92.32891729971533,1
457,7.261904761904745,5.741176470588222,98.46696057150574,1
458,7.0739495798319165,5.288375350140044,105.25623190906815,1
459,6.834733893557408,4.8782913165265995,112.02018588599364,1
460,6.518627450980378,4.5109243697478885,121.47975891858623,1
461,6.176890756302507,4.220448179271699,133.30458399548695,1
462,5.818067226890743,3.998319327731083,146.66124934215352,1
463,5.407983193277299,3.8530812324929884,159.84787066250144,1
464,4.95518207282912,3.759103641456574,171.98533779199292,1
465,4.502380952380943,3.7505602240896274,4.048416845745206,1
466,4.041036414565817,3.8018207282913075,15.563497624699634,1
467,3.5711484593837453,3.9897759103641364,28.713278205968916,1
468,3.178151260504195,4.280252100840326,42.856134246098016,1
469,2.8791316526610577,4.690336134453771,56.203231678391674,1
470,2.682633053221282,5.14313725490195,67.59259162807247,1
471,2.5886554621848683,5.647198879551808,77.81621228592397,1
472,2.614285714285708,6.14271708683472,86.62173938832402,1
473,2.7424369747899093,6.638235294117632,96.37776868872301,1
474,2.9474789915966317,7.0739495798319165,109.02069672254048,1
475,3.280672268907556,7.509663865546202,124.28247028088315,1
476,3.7078431372548932,7.885574229691859,142.2968261461833,1
477,4.211904761904752,8.17605042016805,160.98441314894652,1
478,4.7757703081232386,8.355462184873932,178.3364453201189,1
479,5.356722689075618,8.43235294117645,14.502419579938207,1
480,5.877871148459371,8.381092436974772,30.01867977530824,1
481,6.313585434173655,8.210224089635835,44.0717782211648,1
482,6.638235294117632,7.979551820728274,57.18108117538975,1
483,6.826190476190462,7.620728291316508,70.15955910269868,1
484,6.903081232492982,7.219187675070012,82.97661171701321,1
485,6.843277310924354,6.792016806722674,95.6038059848237,1
486,6.689495798319312,6.407563025210069,110.17343931653447,1
487,6.441736694677857,6.023109243697465,126.31987048111158,1
488,6.099999999999986,5.775350140056009,144.1434991291781,1
489,5.6899159663865415,5.638655462184862,162.96528724804665,1
490,5.262745098039204,5.630112044817915,0.4359650295877893,1
491,4.8099439775910255,5.724089635854329,15.587435440390712,1
492,4.391316526610635,5.937675070027998,28.36221234462567,1
493,4.041036414565817,6.236694677871134,39.81958102312932,1
494,3.7420168067226802,6.638235294117632,51.647697414660165,1
495,3.5113445378151176,7.108123249299704,63.412106152500364,1
496,3.3917366946778635,7.62072829131651,76.85559946322803,1
497,3.3746498599439696,8.167507002801102,92.109558567908,1
498,3.4771708683473306,8.722829131652642,108.36208686968435,1
499,3.724929971988787,9.209803921568607,125.61490266140049,1
500,4.1008403361344445,9.619887955182051,143.58735085118093,1
501,4.570728291316516,9.918907563025188,159.96178086225544,1
502,5.100420168067215,10.09831932773107,172.5789870851695,1
503,5.630112044817915,10.166666666666643,3.410098905270196,1
504,6.151260504201666,10.115406162464964,12.746076000298745,1
505,6.621148459383738,9.953081232492975,21.52478962592968,1
506,7.03977591036413,9.705322128851519,31.20567519585672,1
507,7.390056022408947,9.372128851540596,43.07876157529111,1
508,7.689075630252082,8.96204481792715,55.0931149270253,1
509,7.928291316526592,8.543417366946759,67.25072495689611,1
510,8.107703081232476,8.099159663865528,78.54185771709376,1
511,8.193137254901943,7.629271708683457,88.05838008196466,1
512,8.176050420168048,7.125210084033597,97.5660381300504,1
513,8.056442577030795,6.646778711484579,108.0965334043729,1
514,7.817226890756285,6.176890756302507,119.87399775392136,1
515,7.475490196078414,5.77535014005601,134.64761620759126,1
516,7.099579831932758,5.476330532212873,152.11585376583918,1
517,6.69803921568626,5.322549019607831,169.05494716610275,1
518,6.279411764705868,5.288375350140045,4.992958959340205,1
519,5.894957983193264,5.382352941176459,19.559398868380875,1
520,5.561764705882341,5.578851540616233,32.853986030906746,1
521,5.262745098039204,5.886414565826318,47.00550902350901,1
522,5.049159663865535,6.2623249299719745,60.904154474578775,1
523,4.963725490196067,6.715126050420153,75.65407324193932,1
524,5.006442577030801,7.193557422969173,91.91197322026636,1
525,5.177310924369737,7.6463585434173496,109.65803895595319,1
526,5.493417366946766,8.030812324929954,129.1915444836343,1
527,5.920588235294105,8.329831932773091,149.94479529404103,1
528,6.433193277310909,8.475070028011185,169.60861464150247,1
529,6.9714285714285555,8.475070028011185,7.443547091120412,1
530,7.466946778711469,8.406722689075611,22.996178190075863,1
531,7.936834733893539,8.184593837534994,36.90435200630202,1
532,8.364005602240876,7.868487394957965,49.03948623861891,1
533,8.722829131652642,7.458403361344521,59.90354716694923,1
534,9.013305322128831,6.9714285714285555,69.27620290062556,1
535,9.25252100840334,6.390476190476176,79.49561308540547,1
536,9.380672268907542,5.869327731092424,90.22623638692338,1
537,9.372128851540596,5.314005602240885,101.64326339398706,1
538,9.226890756302499,4.80140056022408,113.70659534276646,1
539,8.996218487394938,4.391316526610634,126.18828773311469,1
540,8.688655462184855,4.058123249299711,138.90882999989742,1
541,8.295658263305304,3.7676470588235205,151.10339030291,1
542,7.868487394957965,3.605322128851532,161.988542625299,1
543,7.4156862745097865,3.5540616246498518,172.23621997975667,1
544,6.920168067226875,3.5626050420167985,2.852399985087233,1
545,6.416106442577016,3.6480392156862664,12.428949655531728,1
546,5.920588235294104,3.8359943977590945,23.244981734053212,1
547,5.442156862745085,4.126470588235284,35.686571774764424,1
548,5.023529411764695,4.485294117647049,47.68994039908403,1
549,4.681792717086824,4.921008403361334,58.10838452829511,1
550,4.416946778711475,5.425070028011192,68.02855956879924,1
551,4.24607843137254,5.937675070027998,76.26235038314648,1
552,4.186274509803911,6.450280112044803,84.30376885857808,1
553,4.211904761904752,6.945798319327716,92.95013129744272,1
554,4.3400560224089535,7.4156862745097865,102.56407513653068,1
555,4.5792717086834624,7.8514005602240715,113.2071272507245,1
556,4.92955182072828,8.244397759103624,126.35974966033629,1
557,5.365266106442565,8.560504201680654,141.23221435184834,1
558,5.877871148459371,8.791176470588216,158.22489103173112,1
559,6.399019607843123,8.893697478991577,177.59281028923047,1
560,6.911624649859929,8.85952380952379,17.41496493777237,1
561,7.347338935574214,8.722829131652642,34.76010150432775,1
562,7.72324929971987,8.432352941176452,49.55406304783565,1
563,7.979551820728273,8.09915966386553,62.929876055912835,1
564,8.141876750700261,7.663445378151243,74.58434761849878,1
565,8.17605042016805,7.193557422969173,86.5345951902542,1
566,8.116246498599422,6.680952380952365,100.62622880214991,1
567,7.919747899159647,6.236694677871134,116.27368901666598,1
568,7.629271708683456,5.80098039215685,134.13106143672235,1
569,7.261904761904745,5.501960784313713,153.88347005207393,1
570,6.843277310924354,5.331092436974778,173.7527659978478,1
571,6.3990196078431225,5.314005602240885,13.019669575187274,1
572,5.971848739495785,5.442156862745086,30.2821890250957,1
573,5.595938375350127,5.6899159663865415,42.84004117587201,1
574,5.254201680672257,6.057282913165253,51.04405946466656,1
575,4.963725490196067,6.492997198879538,55.674192248104,1
576,4.724509803921558,6.9714285714285555,58.680181082150575,1
577,4.536554621848729,7.449859943977574,60.09073467174505,1
578,4.365686274509794,7.953921568627433,62.63634636055516,1
579,4.228991596638646,8.457983193277292,65.58662735156274,1
580,4.126470588235285,8.970588235294098,69.74715699482351,1
581,4.075210084033604,9.474649859943955,75.4930865297519,1
582,4.092296918767498,9.99579831932771,83.73115979110239,1
583,4.211904761904752,10.499859943977567,94.56630824291378,1
584,4.451120448179262,10.969747899159639,108.46574038779838,1
585,4.792857142857132,11.379831932773083,123.22664317279967,1
586,5.237114845938363,11.747198879551794,137.62401964552154,1
587,5.741176470588222,12.037675070027984,150.39342063738496,1
588,6.2623249299719745,12.251260504201653,160.854342360206,1
589,6.792016806722674,12.370868347338908,169.53915637469336,1
590,7.296078431372533,12.405042016806695,178.81777167601456,1
591,7.7830532212884975,12.328151260504175,8.097890495306592,1
592,8.244397759103624,12.140196078431345,19.89406737868416,1
593,8.663025210084013,11.86680672268905,34.0963219074755,1
594,9.021848739495777,11.507983193277287,49.2626500697142,1
595,9.346498599439755,11.04663865546216,63.41674476079488,1
596,9.560084033613425,10.542577030812302,76.66701370007135,1
597,9.671148459383732,10.029971988795497,88.33547079979641,1
598,9.679691876750677,9.508823529411742,99.80831921449712,1
599,9.568627450980369,9.004761904761883,109.97140822495153,1
600,9.355042016806703,8.569047619047598,119.07554174121786,1
601,9.064565826330512,8.193137254901941,128.05564182800356,1
602,8.697198879551802,7.894117647058806,138.1854370691508,1
603,8.304201680672252,7.680532212885137,148.3755138940015,1
604,7.885574229691859,7.586554621848722,160.8160499570178,1
605,7.458403361344521,7.586554621848722,174.00919038029252,1
606,7.022689075630237,7.671988795518191,7.213669531537066,1
607,6.595518207282898,7.8514005602240715,19.556046425795955,1
608,6.185434173669455,8.11624649859942,30.850434449381595,1
609,5.8266106442576895,8.423809523809505,41.14151998772373,1
610,5.5190476190476065,8.765546218487374,50.6305461666236,1
611,5.271288515406151,9.209803921568605,59.04056071511345,1
612,5.091876750700268,9.696778711484573,66.99503795001246,1
613,4.972268907563015,10.20084033613443,74.29454694396699,1
614,4.921008403361332,10.739075630252078,80.169534310207,1
615,4.92955182072828,11.328571428571404,84.5140682836231,1
616,5.023529411764695,11.875350140055996,88.61361011471361,1
617,5.19439775910363,12.379411764705853,94.33947507946417,1
618,5.459243697478979,12.849299719887927,102.47941413733018,1
619,5.792436974789903,13.250840336134425,114.4660551804885,1
620,6.176890756302507,13.558403361344507,131.48297853632673,1
621,6.629691876750686,13.763445378151228,151.4153422134518,1
622,7.1422969187674905,13.883053221288483,167.07450053538054,1
623,7.671988795518189,13.908683473389326,178.70723625423628,1
624,8.201680672268889,13.857422969187644,6.34365641305307,1
625,8.757002801120429,13.746358543417335,10.730368844285149,1
626,9.269607843137234,13.584033613445348,14.903401634701348,1
627,9.77366946778709,13.36190476190473,20.255094870982653,1
628,10.226470588235271,13.088515406162438,26.93737896186417,1
629,10.636554621848715,12.763865546218458,35.75248106762598,1
630,10.969747899159639,12.387955182072801,45.68243601703475,1
631,11.251680672268881,11.952240896358518,56.65255624428656,1
632,11.431092436974765,11.482352941176446,67.69725642137307,1
633,11.559243697478966,10.995378151260478,78.90413646411501,1
634,11.601960784313698,10.474229691876728,90.43942961732267,1
635,11.55070028011202,9.978711484593815,103.42607417482107,1
636,11.379831932773083,9.51736694677869,118.4720299032218,1
637,11.09789915966384,9.12436974789914,136.86414583620981,1
638,10.721988795518183,8.816806722689055,156.48086662390347,1
639,10.277731092436952,8.64593837535012,173.61053513347358,1
640,9.80784313725488,8.586134453781494,7.844836377432018,1
641,9.355042016806701,8.663025210084015,19.80281756355349,1
642,8.96204481792715,8.825350140056003,30.52197664342456,1
643,8.577591036414546,9.090196078431351,40.77237096161901,1
644,8.244397759103624,9.457563025210064,48.54271306275418,1
645,7.945378151260487,9.893277310924349,55.840642913023856,1
646,7.69761904761903,10.371708683473367,62.202964460192014,1
647,7.466946778711469,10.927030812324904,67.22583403683481,1
648,7.313165266106426,11.490896358543392,71.01140807533086,1
649,7.219187675070012,12.04621848739493,75.87220917767125,1
650,7.193557422969171,12.567366946778682,80.41845571857489,1
651,7.219187675070012,13.088515406162434,84.76643701145962,1
652,7.30462184873948,13.592577030812294,89.17850871458292,1
653,7.432773109243681,14.122268907562994,94.2874271728172,1
654,7.603641456582617,14.643417366946746,98.48651369660827,1
655,7.834313725490179,15.164565826330499,104.30878835086088,1
656,8.11624649859942,15.625910364145625,112.50682223943107,1
657,8.46652661064424,16.02745098039212,123.82214199336168,1
658,8.876610644257681,16.335014005602204,138.28490300182094,1
659,9.363585434173647,16.565686274509765,154.06522025256916,1
660,9.876190476190455,16.71946778711481,167.3660427786385,1
661,10.4144257703081,16.804901960784274,177.3582192700993,1
662,10.952661064425746,16.787815126050383,5.326935951042811,1
663,11.490896358543392,16.65966386554618,13.487349869538848,1
664,11.960784313725464,16.43753501400557,23.932620224146316,1
665,12.353781512605014,16.129971988795482,36.96075382443199,1
666,12.669887955182045,15.73697478991593,52.3179675639051,1
667,12.883473389355714,15.326890756302486,67.26318934819069,1
668,12.968907563025184,14.848459383753468,80.66395427504327,1
669,12.95182072829129,14.361484593837503,92.70973612563864,1
670,12.840756302520981,13.848879551820698,104.1686708950361,1
671,12.618627450980364,13.37044817927168,115.61916266181913,1
672,12.302521008403334,12.89201680672266,127.3559123987901,1
673,11.91806722689073,12.524649859943949,139.55175539047224,1
674,11.431092436974762,12.217086834733866,153.200810761839,1
675,10.927030812324904,12.029131652661038,167.89115544275666,1
676,10.405882352941152,11.952240896358516,1.761597763966395,1
677,9.876190476190454,11.986414565826305,13.781792124427069,1
678,9.372128851540594,12.114565826330505,25.533461296498018,1
679,8.96204481792715,12.345238095238068,36.76880276141338,1
680,8.603221288515387,12.661344537815099,47.987253731005964,1
681,8.321288515406144,13.037254901960756,59.16803915146701,1
682,8.133333333333315,13.472969187675039,69.12524663991861,1
683,8.01372549019606,13.951400560224059,76.94247992318128,1
684,7.953921568627433,14.455462184873918,81.51900615503347,1
685,7.936834733893539,14.97661064425767,85.364360793578,1
686,7.96246498599438,15.523389355742262,88.26427237940375,1
687,8.022268907563006,16.078711484593804,90.44089329781646,1
688,8.116246498599422,16.625490196078395,92.45142429588802,1
689,8.235854341736674,17.146638655462148,94.92965596352684,1
690,8.398179271708663,17.65924369747895,96.61109383559274,1
691,8.59467787114844,18.129131652661023,99.9637006499782,1
692,8.842436974789896,18.547759103641418,105.16394170382796,1
693,9.132913165266086,18.93221288515402,111.53535641694985,1
694,9.483193277310901,19.299579831932732,119.61666831391203,1
695,9.8847338935574,19.59859943977587,128.0081008982281,1
696,10.328991596638632,19.83781512605038,137.59172249891245,1
697,10.798879551820704,20.00868347338931,147.95299221197774,1
698,11.302941176470563,20.102661064425725,159.8941249699076,1
699,11.832633053221262,20.085574229691833,174.0780702939886,1
700,12.362324929971962,19.95742296918763,10.304928182684739,1
701,12.874929971988767,19.726750700280064,25.751157681908186,1
702,13.344817927170837,19.40210084033609,38.870158190702035,1
703,13.754901960784284,18.99201680672265,49.447901104815934,1
704,14.1051820728291,18.513585434173628,57.8194554707427,1
705,14.412745098039181,17.97535014005598,63.53569589381513,1
706,14.677591036414531,17.402941176470552,67.20922319290072,1
707,14.899719887955149,16.856162464985957,70.28436178932111,1
708,15.096218487394925,16.258123249299683,73.97576310833259,1
709,15.207282913165233,15.66008403361341,78.41129761649778,1
710,15.24145658263302,15.138935574229658,85.03699337961895,1
711,15.164565826330499,14.575070028011172,95.93655644564141,1
712,14.985154061624618,13.994117647058792,110.45542718594041,1
713,14.68613445378148,13.507142857142828,128.06252014066803,1
714,14.310224089635824,13.097058823529384,148.4632028925321,1
715,13.848879551820698,12.755322128851512,168.29317800431684,1
716,13.378991596638624,12.592997198879525,4.93497612120392,1
717,12.909103641456554,12.567366946778682,18.059965964653905,1
718,12.464845938375323,12.652801120448151,28.395235058707843,1
719,12.063305322128825,12.857843137254871,37.519776587216654,1
720,11.721568627450955,13.122689075630223,45.75071376292016,1
721,11.431092436974765,13.472969187675039,55.17166899983241,1
722,11.217507002801096,13.874509803921535,65.65000696818852,1
723,11.080812324929948,14.31022408963582,76.25690381746053,1
724,11.038095238095215,14.73739495798316,86.61678778865692,1
725,11.089355742296895,15.164565826330497,97.66823638468748,1
726,11.251680672268883,15.549019607843102,108.8977024845286,1
727,11.507983193277287,15.899299719887917,120.01932908518313,1
728,11.866806722689049,16.223949579831896,131.5402149097299,1
729,12.319607843137229,16.53151260504198,141.00812116692782,1
730,12.832212885154032,16.787815126050383,149.15920328065118,1
731,13.387535014005573,17.001400560224052,156.42123326051328,1
732,13.985574229691846,17.155182072829096,163.76712783206267,1
733,14.600700280112013,17.223529411764666,170.90686658858473,1
734,15.198739495798284,17.206442577030774,179.16940963185056,1
735,15.788235294117612,17.12100840336131,7.436120914740441,1
736,16.30938375350136,16.967226890756262,17.642518698930218,1
737,16.79635854341733,16.702380952380913,28.347486020367604,1
738,17.223529411764666,16.36918767506999,39.9969947227677,1
739,17.58235294117643,15.9505602240896,51.54286446818012,1
740,17.881372549019567,15.463585434173634,61.55498990066461,1
741,18.171848739495754,14.891176470588203,68.44120893517038,1
742,18.39397759103637,14.301680672268876,73.5375859845781,1
743,18.55630252100836,13.67801120448176,78.1082191449343,1
744,18.667366946778667,13.062885154061595,81.88224057657274,1
745,18.710084033613406,12.464845938375323,85.91757949326504,1
746,18.675910364145615,11.909523809523781,91.08065093626251,1
747,18.573389355742258,11.396918767506977,96.4089172062532,1
748,18.402521008403323,10.918487394957959,101.97901955450766,1
749,18.163305322128814,10.448599439775885,109.02776726883222,1
750,17.872829131652622,10.012885154061602,115.65146047859275,1
751,17.522549019607805,9.59425770308121,120.85798031458425,1
752,17.103921568627413,9.17563025210082,126.32426701673747,1
753,16.651120448179235,8.765546218487374,129.92857541048693,1
754,16.172689075630217,8.389635854341716,131.92736162566513,1
755,15.668627450980358,8.01372549019606,133.5499233083722,1
756,15.156022408963551,7.654901960784296,136.76629445781649,1
757,14.660504201680638,7.3473389355742125,140.4570488944911,1
758,14.173529411764672,7.091036414565811,145.76010281405306,1
759,13.703641456582602,6.894537815126036,152.34599485213752,1
760,13.242296918767476,6.77492997198878,160.4135616332281,1
761,12.798039215686247,6.749299719887941,169.51931540050057,1
762,12.345238095238068,6.809103641456568,179.76368518492038,1
763,11.909523809523781,6.96288515406161,11.828988737979074,1
764,11.499439775910338,7.193557422969171,25.975922796685495,1
765,11.140616246498572,7.509663865546202,41.40798168243778,1
766,10.841596638655437,7.894117647058806,56.396497833057815,1
767,10.645098039215663,8.295658263305302,70.05940315257044,1
768,10.542577030812302,8.748459383753481,81.53691008828568,1
769,10.55112044817925,9.209803921568605,91.27081915787355,1
770,10.662184873949556,9.636974789915945,101.61149635539611,1
771,10.901400560224065,10.021428571428547,113.43925931102528,1
772,11.243137254901935,10.371708683473367,127.31639505757866,1
773,11.653221288515379,10.619467787114822,144.61425746764183,1
774,12.148739495798292,10.764705882352917,164.05506530548743,1
775,12.67843137254899,10.80742296918765,3.052165009207796,1
776,13.165406162464956,10.739075630252078,19.154464864652017,1
777,13.60966386554619,10.559663865546195,31.855756703001056,1
778,14.011204481792685,10.2862745098039,42.48729272243682,1
779,14.310224089635824,9.94453781512603,52.28698092247,1
780,14.532352941176438,9.525910364145636,61.013705271018566,1
781,14.694677871148428,9.064565826330512,71.00699816317437,1
782,14.79719887955179,8.586134453781494,80.89629480856946,1
783,14.814285714285683,8.056442577030793,91.11745240154897,1
784,14.737394957983161,7.475490196078414,101.75851267727633,1
785,14.575070028011172,6.928711484593822,112.25567935653689,1
786,14.335854341736663,6.407563025210069,123.20618431929316,1
787,14.011204481792685,5.920588235294105,134.2003260518053,1
788,13.635294117647026,5.5361344537815,143.99218884116493,1
789,13.233753501400532,5.27128851540615,153.16353341034414,1
790,12.815126050420139,5.100420168067215,160.9742043810162,1
791,12.387955182072801,5.023529411764694,168.84134466139716,1
792,11.94369747899157,5.040616246498588,179.3188666804218,1
793,11.499439775910338,5.160224089635842,11.785969848729428,1
794,11.09789915966384,5.348179271708672,25.366575512715638,1
795,10.747619047619022,5.604481792717074,39.76425419694112,1
796,10.448599439775887,5.929131652661051,52.02586921091995,1
797,10.243557422969165,6.313585434173655,62.99724009093253,1
798,10.141036414565804,6.732212885154047,73.36172750659956,1
799,10.12394957983191,7.185014005602224,84.02072207497093,1
800,10.209383753501378,7.62072829131651,95.09908359230991,1
801,10.4144257703081,8.022268907563006,107.11584896287539,1
802,10.73053221288513,8.381092436974772,119.67294010890231,1
803,11.12352941176468,8.663025210084013,131.9333891970117,1
804,11.593417366946753,8.91078431372547,142.00989432432203,1
805,12.123109243697453,9.132913165266086,150.58995426528017,1
806,12.669887955182045,9.312324929971968,158.28708545959603,1
807,13.216666666666637,9.423389355742275,164.97197021711634,1
808,13.789075630252068,9.491736694677849,171.52370681722462,1
809,14.33585434173666,9.46610644257701,179.62234852393843,1
810,14.848459383753468,9.346498599439755,9.379448959151892,1
811,15.343977591036381,9.12436974789914,20.768665326798832,1
812,15.813865546218452,8.825350140056003,33.005542695558134,1
813,16.232492997198843,8.449439775910346,45.91019190285304,1
814,16.625490196078395,7.988095238095221,56.144508855348256,1
815,16.967226890756265,7.449859943977574,64.33334894497183,1
816,17.257703081232457,6.843277310924354,70.46010040359916,1
817,17.488375350140018,6.211064425770294,76.05632962845787,1
818,17.650700280112005,5.5361344537815,80.10193895884787,1
819,17.727591036414527,4.8441176470588125,85.22531338496218,1
820,17.73613445378147,4.194817927170858,89.92827629790399,1
821,17.65924369747895,3.6053221288515322,95.43713943093888,1
822,17.5225490196078,3.092717086834727,102.66072654526268,1
823,17.334593837534975,2.674089635854336,112.15325993420315,1
824,17.086834733893518,2.3408963585434117,123.45563290214835,1
825,16.753641456582596,2.0504201680672223,136.14456297872437,1
826,16.37773109243694,1.8282913165266066,148.12220452185866,1
827,15.959103641456547,1.6232492997198844,157.3533361681008,1
828,15.489215686274473,1.452380952380949,164.59022906618145,1
829,15.010784313725457,1.3413165266106413,169.03839047285445,1
830,14.532352941176438,1.2815126050420138,171.20779892890639,1
831,14.028291316526577,1.2558823529411736,173.44063768220548,1
832,13.532773109243667,1.2815126050420138,176.10355456377488,1
833,13.054341736694647,1.3584033613445345,0.4410201690785742,1
834,12.567366946778684,1.4865546218487362,6.957630040130356,1
835,12.131652661064399,1.665966386554618,16.85314256517975,1
836,11.781372549019583,1.8966386554621806,28.052935092888596,1
837,11.465266106442552,2.1956582633053174,40.11764164705902,1
838,11.217507002801096,2.5373949579831874,51.894555836685406,1
839,11.046638655462159,2.921848739495792,62.87373620095779,1
840,10.944117647058798,3.34901960784313,72.49788021314836,1
841,10.901400560224065,3.827450980392148,80.89095664785776,1
842,10.9441176470588,4.314425770308114,88.42110388414231,1
843,11.055182072829107,4.8099439775910255,94.85362808502025,1
844,11.243137254901935,5.288375350140044,100.54151560338738,1
845,11.507983193277287,5.7582633053221155,105.9325945696275,1
846,11.841176470588207,6.1939775910364006,110.98816051111694,1
847,12.225630252100812,6.586974789915952,117.67329655061978,1
848,12.661344537815097,6.9372549019607685,125.88458140553718,1
849,13.148319327731063,7.227731092436959,136.32017190946473,1
850,13.669467787114815,7.424229691876734,149.32701856535348,1
851,14.190616246498568,7.518207282913148,164.80241073311817,1
852,14.720308123249264,7.492577030812308,179.96967402586765,1
853,15.207282913165233,7.364425770308107,15.715122916949243,1
854,15.668627450980358,7.082492997198864,32.26236041755403,1
855,16.053081232492964,6.69803921568626,49.774984409700345,1
856,16.360644257703044,6.245238095238081,66.03151879543425,1
857,16.557142857142818,5.732633053221276,79.0654281312214,1
858,16.659663865546182,5.151680672268896,89.80772988716734,1
859,16.625490196078395,4.604901960784304,99.64999203184156,1
860,16.488795518207244,4.092296918767498,107.19546471798486,1
861,16.283753501400522,3.605322128851533,113.67131783436338,1
862,16.018907563025174,3.152521008403354,118.92026274086341,1
863,15.728431372548986,2.802240896358537,124.22025697859306,1
864,15.4208683473389,2.571568627450975,130.97479150099855,1
865,15.05350140056019,2.40070028011204,139.6293591982817,1
866,14.643417366946746,2.306722689075625,150.03584639118716,1
867,14.216246498599407,2.3238095238095187,162.5575056827976,1
868,13.789075630252071,2.392156862745093,174.65483915888143,1
869,13.37044817927168,2.4861344537815073,6.054359866631791,1
870,12.96890756302518,2.6826330532212825,18.365603173064457,1
871,12.610084033613417,2.9303921568627382,31.546580139378737,1
872,12.293977591036386,3.2550420168067156,43.63938242359575,1
873,12.02058823529409,3.6480392156862664,54.91860338613278,1
874,11.807002801120422,4.1008403361344445,65.34609955357358,1
875,11.713025210084007,4.545098039215676,75.08926083860334,1
876,11.721568627450953,5.032072829131641,85.27283661563936,1
877,11.849719887955155,5.527591036414553,96.45569831192704,1
878,12.097478991596612,5.9974789915966245,109.68393099035497,1
879,12.447759103641427,6.407563025210069,124.55257643795078,1
880,12.89201680672266,6.766386554621834,141.1972444421056,1
881,13.39607843137252,7.01414565826329,158.01226269478119,1
882,13.917226890756272,7.108123249299704,173.2408804417165,1
883,14.438375350140024,7.0739495798319165,5.913375421173543,1
884,14.942436974789882,6.9372549019607685,18.087713798719324,1
885,15.4208683473389,6.680952380952367,29.689961093789158,1
886,15.848039215686239,6.322128851540602,41.816773340016915,1
887,16.223949579831896,5.920588235294104,53.09826297982612,1
888,16.540056022408926,5.467787114845926,63.07046116770328,1
889,16.787815126050383,4.980812324929961,70.81136900278702,1
890,16.941596638655422,4.4767507002801015,77.85320683022564,1
891,17.018487394957944,3.981232492997189,83.16521308111898,1
892,17.027030812324888,3.5113445378151185,89.98513347717802,1
893,16.95014005602237,3.1098039215686204,99.01414260937587,1
894,16.804901960784274,2.7766106442576968,111.01670012783252,1
895,16.55714285714282,2.4946778711484536,125.09253732282843,1
896,16.21540616246495,2.2896358543417317,142.43500142216072,1
897,15.79677871148456,2.144397759103637,159.35741189221653,1
898,15.326890756302486,2.0504201680672223,173.32775042712328,1
899,14.839915966386522,2.0162464985994353,6.2481951862114995,1
900,14.421288515406129,2.0931372549019565,20.037626554806504,1
901,14.062464985994367,2.272549019607838,34.728418449222275,1
902,13.789075630252068,2.5544817927170813,54.182224373351694,1
903,13.62675070028008,2.921848739495792,74.39297768981737,1
904,13.575490196078402,3.3233893557422896,90.67004904892194,1
905,13.63529411764703,3.7420168067226802,104.73801965286098,1
906,13.848879551820696,4.143557422969179,118.21638446598303,1
907,14.182072829131622,4.4767507002801015,132.86470139427024,1
908,14.592156862745066,4.690336134453771,151.0385066613099,1
909,15.070588235294085,4.784313725490185,171.24131555481335,1
910,15.55756302521005,4.750140056022398,10.702635460334372,1
911,15.993277310924332,4.5792717086834624,27.871428449012484,1
912,16.37773109243694,4.280252100840327,43.24993281568561,1
913,16.685294117647025,3.887254901960776,57.50682265555905,1
914,16.90742296918764,3.4686274509803843,70.57388919200545,1
915,17.078291316526574,3.152521008403354,82.71005689467886,1
916,17.172268907562987,2.887675070028005,94.1024601156802,1
917,17.18935574229688,2.7168067226890695,103.03702454978024,1
918,17.1380952380952,2.6228291316526553,110.70367718055276,1
919,16.992857142857105,2.5715686274509744,117.08562851771443,1
920,16.762184873949543,2.443417366946773,122.85185278448876,1
921,16.4802521008403,2.306722689075625,128.6859298754109,1
922,16.095798319327695,2.1358543417366898,136.38411254218454,1
923,15.651540616246464,1.9735294117647015,143.97791300593693,1
924,15.173109243697445,1.8453781512605,152.45021762910594,1
925,14.651960784313696,1.7684873949579791,161.14572968429158,1
926,14.122268907562994,1.7599439775910324,171.5442716181814,1
927,13.62675070028008,1.8368347338935536,3.4263558249017367,1
928,13.18249299719885,1.9991596638655416,16.86874903593048,1
929,12.772408963585406,2.2469187675069975,31.926420963213026,1
930,12.422128851540588,2.5544817927170813,47.54375969436193,1
931,12.131652661064397,2.921848739495792,62.12013526027402,1
932,11.935154061624623,3.3319327731092363,75.93858664222367,1
933,11.824089635854316,3.7847338935574144,88.34253277739506,1
934,11.84117647058821,4.24607843137254,98.59409101013354,1
935,11.960784313725464,4.707422969187665,106.96770941301459,1
936,12.182913165266081,5.14313725490195,113.9478832096436,1
937,12.507563025210057,5.570308123249288,119.91861326574599,1
938,12.9176470588235,5.963305322128838,126.74168702667552,1
939,13.37044817927168,6.2964985994397615,133.5451542349339,1
940,13.86596638655459,6.561344537815112,141.59108732048233,1
941,14.378571428571396,6.749299719887939,151.49548391043345,1
942,14.882633053221255,6.82619047619046,163.68601765993822,1
943,15.36960784313722,6.77492997198878,177.5657261502476,1
944,15.865126050420134,6.586974789915952,14.361821431670972,1
945,16.32647058823526,6.296498599439762,32.60484776158307,1
946,16.745098039215648,5.903501400560211,49.580697895638856,1
947,17.095378151260466,5.416526610644246,63.74686474768529,1
948,17.351680672268866,4.903921568627441,76.05648778104015,1
949,17.47983193277307,4.365686274509794,87.88600448727799,1
950,17.50546218487391,3.810364145658254,98.01868734866986,1
951,17.445658263305283,3.2892156862745026,107.92623965426883,1
952,17.334593837534975,2.921848739495792,119.11318073697609,1
953,17.146638655462148,2.6484593837534955,131.3166807236734,1
954,16.84761904761901,2.494677871148453,144.18837977462766,1
955,16.488795518207247,2.4690476190476134,158.4943971363265,1
956,16.05308123249296,2.5544817927170813,172.1761142313927,1
957,15.55756302521005,2.6570028011204423,5.343317951861702,1
958,15.062044817927136,2.8107843137254838,17.59354749527245,1
959,14.617787114845905,3.041456582633047,30.756200124379884,1
960,14.207703081232461,3.3575630252100765,44.867409520182534,1
961,13.891596638655429,3.7334733893557344,58.09135059224886,1
962,13.652380952380923,4.1691876750700185,69.3918697678749,1
963,13.515686274509772,4.639075630252091,79.06556413213929,1
964,13.490056022408933,5.134593837535002,86.71876814395631,1
965,13.592577030812294,5.630112044817915,94.26930486428044,1
966,13.789075630252068,6.125630252100827,102.8277072424437,1
967,14.088095238095207,6.561344537815112,112.51747079198276,1
968,14.464005602240864,6.9372549019607685,124.44405429759979,1
969,14.899719887955149,7.2106442577030645,138.1660215311508,1
970,15.378151260504165,7.35588235294116,153.44801217747678,1
971,15.882212885154027,7.35588235294116,169.92257792303602,1
972,16.386274509803883,7.236274509803906,6.7263392176515815,1
973,16.881792717086796,6.997058823529396,22.600327757539727,1
974,17.351680672268866,6.655322128851525,36.53793308640555,1
975,17.761764705882314,6.2281512605041875,48.485257563417996,1
976,18.103501400560184,5.732633053221276,59.24101959653747,1
977,18.35126050420164,5.185854341736683,69.67064797339876,1
978,18.50504201680668,4.630532212885143,78.09582000496157,1
979,18.573389355742258,4.092296918767498,85.13196590915886,1
980,18.55630252100836,3.5796918767506924,90.35580635717159,1
981,18.470868347338897,3.2037815126050346,95.88781460422408,1
982,18.308543417366906,2.8962184873949512,101.81489322202613,1
983,18.043697478991554,2.6313725490196016,109.94054832016947,1
984,17.676330532212845,2.4007002801120394,121.3841008682991,1
985,17.24061624649856,2.2212885154061572,134.77784495600207,1
986,16.719467787114805,1.9991596638655416,146.92148824101224,1
987,16.172689075630213,1.8282913165266064,157.53536886953367,1
988,15.617366946778677,1.7172268907562986,167.81884338915563,1
989,15.087675070027979,1.7001400560224051,177.4225730791016,1
990,14.575070028011172,1.7599439775910326,7.312726130497984,1
991,14.1051820728291,1.8966386554621806,18.01273244893681,1
992,13.669467787114815,2.1102240896358495,28.403197047400738,1
993,13.28501400560221,2.409243697478986,38.094015537416865,1
994,12.951820728291286,2.750980392156857,47.98780532331503,1
995,12.67843137254899,3.161064425770301,58.771269284571645,1
996,12.490476190476162,3.6309523809523725,69.29434984387896,1
997,12.396498599439749,4.109383753501391,80.28408309827257,1
998,12.41358543417364,4.596358543417357,90.85774033579324,1
999,12.558823529411736,5.100420168067215,101.76864620447772,1
1000,12.815126050420139,5.544677871148447,114.26518007364264,1
1001,13.15686274509801,5.903501400560211,129.88586801985352,1
1002,13.609663865546187,6.176890756302507,149.11872820566873,1
1003,14.13081232492994,6.339215686274494,167.62612349156666,1
1004,14.694677871148425,6.373389355742282,2.11245413470555,1
1005,15.318347338935542,6.296498599439762,12.394296166813179,1
1006,15.993277310924336,6.11708683473388,20.104153489757056,1
1007,16.642577030812287,5.852240896358531,26.698270394399366,1
1008,17.24061624649856,5.51050420168066,34.449803450711656,1
1009,17.753221288515366,5.108963585434163,42.78020483510585,1
1010,18.129131652661023,4.673249299719877,52.87826860944108,1
1011,18.368347338935532,4.2033613445378055,63.40900122566408,1
1012,18.48795518207279,3.7163865546218404,74.10045627018181,1
1013,18.564845938375306,3.3063025210083956,81.70286727845094,1
1014,18.61610644257699,2.9987394957983122,86.68887303040069,1
1015,18.658823529411723,2.76806722689075,90.36820058907294,1
1016,18.71862745098035,2.6570028011204423,90.00006794005235,1
1017,18.838235294117606,2.605742296918762,83.64676765349805,1
1018,19.026190476190433,2.4605042016806666,74.01941041900551,1
1019,19.29957983193273,2.2298319327731044,60.23574954036107,1
1020,19.684033613445333,1.9308123249299676,42.93215087015014,1
1021,20.153921568627403,1.5805322128851504,27.90849878331952,1
1022,20.63235294117643,1.2644257703081203,17.371697309352115,1
1023,21.076610644257656,1.0593837535013981,10.263918670624895,1
1024,21.478151260504156,0.9226890756302499,6.6109806793853885,1
1025,21.82843137254897,0.9141456582633033,3.5507627707567533,1
1026,22.144537815126,0.9739495798319305,0.29458198951682324,1
1027,22.494817927170818,1.0764705882352916,175.71451372694207,1
1028,22.896358543417314,1.204621848739493,170.34784696328524,1
1029,23.332072829131597,1.3584033613445348,165.0197412104642,1
1030,23.81050420168062,1.4780112044817895,162.5570322857091,1
1031,24.314565826330472,1.5805322128851507,163.58693632278352,1
1032,24.83571428571423,1.640336134453778,166.2524783778673,1
1033,25.348319327731037,1.6659663865546182,170.58228041848776,1
1034,25.878011204481737,1.6659663865546182,175.70776713595913,1
1035,26.407703081232434,1.631792717086831,178.76065765291816,1
1036,26.91176470588229,1.5634453781512572,2.230008632885537,1
1037,27.356022408963526,1.4950980392156832,5.7361856100485245,1
1038,27.723389355742235,1.4438375350140025,8.641277389359583,1
1039,27.96260504201674,1.4182072829131622,11.758178367331006,1
1040,28.116386554621783,1.4438375350140025,15.147171350970236,1
1041,28.218907563025148,1.495098039215683,18.403630969392015,1
1042,28.26162464985988,1.563445378151257,21.2150354504096,1
1043,28.270168067226827,1.6147058823529377,23.433211452812778,1
1044,28.287254901960715,1.640336134453778,24.134012154121994,1
1045,28.295798319327663,1.6317927170868312,24.374220696265024,1
1046,28.253081232492935,1.6232492997198844,22.86213307632311,1
1047,28.244537815125984,1.606162464985991,21.874544147063144,1
1048,28.235994397759036,1.5805322128851504,20.633859700627017,1
1049,28.227450980392092,1.5634453781512572,20.333861107129728,1
1050,28.210364145658197,1.563445378151257,20.334922270299558,1
1051,28.235994397759036,1.563445378151257,20.714434010615918,1
1052,28.218907563025148,1.571988795518204,21.548249931782916,1
1053,28.210364145658197,1.5976190476190442,22.455954332683575,1
1054,28.244537815125984,1.6147058823529374,23.034641320218412,1
1055,28.26162464985988,1.6317927170868312,24.284634467935092,1
1056,28.26162464985988,1.6488795518207247,26.075971589964325,1
1057,28.270168067226827,1.6574229691876714,26.591581289109122,1
1058,28.287254901960715,1.6574229691876714,28.553696400897277,1
1059,28.270168067226827,1.6830532212885116,30.101302988132996,1
1060,28.270168067226827,1.7001400560224051,32.45882284185187,1
1061,28.295798319327666,1.7172268907562986,33.6454447578667,1
1062,28.32997198879545,1.7514005602240856,35.817287178300525,1
1063,28.355602240896292,1.7855742296918726,37.36014668708448,1
1064,28.372689075630184,1.7941176470588194,39.479991787159925,1
1065,28.38977591036408,1.7855742296918726,38.88234877124822,1
1066,28.364145658263237,1.7514005602240856,36.839599471925766,1
1067,28.3385154061624,1.6830532212885114,33.72215360236833,1
1068,28.295798319327666,1.6147058823529377,30.453153241896292,1
1069,28.26162464985988,1.5463585434173635,26.31618667088185,1
1070,28.227450980392092,1.495098039215683,23.856320585396375,1
1071,28.210364145658197,1.4694677871148425,23.49864820537854,1
1072,28.193277310924305,1.4694677871148425,22.6187628973327,1
1073,28.218907563025148,1.4780112044817895,21.81744048913399,1
1074,28.244537815125984,1.5121848739495765,21.782201615830058,1
1075,28.270168067226827,1.563445378151257,23.721811191396185,1
1076,28.312885154061558,1.640336134453778,26.537987754389565,1
1077,28.347058823529345,1.7428571428571389,31.716240893733293,1
1078,28.406862745097975,1.8453781512605,36.260552551941885,1
1079,28.458123249299653,1.9393557422969145,41.46521964796638,1
1080,28.535014005602175,2.0162464985994353,44.716555903272905,1
1081,28.603361344537753,2.1016806722689028,47.68041554272662,1
1082,28.70588235294111,2.1785714285714235,51.504057502546,1
1083,28.774229691876684,2.2554621848739442,57.609789334432,1
1084,28.885294117646993,2.3152661064425724,61.68985825116896,1
1085,28.987815126050357,2.392156862745092,66.62678521004894,1
1086,29.081792717086774,2.45196078431372,70.23468323018932,1
1087,29.15868347338929,2.47759103641456,72.42067083396385,1
1088,29.209943977590974,2.5032212885154004,73.81204117096335,1
1089,29.227030812324863,2.5373949579831874,76.6931115232967,1
1090,29.21848739495792,2.563025210084028,79.27796190150923,1
1091,29.201400560224023,2.571568627450975,82.62589907188487,1
1092,29.158683473389296,2.580112044817922,86.13144091196381,1
1093,29.090336134453718,2.580112044817922,90.81899366036323,1
1094,28.962184873949514,2.537394957983188,98.62087926191356,1
1095,28.76568627450974,2.434873949579827,107.99598321573905,1
1096,28.517927170868283,2.306722689075625,118.59583361547062,1
1097,28.193277310924305,2.1614845938375304,129.57245879220346,1
1098,27.81736694677865,1.999159663865542,139.9883745985641,1
1099,27.390196078431313,1.8795518207282869,148.60398575988597,1
1100,26.920308123249242,1.8282913165266064,156.76310110746942,1
1101,26.399159663865486,1.8282913165266066,164.74603449553038,1
1102,25.87801120448173,1.905182072829127,172.55415100185604,1
1103,25.33977591036409,2.0504201680672223,179.76776124180796,1
1104,24.80154061624644,2.2554621848739442,6.649185254532046,1
1105,24.271848739495745,2.511764705882347,11.950940684541184,1
1106,23.742156862745045,2.8278711484593773,16.91423445519942,1
1107,23.212464985994345,3.178151260504195,22.560647156493953,1
1108,22.708403361344487,3.5626050420167985,26.79571309342352,1
1109,22.221428571428522,3.98123249299719,30.486271132254487,1
1110,21.760084033613396,4.416946778711475,33.67215351597535,1
1111,21.307282913165217,4.869747899159653,36.17861984424633,1
1112,20.837394957983143,5.348179271708672,36.38490658816784,1
1113,20.35042016806718,5.843697478991584,37.46582251915684,1
1114,19.897619047619003,6.339215686274495,40.230760890145966,1
1115,19.48753501400556,6.851820728291301,46.16020486585782,1
1116,19.13725490196074,7.372969187675054,53.650568403681135,1
1117,18.86386554621844,7.894117647058806,62.60256624451986,1
1118,18.675910364145615,8.432352941176452,72.39406030786992,1
1119,18.56484593837531,8.996218487394938,81.90665576155435,1
1120,18.539215686274467,9.551540616246479,90.9215802130181,1
1121,18.63319327731088,10.072689075630231,101.64280377497977,1
1122,18.846778711484554,10.534033613445356,113.75959070065913,1
1123,19.154341736694633,10.918487394957959,127.35359714111075,1
1124,19.555882352941133,11.208963585434148,142.78205703570563,1
1125,20.03431372549015,11.414005602240872,158.66561490558732,1
1126,20.538375350140008,11.533613445378126,172.3243217578599,1
1127,21.076610644257652,11.57633053221286,1.0044760252461473,1
1128,21.640476190476143,11.55070028011202,6.685349995265087,1
1129,22.221428571428522,11.456722689075605,8.904662909032801,1
1130,22.793837535013957,11.294397759103614,11.572334632770982,1
1131,23.349159663865496,11.063725490196052,16.218154582063047,1
1132,23.84467787114841,10.773249299719865,25.62246179670048,1
1133,24.271848739495745,10.422969187675047,38.63415363831025,1
1134,24.59649859943972,10.004341736694656,53.62354537238998,1
1135,24.801540616246445,9.534453781512585,68.39572200223046,1
1136,24.88697478991591,9.047478991596618,83.20504575968707,1
1137,24.852801120448124,8.551960784313707,97.53878410806396,1
1138,24.70756302521003,8.073529411764687,111.90144789732845,1
1139,24.45980392156857,7.637815126050404,125.81311669722625,1
1140,24.109523809523758,7.244817927170852,138.0691561358261,1
1141,23.656722689075576,6.903081232492982,148.57277721587184,1
1142,23.161204481792662,6.629691876750686,157.28094234005923,1
1143,22.622969187675018,6.407563025210069,163.31416205050564,1
1144,22.03347338935569,6.245238095238081,167.7622087824292,1
1145,21.409803921568578,6.134173669467772,170.29517483750212,1
1146,20.794677871148412,6.057282913165253,169.8951779557617,1
1147,20.13683473389351,5.988935574229679,169.93568462766584,1
1148,19.444817927170824,5.937675070027998,170.84877430471812,1
1149,18.769887955182032,5.903501400560211,172.97503672872708,1
1150,18.120588235294075,5.912044817927158,177.5173424254854,1
1151,17.488375350140018,5.988935574229679,6.074862172927426,1
1152,16.92450980392153,6.151260504201667,17.52971104299916,1
1153,16.454621848739457,6.381932773109229,31.323037439552163,1
1154,16.044537815126013,6.715126050420153,45.821348957573996,1
1155,15.73697478991593,7.133753501400544,59.828597457117986,1
1156,15.540476190476156,7.586554621848722,73.2071186217208,1
1157,15.455042016806686,8.047899159663848,85.30698325107875,1
1158,15.489215686274473,8.51778711484592,97.16413621435535,1
1159,15.642997198879517,8.953501400560203,110.04572094781412,1
1160,15.916386554621813,9.363585434173649,122.69171707052891,1
1161,16.300840336134417,9.756582633053199,134.1124067851517,1
1162,16.779271708683435,10.14957983193275,144.45046526684746,1
1163,17.308963585434135,10.499859943977567,151.98138324799314,1
1164,17.889915966386514,10.815966386554598,156.4781738306012,1
1165,18.496498599439736,11.055182072829108,159.92345056134272,1
1166,19.12016806722685,11.226050420168042,163.12883162650607,1
1167,19.726750700280068,11.311484593837509,168.2290087816861,1
1168,20.31624649859939,11.328571428571404,173.36763665308382,1
1169,20.88011204481788,11.268767507002776,0.09842058658281799,1
1170,21.409803921568578,11.140616246498576,7.935996261386998,1
1171,21.90532212885149,10.9441176470588,17.102540054122443,1
1172,22.37521008403356,10.670728291316502,24.48661916297479,1
1173,22.81092436974785,10.346078431372526,33.766495726413716,1
1174,23.19537815126045,9.961624649859923,42.42246979789873,1
1175,23.511484593837483,9.54299719887953,52.12641155701112,1
1176,23.742156862745045,9.081652661064405,61.28022068493569,1
1177,23.895938375350084,8.603221288515389,71.037980534663,1
1178,23.96428571428566,8.099159663865528,81.87581221941502,1
1179,23.94719887955177,7.595098039215669,92.75265288099963,1
1180,23.83613445378146,7.0739495798319165,102.34315756589837,1
1181,23.64817927170863,6.578431372549005,111.38902045596451,1
1182,23.349159663865496,6.09145658263304,118.94479671501568,1
1183,22.964705882352888,5.647198879551809,125.3996892915354,1
1184,22.520448179271657,5.254201680672257,133.28372816421097,1
1185,22.050560224089587,4.9466386554621735,142.47125091457087,1
1186,21.51232492997194,4.7074229691876655,154.32269464771153,1
1187,20.974089635854295,4.604901960784304,169.67679559722873,1
1188,20.4273109243697,4.604901960784304,5.899212978186787,1
1189,19.871988795518163,4.7074229691876655,21.577345267573556,1
1190,19.308123249299676,4.921008403361333,36.0526438078677,1
1191,18.786974789915924,5.245658263305311,48.3366063773969,1
1192,18.291456582633014,5.638655462184862,59.00033456441283,1
1193,17.84719887955178,6.11708683473388,68.5925088039222,1
1194,17.488375350140018,6.638235294117632,76.30166232185367,1
1195,17.214985994397722,7.202100840336118,81.86421478536035,1
1196,17.02703081232489,7.7830532212884975,85.8828460744898,1
1197,16.92450980392153,8.398179271708665,88.78555069211828,1
1198,16.890336134453744,9.030392156862725,90.32831157281292,1
1199,16.90742296918764,9.705322128851519,92.32483808876984,1
1200,16.984313725490157,10.371708683473367,96.03498570698817,1
1201,17.146638655462144,11.02100840336132,103.05774823154486,1
1202,17.37731092436971,11.6019607843137,112.12638186879904,1
1203,17.69341736694674,12.114565826330505,123.45377015794725,1
1204,18.094957983193236,12.533193277310897,135.08035499842788,1
1205,18.573389355742258,12.86638655462182,146.14218106060147,1
1206,19.09453781512601,13.122689075630223,155.59977346660753,1
1207,19.65840336134449,13.310644257703052,164.35395343664356,1
1208,20.24789915966382,13.42170868347336,171.98656844720807,1
1209,20.837394957983143,13.438795518207252,179.08376916231288,1
1210,21.409803921568578,13.378991596638627,8.008014417519684,1
1211,21.939495798319278,13.225210084033582,18.117867457729538,1
1212,22.4008403361344,12.985994397759075,30.479014203238858,1
1213,22.768207282913117,12.678431372548992,44.89535279291312,1
1214,23.024509803921514,12.28543417366944,59.736403474191775,1
1215,23.15266106442572,11.84117647058821,74.44921000952725,1
1216,23.161204481792662,11.371288515406139,89.65416256166974,1
1217,23.04159663865541,10.901400560224065,105.07172785752898,1
1218,22.8023809523809,10.448599439775887,120.64499320736108,1
1219,22.46064425770303,10.072689075630228,134.09682006343098,1
1220,22.050560224089583,9.748039215686251,142.56083722354504,1
1221,21.57212885154057,9.46610644257701,147.66436467706606,1
1222,21.050980392156816,9.20126050420166,149.4845702164289,1
1223,20.52128851540612,8.927871148459364,147.98502816182761,1
1224,19.99159663865542,8.645938375350122,145.38529062594986,1
1225,19.444817927170824,8.355462184873932,144.23729927865628,1
1226,18.898039215686232,8.073529411764687,146.14784283655172,1
1227,18.37689075630248,7.842857142857125,150.45049083569097,1
1228,17.838655462184832,7.697619047619031,159.334802424946,1
1229,17.308963585434135,7.6463585434173496,171.63551133068282,1
1230,16.804901960784274,7.7147058823529235,7.14044000089998,1
1231,16.360644257703047,7.894117647058806,23.877139150141524,1
1232,15.976190476190443,8.17605042016805,41.78228022199199,1
1233,15.702801120448147,8.526330532212866,59.87373586103532,1
1234,15.531932773109208,8.910784313725468,76.72187991755617,1
1235,15.514845938375313,9.337955182072808,92.03495681308515,1
1236,15.625910364145621,9.78221288515404,106.04269168203054,1
1237,15.856582633053184,10.183753501400536,117.67410415215627,1
1238,16.18123249299716,10.534033613445356,128.66545185355753,1
1239,16.616946778711444,10.858683473389332,137.70657200136105,1
1240,17.103921568627413,11.097899159663841,147.69770443626965,1
1241,17.616526610644218,11.251680672268881,157.8947936800452,1
1242,18.163305322128814,11.337114845938348,169.83347056257222,1
1243,18.71862745098035,11.345658263305296,2.1945130001838593,1
1244,19.239775910364102,11.243137254901935,16.891721172160004,1
1245,19.70112044817923,11.021008403361318,32.29148290859766,1
1246,20.094117647058777,10.704901960784289,48.73490803954629,1
1247,20.37605042016802,10.328991596638634,63.52661813507586,1
1248,20.555462184873903,9.876190476190455,75.85183088052112,1
1249,20.632352941176425,9.397759103641436,85.3942380944451,1
1250,20.598179271708638,8.91078431372547,92.40270252878875,1
1251,20.495658263305273,8.43235294117645,99.70115186372695,1
1252,20.31624649859939,7.877030812324913,105.46483461447264,1
1253,20.068487394957938,7.287535014005586,109.72308831541457,1
1254,19.74383753501396,6.663865546218473,113.11923791881982,1
1255,19.359383753501355,6.023109243697466,116.77871332339988,1
1256,18.906582633053183,5.373809523809511,120.34707775513075,1
1257,18.41106442577027,4.801400560224079,126.32497664760004,1
1258,17.881372549019567,4.3400560224089535,133.84752429220748,1
1259,17.343137254901922,3.9726890756302433,143.55862259654285,1
1260,16.79635854341733,3.7163865546218404,152.43792370373302,1
1261,16.23249299719884,3.5455182072829055,159.65953687485197,1
1262,15.677170868347304,3.4600840336134375,166.07019411904315,1
1263,15.138935574229658,3.4344537815125973,172.39209129813273,1
1264,14.600700280112012,3.4771708683473306,178.1521078135698,1
1265,14.088095238095207,3.5711484593837453,6.0116002695496915,1
1266,13.62675070028008,3.724929971988787,15.378614451354354,1
1267,13.208123249299689,3.9385154061624563,24.31172238402214,1
1268,12.815126050420139,4.211904761904752,33.019236316506834,1
1269,12.464845938375323,4.562184873949569,42.50161963343719,1
1270,12.174369747899132,4.980812324929961,52.65854118351716,1
1271,11.926610644257675,5.450700280112033,62.853935011916896,1
1272,11.747198879551794,5.980392156862732,73.84001173556368,1
1273,11.65322128851538,6.544257703081217,83.59683420457301,1
1274,11.644677871148435,7.099579831932758,90.61762048530879,1
1275,11.695938375350114,7.6463585434173496,95.14194690908516,1
1276,11.798459383753475,8.193137254901943,97.6043930120771,1
1277,11.935154061624623,8.722829131652642,98.47561871192565,1
1278,12.106022408963558,9.278151260504181,98.06961088754208,1
1279,12.302521008403334,9.816386554621825,98.44001407074656,1
1280,12.533193277310897,10.346078431372526,100.42689165214256,1
1281,12.806582633053193,10.85868347338933,104.47263882842559,1
1282,13.139775910364117,11.354201680672244,111.10839533185285,1
1283,13.524229691876721,11.789915966386527,120.73973131782721,1
1284,13.951400560224059,12.199999999999973,130.62233976048327,1
1285,14.421288515406129,12.541736694677843,140.7103429259691,1
1286,14.925350140055988,12.815126050420139,149.81585976707893,1
1287,15.429411764705847,12.994537815126023,157.5232830167343,1
1288,15.92492997198876,13.079971988795489,164.31760706026026,1
1289,16.42044817927167,13.071428571428545,171.29116215802838,1
1290,16.890336134453744,12.985994397759075,177.6666384398115,1
1291,17.351680672268866,12.823669467787088,5.735528025105605,1
1292,17.7959383753501,12.592997198879525,14.981662227543874,1
1293,18.214565826330492,12.302521008403334,25.241661111335425,1
1294,18.581932773109205,11.960784313725464,36.607317232945356,1
1295,18.92366946778707,11.559243697478966,48.80351307987927,1
1296,19.214145658263266,11.097899159663841,59.63881645904002,1
1297,19.436274509803876,10.585294117647035,69.54915007313747,1
1298,19.598599439775864,10.047058823529389,78.02519207064816,1
1299,19.69257703081228,9.457563025210064,85.3615791234852,1
1300,19.709663865546172,8.893697478991578,92.25052641613058,1
1301,19.63277310924365,8.35546218487393,99.46969191195535,1
1302,19.45336134453777,7.8514005602240715,107.95833123726298,1
1303,19.154341736694636,7.372969187675054,119.35334589213888,1
1304,18.769887955182032,6.997058823529396,133.54838719396042,1
1305,18.29145658263301,6.689495798319312,149.15293774476382,1
1306,17.753221288515366,6.48445378151259,164.2067023870895,1
1307,17.197899159663827,6.3990196078431225,178.20917539759563,1
1308,16.66820728291313,6.43319327731091,10.673399902101997,1
1309,16.18977591036411,6.561344537815112,22.76416441224565,1
1310,15.762605042016773,6.809103641456568,36.4059591824596,1
1311,15.412324929971954,7.1422969187674905,50.58251610759698,1
1312,15.147478991596605,7.535294117647043,63.34948493071724,1
1313,14.950980392156831,7.988095238095221,73.85877925928492,1
1314,14.831372549019573,8.509243697478972,82.55921939683016,1
1315,14.79719887955179,9.038935574229672,89.02961972235015,1
1316,14.839915966386522,9.56862745098037,94.20341981686614,1
1317,14.942436974789882,10.089775910364123,99.03946994509161,1
1318,15.121848739495764,10.60238095238093,105.77890519722743,1
1319,15.36960784313722,11.063725490196052,112.72498271917611,1
1320,15.702801120448147,11.482352941176446,120.45204094105533,1
1321,16.104341736694643,11.866806722689049,130.3371898501889,1
1322,16.599859943977556,12.225630252100812,142.20270534065935,1
1323,17.146638655462148,12.516106442577001,153.6362700594705,1
1324,17.727591036414527,12.746778711484566,164.1362146529579,1
1325,18.317086834733853,12.900560224089606,173.80053570205206,1
1326,18.898039215686232,12.97745098039213,0.6927261813779884,1
1327,19.461904761904716,12.951820728291286,6.257439701214752,1
1328,20.017226890756255,12.849299719887927,13.336675300033622,1
1329,20.52983193277306,12.644257703081204,22.727329514873723,1
1330,20.991176470588186,12.362324929971962,34.18897077102769,1
1331,21.38417366946774,11.994957983193249,47.66015664847491,1
1332,21.657563025210035,11.567787114845911,61.84789700880422,1
1333,21.819887955182022,11.089355742296894,75.01879940460911,1
1334,21.871148459383704,10.585294117647035,87.02896273584568,1
1335,21.811344537815078,10.072689075630231,97.84154462737635,1
1336,21.649019607843087,9.577170868347318,108.03198228107848,1
1337,21.401260504201634,9.081652661064405,115.66102830897003,1
1338,21.076610644257656,8.59467787114844,120.95828279268899,1
1339,20.69215686274505,8.12478991596637,124.74679194889151,1
1340,20.264985994397712,7.663445378151243,127.01072517505011,1
1341,19.778011204481746,7.167927170868332,129.64036895762203,1
1342,19.239775910364102,6.6724089635854185,132.8144916828338,1
1343,18.658823529411723,6.176890756302507,134.7238677336056,1
1344,18.052240896358505,5.707002801120436,136.3361778795336,1
1345,17.40294117647055,5.245658263305311,139.72597547533786,1
1346,16.753641456582596,4.835574229691867,141.39408994128735,1
1347,16.13851540616243,4.493837535013995,144.07926603470847,1
1348,15.549019607843103,4.24607843137254,150.72320903512497,1
1349,15.00224089635851,4.083753501400551,160.23872728283027,1
1350,14.49817927170865,4.0324929971988706,171.31250105650918,1
1351,14.071008403361313,4.109383753501391,5.554918842554563,1
1352,13.695098039215656,4.288795518207274,19.66525177149181,1
1353,13.378991596638627,4.56218487394957,33.493765846712975,1
1354,13.105602240896328,4.90392156862744,46.45147037315248,1
1355,12.900560224089606,5.331092436974778,59.298178921644265,1
1356,12.755322128851512,5.8266106442576895,72.67452252597191,1
1357,12.695518207282884,6.356302521008389,86.23310716788,1
1358,12.755322128851512,6.87745098039214,99.46345368207437,1
1359,12.94327731092434,7.381512605042,112.49126403227844,1
1360,13.250840336134422,7.82577030812323,124.29066559705046,1
1361,13.643837535013976,8.176050420168048,136.21231491300668,1
1362,14.113725490196046,8.423809523809505,149.39392218658705,1
1363,14.617787114845905,8.569047619047598,163.76367592569585,1
1364,15.130392156862712,8.59467787114844,0.04328293682351492,1
1365,15.63445378151257,8.483613445378133,17.220168390707173,1
1366,16.104341736694643,8.235854341736674,34.074789980064025,1
1367,16.50588235294114,7.894117647058804,50.774014131312356,1
1368,16.813445378151222,7.432773109243681,67.36547194734868,1
1369,17.001400560224052,6.911624649859928,82.14933039139733,1
1370,17.078291316526574,6.3648459383753355,94.88919128923382,1
1371,17.03557422969184,5.80098039215685,106.14909948481007,1
1372,16.890336134453744,5.262745098039204,116.2610232386399,1
1373,16.651120448179235,4.8099439775910255,126.90491345835147,1
1374,16.34355742296915,4.4425770308123145,138.42765542797346,1
1375,15.9505602240896,4.152100840336125,149.24225828182122,1
1376,15.540476190476156,3.9726890756302433,159.3425244936988,1
1377,15.07913165266103,3.887254901960776,170.3175937286321,1
1378,14.592156862745066,3.895798319327722,1.3111628170558198,1
1379,14.122268907562994,3.98123249299719,12.899246761610717,1
1380,13.720728291316496,4.152100840336125,26.05147559853957,1
1381,13.353361344537785,4.416946778711474,38.74794212705554,1
1382,13.079971988795489,4.741596638655452,50.51287745109133,1
1383,12.900560224089608,5.108963585434163,61.44043149083542,1
1384,12.806582633053193,5.51050420168066,72.2353379724546,1
1385,12.798039215686247,5.9291316526610505,81.51238142619566,1
1386,12.883473389355714,6.364845938375336,89.90106777016024,1
1387,13.054341736694647,6.809103641456568,97.47010846029559,1
1388,13.319187675069998,7.2704481792716935,104.41992423306509,1
1389,13.65238095238092,7.714705882352925,111.27088298294397,1
1390,14.045378151260474,8.133333333333315,119.8735501195678,1
1391,14.489635854341703,8.475070028011185,128.6563338802895,1
1392,14.968067226890721,8.748459383753481,137.38123386824333,1
1393,15.463585434173634,8.927871148459364,146.85232897218665,1
1394,15.984733893557387,9.030392156862726,155.9051203244635,1
1395,16.514425770308087,9.064565826330512,162.69699337148415,1
1396,17.06120448179268,9.064565826330513,169.41725413774606,1
1397,17.625070028011162,9.021848739495779,173.88794946138657,1
1398,18.214565826330492,8.953501400560205,176.50181954163358,1
1399,18.821148459383714,8.85952380952379,177.32144586770906,1
1400,19.444817927170824,8.748459383753481,179.26250821782,1
1401,20.05994397759099,8.594677871148438,1.8490584160977002,1
1402,20.649439775910317,8.398179271708665,7.48455520090024,1
1403,21.19621848739491,8.141876750700261,15.947537672197399,1
1404,21.67464985994393,7.825770308123232,27.33129857797573,1
1405,22.076190476190426,7.432773109243681,40.207368539350014,1
1406,22.4008403361344,6.971428571428556,53.94363796844413,1
1407,22.640056022408913,6.458823529411751,67.31235156484288,1
1408,22.77675070028006,5.920588235294105,79.34936074420807,1
1409,22.8023809523809,5.373809523809512,91.40889216358568,1
1410,22.708403361344487,4.835574229691866,102.74365056177167,1
1411,22.494817927170818,4.322969187675061,113.06312347003576,1
1412,22.170168067226843,3.844537815126042,124.37160191490308,1
1413,21.75154061624645,3.4259103641456505,136.24300444876695,1
1414,21.264565826330482,3.092717086834727,148.46606913594118,1
1415,20.734873949579786,2.8791316526610577,161.3555758187656,1
1416,20.205182072829086,2.7936974789915903,175.52991915718624,1
1417,19.67549019607839,2.8535014005602175,10.610237640775187,1
1418,19.188515406162423,3.00728291316526,26.83943793660744,1
1419,18.735714285714245,3.2892156862745026,42.60262260663287,1
1420,18.342717086834693,3.656582633053213,57.14463551356056,1
1421,18.000980392156823,4.092296918767498,69.6652746931408,1
1422,17.770308123249258,4.570728291316516,80.22709727113944,1
1423,17.642156862745058,5.0833333333333215,89.67133211415606,1
1424,17.65924369747895,5.578851540616233,99.09841373860169,1
1425,17.7959383753501,6.048739495798306,108.06784065101859,1
1426,18.060784313725453,6.492997198879538,116.52394925307487,1
1427,18.42815126050416,6.903081232492982,124.16440922087972,1
1428,18.872408963585393,7.287535014005586,131.98497915898628,1
1429,19.376470588235254,7.6121848739495634,138.64834281988504,1
1430,19.940336134453737,7.885574229691859,146.51819580215647,1
1431,20.521288515406116,8.082072829131635,155.25764964845078,1
1432,21.0851540616246,8.17605042016805,165.0606799553681,1
1433,21.631932773109195,8.167507002801102,174.7931124499419,1
1434,22.153081232492948,8.073529411764687,3.972183430589227,1
1435,22.65714285714281,7.894117647058806,11.484378168530526,1
1436,23.161204481792666,7.637815126050404,17.881659470258025,1
1437,23.673809523809474,7.338795518207266,23.600539494390233,1
1438,24.17787114845933,6.997058823529396,28.5162592444499,1
1439,24.65630252100835,6.612605042016791,33.04060423944272,1
1440,25.109103641456525,6.176890756302507,38.501228238631796,1
1441,25.502100840336077,5.707002801120436,44.94299984849046,1
1442,25.82675070028005,5.202941176470576,50.78280682164135,1
1443,26.091596638655403,4.681792717086824,56.97537456987037,1
1444,26.288095238095178,4.152100840336126,64.32870387420618,1
1445,26.399159663865486,3.6394957983193192,70.54171024877833,1
1446,26.44187675070022,3.246498599439769,76.49747429752864,1
1447,26.390616246498542,2.947478991596632,84.90734505742,1
1448,26.2368347338935,2.708263305322123,94.9124541110414,1
1449,26.006162464985938,2.5203081232492943,105.49097645780141,1
1450,25.664425770308064,2.3750700280111987,116.84653071950561,1
1451,25.21162464985989,2.1700280112044767,129.48650918450483,1
1452,24.65630252100835,1.913725490196074,141.80978040602224,1
1453,24.049719887955128,1.6659663865546182,151.73669438791137,1
1454,23.38333333333328,1.4523809523809492,160.301414461504,1
1455,22.691316526610596,1.2900560224089606,168.0664267159538,1
1456,21.990756302520957,1.1704481792717059,173.08915486871825,1
1457,21.324369747899112,1.1191876750700254,175.13430142846133,1
1458,20.649439775910317,1.1106442577030786,177.13730171708295,1
1459,19.983053221288472,1.1362745098039189,178.07600717929316,1
1460,19.308123249299676,1.1789915966386528,178.25818422861767,1
1461,18.61610644257699,1.2644257703081203,178.447296937058,1
1462,17.88137254901957,1.3754901960784285,0.11679625845682548,1
1463,17.146638655462148,1.537815126050417,4.723193963910617,1
1464,16.446078431372513,1.734313725490192,11.675399359005091,1
1465,15.813865546218452,1.9906162464985946,22.423934616286466,1
1466,15.292717086834699,2.2896358543417312,37.082209933151454,1
1467,14.91680672268904,2.665546218487389,54.66498988025537,1
1468,14.677591036414535,3.0756302521008334,72.03128237188024,1
1469,14.557983193277277,3.554061624649852,86.80412752281785,1
1470,14.566526610644223,4.0666666666666575,98.98171597638672,1
1471,14.68613445378148,4.604901960784304,108.73246198781125,1
1472,14.891176470588203,5.100420168067215,118.40305023168983,1
1473,15.207282913165233,5.595938375350128,126.49164282008329,1
1474,15.625910364145621,6.040196078431359,133.81438931849095,1
1475,16.104341736694643,6.407563025210069,141.7013813451475,1
1476,16.625490196078395,6.689495798319314,149.52675134164585,1
1477,17.197899159663827,6.911624649859928,155.24353085538763,1
1478,17.77885154061621,7.048319327731076,161.16532495056458,1
1479,18.35126050420164,7.11666666666665,166.12948067366122,1
1480,18.93221288515402,7.16792717086833,167.9215359954292,1
1481,19.547338935574185,7.2106442577030645,167.34938045779853,1
1482,20.1710084033613,7.270448179271692,164.46261133072426,1
1483,20.794677871148412,7.330252100840321,160.90241225493514,1
1484,21.40126050420163,7.398599439775893,158.7159707063172,1
1485,21.990756302520957,7.441316526610628,159.79777007632183,1
1486,22.554621848739444,7.458403361344521,164.28894538406016,1
1487,23.11848739495793,7.4156862745097865,170.92231485927266,1
1488,23.690896358543363,7.338795518207266,177.7708213230885,1
1489,24.280392156862693,7.2106442577030645,2.6538867778995274,1
1490,24.878431372548967,7.03977591036413,6.520216660772533,1
1491,25.459383753501346,6.817647058823513,10.563709060333522,1
1492,25.99761904761899,6.544257703081217,16.522566958009346,1
1493,26.467507002801064,6.219607843137242,25.473565722137607,1
1494,26.860504201680612,5.852240896358531,36.33460683808853,1
1495,27.176610644257643,5.425070028011192,48.40777685965856,1
1496,27.39873949579826,4.963725490196067,60.74281542040545,1
1497,27.526890756302457,4.476750700280102,72.63713782789196,1
1498,27.56960784313719,3.964145658263297,82.40458840372834,1
1499,27.543977591036356,3.451540616246491,92.68365376054093,1
1500,27.424369747899096,2.9987394957983127,103.51586746915983,1
1501,27.21078431372543,2.6228291316526553,114.43326251198405,1
1502,26.8946778711484,2.323809523809518,126.88560636290549,1
1503,26.458963585434116,2.127310924369743,140.97249897407525,1
1504,25.903641456582573,2.024789915966382,153.77073539233496,1
1505,25.27997198879546,1.982072829131648,164.54898202357953,1
1506,24.605042016806667,1.9735294117647015,172.3064545590766,1
1507,23.90448179271703,1.9991596638655416,175.803671760982,1
1508,23.212464985994345,2.0162464985994353,176.51957858902355,1
1509,22.503361344537762,2.0333333333333288,175.22994641543312,1
1510,21.75154061624645,2.0333333333333288,171.302529448163,1
1511,20.974089635854295,2.0077030812324885,168.0390088705202,1
1512,20.179551820728246,1.956442577030808,165.17492264059032,1
1513,19.35084033613441,1.9051820728291275,162.44617181227548,1
1514,18.530672268907523,1.8282913165266064,160.8890793203566,1
1515,17.74467787114842,1.7599439775910324,162.19149763920996,1
1516,16.984313725490157,1.7257703081232454,164.90966015864717,1
1517,16.283753501400522,1.7599439775910324,172.7232688294502,1
1518,15.68571428571425,1.8453781512605,4.354263324946959,1
1519,15.173109243697445,2.0333333333333288,19.562901429494726,1
1520,14.763025210084,2.306722689075625,36.07563435336901,1
1521,14.472549019607811,2.6570028011204423,52.17911436968185,1
1522,14.29313725490193,3.049999999999993,66.37632572841059,1
1523,14.216246498599409,3.5113445378151185,80.06263022575425,1
1524,14.267507002801088,3.964145658263296,93.70121460612094,1
1525,14.429831932773078,4.408403361344528,107.59898085287868,1
1526,14.70322128851537,4.792857142857132,121.9873924960506,1
1527,15.07913165266103,5.1175070028011085,138.03110619601563,1
1528,15.540476190476156,5.339635854341725,154.47746074538813,1
1529,16.0787114845938,5.450700280112033,170.78249331483784,1
1530,16.642577030812287,5.43361344537814,6.937377940144096,1
1531,17.197899159663827,5.322549019607831,21.42310375111723,1
1532,17.71904761904758,5.091876750700268,32.65213155863359,1
1533,18.197478991596597,4.758683473389345,41.55671491403438,1
1534,18.607563025210045,4.3400560224089535,48.85375472998772,1
1535,18.974929971988754,3.853081232492989,54.61140217264995,1
1536,19.29103641456578,3.366106442577023,59.710027042316526,1
1537,19.59005602240892,2.9645658263305257,61.68538353532624,1
1538,19.880532212885107,2.639915966386549,58.505161276758294,1
1539,20.196638655462138,2.3921568627450926,51.119991566254654,1
1540,20.555462184873903,2.2469187675069975,38.34156704317732,1
1541,21.00826330532208,2.1187675070027963,25.080520080898,1
1542,21.555042016806674,1.9564425770308076,14.25201189130624,1
1543,22.17016806722684,1.7684873949579791,8.858880363781397,1
1544,22.75112044817922,1.5890756302520974,6.830419696058906,1
1545,23.289355742296866,1.4438375350140025,5.783056632120335,1
1546,23.78487394957978,1.349859943977588,4.522608481095868,1
1547,24.194957983193223,1.315686274509801,3.893504907669148,1
1548,24.562324929971936,1.3413165266106413,0.32412722829452156,1
1549,24.980952380952328,1.426750700280109,175.7127142214808,1
1550,25.450840336134398,1.5378151260504167,170.75845554303302,1
1551,25.97198879551815,1.6915966386554584,165.42100796612834,1
1552,26.561484593837474,1.8966386554621806,160.29065928643328,1
1553,27.13389355742291,2.127310924369743,155.98416101617286,1
1554,27.5525210084033,2.383613445378146,149.47549645488144,1
1555,27.842997198879488,2.674089635854336,141.97418707290836,1
1556,28.005322128851475,3.0072829131652594,134.0208238405079,1
1557,28.065126050420105,3.3746498599439705,126.65069418236783,1
1558,28.09929971988789,3.8018207282913083,121.4240295755395,1
1559,28.20182072829125,4.254621848739487,119.28073252645835,1
1560,28.321428571428505,4.707422969187665,117.37683856412661,1
1561,28.45812324929965,5.160224089635843,116.9774382529261,1
1562,28.586274509803854,5.595938375350128,116.25306195790753,1
1563,28.68879551820722,5.997478991596625,113.35965776653232,1
1564,28.774229691876684,6.390476190476176,110.16637919196977,1
1565,28.885294117646993,6.783473389355727,109.32729435175914,1
1566,28.97072829131646,7.150840336134438,107.08758203815384,1
1567,29.04761904761898,7.518207282913148,104.86823932964526,1
1568,29.115966386554554,7.894117647058806,104.70814102716604,1
1569,29.15868347338929,8.252941176470568,102.24869007835858,1
1570,29.167226890756233,8.603221288515387,99.49560404109106,1
1571,29.209943977590974,8.970588235294096,100.12870883629145,1
1572,29.209943977590967,9.30378151260502,99.1330101622101,1
1573,29.16722689075624,9.619887955182051,96.36919007651353,1
1574,29.1245098039215,9.978711484593816,94.91742737736318,1
1575,29.064705882352875,10.371708683473367,93.17085966706088,1
1576,28.945098039215623,10.781792717086812,88.49342219960066,1
1577,28.834033613445314,11.251680672268883,85.21802610358104,1
1578,28.722969187675005,11.781372549019583,82.51656791372925,1
1579,28.62044817927164,12.345238095238066,81.76503331484669,1
1580,28.52647058823523,12.934733893557393,81.91730923966004,1
1581,28.458123249299653,13.524229691876721,83.90144290151429,1
1582,28.406862745097975,14.113725490196046,86.42904183451515,1
1583,28.38977591036408,14.71176470588232,89.281464251961,1
1584,28.38977591036408,15.309803921568593,91.59046663866353,1
1585,28.432492997198814,15.899299719887921,93.95582682393278,1
1586,28.517927170868283,16.488795518207247,96.16662276394526,1
1587,28.646078431372484,17.044117647058783,99.08647568482544,1
1588,28.782773109243628,17.54817927170864,102.0967980402978,1
1589,28.91946778711478,18.009523809523774,103.51604810806552,1
1590,29.04761904761898,18.42815126050416,104.33359548300679,1
1591,29.15868347338929,18.821148459383714,105.28608081349327,1
1592,29.227030812324863,19.214145658263263,104.37442830224786,1
1593,29.29537815126044,19.624229691876707,103.66232234570197,1
1594,29.36372549019601,20.025770308123207,104.1108465187716,1
1595,29.42352941176464,20.427310924369703,105.12383625335764,1
1596,29.46624649859937,20.837394957983143,104.52809366315597,1
1597,29.50042016806716,21.24747899159659,104.3369824621852,1
1598,29.551680672268844,21.65756302521003,103.9016788849117,1
1599,29.585854341736628,22.059103641456534,103.4562962028637,1
1600,29.620028011204415,22.469187675069975,102.53341452061814,1
1601,29.64565826330525,22.862184873949527,102.70607763403888,1
1602,29.679831932773045,23.25518207282908,102.84883507188646,1
1603,29.696918767506936,23.65672268907558,102.79021844840999,1
1604,29.739635854341667,24.049719887955128,102.25860596205789,1
1605,29.790896358543353,24.451260504201628,101.93646261598286,1
1606,29.850700280111976,24.86134453781507,100.79077551562943,1
1607,29.910504201680606,25.262885154061568,100.3327491068651,1
1608,29.944677871148393,25.630252100840277,99.84768590122816,1
1609,29.970308123249236,26.006162464985938,99.58658775818766,1
1610,29.961764705882285,26.356442577030755,98.40321594547298,1
1611,29.961764705882285,26.72380952380946,98.54068285495379,1
1612,29.944677871148393,27.07408963585428,98.09102346808179,1
1613,29.919047619047547,27.39873949579826,96.68053285929216,1
1614,29.884873949579763,27.723389355742235,95.420474139855,1
1615,29.87633053221282,28.03949579831927,95.33896740586037,1
1616,29.89341736694671,28.38123249299714,95.88134356040636,1
1617,29.89341736694671,28.71442577030806,94.45046383711956,1
1618,29.89341736694671,28.97927170868341,94.71407070540774,1
1619,29.89341736694671,29.192857142857076,94.98223879787429,1
1620,29.89341736694671,29.329551820728227,95.30561908972687,1
1621,29.859243697478924,29.363725490196014,94.67204149075269,1
1622,29.89341736694671,29.35518207282907,97.08190089492426,1
1623,29.93613445378145,29.363725490196014,97.95979321991878,1
1624,30.01302521008397,29.355182072829063,99.09415591101939,1
1625,30.072829131652593,29.38935574229685,98.79821840526357,1
1626,30.098459383753436,29.38935574229685,98.39480913578487,1
1627,30.115546218487328,29.40644257703075,97.60516998388904,1
1628,30.149719887955115,29.432072829131585,97.69004869300983,1
1629,30.12408963585428,29.44915966386548,97.75028640822288,1
1630,30.072829131652593,29.432072829131585,98.8739143560236,1
1631,30.047198879551757,29.432072829131585,99.88726686772002,1
1632,29.987394957983128,29.42352941176464,101.34659829017423,1
1633,29.910504201680606,29.414985994397693,103.25089567563562,1
1634,29.850700280111976,29.42352941176464,105.51553162300326,1
1635,29.81652661064419,29.440616246498536,107.47634584192294,1
1636,29.782352941176402,29.46624649859937,109.57236672228052,1
1637,29.748179271708615,29.48333333333327,110.6330433367381,1
1638,29.722549019607776,29.50042016806716,111.28068316158516,1
1639,29.70546218487388,29.508963585434106,112.05936495518888,1
1640,29.68837535013999,29.526050420168,112.69520493551634,1
1641,29.671288515406093,29.53459383753495,113.04891480627364,1
1642,29.662745098039146,29.543137254901893,113.607034196854,1
1643,29.645658263305258,29.56022408963579,114.73673094038018,1
1644,29.62857142857136,29.57731092436968,114.96412057441079,1
1645,29.62857142857136,29.57731092436968,115.3259342860558,1
1646,29.63711484593831,29.57731092436968,115.30093751504594,1
1647,29.645658263305258,29.568767507002736,115.22592601885847,1
1648,29.662745098039146,29.56022408963579,115.37939601235341,1
1649,29.671288515406093,29.551680672268837,115.56906974827774,1
1650,29.679831932773045,29.56022408963579,115.85253790033299,1
1651,29.68837535013999,29.56022408963579,116.09383952456801,1
1652,29.70546218487388,29.56022408963579,116.23781315719293,1
1653,29.739635854341667,29.491876750700214,111.42535966603683,1
1654,29.782352941176406,29.40644257703075,106.40161402336805,1
1655,29.807983193277245,29.312464985994332,100.5474655532454,1
1656,29.825070028011133,29.23557422969181,95.94536055514247,1
1657,29.83361344537808,29.15868347338929,91.8344787531666,1
1658,29.842156862745032,29.133053221288453,92.03044859257727,1
1659,29.867787114845868,29.115966386554554,91.76266096848187,1
1660,29.89341736694671,29.098879551820666,92.10663117086756,1
1661,29.927591036414498,29.073249299719823,92.13476837545201,1
1662,29.961764705882285,29.05616246498593,91.82084863326706,1
1663,29.978851540616176,29.047619047618984,91.46338554490224,1
1664,29.978851540616176,29.05616246498593,91.39229626116067,1
1665,29.978851540616176,29.04761904761898,91.14777424607904,1
1666,29.961764705882285,29.04761904761898,90.10912055761871,1
1667,29.944677871148393,29.05616246498593,90.13504602987754,1
1668,29.910504201680606,29.115966386554554,91.43383691047605,1
1669,29.850700280111976,29.209943977590974,96.52632748001737,1
1670,29.799439775910297,29.33809523809517,102.11695011448437,1
1671,29.748179271708615,29.44915966386548,108.37619073791613,1
1672,29.679831932773045,29.56022408963579,115.06191285005882,1
1673,29.594397759103572,29.611484593837467,120.84986607041708,1
1674,29.508963585434106,29.611484593837467,122.60952397086983,1
1675,29.432072829131585,29.602941176470523,124.35729900448897,1
1676,29.36372549019601,29.585854341736628,125.31150774702513,1
1677,25.16890756302515,23.10140056022404,132.73772927894336,1
1678,20.999719887955134,16.625490196078395,144.4645807041387,1
1679,16.864705882352904,10.158123249299695,160.22719500907633,1
1680,12.721148459383723,3.6822128851540534,172.84462737342338,1
1681,8.124789915966367,-2.76806722689075,179.8759623584626,1
1682,7.671988795518191,-2.7595238095238033,179.81014147282576,1
1683,7.219187675070012,-2.7509803921568565,179.75480006727418,1
1684,6.817647058823513,4.041036414565817,179.5005116948953,1
1685,6.236694677871134,10.833053221288491,179.22799046779988,1
1686,10.815966386554598,17.103921568627413,174.1751696775906,1
1687,15.412324929971954,23.38333333333328,158.97103231089287,1
1688,19.98305322128847,29.671288515406097,128.83826685117972,1
1689,24.51106442577025,29.18431372549013,124.9464198670365,1
1690,29.261204481792653,28.68025210084027,120.42091776196133,1
1691,29.312464985994335,28.68879551820722,131.18144803026345,1
1692,29.34663865546212,28.697338935574162,137.29430236757202,1
1693,29.363725490196014,28.697338935574162,151.7832608889507,1
1694,29.27829131652654,28.71442577030806,141.6039583276532,1
1695,29.141596638655397,28.748599439775848,123.23838658925348,1
1696,28.987815126050357,28.80840336134447,96.79925999816042,1
1697,28.816946778711422,28.85112044817921,90.74310686081682,1
1698,28.705882352941114,28.893837535013937,98.19639509373705,1
1699,28.68879551820722,28.902380952380888,98.0772577771084,1
1700,23.443137254901906,29.37226890756296,104.87789382058803,1
1701,18.094957983193233,23.050140056022354,122.34194421232067,1
1702,12.755322128851512,16.736554621848704,162.78038049795305,1
1703,7.509663865546202,17.18935574229688,176.85052240383592,1
1704,2.246918767506998,17.650700280112005,177.82660179970088,1
1705,2.2298319327731044,17.64215686274506,177.72562114644296,1
1706,3.143977591036408,24.425630252100785,177.9134082332195,1
1707,3.9385154061624563,31.20910364145651,178.0265326743267,1
1708,4.630532212885145,31.226190476190403,178.54397937401168,1
1709,4.980812324929961,31.226190476190403,178.80225892641425,1
1710,4.921008403361333,24.468347338935516,179.3537715726773,1
1711,4.80140056022408,24.468347338935512,179.29680811837966,1
1712,4.8099439775910255,24.468347338935516,179.33713507571008,1
1713,4.023949579831924,24.442717086834676,178.63558502250413,1
1714,3.5711484593837453,24.434173669467732,178.34620925854972,1
1715,3.5028011204481713,31.192016806722613,177.45439841244033,1
1716,2.674089635854336,31.157843137254833,176.49219832241164,1
1717,1.8368347338935531,31.123669467787046,175.49936956779476,1
1718,1.7855742296918726,31.1151260504201,175.35235803078032,1
1719,7.108123249299704,30.73921568627444,167.77537522313577,1
1720,12.439215686274483,30.371848739495725,156.77497042442488,1
1721,17.787394957983153,30.013025210083963,142.356105931954,1
1722,18.539215686274467,30.04719887955175,143.03645770504087,1
1723,24.25476190476185,29.568767507002736,128.25891172052192,1
1724,24.553781512604985,29.42352941176464,125.42200904275572,1
1725,24.88697478991591,29.303921568627384,123.13982970205767,1
1726,25.211624649859885,29.192857142857076,120.82892109339573,1
1727,30.14117647058817,28.70588235294111,114.02833206316845,1
1728,30.10700280112038,28.67170868347332,115.42758728796773,1
1729,30.10700280112038,28.67170868347332,117.10128937232307,1
1730,30.10700280112038,28.663165266106375,115.84454151342382,1
1731,30.115546218487328,28.63753501400554,117.12314219295723,1
1732,30.098459383753436,28.62044817927164,121.39691055599695,1
1733,30.06428571428565,28.63753501400554,125.26995755018645,1
1734,30.14117647058817,28.73151260504195,125.37341288806799,1
1735,30.149719887955115,28.774229691876684,129.3729571678196,1
1736,30.243697478991532,28.953641456582567,128.6770638223338,1
1737,30.36330532212878,29.10742296918761,124.98662563872094,0
1738,30.517086834733824,29.303921568627384,121.06668019169479,1
1739,30.576890756302454,29.414985994397693,121.75785090410213,1
1740,30.653781512604972,29.491876750700214,118.98641716491309,1
1741,30.60252100840329,29.397899159663798,120.33291272339733,1
1742,30.55126050420161,29.29537815126044,121.58914424260888,1
1743,30.491456582632985,29.18431372549013,122.12414284529805,1
1744,30.499999999999932,29.18431372549013,121.82343193189803,1
1745,30.465826330532146,29.124509803921505,121.86418972211368,1
1746,30.465826330532146,29.10742296918761,121.55952406876267,1
1747,30.465826330532146,29.10742296918761,121.47896533720953,1
1748,30.465826330532146,29.090336134453718,120.7012831947393,1
1749,30.406022408963516,28.97072829131646,120.47618337205351,1
1750,30.414565826330463,28.97072829131646,120.64985875661333,0
1751,30.414565826330463,28.97072829131646,120.55799828868263,0
1752,30.414565826330463,28.953641456582567,120.10884121698605,1
1753,30.337675070027945,28.902380952380884,123.81217661964564,1
1754,30.25224089635848,28.842577030812258,127.43529694732086,1
1755,30.17535014005595,28.782773109243635,131.51148664929082,1
1756,30.02156862745091,28.663165266106375,139.58855460906977,1
1757,29.89341736694671,28.57773109243691,146.89109788767516,1
1758,29.87633053221282,28.543557422969126,146.47250963774468,1
1759,29.833613445378084,28.44957983193271,142.96567420048592,1
1760,29.782352941176402,28.38977591036408,142.10677608570705,1
1761,29.82507002801114,28.432492997198814,137.70501450029323,1
1762,29.842156862745032,28.44957983193271,134.66307227117642,0
1763,29.825070028011133,28.458123249299653,135.36109680294672,0
1764,29.842156862745032,28.535014005602175,139.35717110960465,0
1765,29.859243697478924,28.57773109243691,140.0806884765625,0
1766,29.901960784313662,28.586274509803854,138.34703574384616,1
1767,29.95322128851534,28.586274509803854,132.9097559517527,1
1768,30.01302521008397,28.57773109243691,126.32140399344422,1
1769,30.08137254901954,28.57773109243691,119.11705238327708,1
1770,30.14117647058817,28.56918767506996,112.99245165797412,1
1771,30.16680672268901,28.569187675069962,107.85563240273457,1
1772,30.175350140055958,28.56064425770301,106.84216989627132,1
1773,30.16680672268901,28.552100840336067,107.1601883525008,1
1774,30.149719887955115,28.52647058823523,109.89268856516323,1
1775,30.14117647058817,28.526470588235224,113.10529366989086,1
1776,30.10700280112038,28.535014005602175,120.39347313619237,1
1777,30.08137254901954,28.560644257703018,127.81734917949946,0
1778,30.064285714285642,28.594817927170805,134.3131747949575,0
1779,30.04719887955175,28.63753501400554,138.6673326671177,0
1780,30.03011204481786,28.66316526610638,141.89208984375,0
1781,30.03011204481786,28.66316526610638,141.89208984375,0
1782,30.03011204481786,28.66316526610638,141.89208984375,0
1783,30.03011204481786,28.66316526610638,141.89208984375,0
1784,30.03011204481786,28.66316526610638,141.89208984375,0
1785,30.03011204481786,28.66316526610638,141.89208984375,0
1786,30.03011204481786,28.66316526610638,141.89208984375,0
1787,30.03011204481786,28.66316526610638,141.89208984375,0
1788,30.03011204481786,28.66316526610638,141.89208984375,0
1789,30.03011204481786,28.66316526610638,141.89208984375,0
1790,30.03011204481786,28.66316526610638,141.89208984375,0
1791,30.10700280112038,28.68879551820722,138.9400139440237,1
1792,30.115546218487328,28.65462184873943,135.87400481123302,1
1793,30.132633053221223,28.620448179271648,132.69928277872776,1
1794,30.21806722689069,28.646078431372484,129.16299001672252,1
1795,30.303501400560158,28.671708683473327,125.74446008070473,0
1796,30.31204481792711,28.671708683473327,125.26910305524467,0
1797,30.388935574229627,28.73151260504195,124.80654865312425,0
1798,30.4572829131652,28.79131652661058,124.41598510742188,0
1799,30.4572829131652,28.79131652661058,124.41598510742188,0
1800,30.4572829131652,28.79131652661058,124.41598510742188,0
1801,30.4572829131652,28.79131652661058,124.41598510742188,0
1802,30.4572829131652,28.79131652661058,124.41598510742188,0
1803,30.440196078431306,28.76568627450974,123.86217498910361,1
1804,30.371848739495732,28.705882352941114,124.39564390936998,1
1805,30.31204481792711,28.65462184873943,124.37222372868271,1
1806,30.25224089635848,28.603361344537753,125.84440418235027,1
1807,30.19243697478985,28.552100840336067,126.88779851489076,1
1808,30.149719887955115,28.526470588235224,128.1393105917849,1
1809,30.149719887955115,28.543557422969123,131.21826538683962,1
1810,30.21806722689069,28.586274509803854,130.011645926357,1
1811,30.25224089635848,28.57773109243691,131.44163978312818,1
1812,30.28641456582626,28.569187675069962,133.35285279668705,0
1813,30.320588235294053,28.560644257703018,135.61770517223005,0
1814,30.363305322128788,28.543557422969123,134.80831059137927,0
1815,30.329131652661,28.492296918767444,138.76368713378906,0
1816,29.978851540616184,28.671708683473327,137.14207631438225,1
1817,29.602941176470523,28.80840336134447,132.59098143543005,1
1818,29.252661064425705,29.004901960784252,129.93410835762776,1
1819,28.893837535013937,29.192857142857076,125.83513117558434,1
1820,28.552100840336074,29.38935574229685,122.62110562831649,1
1821,28.62044817927164,29.38935574229685,123.87233584847809,1
1822,28.637535014005532,29.47478991596632,125.2418818071933,1
1823,28.62899159663859,29.526050420168,124.70923277625297,1
1824,28.62044817927164,29.602941176470523,125.72130982496935,1
1825,28.5948179271708,29.679831932773045,126.81406846524222,1
1826,28.500840336134388,29.773809523809454,124.51208008801684,1
1827,28.492296918767444,29.83361344537808,125.85066220915941,1
1828,28.535014005602175,29.859243697478924,127.4620857753684,1
1829,28.569187675069962,29.901960784313655,132.25570718302072,1
1830,28.594817927170805,29.961764705882285,138.16312910400035,1
1831,28.63753501400554,30.030112044817862,142.88837100852626,1
1832,28.671708683473327,30.098459383753436,146.650204490694,1
1833,28.65462184873943,30.183893557422902,149.98770602757523,1
1834,28.654621848739435,30.235154061624588,149.81836053372447,1
1835,28.65462184873943,30.243697478991532,146.99614744725594,1
1836,28.646078431372484,30.235154061624588,146.80512741462476,1
1837,28.65462184873943,30.226610644257637,146.38867340193377,1
1838,28.65462184873943,30.19243697478985,145.7769113830371,1
1839,28.65462184873943,30.149719887955115,144.65186061947819,1
1840,28.663165266106375,30.10700280112038,144.26236532279626,1
1841,28.671708683473327,30.06428571428565,142.53927086923548,1
1842,28.66316526610638,30.01302521008397,141.14691339930982,1
1843,28.671708683473327,29.961764705882285,138.81803736189272,1
1844,28.68025210084027,29.927591036414505,136.88050580420867,1
1845,28.646078431372484,29.93613445378145,134.73829809774728,1
1846,28.65462184873943,29.919047619047554,133.05496141014913,1
1847,28.663165266106375,29.901960784313655,132.71594778196612,1
1848,28.65462184873943,29.910504201680606,135.44452183617415,1
1849,28.646078431372484,29.927591036414498,136.0951133367847,1
1850,28.663165266106375,29.927591036414498,137.70494307469377,1
1851,28.63753501400554,29.970308123249232,140.42153206840953,1
1852,28.603361344537753,30.01302521008397,144.19750823152629,1
1853,28.57773109243691,30.04719887955175,147.42497747138418,1
1854,28.569187675069962,30.081372549019544,149.81259915036364,1
1855,28.569187675069962,30.11554621848733,150.34926827187473,1
1856,28.569187675069962,30.149719887955115,151.8612687555417,1
1857,28.57773109243691,30.2009803921568,151.4939251719025,1
1858,28.57773109243691,30.24369747899153,149.01490707727626,1
1859,28.552100840336067,30.260784313725424,150.26767950563033,1
1860,28.535014005602175,30.25224089635848,151.45098619480177,1
1861,28.509383753501332,30.226610644257637,147.77687927261675,1
1862,28.492296918767444,30.183893557422902,143.5968355995005,1
1863,28.492296918767444,30.13263305322122,142.74656471166625,1
1864,28.492296918767444,30.072829131652593,140.5203940322969,1
1865,28.500840336134388,30.01302521008397,139.04012683592168,1
1866,28.51792717086828,29.93613445378145,141.46063968890888,1
1867,28.526470588235224,29.859243697478924,144.18849962587308,1
1868,28.526470588235224,29.81652661064419,142.4188355670609,1
1869,28.51792717086828,29.790896358543346,138.6271302343514,1
1870,28.509383753501332,29.790896358543353,140.30919674997241,1
1871,28.492296918767444,29.807983193277245,139.67935859028634,1
1872,28.483753501400496,29.81652661064419,139.7219047220118,1
1873,28.475210084033552,29.807983193277245,140.67444015127234,1
1874,28.441036414565765,29.81652661064419,139.76264541917863,1
1875,28.406862745097975,29.825070028011133,133.1934956052994,1
1876,28.364145658263244,29.859243697478924,129.0807836570214,1
1877,28.304341736694614,29.884873949579763,124.21673730861849,1
1878,28.218907563025148,29.87633053221282,118.1026492985695,1
1879,28.16764705882347,29.82507002801114,117.10673331965691,1
1880,28.116386554621783,29.748179271708615,115.01743662689054,1
1881,28.082212885153996,29.645658263305258,112.45564095093636,1
1882,28.065126050420105,29.585854341736628,109.7004528615962,1
1883,28.065126050420105,29.56022408963579,109.3704804428597,1
1884,28.082212885154,29.611484593837467,112.33508179500654,1
1885,28.065126050420105,29.6542016806722,112.51575047537703,1
1886,28.05658263305316,29.731092436974723,110.79598078367935,1
1887,28.04803921568621,29.790896358543353,109.74135835473813,1
1888,28.030952380952318,29.850700280111976,105.26084658798445,1
1889,27.996778711484534,29.833613445378084,98.60177841546195,1
1890,28.013865546218426,29.825070028011133,92.59816575909326,1
1891,28.02240896358537,29.790896358543353,84.72665414397889,1
1892,27.99677871148453,29.773809523809454,72.92334783929687,1
1893,28.005322128851482,29.76526610644251,70.6987539073902,1
1894,27.97114845938369,29.884873949579763,72.92472180347224,1
1895,27.91988795518201,30.021568627450915,84.56163432903307,1
1896,27.860084033613383,30.15826330532206,108.97049895531605,1
1897,27.825910364145596,30.269327731092368,118.73739501651447,0
1898,27.774649859943917,30.37184873949573,126.15092856377598,0
1899,28.116386554621783,30.13263305322122,131.24685537902707,1
1900,28.44957983193271,29.89341736694671,136.85410952596234,0
1901,28.79131652661058,29.6542016806722,142.11941647501425,0
1902,29.133053221288446,29.414985994397693,147.21401299361202,0
1903,29.47478991596632,29.175770308123184,151.85647583007812,0
1904,29.47478991596632,29.175770308123184,151.85647583007812,0
1905,29.47478991596632,29.175770308123184,151.85647583007812,0
1906,29.47478991596632,29.175770308123184,151.85647583007812,0
1907,29.47478991596632,29.175770308123184,151.85647583007812,0
1908,29.175770308123184,29.48333333333327,149.79115234870602,1
1909,28.893837535013944,29.782352941176402,148.50121554614654,1
1910,28.646078431372484,30.115546218487328,148.83384135129774,1
1911,28.441036414565765,30.465826330532146,149.54226569578418,1
1912,28.124929971988735,30.77338935574223,149.1163692959711,1
1913,28.090756302520948,30.76484593837528,150.33173525876722,1
1914,28.287254901960722,30.87591036414559,154.1812608168614,1
1915,28.2103641456582,30.85028011204475,153.20128480743261,1
1916,28.090756302520948,30.807563025210015,151.8328965807837,0
1917,28.082212885154,30.807563025210015,151.61744330586248,0
1918,28.09075630252094,30.81610644257696,151.85571994171033,0
1919,27.860084033613383,30.730672268907494,150.4232129771931,1
1920,27.86862745098033,30.747759103641386,152.16030580990977,0
1921,27.988235294117583,30.81610644257696,154.32708861492452,1
1922,28.090756302520948,30.87591036414559,156.6440957676694,1
1923,28.184733893557357,30.927170868347268,159.05725689408638,1
1924,28.270168067226827,30.96134453781506,159.75732093613647,0
1925,28.355602240896296,30.995518207282846,160.45661069087814,0
1926,28.329971988795457,30.978431372548947,160.73327188951976,0
1927,28.32142857142851,30.969887955182003,160.8575439453125,0
1928,28.32142857142851,30.969887955182003,160.8575439453125,0
1929,28.32142857142851,30.969887955182003,160.8575439453125,0
1930,28.32142857142851,30.969887955182003,160.8575439453125,0
1931,28.32142857142851,30.969887955182003,160.8575439453125,0
1932,28.32142857142851,30.969887955182003,160.8575439453125,0
1933,28.32142857142851,30.969887955182003,160.8575439453125,0
1934,28.32142857142851,30.969887955182003,160.8575439453125,0
1935,28.32142857142851,30.969887955182003,160.8575439453125,0
1936,28.32142857142851,30.969887955182003,160.8575439453125,0
1937,28.32142857142851,30.969887955182003,160.8575439453125,0
1938,28.32142857142851,30.969887955182003,160.8575439453125,0
1939,28.32142857142851,30.969887955182003,160.8575439453125,0
1940,28.32142857142851,30.969887955182003,160.8575439453125,0
1941,28.32142857142851,30.969887955182003,160.8575439453125,0
1942,28.32142857142851,30.969887955182003,160.8575439453125,0
1943,28.32142857142851,30.969887955182003,160.8575439453125,0
1944,28.32142857142851,30.969887955182003,160.8575439453125,0
1945,28.32142857142851,30.969887955182003,160.8575439453125,0
1946,28.32142857142851,30.969887955182003,160.8575439453125,0
1947,28.32142857142851,30.969887955182003,160.8575439453125,0
1948,28.32142857142851,30.969887955182003,160.8575439453125,0
1949,28.32142857142851,30.969887955182003,160.8575439453125,0
1950,28.32142857142851,30.969887955182003,160.8575439453125,0
1951,28.32142857142851,30.969887955182003,160.8575439453125,0
1952,28.32142857142851,30.969887955182003,160.8575439453125,0
1953,28.32142857142851,30.969887955182003,160.8575439453125,0
1954,28.32142857142851,30.969887955182003,160.8575439453125,0
1955,28.32142857142851,30.969887955182003,160.8575439453125,0
1956,28.32142857142851,30.969887955182003,160.8575439453125,0
1957,28.32142857142851,30.969887955182003,160.8575439453125,0
1958,28.32142857142851,30.969887955182003,160.8575439453125,0
1959,28.32142857142851,30.969887955182003,160.8575439453125,0
1960,28.32142857142851,30.969887955182003,160.8575439453125,0
1961,28.32142857142851,30.969887955182003,160.8575439453125,0
1962,28.32142857142851,30.969887955182003,160.8575439453125,0
1963,28.32142857142851,30.969887955182003,160.8575439453125,0
1964,28.32142857142851,30.969887955182003,160.8575439453125,0
1965,28.32142857142851,30.969887955182003,160.8575439453125,0
1966,28.32142857142851,30.969887955182003,160.8575439453125,0
1967,28.32142857142851,30.969887955182003,160.8575439453125,0
1968,28.32142857142851,30.969887955182003,160.8575439453125,0
1969,28.32142857142851,30.969887955182003,160.8575439453125,0
1970,28.32142857142851,30.969887955182003,160.8575439453125,0
1971,28.32142857142851,30.969887955182003,160.8575439453125,0
1972,28.32142857142851,30.969887955182003,160.8575439453125,0
1973,28.32142857142851,30.969887955182003,160.8575439453125,0
1974,28.32142857142851,30.969887955182003,160.8575439453125,0
1975,28.32142857142851,30.969887955182003,160.8575439453125,0
1976,28.32142857142851,30.969887955182003,160.8575439453125,0
1977,28.32142857142851,30.969887955182003,160.8575439453125,0
1978,28.32142857142851,30.969887955182003,160.8575439453125,0
1979,28.32142857142851,30.969887955182003,160.8575439453125,0
1980,28.32142857142851,30.969887955182003,160.8575439453125,0
1981,28.32142857142851,30.969887955182003,160.8575439453125,0
1982,28.32142857142851,30.969887955182003,160.8575439453125,0
1983,28.32142857142851,30.969887955182003,160.8575439453125,0
1984,28.32142857142851,30.969887955182003,160.8575439453125,0
1985,28.32142857142851,30.969887955182003,160.8575439453125,0
1986,28.32142857142851,30.969887955182003,160.8575439453125,0
1987,28.32142857142851,30.969887955182003,160.8575439453125,0
1988,28.32142857142851,30.969887955182003,160.8575439453125,0
1989,28.32142857142851,30.969887955182003,160.8575439453125,0
1990,28.32142857142851,30.969887955182003,160.8575439453125,0
1991,28.32142857142851,30.969887955182003,160.8575439453125,0
1992,28.32142857142851,30.969887955182003,160.8575439453125,0
1993,28.32142857142851,30.969887955182003,160.8575439453125,0
1994,28.32142857142851,30.969887955182003,160.8575439453125,0
1995,28.32142857142851,30.969887955182003,160.8575439453125,0
1996,28.32142857142851,30.969887955182003,160.8575439453125,0
1997,28.32142857142851,30.969887955182003,160.8575439453125,0
1998,28.32142857142851,30.969887955182003,160.8575439453125,0
1999,28.32142857142851,30.969887955182003,160.8575439453125,0
2000,28.32142857142851,30.969887955182003,160.8575439453125,0
2001,28.32142857142851,30.969887955182003,160.8575439453125,0
2002,28.32142857142851,30.969887955182003,160.8575439453125,0
2003,28.32142857142851,30.969887955182003,160.8575439453125,0
2004,28.32142857142851,30.969887955182003,160.8575439453125,0
2005,28.32142857142851,30.969887955182003,160.8575439453125,0
2006,28.32142857142851,30.969887955182003,160.8575439453125,0
2007,28.32142857142851,30.969887955182003,160.8575439453125,0
2008,28.32142857142851,30.969887955182003,160.8575439453125,0
2009,28.32142857142851,30.969887955182003,160.8575439453125,0
2010,28.32142857142851,30.969887955182003,160.8575439453125,0
2011,28.32142857142851,30.969887955182003,160.8575439453125,0
2012,28.32142857142851,30.969887955182003,160.8575439453125,0
2013,28.32142857142851,30.969887955182003,160.8575439453125,0
2014,28.577731092436913,30.593977591036342,159.23404525279452,1
2015,28.58627450980386,30.23515406162458,165.3672919939293,1
2016,28.842577030812258,29.859243697478924,163.60426463958765,1
2017,29.073249299719823,29.474789915966323,161.53520845434306,1
2018,29.303921568627384,29.090336134453718,159.41054358507623,0
2019,29.098879551820666,29.244117647058754,164.7868734964916,1
2020,29.141596638655393,29.380812324929906,161.37984090734943,0
2021,28.93655462184867,29.53459383753495,166.0950053391014,0
2022,28.757142857142792,29.696918767506936,170.89825893942708,0
2023,28.57773109243691,29.859243697478924,175.31993103027344,0
2024,28.57773109243691,29.859243697478924,175.31993103027344,0
2025,28.57773109243691,29.859243697478924,175.31993103027344,0
2026,28.57773109243691,29.859243697478924,175.31993103027344,0
2027,28.57773109243691,29.859243697478924,175.31993103027344,0
2028,28.57773109243691,29.859243697478924,175.31993103027344,0
2029,28.57773109243691,29.859243697478924,175.31993103027344,0
2030,28.57773109243691,29.859243697478924,175.31993103027344,0
2031,28.57773109243691,29.859243697478924,175.31993103027344,0
2032,28.57773109243691,29.859243697478924,175.31993103027344,0
2033,28.57773109243691,29.859243697478924,175.31993103027344,0
2034,28.57773109243691,29.859243697478924,175.31993103027344,0
2035,28.57773109243691,29.859243697478924,175.31993103027344,0
2036,28.57773109243691,29.859243697478924,175.31993103027344,0
2037,28.57773109243691,29.859243697478924,175.31993103027344,0
2038,28.57773109243691,29.859243697478924,175.31993103027344,0
2039,28.57773109243691,29.859243697478924,175.31993103027344,0
2040,28.57773109243691,29.859243697478924,175.31993103027344,0
2041,28.57773109243691,29.859243697478924,175.31993103027344,0
2042,28.57773109243691,29.859243697478924,175.31993103027344,0
2043,28.57773109243691,29.859243697478924,175.31993103027344,0
2044,28.57773109243691,29.859243697478924,175.31993103027344,0
2045,28.57773109243691,29.859243697478924,175.31993103027344,0
2046,28.57773109243691,29.859243697478924,175.31993103027344,0
2047,28.57773109243691,29.859243697478924,175.31993103027344,0
2048,28.57773109243691,29.859243697478924,175.31993103027344,0
2049,28.57773109243691,29.859243697478924,175.31993103027344,0
2050,28.57773109243691,29.859243697478924,175.31993103027344,0
2051,28.57773109243691,29.859243697478924,175.31993103027344,0
2052,28.57773109243691,29.859243697478924,175.31993103027344,0
2053,28.57773109243691,29.859243697478924,175.31993103027344,0
2054,28.57773109243691,29.859243697478924,175.31993103027344,0
2055,28.57773109243691,29.859243697478924,175.31993103027344,0
2056,28.57773109243691,29.859243697478924,175.31993103027344,0
2057,28.57773109243691,29.859243697478924,175.31993103027344,0
2058,28.57773109243691,29.859243697478924,175.31993103027344,0
2059,28.57773109243691,29.859243697478924,175.31993103027344,0
2060,28.57773109243691,29.859243697478924,175.31993103027344,0
2061,28.57773109243691,29.859243697478924,175.31993103027344,0
2062,28.57773109243691,29.859243697478924,175.31993103027344,0
2063,28.57773109243691,29.859243697478924,175.31993103027344,0
2064,28.57773109243691,29.859243697478924,175.31993103027344,0
2065,28.57773109243691,29.859243697478924,175.31993103027344,0
2066,28.57773109243691,29.859243697478924,175.31993103027344,0
2067,28.57773109243691,29.859243697478924,175.31993103027344,0
2068,28.57773109243691,29.859243697478924,175.31993103027344,0
2069,28.57773109243691,29.859243697478924,175.31993103027344,0
2070,28.57773109243691,29.859243697478924,175.31993103027344,0
2071,28.57773109243691,29.859243697478924,175.31993103027344,0
2072,28.57773109243691,29.859243697478924,175.31993103027344,0
2073,28.57773109243691,29.859243697478924,175.31993103027344,0
2074,28.57773109243691,29.859243697478924,175.31993103027344,0
2075,28.57773109243691,29.859243697478924,175.31993103027344,0
2076,28.57773109243691,29.859243697478924,175.31993103027344,0
2077,28.57773109243691,29.859243697478924,175.31993103027344,0
2078,28.57773109243691,29.859243697478924,175.31993103027344,0
2079,28.57773109243691,29.859243697478924,175.31993103027344,0
2080,28.57773109243691,29.859243697478924,175.31993103027344,0
2081,28.57773109243691,29.859243697478924,175.31993103027344,0
2082,28.57773109243691,29.859243697478924,175.31993103027344,0
2083,28.57773109243691,29.859243697478924,175.31993103027344,0
2084,28.57773109243691,29.859243697478924,175.31993103027344,0
2085,28.57773109243691,29.859243697478924,175.31993103027344,0
2086,28.57773109243691,29.859243697478924,175.31993103027344,0
2087,28.57773109243691,29.859243697478924,175.31993103027344,0
2088,28.57773109243691,29.859243697478924,175.31993103027344,0
2089,28.57773109243691,29.859243697478924,175.31993103027344,0
2090,28.57773109243691,29.859243697478924,175.31993103027344,0
2091,28.57773109243691,29.859243697478924,175.31993103027344,0
2092,28.57773109243691,29.859243697478924,175.31993103027344,0
2093,28.57773109243691,29.859243697478924,175.31993103027344,0
2094,28.57773109243691,29.859243697478924,175.31993103027344,0
2095,28.57773109243691,29.859243697478924,175.31993103027344,0
2096,28.57773109243691,29.859243697478924,175.31993103027344,0
2097,28.57773109243691,29.859243697478924,175.31993103027344,0
2098,28.57773109243691,29.859243697478924,175.31993103027344,0
2099,28.57773109243691,29.859243697478924,175.31993103027344,0
2100,28.57773109243691,29.859243697478924,175.31993103027344,0
2101,28.57773109243691,29.859243697478924,175.31993103027344,0
2102,28.57773109243691,29.859243697478924,175.31993103027344,0
2103,28.57773109243691,29.859243697478924,175.31993103027344,0
2104,28.57773109243691,29.859243697478924,175.31993103027344,0
2105,28.57773109243691,29.859243697478924,175.31993103027344,0
2106,28.57773109243691,29.859243697478924,175.31993103027344,0
2107,28.57773109243691,29.859243697478924,175.31993103027344,0
2108,28.57773109243691,29.859243697478924,175.31993103027344,0
2109,28.57773109243691,29.859243697478924,175.31993103027344,0
2110,28.57773109243691,29.859243697478924,175.31993103027344,0
2111,28.57773109243691,29.859243697478924,175.31993103027344,0
2112,28.57773109243691,29.859243697478924,175.31993103027344,0
2113,28.57773109243691,29.859243697478924,175.31993103027344,0
2114,28.57773109243691,29.859243697478924,175.31993103027344,0
2115,28.57773109243691,29.859243697478924,175.31993103027344,0
2116,28.57773109243691,29.859243697478924,175.31993103027344,0
2117,28.57773109243691,29.859243697478924,175.31993103027344,0
2118,28.57773109243691,29.859243697478924,175.31993103027344,0
2119,28.57773109243691,29.859243697478924,175.31993103027344,0
2120,28.57773109243691,29.859243697478924,175.31993103027344,0
2121,28.57773109243691,29.859243697478924,175.31993103027344,0
2122,28.57773109243691,29.859243697478924,175.31993103027344,0
2123,28.57773109243691,29.859243697478924,175.31993103027344,0
2124,28.57773109243691,29.859243697478924,175.31993103027344,0
2125,28.57773109243691,29.859243697478924,175.31993103027344,0
2126,28.57773109243691,29.859243697478924,175.31993103027344,0
2127,28.57773109243691,29.859243697478924,175.31993103027344,0
2128,28.57773109243691,29.859243697478924,175.31993103027344,0
2129,28.57773109243691,29.859243697478924,175.31993103027344,0
2130,28.57773109243691,29.859243697478924,175.31993103027344,0
2131,28.57773109243691,29.859243697478924,175.31993103027344,0
2132,28.57773109243691,29.859243697478924,175.31993103027344,0
2133,28.57773109243691,29.859243697478924,175.31993103027344,0
2134,28.57773109243691,29.859243697478924,175.31993103027344,0
2135,28.57773109243691,29.859243697478924,175.31993103027344,0
2136,28.57773109243691,29.859243697478924,175.31993103027344,0
2137,28.57773109243691,29.859243697478924,175.31993103027344,0
2138,28.57773109243691,29.859243697478924,175.31993103027344,0
2139,28.57773109243691,29.859243697478924,175.31993103027344,0
2140,28.57773109243691,29.859243697478924,175.31993103027344,0
2141,28.57773109243691,29.859243697478924,175.31993103027344,0
2142,28.57773109243691,29.859243697478924,175.31993103027344,0
2143,28.57773109243691,29.859243697478924,175.31993103027344,0
2144,28.57773109243691,29.859243697478924,175.31993103027344,0
2145,28.57773109243691,29.859243697478924,175.31993103027344,0
2146,28.57773109243691,29.859243697478924,175.31993103027344,0
2147,28.57773109243691,29.859243697478924,175.31993103027344,0
2148,28.57773109243691,29.859243697478924,175.31993103027344,0
2149,28.57773109243691,29.859243697478924,175.31993103027344,0
2150,28.57773109243691,29.859243697478924,175.31993103027344,0
2151,28.57773109243691,29.859243697478924,175.31993103027344,0
2152,28.57773109243691,29.859243697478924,175.31993103027344,0
2153,28.57773109243691,29.859243697478924,175.31993103027344,0
2154,28.57773109243691,29.859243697478924,175.31993103027344,0
2155,28.57773109243691,29.859243697478924,175.31993103027344,0
2156,28.57773109243691,29.859243697478924,175.31993103027344,0
2157,28.57773109243691,29.859243697478924,175.31993103027344,0
2158,28.57773109243691,29.859243697478924,175.31993103027344,0
2159,28.57773109243691,29.859243697478924,175.31993103027344,0
2160,28.57773109243691,29.859243697478924,175.31993103027344,0
2161,28.57773109243691,29.859243697478924,175.31993103027344,0
2162,28.57773109243691,29.859243697478924,175.31993103027344,0
2163,28.57773109243691,29.859243697478924,175.31993103027344,0
2164,28.57773109243691,29.859243697478924,175.31993103027344,0
2165,28.57773109243691,29.859243697478924,175.31993103027344,0
2166,28.57773109243691,29.859243697478924,175.31993103027344,0
2167,28.57773109243691,29.859243697478924,175.31993103027344,0
2168,28.57773109243691,29.859243697478924,175.31993103027344,0
2169,28.57773109243691,29.859243697478924,175.31993103027344,0
2170,28.57773109243691,29.859243697478924,175.31993103027344,0
2171,28.57773109243691,29.859243697478924,175.31993103027344,0
2172,28.57773109243691,29.859243697478924,175.31993103027344,0
2173,28.57773109243691,29.859243697478924,175.31993103027344,0
2174,28.57773109243691,29.859243697478924,175.31993103027344,0
2175,28.552100840336067,30.089915966386485,172.47496349271742,1
2176,28.535014005602175,30.329131652660994,168.99101989526582,1
2177,28.4666666666666,30.525630252100775,162.66312050748752,1
2178,28.44957983193271,30.76484593837528,159.31962693434264,1
2179,28.483753501400496,31.029691876750633,156.36172530843498,1
2180,28.4666666666666,31.038235294117577,156.2214416078806,1
2181,28.381232492997135,30.986974789915894,154.531933242489,1
2182,28.32142857142851,30.978431372548947,156.86986646079455,1
2183,28.184733893557357,30.91008403361338,153.74648730487024,1
2184,27.97969187675064,30.790476190476124,147.1796779302972,1
2185,27.842997198879488,30.67941176470581,139.899554890995,1
2186,27.774649859943917,30.61106442577024,131.78231716183575,1
2187,28.244537815125987,30.34621848739489,132.22261093057188,1
2188,28.71442577030806,30.072829131652593,124.42955504036624,1
2189,29.209943977590974,29.773809523809454,132.94875625581955,1
2190,29.68837535013999,29.42352941176464,146.76661090971623,1
2191,30.175350140055958,28.9963585434173,168.59875365464825,1
2192,30.132633053221223,28.71442577030806,16.51299710192212,1
2193,30.072829131652593,28.483753501400496,29.196369151960855,1
2194,30.01302521008397,28.227450980392092,47.31062221642214,1
2195,29.978851540616184,27.96260504201674,58.57870482500135,1
2196,29.927591036414498,27.73193277310918,67.66940658667792,1
2197,29.884873949579763,27.467086834733834,75.1505731819099,1
2198,29.867787114845875,27.108263305322065,82.74347773437734,1
2199,29.81652661064419,26.74089635854336,91.79720383759006,1
2200,29.70546218487388,26.356442577030755,101.0162940599721,1
2201,29.526050420167998,25.963445378151203,111.33562062859345,1
2202,29.27829131652654,25.596078431372497,123.50090218500827,1
2203,28.953641456582567,25.25434173669462,136.94793572503477,1
2204,28.543557422969123,24.963865546218432,150.91711519400988,1
2205,28.09929971988789,24.775910364145602,164.30301348922404,1
2206,27.637955182072766,24.664845938375294,176.86547512292015,1
2207,27.176610644257643,24.673389355742238,9.385818101820385,1
2208,26.757983193277248,24.792997198879494,23.645026632295423,1
2209,26.42478991596633,25.032212885154003,39.97481931204165,1
2210,26.168487394957925,25.373949579831876,57.610870898884784,1
2211,25.99761904761899,25.809663865546156,73.05716371464152,1
2212,25.912184873949524,26.29663865546213,85.30790120756926,1
2213,25.91218487394952,26.800700280111982,95.24082853293052,1
2214,25.97198879551815,27.26204481792711,104.28233580680993,1
2215,26.11722689075624,27.672128851540556,114.41211980848787,1
2216,26.373529411764643,28.030952380952318,127.69751082745113,1
2217,26.74089635854336,28.304341736694614,145.43561946061243,1
2218,27.176610644257643,28.483753501400496,166.16612378212596,1
2219,27.706302521008343,28.535014005602175,6.311398923663308,1
2220,28.26162464985988,28.432492997198814,24.266374599312037,1
2221,28.73151260504195,28.218907563025148,40.14863174132176,1
2222,29.115966386554554,27.877170868347275,54.78849085197105,1
2223,29.397899159663798,27.47563025210078,67.06847620410075,1
2224,29.526050420167998,27.108263305322065,78.9013609214496,1
2225,29.508963585434106,26.749439775910304,90.25910491052149,1
2226,29.38935574229685,26.3649859943977,103.42566403222287,1
2227,29.15868347338929,26.040336134453725,117.820780989522,1
2228,28.834033613445314,25.758403361344484,134.7754566428631,1
2229,28.44957983193271,25.519187675069972,152.53903628935421,1
2230,28.013865546218426,25.399579831932716,170.49409975632017,1
2231,27.578151260504143,25.416666666666607,8.757673275491138,1
2232,27.168067226890695,25.561904761904703,29.032259804707405,1
2233,26.826330532212825,25.809663865546163,51.145379071960534,1
2234,26.57002801120442,26.159943977590977,70.09635392657093,1
2235,26.44187675070022,26.544397759103582,85.15093208999025,1
2236,26.42478991596633,26.937394957983134,98.69284704233601,1
2237,26.535854341736638,27.304761904761847,112.28405899736273,1
2238,26.766526610644195,27.66358543417361,126.59449297176619,1
2239,27.09971988795512,27.954061624649796,142.79055159240716,1
2240,27.518347338935513,28.184733893557357,160.2374414273976,1
2241,28.030952380952318,28.312885154061565,176.06019211409796,1
2242,28.569187675069962,28.32142857142851,11.729138655472177,1
2243,29.04761904761898,28.218907563025148,26.79504084710966,1
2244,29.432072829131585,28.030952380952318,41.710736315519306,1
2245,29.71400560224083,27.800280112044753,57.72848818768023,1
2246,29.850700280111976,27.535434173669405,74.68894502749798,1
2247,29.825070028011133,27.25350140056016,91.37274338366306,1
2248,29.68837535013999,26.980112044817865,106.75334832629645,1
2249,29.457703081232427,26.74089635854336,121.50372941678967,1
2250,29.133053221288453,26.527310924369694,136.24153698446497,1
2251,28.73151260504195,26.399159663865486,151.25346353879863,1
2252,28.312885154061558,26.382072829131594,167.54829547029502,1
2253,27.91134453781506,26.44187675070022,4.1417358757429295,1
2254,27.518347338935513,26.59565826330526,19.4326809611141,1
2255,27.15952380952375,26.843417366946717,34.217979418171566,1
2256,26.860504201680612,27.142436974789852,48.61698213712947,1
2257,26.612745098039152,27.501260504201618,62.66770034099207,1
2258,26.433333333333273,27.9369747899159,76.27158593680029,1
2259,26.347899159663807,28.389775910364087,89.41037143868955,1
2260,26.3649859943977,28.834033613445314,102.4818592577056,1
2261,26.484593837534952,29.269747899159597,115.53645038431391,1
2262,26.749439775910304,29.662745098039146,130.07063643601725,1
2263,26.8946778711484,29.961764705882285,142.45014470937508,1
2264,27.08263305322123,30.200980392156794,145.60344632397442,1
2265,27.25350140056016,30.388935574229624,145.32936786976805,1
2266,27.85154061624644,30.16680672268901,144.6254530972323,1
2267,28.372689075630188,29.83361344537808,144.41898425607366,1
2268,29.004901960784245,29.38935574229685,63.04802924609744,1
2269,29.568767507002736,28.851120448179206,57.934871525055236,1
2270,30.072829131652593,28.227450980392092,57.812570800209045,1
2271,30.0557422969187,27.92843137254896,63.1415022042161,1
2272,29.970308123249232,27.646498599439713,76.172936973488,1
2273,29.83361344537808,27.38165266106437,89.37532776973389,1
2274,29.620028011204415,27.125350140055964,103.64117007493826,1
2275,29.34663865546212,26.903221288515347,121.21792347843908,1
2276,29.03053221288509,26.715266106442517,145.70421863968477,1
2277,28.663165266106375,26.59565826330526,173.76607076641324,1
2278,28.270168067226827,26.604201680672208,15.920894886818532,1
2279,27.91134453781506,26.749439775910304,34.798839717986674,1
2280,27.60378151260498,26.988655462184813,52.34848269116036,1
2281,27.347478991596574,27.279131652661004,67.74904413885275,1
2282,27.168067226890695,27.595238095238035,80.17597769711195,1
2283,27.08263305322123,27.91134453781506,91.5690642335795,1
2284,27.082633053221222,28.218907563025148,102.97018638164998,1
2285,27.279131652661,28.52647058823523,115.24702086722654,1
2286,27.6806722689075,28.77422969187669,135.43412682841466,1
2287,28.27871148459377,28.842577030812258,159.94924586133567,1
2288,28.885294117646993,28.79131652661058,0.7164708704052702,1
2289,29.44915966386548,28.628991596638592,20.19330198842478,1
2290,29.842156862745032,28.355602240896292,41.29042893368645,1
2291,30.030112044817862,28.02240896358537,61.736778511283994,1
2292,29.99593837535007,27.757563025210022,73.17484731014571,1
2293,29.919047619047554,27.5525210084033,83.38038486963794,1
2294,29.81652661064419,27.30476190476184,93.08350725585905,1
2295,29.671288515406097,27.031372549019544,103.23291355532687,1
2296,29.46624649859937,26.7665266106442,115.18163670263478,1
2297,29.201400560224023,26.53585434173663,129.58523651178615,1
2298,28.851120448179206,26.305182072829076,149.28691632147283,1
2299,28.44957983193271,26.19411764705876,170.39545197694343,1
2300,28.02240896358537,26.211204481792656,10.1562398105049,1
2301,27.60378151260498,26.356442577030755,27.871210578554546,1
2302,27.219327731092374,26.612745098039152,44.46477300167462,1
2303,26.903221288515347,26.954481792717026,59.07007659920876,1
2304,26.65546218487389,27.356022408963526,70.65442774429664,1
2305,26.48459383753496,27.783193277310865,79.92301115330366,1
2306,26.407703081232434,28.244537815125987,88.54048500154494,1
2307,26.42478991596633,28.68025210084027,97.16053156735109,1
2308,26.55294117647053,29.10742296918761,107.93896170917647,1
2309,26.775070028011147,29.50042016806716,120.66909122417604,1
2310,27.074089635854286,29.842156862745032,135.1996386386848,1
2311,27.26204481792711,30.14117647058817,142.27160646602366,1
2312,27.484173669467726,30.42310924369741,145.69156445852505,1
2313,28.15056022408957,30.286414565826266,143.34685633633737,1
2314,28.697338935574162,30.013025210083963,131.34167535842715,1
2315,29.064705882352875,29.71400560224083,85.68174741532385,1
2316,29.526050420168,29.1245098039215,77.8081480249425,1
2317,29.83361344537808,28.45812324929966,78.03342026057439,1
2318,29.57731092436968,28.14201680672263,89.31293827347702,1
2319,29.30392156862738,27.894257703081173,107.54946201945363,1
2320,29.081792717086767,27.62941176470582,124.19725570622407,1
2321,28.76568627450974,27.56960784313719,138.5967750283624,1
2322,28.423949579831866,27.50980392156857,150.316779610707,1
2323,28.030952380952318,27.432913165266047,158.92364136701133,1
2324,27.612324929971926,27.373109243697417,166.40551074757042,1
2325,27.15952380952375,27.35602240896352,174.06466771347652,1
2326,26.723809523809468,27.39019607843131,1.237346874063274,1
2327,26.31372549019602,27.518347338935513,10.553514805592608,1
2328,25.929271708683416,27.74047619047613,23.37793568145686,1
2329,25.587535014005546,28.030952380952318,37.35718299196166,1
2330,25.305602240896302,28.406862745097975,52.41970415686204,1
2331,25.066386554621793,28.76568627450974,67.13120396548446,1
2332,24.904061624649806,29.047619047618987,79.21013071771868,1
2333,24.83571428571423,29.261204481792653,89.97313815004834,1
2334,24.852801120448124,29.440616246498536,99.29776222172306,1
2335,24.955322128851485,29.551680672268837,107.61714624846266,1
2336,25.15182072829126,29.68837535013999,117.80392959823594,1
2337,25.416666666666607,29.87633053221282,129.21316640755833,1
2338,25.758403361344477,30.0557422969187,142.20486741493337,1
2339,26.04887955182067,30.226610644257637,154.83031380660105,1
2340,26.330812324929912,30.337675070027945,153.17521406020762,1
2341,26.604201680672208,30.388935574229624,146.4826313426075,1
2342,27.031372549019544,30.23515406162458,175.0094097141787,1
2343,27.467086834733827,29.95322128851534,62.357275315270485,1
2344,27.988235294117583,29.46624649859938,67.72561308717538,1
2345,28.44957983193271,28.885294117646993,62.964568927767274,1
2346,28.81694677871142,28.270168067226827,63.45988150570972,1
2347,28.953641456582567,27.783193277310865,77.24712859465718,1
2348,28.93655462184868,27.330392156862683,92.85837679061204,1
2349,28.79131652661058,26.96302521008397,107.46465114934416,1
2350,28.57773109243691,26.638375350139995,121.67144406854104,1
2351,28.304341736694614,26.322268907562965,136.5286621432749,1
2352,27.954061624649796,26.040336134453725,152.16552683666004,1
2353,27.56960784313719,25.869467787114786,167.63886554517353,1
2354,27.1509803921568,25.809663865546156,178.82990349592885,1
2355,26.715266106442517,25.852380952380894,6.379602545260216,1
2356,26.279551820728233,25.980532212885095,10.751647296255904,1
2357,25.835294117647003,26.168487394957925,14.44116564989603,1
2358,25.37394957983188,26.382072829131594,17.741264862888613,1
2359,24.921148459383698,26.638375350139995,22.729934738214826,1
2360,24.49397759103636,26.911764705882298,28.350335824175126,1
2361,24.09243697478986,27.21932773109238,34.82578011948552,1
2362,23.74215686274504,27.543977591036356,42.28596458881083,1
2363,23.451680672268857,27.902801120448117,49.35265815087409,1
2364,23.19537815126045,28.295798319327666,57.426563837830635,1
2365,22.99033613445373,28.722969187675005,65.2730385562216,1
2366,22.819467787114796,29.073249299719823,69.9588888744684,1
2367,22.665686274509753,29.372268907562955,71.81407684263193,1
2368,22.52044817927166,29.611484593837467,70.90824870415668,1
2369,22.37521008403356,29.748179271708615,66.45349236321567,1
2370,22.19579831932768,29.83361344537808,60.374792812335336,1
2371,22.0163865546218,29.919047619047554,53.90176585291135,1
2372,21.811344537815074,29.99593837535007,46.81673971690853,1
2373,21.572128851540565,30.081372549019544,41.2120834989377,1
2374,21.29873949579827,30.226610644257637,38.16636327784154,1
2375,21.03389355742292,30.320588235294053,33.35664769804828,1
2376,20.743417366946733,30.414565826330467,29.49125636196699,1
2377,20.43585434173665,30.508543417366877,25.89913919973248,1
2378,20.11974789915962,30.585434173669398,21.921388758009382,1
2379,19.80364145658259,30.66232492997192,19.388369575313703,1
2380,19.478991596638615,30.73921568627444,17.375784712178483,1
2381,19.154341736694633,30.75630252100833,15.042417868231533,1
2382,18.829691876750662,30.73921568627444,11.189386435868181,1
2383,18.496498599439736,30.67941176470581,6.8923175445244595,1
2384,18.16330532212881,30.534173669467712,179.709237425269,1
2385,17.795938375350097,30.388935574229624,174.55206421595744,1
2386,17.402941176470552,30.303501400560158,173.74800549037644,1
2387,17.001400560224052,30.260784313725424,174.99210419120243,1
2388,16.599859943977552,30.269327731092368,0.24106524634461574,1
2389,16.206862745098004,30.337675070027945,7.094365941099953,1
2390,15.805322128851506,30.457282913165198,15.800227605084858,1
2391,15.437955182072795,30.517086834733828,17.655232953055226,1
2392,15.070588235294085,30.52563025210077,17.841275344602348,1
2393,14.694677871148425,30.508543417366877,14.122797437670117,1
2394,14.301680672268876,30.48291316526604,13.333671371741968,1
2395,13.900140056022376,30.448739495798254,12.63393480814954,1
2396,13.472969187675039,30.46582633053215,14.938316854261325,1
2397,13.037254901960756,30.508543417366877,18.724735871769056,1
2398,12.610084033613417,30.559803921568562,22.78148647649981,1
2399,12.191456582633027,30.602521008403293,24.629331506168526,1
