frame,x_cm,y_cm,theta,detected
300,,,,0
301,,,,0
302,,,,0
303,,,,0
304,,,,0
305,14.221910112359518,4.540730337078641,77.12995147705078,1
306,14.050561797752778,4.069522471910103,78.35547637939453,1
307,13.964887640449406,3.4269662921348236,80.3445816040039,1
308,13.66502808988761,2.9129213483146,81.6101303100586,1
309,13.150983146067386,2.3560393258426915,119.76377868652344,1
310,13.279494382022442,2.5273876404494326,136.5869903564453,1
311,12.594101123595477,2.0133426966292087,149.85675048828125,1
312,13.108146067415701,2.3560393258426915,134.18435668945312,1
313,10.623595505617953,0.9424157303370765,82.65831756591797,1
314,10.495084269662899,1.2422752808988735,126.27704620361328,1
315,10.10955056179773,1.413623595505615,139.87161254882812,1
316,9.724016853932563,1.7563202247190972,154.8829345703125,1
317,9.552668539325822,2.1846910112359503,174.92648315429688,1
318,9.38132022471908,2.655898876404488,10.370712280273438,1
319,9.338483146067395,3.041432584269656,40.1385383605957,1
320,9.424157303370766,3.5126404494381944,63.456844329833984,1
321,9.509831460674135,3.9838483146067327,65.46334838867188,1
322,9.724016853932563,4.583567415730327,81.10928344726562,1
323,10.066713483146044,4.754915730337068,91.64225006103516,1
324,10.280898876404471,4.669241573033697,107.56926727294922,1
325,10.66643258426964,5.140449438202236,119.04833221435547,1
326,11.051966292134807,5.483146067415718,125.57161712646484,1
327,11.48033707865166,5.868679775280886,128.49835205078125,1
328,11.823033707865141,6.040028089887627,139.9293670654297,1
329,12.20856741573031,6.211376404494368,149.01483154296875,1
330,12.679775280898848,6.339887640449424,159.515380859375,1
331,12.979634831460645,6.297050561797739,173.18995666503906,1
332,13.408005617977498,6.040028089887627,17.027629852294922,1
333,14.007724719101091,5.783005617977515,39.808250427246094,1
334,14.992977528089854,5.09761235955055,59.59326171875,1
335,15.20716292134828,4.626404494382012,60.94873046875,1
336,15.549859550561763,4.069522471910103,61.55325698852539,1
337,15.592696629213448,3.6839887640449356,67.89045715332031,1
338,15.549859550561763,3.2127808988763973,85.13541412353516,1
339,15.335674157303336,2.870084269662915,97.82321166992188,1
340,15.078651685393224,2.5273876404494326,111.84750366210938,1
341,14.778792134831427,2.1846910112359503,125.1434326171875,1
342,14.521769662921315,1.9276685393258384,141.94004821777344,1
343,14.179073033707834,1.7134831460674118,158.45787048339844,1
344,13.622191011235925,1.5421348314606707,169.6542510986328,1
345,13.065308988764016,1.4564606741573,176.89932250976562,1
346,12.508426966292106,1.4564606741573,4.897365093231201,1
347,11.951544943820197,1.584971910112356,12.644842147827148,1
348,11.437499999999973,1.7134831460674118,19.084321975708008,1
349,10.923455056179751,1.9705056179775235,26.717824935913086,1
350,10.580758426966268,2.2703651685393207,36.295501708984375,1
351,10.280898876404471,2.698735955056174,56.28384017944336,1
352,10.238061797752787,2.998595505617971,70.71845245361328,1
353,10.1952247191011,3.5126404494381944,77.14916229248047,1
354,10.323735955056156,3.941011235955047,91.80380249023438,1
355,10.537921348314583,4.326544943820215,102.5986328125,1
356,10.794943820224695,4.669241573033697,110.20592498779297,1
357,11.180477528089863,5.01193820224718,125.8526382446289,1
358,11.523174157303345,5.226123595505606,136.47543334960938,1
359,11.994382022471884,5.397471910112348,159.4330596923828,1
360,12.465589887640421,5.397471910112348,0.2842661440372467,1
361,13.108146067415701,5.311797752808976,19.77747344970703,1
362,13.536516853932554,5.140449438202236,40.224998474121094,1
363,13.922050561797722,4.840589887640439,48.70941162109375,1
364,14.47893258426963,4.198033707865159,61.779029846191406,1
365,14.650280898876371,3.7268258426966208,71.01616668701172,1
366,14.735955056179742,3.2556179775280825,81.22334289550781,1
367,14.735955056179742,2.741573033707859,93.02348327636719,1
368,14.607443820224686,2.1418539325842647,97.84746551513672,1
369,14.521769662921315,2.1846910112359503,115.47161102294922,1
370,14.47893258426963,2.3560393258426915,128.2692108154297,1
371,14.179073033707834,2.1846910112359503,145.6832733154297,1
372,13.707865168539294,2.0133426966292087,156.69422912597656,1
373,13.279494382022442,1.9276685393258384,168.68621826171875,1
374,12.808286516853904,1.9276685393258384,0.658540666103363,1
375,12.337078651685365,2.0561797752808944,5.978497505187988,1
376,11.951544943820197,2.2703651685393207,21.10943603515625,1
377,11.56601123595503,2.570224719101118,37.31229019165039,1
378,11.394662921348289,2.870084269662915,52.031517028808594,1
379,11.30898876404492,3.2556179775280825,66.15271759033203,1
380,11.266151685393233,3.769662921348306,80.34762573242188,1
381,11.351825842696604,4.369382022471901,92.07136535644531,1
382,11.523174157303345,4.754915730337068,102.5147933959961,1
383,11.780196629213457,5.226123595505606,113.94725036621094,1
384,12.12289325842694,5.568820224719088,126.2121353149414,1
385,12.594101123595477,5.8258426966292,142.4815216064453,1
386,13.065308988764016,6.040028089887627,164.45957946777344,1
387,13.622191011235925,6.082865168539312,3.956393241882324,1
388,14.264747191011203,6.040028089887627,12.44677448272705,1
389,14.907303370786483,5.868679775280886,15.961005210876465,1
390,15.292837078651651,5.568820224719088,29.404359817504883,1
391,15.592696629213448,5.140449438202236,49.21296691894531,1
392,15.764044943820188,4.669241573033697,64.29491424560547,1
393,15.93539325842693,4.069522471910103,80.64031982421875,1
394,16.10674157303367,3.4269662921348236,85.90863037109375,1
395,16.235252808988726,2.82724719101123,90.62503051757812,1
396,16.3209269662921,2.0990168539325795,98.0417251586914,1
397,16.449438202247155,2.441713483146062,116.41828918457031,1
398,16.149578651685356,2.2275280898876355,134.51785278320312,1
399,16.149578651685356,2.0990168539325795,155.9600067138672,1
400,15.721207865168504,1.9276685393258384,168.7373809814453,1
401,15.20716292134828,1.8419943820224678,170.11924743652344,1
402,14.735955056179742,1.884831460674153,176.6592254638672,1
403,14.264747191011203,1.9705056179775235,12.192106246948242,1
404,13.83637640449435,2.1846910112359503,21.11578941345215,1
405,13.493679775280869,2.3988764044943767,31.643827438354492,1
406,13.19382022471907,2.784410112359544,43.748802185058594,1
407,12.93679775280896,3.2127808988763973,57.0961799621582,1
408,12.765449438202218,3.598314606741565,70.22660064697266,1
409,12.722612359550533,3.9838483146067327,75.9899673461914,1
410,12.679775280898848,4.583567415730327,82.2208251953125,1
411,12.722612359550533,5.183286516853921,91.87158203125,1
412,12.893960674157274,5.611657303370774,104.38146209716797,1
413,13.19382022471907,5.997191011235942,117.42900085449219,1
414,13.450842696629183,6.254213483146053,143.1479949951172,1
415,14.007724719101091,6.46839887640448,154.2803955078125,1
416,14.693117977528058,6.5540730337078505,178.64271545410156,1
417,15.20716292134828,6.382724719101109,11.61790657043457,1
418,15.549859550561763,6.082865168539312,24.701875686645508,1
419,16.063904494381987,5.65449438202246,40.190940856933594,1
420,16.3209269662921,5.226123595505606,51.97343063354492,1
421,16.535112359550524,4.754915730337068,65.82438659667969,1
422,16.66362359550558,4.155196629213473,80.21831512451172,1
423,16.792134831460636,3.6411516853932504,80.39598083496094,1
424,16.877808988764006,2.998595505617971,78.54271697998047,1
425,16.920646067415692,2.441713483146062,82.68943786621094,1
426,16.877808988764006,2.0990168539325795,79.9775390625,1
427,16.96348314606738,2.0990168539325795,74.007568359375,1
428,17.049157303370748,1.884831460674153,68.1672592163086,1
429,17.134831460674118,1.7991573033707824,65.30645751953125,1
430,17.22050561797749,1.7991573033707824,58.454898834228516,1
431,17.263342696629174,1.7563202247190972,60.16426467895508,1
432,17.434691011235916,1.7563202247190972,53.32865524291992,1
433,17.64887640449434,1.584971910112356,48.51072311401367,1
434,17.94873595505614,1.4564606741573,40.767662048339844,1
435,18.29143258426962,1.285112359550559,37.872135162353516,1
436,18.67696629213479,1.0709269662921324,30.269582748413086,1
437,19.01966292134827,0.9424157303370765,21.686864852905273,1
438,19.448033707865125,0.8139044943820206,16.889780044555664,1
439,19.790730337078607,0.6853932584269647,11.678179740905762,1
440,20.133426966292088,0.6425561797752795,10.331610679626465,1
441,20.647471910112312,0.5997191011235942,4.798887729644775,1
442,21.161516853932536,0.5568820224719089,3.1591429710388184,1
443,21.58988764044939,0.5568820224719089,0.6787435412406921,1
444,21.97542134831456,0.5997191011235942,1.2332026958465576,1
445,22.575140449438152,0.5997191011235942,170.71923828125,1
446,23.21769662921343,0.6853932584269647,170.78750610351562,1
447,23.731741573033656,0.8139044943820206,166.03311157226562,1
448,24.288623595505562,0.9424157303370765,159.99656677246094,1
449,24.845505617977473,1.1137640449438178,159.48915100097656,1
450,25.40238764044938,1.285112359550559,158.58580017089844,1
451,25.95926966292129,1.413623595505615,159.6089324951172,1
452,26.516151685393197,1.5421348314606707,162.6165771484375,1
453,27.03019662921342,1.6706460674157266,165.5138702392578,1
454,27.758426966292074,1.884831460674153,170.05838012695312,1
455,28.101123595505555,2.0133426966292087,169.2267303466797,1
456,27.844101123595443,2.0990168539325795,164.55270385742188,1
457,27.886938202247126,2.2703651685393207,162.3472900390625,1
458,27.9726123595505,2.3988764044943767,158.24575805664062,1
459,28.272471910112294,2.613061797752803,156.4826202392578,1
460,28.443820224719037,2.82724719101123,145.29881286621094,1
461,28.486657303370723,3.0842696629213413,137.21241760253906,1
462,28.658005617977462,3.3841292134831384,130.2244415283203,1
463,28.743679775280835,3.7268258426966208,123.58881378173828,1
464,28.915028089887574,4.112359550561789,116.27574157714844,1
465,29.086376404494317,4.583567415730327,111.28842163085938,1
466,29.25772471910106,5.054775280898865,106.83184051513672,1
467,29.34339887640443,5.354634831460662,102.61550903320312,1
468,29.429073033707798,5.868679775280886,92.7652587890625,1
469,29.557584269662854,6.46839887640448,98.09953308105469,1
470,29.557584269662854,6.853932584269647,95.41571044921875,1
471,29.557584269662854,7.19662921348313,94.86909484863281,1
472,29.60042134831454,7.624999999999983,94.70026397705078,1
473,29.557584269662854,7.967696629213465,97.85244750976562,1
474,29.51474719101117,8.310393258426947,89.32272338867188,1
475,29.51474719101117,8.738764044943801,94.76246643066406,1
476,29.643258426966224,9.29564606741571,97.09215545654297,1
477,29.471910112359485,9.595505617977507,91.87334442138672,1
478,29.34339887640443,9.938202247190988,91.96817779541016,1
479,29.300561797752742,10.238061797752787,92.0990219116211,1
480,29.300561797752742,10.66643258426964,91.14920043945312,1
481,29.300561797752742,11.137640449438177,91.93756866455078,1
482,29.34339887640443,11.608848314606716,90.86366271972656,1
483,29.471910112359485,12.12289325842694,93.25357818603516,1
484,29.51474719101117,12.551264044943792,89.29157257080078,1
485,29.60042134831454,13.19382022471907,91.24856567382812,1
486,29.557584269662854,13.922050561797722,87.8067398071289,1
487,29.60042134831454,14.650280898876371,88.25090789794922,1
488,29.643258426966224,15.421348314606707,89.66265869140625,1
489,29.814606741572966,16.149578651685356,96.57795715332031,1
490,29.900280898876336,16.74929775280895,95.48127746582031,1
491,29.900280898876336,17.177668539325804,96.47500610351562,1
492,29.98595505617971,17.60603932584266,93.65129089355469,1
493,29.943117977528022,18.03441011235951,97.53849792480469,1
494,30.02879213483139,18.462780898876364,97.03605651855469,1
495,29.98595505617971,18.805477528089845,96.00933837890625,1
496,30.02879213483139,19.105337078651644,98.83515930175781,1
497,29.98595505617971,19.49087078651681,98.11410522460938,1
498,29.98595505617971,19.919241573033663,101.45860290527344,1
499,29.98595505617971,20.30477528089883,101.95923614501953,1
500,29.98595505617971,20.60463483146063,99.05908966064453,1
501,30.157303370786448,21.03300561797748,98.00601196289062,1
502,30.200140449438134,21.418539325842648,96.35357666015625,1
503,30.24297752808982,21.76123595505613,95.61668395996094,1
504,30.200140449438134,22.061095505617928,94.38613891601562,1
505,30.200140449438134,22.446629213483096,96.94454193115234,1
506,30.285814606741503,22.789325842696577,98.25569915771484,1
507,30.24297752808982,23.13202247191006,95.52385711669922,1
508,30.24297752808982,23.431882022471857,97.89425659179688,1
509,30.24297752808982,23.77457865168534,97.75261688232422,1
510,30.285814606741503,24.117275280898824,96.78437042236328,1
511,30.285814606741503,24.502808988763988,98.1390609741211,1
512,30.24297752808982,24.802668539325786,99.59649658203125,1
513,30.285814606741503,25.0596910112359,96.554443359375,1
514,30.32865168539319,25.40238764044938,96.41485595703125,1
515,30.32865168539319,25.70224719101118,93.02631378173828,1
516,30.41432584269656,26.002106741572977,98.98934936523438,1
517,30.499999999999932,26.30196629213477,100.1597900390625,1
518,30.41432584269656,26.473314606741514,96.7582778930664,1
519,30.499999999999932,26.77317415730331,95.65109252929688,1
520,30.499999999999932,27.073033707865108,96.21014404296875,1
521,30.457162921348246,27.33005617977522,98.86927032470703,1
522,30.371488764044877,27.629915730337018,97.1730728149414,1
523,30.41432584269656,27.9726123595505,97.7801742553711,1
524,30.200140449438134,28.22963483146061,91.8513412475586,1
525,30.02879213483139,28.443820224719037,86.76466369628906,1
526,29.943117977528022,28.829353932584205,89.7951431274414,1
527,29.943117977528022,29.000702247190947,84.78285217285156,1
528,29.900280898876336,29.000702247190947,82.34493255615234,1
529,29.814606741572966,29.04353932584263,82.83524322509766,1
530,29.68609550561791,29.129213483146003,75.16336059570312,1
531,29.51474719101117,29.214887640449373,68.45551300048828,1
532,29.386235955056115,29.34339887640443,65.32435607910156,1
533,29.172050561797686,29.25772471910106,55.737613677978516,1
534,28.95786516853926,29.386235955056115,51.96171569824219,1
535,28.78651685393252,29.557584269662854,48.721744537353516,1
536,28.443820224719037,29.60042134831454,44.544185638427734,1
537,28.14396067415724,29.77176966292128,42.12968826293945,1
538,27.929775280898813,29.857443820224653,39.917083740234375,1
539,27.6727528089887,29.857443820224653,34.1983642578125,1
540,27.372893258426906,29.98595505617971,24.778615951538086,1
541,27.073033707865108,30.157303370786448,27.893274307250977,1
542,26.816011235954996,30.32865168539319,19.975976943969727,1
543,26.473314606741514,30.457162921348246,13.081934928894043,1
544,26.130617977528033,30.542837078651615,9.314488410949707,1
545,25.830758426966234,30.62851123595499,9.013001441955566,1
546,25.530898876404436,30.714185393258358,0.3540058135986328,1
547,25.273876404494324,30.757022471910044,4.838807106018066,1
548,24.97401685393253,30.714185393258358,12.200127601623535,1
549,24.716994382022417,30.714185393258358,9.688939094543457,1
550,24.459971910112305,30.757022471910044,5.9067606925964355,1
551,24.117275280898824,30.757022471910044,4.381546497344971,1
552,23.817415730337025,30.714185393258358,179.41705322265625,1
553,23.474719101123544,30.714185393258358,9.456635475158691,1
554,23.089185393258376,30.67134831460667,3.875352621078491,1
555,22.703651685393208,30.542837078651615,179.17074584960938,1
556,22.360955056179726,30.542837078651615,2.818288803100586,1
557,22.01825842696624,30.457162921348246,5.746516704559326,1
558,21.76123595505613,30.200140449438134,176.06993103027344,1
559,21.504213483146017,30.114466292134765,174.70677185058594,1
560,21.161516853932536,30.200140449438134,175.15298461914062,1
561,20.775983146067368,30.32865168539319,7.879183769226074,1
562,20.433286516853887,30.542837078651615,25.117534637451172,1
563,20.133426966292088,30.542837078651615,21.817150115966797,1
564,19.876404494381976,30.585674157303302,20.263751983642578,1
565,19.619382022471864,30.499999999999932,11.205058097839355,1
566,19.362359550561756,30.499999999999932,13.565157890319824,1
567,19.105337078651644,30.41432584269656,8.864337921142578,1
568,18.76264044943816,30.499999999999932,2.3365633487701416,1
569,18.419943820224677,30.67134831460667,11.885543823242188,1
570,18.29143258426962,30.585674157303302,171.5847625732422,1
571,18.077247191011196,29.98595505617971,162.5714874267578,1
572,17.777387640449398,29.60042134831454,143.90284729003906,1
573,17.434691011235916,29.214887640449373,136.041259765625,1
574,17.134831460674118,28.95786516853926,140.5184783935547,1
575,16.74929775280895,28.829353932584205,158.82717895507812,1
576,16.3209269662921,28.70084269662915,172.90264892578125,1
577,15.84971910112356,28.61516853932578,179.92816162109375,1
578,15.292837078651651,28.658005617977462,11.903289794921875,1
579,14.864466292134798,28.70084269662915,21.214656829833984,1
580,14.39325842696626,28.829353932584205,18.27804183959961,1
581,13.964887640449406,28.915028089887574,21.80083465576172,1
582,13.450842696629183,29.086376404494317,26.4103946685791,1
583,13.02247191011233,29.214887640449373,23.39926528930664,1
584,12.594101123595477,29.429073033707798,26.944988250732422,1
585,12.165730337078625,29.68609550561791,40.207515716552734,1
586,11.823033707865141,29.900280898876336,45.54585647583008,1
587,11.608848314606716,29.814606741572966,33.05921173095703,1
588,11.266151685393233,29.943117977528022,35.7714958190918,1
589,10.966292134831436,30.071629213483078,34.851627349853516,1
590,10.66643258426964,30.071629213483078,31.74298858642578,1
591,10.323735955056156,30.157303370786448,29.40427017211914,1
592,9.981039325842675,30.157303370786448,23.47282600402832,1
593,9.595505617977507,30.157303370786448,21.769115447998047,1
594,9.209971910112339,30.285814606741503,23.082921981811523,1
595,8.910112359550542,30.285814606741503,23.979129791259766,1
596,8.524578651685374,30.41432584269656,26.901399612426758,1
597,8.181882022471891,30.32865168539319,21.48068618774414,1
598,7.796348314606724,30.32865168539319,20.59770393371582,1
599,7.367977528089871,30.32865168539319,23.80497932434082,1
600,7.025280898876389,30.371488764044877,29.02068328857422,1
601,6.639747191011221,30.371488764044877,28.227651596069336,1
602,6.297050561797739,30.285814606741503,23.369670867919922,1
603,5.911516853932571,30.371488764044877,25.379188537597656,1
604,5.568820224719088,30.457162921348246,23.76137351989746,1
605,5.268960674157292,30.41432584269656,25.83708953857422,1
606,4.926264044943809,30.41432584269656,18.600385665893555,1
607,4.626404494382012,30.457162921348246,20.983497619628906,1
608,4.326544943820215,30.41432584269656,13.662858009338379,1
609,3.941011235955047,30.457162921348246,15.145313262939453,1
610,3.598314606741565,30.499999999999932,13.690995216369629,1
611,3.3412921348314533,30.457162921348246,14.941789627075195,1
612,3.0842696629213413,30.24297752808982,0.4249241054058075,1
613,2.82724719101123,30.071629213483078,179.7061004638672,1
614,2.784410112359544,30.071629213483078,175.9906463623047,1
615,2.784410112359544,30.071629213483078,177.36074829101562,1
616,2.82724719101123,29.98595505617971,168.04441833496094,1
617,2.741573033707859,29.857443820224653,152.59654235839844,1
618,2.441713483146062,29.643258426966224,141.59088134765625,1
619,2.3988764044943767,29.386235955056115,129.2043914794922,1
620,2.2703651685393207,29.086376404494317,117.23384857177734,1
621,1.9705056179775235,28.743679775280835,115.92928314208984,1
622,1.7991573033707824,28.443820224719037,109.93672180175781,1
623,1.584971910112356,28.14396067415724,105.34883117675781,1
624,1.5421348314606707,27.844101123595443,100.650634765625,1
625,1.4564606741573,27.544241573033645,97.48734283447266,1
626,1.285112359550559,27.073033707865108,101.47335815429688,1
627,1.0709269662921324,26.730337078651626,96.12604522705078,1
628,0.8995786516853912,26.430477528089828,88.53862762451172,1
629,0.8139044943820206,26.002106741572977,88.45457458496094,1
630,0.8139044943820206,25.70224719101118,90.33208465576172,1
631,0.7710674157303353,25.40238764044938,88.27285766601562,1
632,0.6853932584269647,25.102528089887585,87.5959701538086,1
633,0.72823033707865,24.802668539325786,84.19979858398438,1
634,0.72823033707865,24.459971910112305,87.23855590820312,1
635,0.6853932584269647,24.202949438202193,89.56900787353516,1
636,0.72823033707865,23.94592696629208,90.73188781738281,1
637,0.6853932584269647,23.68890449438197,87.18421936035156,1
638,0.6853932584269647,23.517556179775227,86.2934799194336,1
639,0.6425561797752795,23.21769662921343,84.48208618164062,1
640,0.72823033707865,22.96067415730332,92.62425231933594,1
641,0.8567415730337059,22.66081460674152,86.34461975097656,1
642,0.8567415730337059,22.23244382022467,85.305419921875,1
643,0.8567415730337059,21.804073033707816,82.28639221191406,1
644,0.7710674157303353,21.418539325842648,83.43289184570312,1
645,0.6853932584269647,21.03300561797748,90.73490905761719,1
646,0.6853932584269647,20.733146067415685,90.99082946777344,1
647,0.6853932584269647,20.476123595505573,89.5577621459961,1
648,0.6425561797752795,20.176264044943775,90.49832916259766,1
649,0.6853932584269647,19.96207865168535,89.84530639648438,1
650,0.7710674157303353,19.619382022471864,85.57301330566406,1
651,0.8995786516853912,19.2338483146067,80.21395111083984,1
652,1.0280898876404472,18.848314606741532,78.34929656982422,1
653,1.0709269662921324,18.419943820224677,69.03092956542969,1
654,1.1137640449438178,17.94873595505614,67.78433227539062,1
655,1.2422752808988735,17.30617977528086,73.48657989501953,1
656,1.327949438202244,16.706460674157267,78.77618408203125,1
657,1.327949438202244,16.149578651685356,83.3033447265625,1
658,1.285112359550559,15.592696629213448,90.21056365966797,1
659,1.2422752808988735,15.035814606741539,95.5969009399414,1
660,1.1994382022471883,14.47893258426963,99.98825073242188,1
661,1.156601123595503,14.050561797752778,102.41741943359375,1
662,1.2422752808988735,13.66502808988761,96.45247650146484,1
663,1.285112359550559,13.236657303370757,94.14282989501953,1
664,1.2422752808988735,12.765449438202218,97.7948989868164,1
665,1.1137640449438178,12.337078651685365,102.09330749511719,1
666,1.1137640449438178,11.994382022471884,105.01399230957031,1
667,1.156601123595503,11.523174157303345,101.0925064086914,1
668,1.1137640449438178,11.180477528089863,101.96332550048828,1
669,1.1137640449438178,10.83778089887638,100.1480941772461,1
670,1.0709269662921324,10.495084269662899,102.83006286621094,1
671,0.9424157303370765,10.152387640449415,105.1497573852539,1
672,1.0709269662921324,9.895365168539303,98.63633728027344,1
673,1.0280898876404472,9.46699438202245,98.72715759277344,1
674,0.8995786516853912,9.081460674157283,102.4960708618164,1
675,0.9852528089887618,8.738764044943801,97.73216247558594,1
676,0.9424157303370765,8.48174157303369,98.63199615478516,1
677,0.8567415730337059,8.139044943820206,99.79931640625,1
678,0.8567415730337059,7.796348314606724,96.81194305419922,1
679,0.8139044943820206,7.4536516853932415,100.81256866455078,1
680,0.6425561797752795,7.110955056179759,100.97663879394531,1
681,0.6425561797752795,6.725421348314591,92.33197021484375,1
682,0.5568820224719089,6.425561797752795,93.9934310913086,1
683,0.42837078651685295,6.082865168539312,88.65953826904297,1
684,0.2998595505617971,5.697331460674144,93.25302124023438,1
685,0.2570224719101118,5.440308988764032,87.42342376708984,1
686,0.2570224719101118,5.183286516853921,88.15433502197266,1
687,0.2998595505617971,4.883426966292124,91.24717712402344,1
688,0.2998595505617971,4.583567415730327,89.55699157714844,1
689,0.2998595505617971,4.283707865168529,90.2981948852539,1
690,0.3426966292134824,4.112359550561789,90.95755004882812,1
691,0.3426966292134824,3.8553370786516767,89.84783935546875,1
692,0.42837078651685295,3.6839887640449356,89.85912322998047,1
693,0.8139044943820206,3.3841292134831384,87.14459991455078,1
694,0.8567415730337059,3.1271067415730265,90.60794067382812,1
695,0.8567415730337059,2.741573033707859,89.74623107910156,1
696,0.7710674157303353,2.3560393258426915,100.31336212158203,1
697,0.8139044943820206,2.1846910112359503,99.42701721191406,1
698,0.9424157303370765,2.2703651685393207,100.8991470336914,1
699,1.0280898876404472,2.1846910112359503,106.3941650390625,1
700,1.0280898876404472,2.1418539325842647,110.01777648925781,1
701,1.0709269662921324,2.0990168539325795,111.45319366455078,1
702,1.0709269662921324,2.0990168539325795,110.16485595703125,1
703,1.0280898876404472,2.1418539325842647,108.03546142578125,1
704,1.0280898876404472,2.1846910112359503,107.22528839111328,1
705,1.0280898876404472,2.2275280898876355,104.82301330566406,1
706,1.0280898876404472,2.1418539325842647,111.65778350830078,1
707,1.156601123595503,2.313202247191006,113.28466796875,1
708,1.156601123595503,2.313202247191006,112.2953109741211,1
709,1.0709269662921324,2.1418539325842647,107.5027847290039,1
710,1.1137640449438178,2.1418539325842647,107.48992919921875,1
711,1.156601123595503,2.1846910112359503,110.15646362304688,1
712,1.0709269662921324,2.2703651685393207,111.14287567138672,1
713,1.1137640449438178,2.1846910112359503,111.39006042480469,1
714,1.1137640449438178,2.1846910112359503,109.95980072021484,1
715,1.1994382022471883,2.2275280898876355,104.23514556884766,1
716,1.156601123595503,2.3560393258426915,111.02293395996094,1
717,1.327949438202244,2.2275280898876355,101.59982299804688,1
718,1.156601123595503,2.313202247191006,111.5699691772461,1
719,1.2422752808988735,2.3560393258426915,109.8086166381836,1
720,1.327949438202244,2.1846910112359503,106.15458679199219,1
721,1.327949438202244,2.313202247191006,113.80419921875,1
722,1.327949438202244,2.2703651685393207,111.68389892578125,1
723,1.4564606741573,2.3560393258426915,105.90181732177734,1
724,1.5421348314606707,2.3560393258426915,110.6006088256836,1
725,1.413623595505615,2.3988764044943767,118.0712890625,1
726,1.5421348314606707,2.2703651685393207,109.05195617675781,1
727,1.5421348314606707,2.0990168539325795,113.14665985107422,1
728,1.413623595505615,1.9276685393258384,128.46240234375,1
729,1.4564606741573,1.9276685393258384,127.18335723876953,1
730,1.413623595505615,1.9276685393258384,126.81995391845703,1
731,1.4564606741573,2.0133426966292087,126.56219482421875,1
732,1.4992977528089855,2.0561797752808944,117.796142578125,1
733,1.4992977528089855,2.0561797752808944,117.31608581542969,1
734,1.3707865168539295,1.9705056179775235,121.29414367675781,1
735,1.3707865168539295,2.0561797752808944,119.98052978515625,1
736,1.413623595505615,2.0561797752808944,121.10616302490234,1
737,1.413623595505615,2.0561797752808944,120.34571075439453,1
738,1.413623595505615,2.0990168539325795,116.80975341796875,1
739,1.327949438202244,2.0990168539325795,118.52033233642578,1
740,1.3707865168539295,2.0990168539325795,118.6229476928711,1
741,1.327949438202244,2.0990168539325795,118.73580932617188,1
742,1.1994382022471883,2.0990168539325795,117.96268463134766,1
743,1.156601123595503,2.1846910112359503,118.74996185302734,1
744,1.285112359550559,2.2703651685393207,106.60211944580078,1
745,1.156601123595503,2.2275280898876355,114.04789733886719,1
746,1.156601123595503,2.1418539325842647,113.00396728515625,1
747,1.1994382022471883,2.1846910112359503,113.11753845214844,1
748,1.156601123595503,2.2275280898876355,112.08028411865234,1
749,1.1994382022471883,2.2275280898876355,108.8515396118164,1
750,1.1994382022471883,2.2275280898876355,115.70263671875,1
751,1.1994382022471883,2.1846910112359503,113.86664581298828,1
752,1.1994382022471883,2.2275280898876355,106.67366027832031,1
753,1.1137640449438178,2.313202247191006,109.6251449584961,1
754,1.1994382022471883,2.313202247191006,105.65545654296875,1
755,1.156601123595503,2.2703651685393207,109.23336029052734,1
756,1.2422752808988735,2.2703651685393207,105.74031066894531,1
757,1.327949438202244,2.3988764044943767,102.53472137451172,1
758,1.327949438202244,2.613061797752803,106.06443786621094,1
759,1.3707865168539295,2.441713483146062,111.37100219726562,1
760,1.413623595505615,2.3988764044943767,109.1980972290039,1
761,1.327949438202244,2.2275280898876355,119.31271362304688,1
762,1.6706460674157266,2.2703651685393207,115.97061920166016,1
763,1.7563202247190972,2.3988764044943767,120.08977508544922,1
764,1.884831460674153,2.441713483146062,106.30662536621094,1
765,2.0990168539325795,2.870084269662915,91.17286682128906,1
766,1.9705056179775235,2.5273876404494326,107.60277557373047,1
767,2.1418539325842647,2.870084269662915,95.37863159179688,1
768,2.1846910112359503,2.698735955056174,95.61157989501953,1
769,2.1846910112359503,2.9129213483146,88.73143005371094,1
770,1.9276685393258384,2.3560393258426915,111.58211517333984,1
771,2.0561797752808944,2.784410112359544,96.797607421875,1
772,2.2275280898876355,2.741573033707859,92.71856689453125,1
773,2.2703651685393207,2.698735955056174,95.70852661132812,1
774,2.1418539325842647,2.313202247191006,113.34680938720703,1
775,2.484550561797747,2.613061797752803,109.36410522460938,1
776,2.484550561797747,2.5273876404494326,111.20698547363281,1
777,2.2703651685393207,2.1846910112359503,120.13809967041016,1
778,2.2275280898876355,2.0561797752808944,120.05243682861328,1
779,2.313202247191006,2.0133426966292087,124.42724609375,1
780,2.313202247191006,1.884831460674153,128.0336151123047,1
781,2.3560393258426915,1.7991573033707824,131.94996643066406,1
782,2.3560393258426915,1.7134831460674118,130.94293212890625,1
783,2.3988764044943767,1.584971910112356,140.40542602539062,1
784,2.5273876404494326,1.584971910112356,144.35438537597656,1
785,2.5273876404494326,1.4992977528089855,143.94239807128906,1
786,2.613061797752803,1.584971910112356,147.11660766601562,1
787,2.613061797752803,1.584971910112356,143.7935791015625,1
788,2.484550561797747,1.5421348314606707,141.431396484375,1
789,2.441713483146062,1.5421348314606707,142.13723754882812,1
790,2.655898876404488,1.7134831460674118,139.86717224121094,1
791,2.741573033707859,1.7991573033707824,144.5504150390625,1
792,2.655898876404488,1.7563202247190972,136.42633056640625,1
793,2.570224719101118,1.7563202247190972,142.4428253173828,1
794,2.655898876404488,1.8419943820224678,135.16220092773438,1
795,2.698735955056174,1.9705056179775235,134.4454803466797,1
796,2.784410112359544,2.0561797752808944,126.59394073486328,1
797,2.784410112359544,2.1418539325842647,124.23551940917969,1
798,2.741573033707859,2.1846910112359503,120.27910614013672,1
799,2.655898876404488,2.1846910112359503,116.4184799194336,1
800,2.484550561797747,2.0133426966292087,121.37996673583984,1
801,2.613061797752803,2.0561797752808944,125.3548355102539,1
802,2.570224719101118,2.0133426966292087,121.03960418701172,1
803,2.698735955056174,2.0561797752808944,124.23907470703125,1
804,2.698735955056174,1.9276685393258384,129.1897430419922,1
805,2.870084269662915,2.0990168539325795,125.88894653320312,1
806,2.82724719101123,2.1846910112359503,123.84063720703125,1
807,2.741573033707859,2.1418539325842647,118.30997467041016,1
808,2.655898876404488,2.0990168539325795,115.39830780029297,1
809,2.484550561797747,1.884831460674153,126.80277252197266,1
810,2.698735955056174,1.9705056179775235,127.16448211669922,1
811,2.655898876404488,1.8419943820224678,128.770263671875,1
812,2.741573033707859,1.7991573033707824,130.89584350585938,1
813,2.82724719101123,1.8419943820224678,129.4854278564453,1
814,2.784410112359544,1.7563202247190972,135.48704528808594,1
815,2.741573033707859,1.6278089887640412,133.730712890625,1
816,2.741573033707859,1.584971910112356,138.05140686035156,1
817,2.9557584269662853,1.6278089887640412,141.67489624023438,1
818,2.998595505617971,1.6278089887640412,142.7021942138672,1
819,2.82724719101123,1.4564606741573,144.598876953125,1
820,2.613061797752803,1.327949438202244,145.41448974609375,1
821,2.613061797752803,1.327949438202244,144.505615234375,1
822,2.741573033707859,1.4564606741573,140.65289306640625,1
823,2.9557584269662853,1.6278089887640412,135.72129821777344,1
824,2.998595505617971,1.7134831460674118,132.78561401367188,1
825,2.784410112359544,1.7991573033707824,129.4912567138672,1
826,2.784410112359544,1.8419943820224678,128.45909118652344,1
827,2.998595505617971,2.0133426966292087,124.57451629638672,1
828,2.9557584269662853,2.0990168539325795,117.06877899169922,1
829,3.041432584269656,2.0990168539325795,119.17095184326172,1
830,3.1271067415730265,2.1846910112359503,120.23661804199219,1
831,3.1271067415730265,2.313202247191006,112.48130798339844,1
832,3.0842696629213413,2.441713483146062,102.28833770751953,1
833,2.998595505617971,2.441713483146062,108.1199951171875,1
834,2.9557584269662853,2.441713483146062,101.3331298828125,1
835,2.870084269662915,2.3560393258426915,96.79319763183594,1
836,2.870084269662915,2.3988764044943767,98.97584533691406,1
837,2.784410112359544,2.3988764044943767,116.93154907226562,1
838,2.9557584269662853,2.698735955056174,96.01995849609375,1
839,2.870084269662915,2.870084269662915,73.34315490722656,1
840,2.784410112359544,2.82724719101123,93.96267700195312,1
841,2.82724719101123,2.784410112359544,94.70304870605469,1
842,2.870084269662915,2.9557584269662853,48.99882888793945,1
843,2.870084269662915,2.613061797752803,103.81536102294922,1
844,2.9129213483146,2.5273876404494326,103.83058166503906,1
845,3.041432584269656,2.313202247191006,110.79119110107422,1
846,3.1271067415730265,2.0561797752808944,117.02528381347656,1
847,2.9129213483146,1.7991573033707824,128.98416137695312,1
848,2.82724719101123,1.6706460674157266,130.16122436523438,1
849,2.870084269662915,1.584971910112356,127.9515380859375,1
850,2.9129213483146,1.4564606741573,140.81512451171875,1
851,2.9557584269662853,1.4564606741573,141.12625122070312,1
852,3.169943820224712,1.5421348314606707,137.33770751953125,1
853,2.998595505617971,1.3707865168539295,140.0733642578125,1
854,3.2556179775280825,1.4992977528089855,135.82789611816406,1
855,2.9557584269662853,1.327949438202244,146.42929077148438,1
856,3.2984550561797676,1.4564606741573,137.33047485351562,1
857,3.3412921348314533,1.5421348314606707,135.35462951660156,1
858,3.0842696629213413,1.413623595505615,139.971435546875,1
859,3.3412921348314533,1.4992977528089855,140.04380798339844,1
860,3.3841292134831384,1.4564606741573,148.52084350585938,1
861,3.3841292134831384,1.4564606741573,141.6811065673828,1
862,3.4269662921348236,1.4564606741573,123.81756591796875,1
863,0.6853932584269647,2.82724719101123,1.616019368171692,1
864,0.8139044943820206,3.3412921348314533,12.955910682678223,1
865,1.5421348314606707,3.2556179775280825,49.065589904785156,1
866,1.5421348314606707,3.6411516853932504,64.46538543701172,1
867,1.6278089887640412,3.9838483146067327,77.67955780029297,1
868,1.7991573033707824,4.326544943820215,92.0937728881836,1
869,2.0133426966292087,4.840589887640439,104.95545959472656,1
870,2.3560393258426915,5.226123595505606,117.8455810546875,1
871,2.82724719101123,5.611657303370774,137.7291259765625,1
872,3.3412921348314533,5.868679775280886,156.41015625,1
873,3.8553370786516767,5.954353932584256,175.57345581054688,1
874,4.455056179775271,5.911516853932571,8.330263137817383,1
875,4.883426966292124,5.74016853932583,18.935516357421875,1
876,5.268960674157292,5.483146067415718,31.880722045898438,1
877,5.611657303370774,5.183286516853921,45.046504974365234,1
878,5.868679775280886,4.840589887640439,52.370635986328125,1
879,6.168539325842683,4.369382022471901,53.49155044555664,1
880,6.46839887640448,3.941011235955047,54.50157165527344,1
881,6.8110955056179625,3.5126404494381944,58.61852264404297,1
882,7.153792134831445,3.1271067415730265,60.097259521484375,1
883,7.4536516853932415,2.655898876404488,58.67579650878906,1
884,7.753511235955039,2.1846910112359503,62.60181427001953,1
885,7.882022471910094,2.0561797752808944,55.621150970458984,1
886,8.053370786516835,1.9705056179775235,52.937095642089844,1
887,8.353230337078633,1.884831460674153,44.57461166381836,1
888,8.738764044943801,1.7991573033707824,34.810726165771484,1
889,8.995786516853912,1.6706460674157266,33.7451286315918,1
890,9.29564606741571,1.5421348314606707,29.376258850097656,1
891,9.595505617977507,1.4564606741573,27.82209014892578,1
892,9.895365168539303,1.327949438202244,23.92196273803711,1
893,10.238061797752787,1.1994382022471883,20.02898406982422,1
894,10.623595505617953,1.1137640449438178,17.175525665283203,1
895,10.923455056179751,1.0709269662921324,15.883811950683594,1
896,11.266151685393233,0.9852528089887618,13.035122871398926,1
897,11.6516853932584,0.9424157303370765,13.476072311401367,1
898,12.037219101123569,0.8567415730337059,10.625936508178711,1
899,12.37991573033705,0.8139044943820206,5.961474895477295,1
900,12.722612359550533,0.7710674157303353,6.996777057647705,1
901,13.02247191011233,0.72823033707865,179.77914428710938,1
902,13.408005617977498,0.72823033707865,3.5034472942352295,1
903,13.793539325842666,0.6853932584269647,2.674696922302246,1
904,14.221910112359518,0.6853932584269647,0.14756520092487335,1
905,14.607443820224686,0.6853932584269647,5.130401611328125,1
906,14.907303370786483,0.72823033707865,5.402662754058838,1
907,15.292837078651651,0.8139044943820206,1.472592830657959,1
908,15.678370786516819,0.7710674157303353,2.5260071754455566,1
909,16.0210674157303,0.72823033707865,6.589761257171631,1
910,16.620786516853894,0.6425561797752795,10.672863006591797,1
911,17.134831460674118,0.5997191011235942,3.9840123653411865,1
912,17.64887640449434,0.5140449438202236,2.0128860473632812,1
913,18.205758426966252,0.42837078651685295,173.50010681152344,1
914,18.805477528089845,0.42837078651685295,178.87420654296875,1
915,19.57654494382018,0.42837078651685295,2.3702831268310547,1
916,20.21910112359546,0.38553370786516766,174.07154846191406,1
917,20.94733146067411,0.38553370786516766,177.79721069335938,1
918,21.67556179775276,0.2998595505617971,1.929091215133667,1
919,22.275280898876353,0.38553370786516766,3.2905523777008057,1
920,22.789325842696577,0.47120786516853824,2.99587082862854,1
921,23.260533707865115,0.47120786516853824,2.515547752380371,1
922,23.646067415730283,0.42837078651685295,4.844710826873779,1
923,23.903089887640395,0.5997191011235942,176.97409057617188,1
924,24.202949438202193,0.8139044943820206,168.0508270263672,1
925,24.545646067415674,1.0709269662921324,160.54209899902344,1
926,25.016853932584212,1.413623595505615,159.0276641845703,1
927,25.70224719101118,1.7563202247190972,152.03001403808594,1
928,26.344803370786458,2.1846910112359503,144.96377563476562,1
929,26.987359550561738,2.698735955056174,137.00758361816406,1
930,27.58707865168533,3.1271067415730265,131.46478271484375,1
931,28.272471910112294,3.598314606741565,135.3348388671875,1
932,28.358146067415667,3.898174157303362,127.86124420166016,1
933,28.31530898876398,4.283707865168529,119.84317779541016,1
934,28.358146067415667,4.626404494382012,117.13959503173828,1
935,28.529494382022406,4.969101123595494,116.74520874023438,1
936,28.829353932584205,5.354634831460662,118.75386810302734,1
937,28.95786516853926,5.868679775280886,110.30094146728516,1
938,29.086376404494317,6.382724719101109,106.6335220336914,1
939,29.214887640449373,6.853932584269647,106.49920654296875,1
940,29.300561797752742,7.153792134831445,107.11640930175781,1
941,29.386235955056115,7.496488764044927,101.7113037109375,1
942,29.51474719101117,7.8391853932584095,100.48330688476562,1
943,29.557584269662854,8.181882022471891,97.324462890625,1
944,29.60042134831454,8.48174157303369,93.2451400756836,1
945,29.643258426966224,8.82443820224717,96.56301879882812,1
946,29.386235955056115,8.995786516853912,87.8420181274414,1
947,29.25772471910106,9.338483146067395,86.70645904541016,1
948,29.214887640449373,9.724016853932563,88.66924285888672,1
949,29.300561797752742,10.152387640449415,93.73343658447266,1
950,29.429073033707798,10.537921348314583,105.19358825683594,1
951,29.04353932584263,10.83778089887638,90.85242462158203,1
952,28.70084269662915,11.266151685393233,75.02247619628906,1
953,28.358146067415667,11.694522471910085,59.51598358154297,1
954,27.929775280898813,12.165730337078625,53.246116638183594,1
955,27.501404494381962,12.594101123595477,50.236637115478516,1
956,27.03019662921342,13.108146067415701,50.51364517211914,1
957,26.516151685393197,13.707865168539294,46.79880905151367,1
958,26.173455056179716,14.179073033707834,51.76304626464844,1
959,25.916432584269604,14.735955056179742,56.94761276245117,1
960,25.61657303370781,15.292837078651651,60.56637191772461,1
961,25.445224719101066,15.84971910112356,70.16413879394531,1
962,25.359550561797697,16.363764044943782,79.18265533447266,1
963,25.445224719101066,16.834971910112323,88.15693664550781,1
964,25.61657303370781,17.349016853932547,99.13946533203125,1
965,25.87359550561792,17.820224719101084,110.31190490722656,1
966,26.173455056179716,18.205758426966252,123.42022705078125,1
967,26.558988764044884,18.505617977528047,129.73219299316406,1
968,26.987359550561738,18.76264044943816,141.45472717285156,1
969,27.458567415730275,18.848314606741532,154.35379028320312,1
970,27.929775280898813,18.9339887640449,162.60687255859375,1
971,28.40098314606735,19.01966292134827,171.27304077148438,1
972,28.40098314606735,19.191011235955013,163.32806396484375,1
973,28.572331460674093,19.448033707865125,151.17633056640625,1
974,28.658005617977462,19.66221910112355,142.4351806640625,1
975,28.87219101123589,19.876404494381976,133.68350219726562,1
976,28.95786516853926,20.04775280898872,129.4900665283203,1
977,29.000702247190947,20.261938202247144,123.39334106445312,1
978,29.172050561797686,20.60463483146063,124.93319702148438,1
979,29.25772471910106,20.86165730337074,115.50009155273438,1
980,29.386235955056115,21.161516853932536,115.74382019042969,1
981,29.471910112359485,21.461376404494334,110.90828704833984,1
982,29.60042134831454,21.76123595505613,110.10669708251953,1
983,29.68609550561791,22.061095505617928,103.84063720703125,1
984,29.77176966292128,22.360955056179726,107.65381622314453,1
985,29.900280898876336,22.703651685393208,104.92842864990234,1
986,29.900280898876336,22.96067415730332,102.19524383544922,1
987,29.98595505617971,23.3033707865168,103.98323059082031,1
988,30.02879213483139,23.560393258426913,103.3898696899414,1
989,30.071629213483078,23.86025280898871,100.85010528564453,1
990,30.114466292134765,24.160112359550507,102.3199462890625,1
991,30.157303370786448,24.459971910112305,101.0545654296875,1
992,30.114466292134765,24.802668539325786,99.0069580078125,1
993,30.114466292134765,25.145365168539268,94.28689575195312,1
994,30.157303370786448,25.488061797752753,95.55967712402344,1
995,30.157303370786448,25.787921348314548,97.47517395019531,1
996,30.157303370786448,26.087780898876346,94.17349243164062,1
997,30.200140449438134,26.473314606741514,100.56627655029297,1
998,30.200140449438134,26.858848314606682,101.46138000488281,1
999,30.071629213483078,27.115870786516794,90.72540283203125,1
1000,30.02879213483139,27.458567415730275,91.40524291992188,1
1001,30.071629213483078,27.801264044943757,94.91584014892578,1
1002,30.200140449438134,28.14396067415724,100.74720764160156,1
1003,29.943117977528022,28.358146067415667,91.97238159179688,1
1004,29.857443820224653,28.743679775280835,92.06207275390625,1
1005,29.814606741572966,28.95786516853926,89.8725814819336,1
1006,29.68609550561791,28.743679775280835,81.7365493774414,1
1007,29.51474719101117,28.95786516853926,77.29844665527344,1
1008,29.429073033707798,29.129213483146003,73.04295349121094,1
1009,29.172050561797686,29.25772471910106,60.57283401489258,1
1010,29.000702247190947,29.429073033707798,63.09568405151367,1
1011,28.829353932584205,29.471910112359485,52.19718551635742,1
1012,28.61516853932578,29.60042134831454,44.11672592163086,1
1013,28.40098314606735,29.728932584269597,38.50896072387695,1
1014,28.186797752808925,29.814606741572966,39.09878921508789,1
1015,27.886938202247126,29.943117977528022,33.38057327270508,1
1016,27.58707865168533,29.98595505617971,22.50076675415039,1
1017,27.201544943820164,30.114466292134765,23.479116439819336,1
1018,26.816011235954996,30.32865168539319,17.141986846923828,1
1019,26.430477528089828,30.371488764044877,8.99179458618164,1
1020,26.04494382022466,30.542837078651615,5.375380039215088,1
1021,25.70224719101118,30.62851123595499,6.552257537841797,1
1022,25.359550561797697,30.67134831460667,2.9144480228424072,1
1023,25.0596910112359,30.714185393258358,4.847223281860352,1
1024,24.7598314606741,30.714185393258358,1.3044991493225098,1
1025,24.459971910112305,30.67134831460667,0.9361504912376404,1
1026,24.117275280898824,30.714185393258358,7.375359058380127,1
1027,23.903089887640395,30.62851123595499,2.8985345363616943,1
1028,23.646067415730283,30.67134831460667,9.18079948425293,1
1029,23.346207865168488,30.542837078651615,2.6844005584716797,1
1030,23.04634831460669,30.41432584269656,178.0050048828125,1
1031,22.66081460674152,30.457162921348246,6.509148120880127,1
1032,22.360955056179726,30.499999999999932,13.875688552856445,1
1033,22.103932584269614,30.371488764044877,3.1980998516082764,1
1034,21.718398876404446,30.371488764044877,3.1688108444213867,1
1035,21.33286516853928,30.41432584269656,12.496708869934082,1
1036,21.075842696629167,30.285814606741503,7.949827671051025,1
1037,20.818820224719055,30.114466292134765,179.60745239257812,1
1038,20.518960674157256,30.071629213483078,2.40112042427063,1
1039,20.21910112359546,30.157303370786448,4.161807060241699,1
1040,19.790730337078607,30.32865168539319,8.155651092529297,1
1041,19.448033707865125,30.499999999999932,16.517650604248047,1
1042,19.276685393258383,30.200140449438134,1.6377249956130981,1
1043,18.848314606741532,29.943117977528022,168.5039520263672,1
1044,18.548455056179733,29.814606741572966,163.2490234375,1
1045,18.248595505617935,29.77176966292128,166.0634765625,1
1046,17.905898876404454,29.77176966292128,169.47145080566406,1
1047,17.60603932584266,29.77176966292128,177.87911987304688,1
1048,17.22050561797749,29.68609550561791,172.88404846191406,1
1049,16.834971910112323,29.643258426966224,169.72605895996094,1
1050,16.449438202247155,29.51474719101117,163.54800415039062,1
1051,16.0210674157303,29.386235955056115,161.96080017089844,1
1052,15.507022471910078,29.214887640449373,159.37432861328125,1
1053,15.035814606741539,29.129213483146003,166.80303955078125,1
1054,14.564606741573002,29.04353932584263,175.62257385253906,1
1055,14.050561797752778,29.000702247190947,3.7991418838500977,1
1056,13.536516853932554,29.04353932584263,9.92409896850586,1
1057,13.02247191011233,29.086376404494317,26.12984848022461,1
1058,12.508426966292106,29.129213483146003,36.06544876098633,1
1059,11.951544943820197,29.25772471910106,39.21860885620117,1
1060,11.523174157303345,29.386235955056115,43.67146682739258,1
1061,11.051966292134807,29.68609550561791,49.8570556640625,1
1062,10.623595505617953,29.643258426966224,40.31195831298828,1
1063,10.280898876404471,29.60042134831454,34.368629455566406,1
1064,9.895365168539303,29.68609550561791,30.600833892822266,1
1065,9.46699438202245,29.857443820224653,34.221168518066406,1
1066,9.038623595505598,30.114466292134765,34.83298110961914,1
1067,8.567415730337059,30.114466292134765,34.7212028503418,1
1068,8.181882022471891,30.114466292134765,26.658302307128906,1
1069,7.796348314606724,30.200140449438134,26.14140510559082,1
1070,7.410814606741556,30.32865168539319,26.923437118530273,1
1071,7.110955056179759,30.285814606741503,29.91037940979004,1
1072,6.768258426966277,30.200140449438134,23.979543685913086,1
1073,6.382724719101109,30.371488764044877,29.349205017089844,1
1074,6.082865168539312,30.24297752808982,22.59510040283203,1
1075,5.8258426966292,30.200140449438134,16.483184814453125,1
1076,5.354634831460662,30.285814606741503,21.10942840576172,1
1077,5.01193820224718,30.371488764044877,25.581850051879883,1
1078,4.669241573033697,30.371488764044877,23.467397689819336,1
1079,4.369382022471901,30.200140449438134,16.44227409362793,1
1080,4.0266853932584175,30.24297752808982,16.198890686035156,1
1081,3.5554775280898796,30.457162921348246,20.200624465942383,1
1082,3.2556179775280825,30.41432584269656,17.365976333618164,1
1083,2.9557584269662853,30.457162921348246,21.153228759765625,1
1084,2.784410112359544,30.371488764044877,13.014145851135254,1
1085,2.741573033707859,30.32865168539319,16.725940704345703,1
1086,2.784410112359544,30.32865168539319,21.65305519104004,1
1087,2.698735955056174,30.157303370786448,23.058298110961914,1
1088,2.698735955056174,30.114466292134765,25.752605438232422,1
1089,2.655898876404488,30.114466292134765,29.070919036865234,1
1090,2.655898876404488,30.114466292134765,31.36125946044922,1
1091,2.655898876404488,30.114466292134765,28.601137161254883,1
1092,2.655898876404488,30.114466292134765,28.948760986328125,1
1093,2.655898876404488,30.071629213483078,32.26971435546875,1
1094,2.655898876404488,29.943117977528022,30.195589065551758,1
1095,2.613061797752803,29.943117977528022,32.66356658935547,1
1096,2.613061797752803,29.943117977528022,35.569114685058594,1
1097,2.570224719101118,29.943117977528022,37.749969482421875,1
1098,2.570224719101118,29.857443820224653,34.44468688964844,1
1099,2.441713483146062,29.857443820224653,36.62298583984375,1
1100,2.570224719101118,29.728932584269597,43.78649139404297,1
1101,2.570224719101118,29.728932584269597,42.96879196166992,1
1102,2.570224719101118,29.643258426966224,44.15982437133789,1
1103,2.441713483146062,29.68609550561791,44.22053909301758,1
1104,2.3988764044943767,29.68609550561791,44.19713592529297,1
1105,2.484550561797747,29.643258426966224,44.77956771850586,1
1106,2.570224719101118,29.643258426966224,41.89036560058594,1
1107,2.655898876404488,29.643258426966224,39.916072845458984,1
1108,2.741573033707859,29.728932584269597,31.933225631713867,1
1109,2.655898876404488,30.02879213483139,35.24152755737305,1
1110,2.655898876404488,30.071629213483078,34.67515182495117,1
1111,2.570224719101118,30.071629213483078,31.34035873413086,1
1112,2.570224719101118,30.071629213483078,33.94337463378906,1
1113,2.570224719101118,30.02879213483139,36.55082321166992,1
1114,2.613061797752803,29.943117977528022,34.021244049072266,1
1115,2.613061797752803,29.943117977528022,36.27623748779297,1
1116,2.5273876404494326,29.943117977528022,37.88325500488281,1
1117,2.5273876404494326,29.900280898876336,39.43751525878906,1
1118,2.484550561797747,29.857443820224653,40.48313522338867,1
1119,2.5273876404494326,29.814606741572966,37.584102630615234,1
1120,2.5273876404494326,29.814606741572966,37.73417282104492,1
1121,2.5273876404494326,29.77176966292128,37.8399543762207,1
1122,2.5273876404494326,29.728932584269597,34.8770866394043,1
1123,2.5273876404494326,29.728932584269597,37.98508834838867,1
1124,2.5273876404494326,29.728932584269597,37.97146224975586,1
1125,2.484550561797747,29.728932584269597,36.474647521972656,1
1126,2.5273876404494326,29.643258426966224,37.23265075683594,1
1127,2.484550561797747,29.68609550561791,38.76673126220703,1
1128,2.484550561797747,29.68609550561791,38.89955139160156,1
1129,2.5273876404494326,29.643258426966224,38.37568664550781,1
1130,2.484550561797747,29.68609550561791,37.31809997558594,1
1131,2.484550561797747,29.68609550561791,38.592166900634766,1
1132,2.570224719101118,29.60042134831454,36.66667938232422,1
1133,2.5273876404494326,29.643258426966224,39.79549026489258,1
1134,2.5273876404494326,29.60042134831454,44.617679595947266,1
1135,2.655898876404488,29.557584269662854,43.48689270019531,1
1136,2.741573033707859,29.557584269662854,39.20589828491211,1
1137,2.741573033707859,29.643258426966224,37.83334732055664,1
1138,2.82724719101123,29.60042134831454,30.889450073242188,1
1139,2.82724719101123,29.557584269662854,29.450159072875977,1
1140,2.9129213483146,29.471910112359485,32.79381561279297,1
1141,2.9129213483146,29.386235955056115,27.70623207092285,1
1142,2.9557584269662853,29.34339887640443,26.93165397644043,1
1143,3.041432584269656,29.300561797752742,32.51481628417969,1
1144,3.2556179775280825,29.086376404494317,18.700586318969727,1
1145,3.4269662921348236,29.000702247190947,45.744781494140625,1
1146,3.3841292134831384,29.04353932584263,19.144290924072266,1
1147,3.3841292134831384,29.000702247190947,10.898725509643555,1
1148,3.4698033707865092,28.95786516853926,4.375940799713135,1
1149,3.4698033707865092,28.95786516853926,4.758563995361328,1
1150,3.4698033707865092,28.87219101123589,2.3400838375091553,1
1151,3.4269662921348236,28.829353932584205,4.771164417266846,1
1152,3.3841292134831384,28.743679775280835,9.271973609924316,1
1153,3.2984550561797676,28.70084269662915,16.92063331604004,1
1154,3.2984550561797676,28.658005617977462,11.802077293395996,1
1155,3.1271067415730265,28.61516853932578,21.494890213012695,1
1156,2.9557584269662853,28.61516853932578,24.471155166625977,1
1157,2.870084269662915,28.529494382022406,31.285924911499023,1
1158,2.698735955056174,28.529494382022406,36.553829193115234,1
1159,2.570224719101118,28.486657303370723,40.28134536743164,1
1160,2.3988764044943767,28.529494382022406,49.808319091796875,1
1161,2.3560393258426915,28.443820224719037,52.85134506225586,1
1162,2.1846910112359503,28.529494382022406,52.03384780883789,1
1163,2.1846910112359503,28.443820224719037,59.026615142822266,1
1164,2.1418539325842647,28.443820224719037,60.822975158691406,1
1165,2.0990168539325795,28.40098314606735,58.05392074584961,1
1166,2.0561797752808944,28.443820224719037,60.3441162109375,1
1167,2.0133426966292087,28.443820224719037,60.50443649291992,1
1168,1.9705056179775235,28.486657303370723,58.703609466552734,1
1169,2.0133426966292087,28.358146067415667,63.636539459228516,1
1170,1.884831460674153,28.40098314606735,66.05215454101562,1
1171,1.7991573033707824,28.40098314606735,71.7337875366211,1
1172,1.6706460674157266,28.40098314606735,84.15460968017578,1
1173,1.584971910112356,28.486657303370723,86.80416870117188,1
1174,1.5421348314606707,28.529494382022406,89.98338317871094,1
1175,1.584971910112356,28.658005617977462,97.80978393554688,1
1176,1.6706460674157266,28.87219101123589,112.54767608642578,1
1177,1.884831460674153,29.04353932584263,111.29937744140625,1
1178,2.1846910112359503,29.300561797752742,121.39131927490234,1
1179,2.441713483146062,29.51474719101117,134.7499237060547,1
1180,2.784410112359544,29.60042134831454,155.05630493164062,1
1181,3.3412921348314533,29.68609550561791,179.1537628173828,1
1182,4.326544943820215,29.25772471910106,35.78878402709961,1
1183,4.240870786516845,28.95786516853926,48.25774383544922,1
1184,4.283707865168529,28.529494382022406,64.52108001708984,1
1185,4.198033707865159,28.14396067415724,74.2479476928711,1
1186,4.112359550561789,27.758426966292074,80.42504119873047,1
1187,3.9838483146067327,27.372893258426906,88.25096893310547,1
1188,3.769662921348306,26.987359550561738,98.22930145263672,1
1189,3.4698033707865092,26.516151685393197,114.06208038330078,1
1190,3.0842696629213413,26.173455056179716,130.24842834472656,1
1191,2.484550561797747,25.830758426966234,164.1422882080078,1
1192,2.441713483146062,25.488061797752753,154.23672485351562,1
1193,2.3560393258426915,25.188202247190954,140.24728393554688,1
1194,2.0561797752808944,24.97401685393253,138.74447631835938,1
1195,2.0133426966292087,24.67415730337073,123.11359405517578,1
1196,1.7991573033707824,24.33146067415725,114.93896484375,1
1197,1.7134831460674118,24.03160112359545,112.0697021484375,1
1198,1.5421348314606707,23.86025280898871,110.10604858398438,1
1199,1.4564606741573,23.560393258426913,104.62822723388672,1
1200,1.285112359550559,23.260533707865115,105.01908111572266,1
1201,1.1994382022471883,22.96067415730332,101.09680938720703,1
1202,0.9852528089887618,22.61797752808984,95.8625717163086,1
1203,0.6853932584269647,22.275280898876353,91.95321655273438,1
1204,0.5997191011235942,21.932584269662872,85.2813720703125,1
1205,0.72823033707865,22.01825842696624,87.36154174804688,1
1206,1.156601123595503,21.33286516853928,84.6982192993164,1
1207,1.327949438202244,20.990168539325797,81.65113067626953,1
1208,1.3707865168539295,20.690308988764,82.72994232177734,1
1209,1.413623595505615,20.261938202247144,81.92135620117188,1
1210,1.285112359550559,19.876404494381976,87.34051513671875,1
1211,1.156601123595503,19.533707865168495,90.20757293701172,1
1212,0.9424157303370765,19.105337078651644,95.60066223144531,1
1213,1.0709269662921324,18.848314606741532,96.23792266845703,1
1214,1.285112359550559,18.462780898876364,80.63621520996094,1
1215,1.4992977528089855,18.03441011235951,73.98281860351562,1
1216,1.7134831460674118,17.520365168539286,68.52967834472656,1
1217,1.884831460674153,17.091994382022435,69.60159301757812,1
1218,2.0561797752808944,16.535112359550524,68.7742919921875,1
1219,2.2275280898876355,16.063904494381987,71.458984375,1
1220,2.3988764044943767,15.507022471910078,72.89279174804688,1
1221,2.5273876404494326,14.992977528089854,77.37218475341797,1
1222,2.570224719101118,14.521769662921315,85.65386199951172,1
1223,2.5273876404494326,14.007724719101091,91.52132415771484,1
1224,2.441713483146062,13.493679775280869,96.5328598022461,1
1225,2.2275280898876355,12.893960674157274,107.2448959350586,1
1226,1.9705056179775235,12.37991573033705,118.69312286376953,1
1227,1.7563202247190972,11.951544943820197,128.60728454589844,1
1228,1.7134831460674118,11.48033707865166,122.27471923828125,1
1229,1.584971910112356,11.00912921348312,117.71682739257812,1
1230,1.4564606741573,10.709269662921324,117.74615478515625,1
1231,1.413623595505615,10.409410112359527,111.97724151611328,1
1232,1.327949438202244,10.066713483146044,109.84473419189453,1
1233,1.1994382022471883,9.724016853932563,109.5136947631836,1
1234,1.156601123595503,9.338483146067395,104.68647003173828,1
1235,1.0709269662921324,8.995786516853912,107.0822982788086,1
1236,0.9852528089887618,8.65308988764043,104.72708892822266,1
1237,0.9424157303370765,8.353230337078633,102.03932189941406,1
1238,0.8995786516853912,8.01053370786515,100.3836898803711,1
1239,0.6853932584269647,7.667837078651668,99.68515014648438,1
1240,0.8139044943820206,7.3251404494381855,92.8324203491211,1
1241,0.8139044943820206,6.982443820224703,94.00330352783203,1
1242,0.7710674157303353,6.596910112359535,94.39339447021484,1
1243,0.42837078651685295,6.254213483146053,94.61983489990234,1
1244,0.2998595505617971,5.997191011235942,88.52607727050781,1
1245,0.2570224719101118,5.697331460674144,88.93323516845703,1
1246,0.2998595505617971,5.397471910112348,87.40386199951172,1
1247,0.2998595505617971,5.054775280898865,84.98811340332031,1
1248,0.2570224719101118,4.669241573033697,89.65475463867188,1
1249,0.21418539325842648,4.369382022471901,88.45155334472656,1
1250,0.38553370786516766,4.155196629213473,84.70549774169922,1
1251,0.47120786516853824,3.8124999999999916,85.0333251953125,1
1252,0.3426966292134824,3.598314606741565,93.18496704101562,1
1253,0.38553370786516766,3.4698033707865092,85.33638763427734,1
1254,0.42837078651685295,3.2556179775280825,89.98217010498047,1
1255,0.47120786516853824,2.9557584269662853,88.7771987915039,1
1256,0.6853932584269647,2.655898876404488,88.89971923828125,1
1257,0.7710674157303353,2.441713483146062,89.86904907226562,1
1258,0.7710674157303353,2.570224719101118,93.9176254272461,1
1259,0.72823033707865,2.484550561797747,93.705810546875,1
1260,0.6853932584269647,2.3988764044943767,99.30193328857422,1
1261,0.72823033707865,2.3988764044943767,99.63284301757812,1
1262,0.7710674157303353,2.3988764044943767,101.47281646728516,1
1263,0.8139044943820206,2.3560393258426915,101.9537124633789,1
1264,0.8139044943820206,2.313202247191006,99.56616973876953,1
1265,0.8995786516853912,2.3988764044943767,101.42816925048828,1
1266,0.9424157303370765,2.3988764044943767,104.30074310302734,1
1267,1.0280898876404472,2.441713483146062,103.536376953125,1
1268,1.1137640449438178,2.484550561797747,101.4733657836914,1
1269,1.156601123595503,2.570224719101118,102.0919189453125,1
1270,1.156601123595503,2.441713483146062,100.58367919921875,1
1271,1.156601123595503,2.655898876404488,107.30123138427734,1
1272,1.2422752808988735,2.3988764044943767,100.67498016357422,1
1273,1.3707865168539295,2.870084269662915,107.222900390625,1
1274,1.327949438202244,2.870084269662915,114.09365844726562,1
1275,1.413623595505615,2.741573033707859,102.60633087158203,1
1276,1.4564606741573,2.570224719101118,98.19832611083984,1
1277,1.3707865168539295,2.5273876404494326,114.30341339111328,1
1278,1.4992977528089855,2.3988764044943767,115.71039581298828,1
1279,1.5421348314606707,2.3560393258426915,120.35002899169922,1
1280,1.6278089887640412,2.3560393258426915,117.74835968017578,1
1281,1.4564606741573,2.0561797752808944,122.57030487060547,1
1282,1.4564606741573,2.0990168539325795,124.02365112304688,1
1283,1.5421348314606707,2.1418539325842647,125.83954620361328,1
1284,1.6278089887640412,2.2275280898876355,125.4119644165039,1
1285,1.584971910112356,2.2275280898876355,130.45726013183594,1
1286,1.5421348314606707,2.2703651685393207,126.52342987060547,1
1287,1.4992977528089855,2.2703651685393207,122.97608947753906,1
1288,1.4992977528089855,2.313202247191006,120.91573333740234,1
1289,1.4992977528089855,2.613061797752803,123.90415954589844,1
1290,1.4992977528089855,2.570224719101118,108.830078125,1
1291,1.413623595505615,2.741573033707859,122.1362075805664,1
1292,1.413623595505615,2.741573033707859,128.67529296875,1
1293,1.413623595505615,2.698735955056174,127.44678497314453,1
1294,1.584971910112356,2.82724719101123,128.10025024414062,1
1295,1.584971910112356,2.784410112359544,128.36170959472656,1
1296,1.6706460674157266,2.741573033707859,124.410400390625,1
1297,1.6278089887640412,2.784410112359544,124.03233337402344,1
1298,1.6278089887640412,2.741573033707859,124.16328430175781,1
1299,1.7563202247190972,2.82724719101123,113.25077056884766,1
1300,1.7134831460674118,2.784410112359544,116.09737396240234,1
1301,1.7134831460674118,2.82724719101123,105.66162872314453,1
1302,1.7991573033707824,2.82724719101123,120.8802719116211,1
1303,1.8419943820224678,2.741573033707859,110.23602294921875,1
1304,1.7991573033707824,2.9129213483146,131.76878356933594,1
1305,1.7991573033707824,2.870084269662915,98.74718475341797,1
1306,1.7991573033707824,2.9129213483146,94.07008361816406,1
1307,1.7991573033707824,2.9129213483146,134.8687286376953,1
1308,1.9705056179775235,2.870084269662915,89.76990509033203,1
1309,2.0561797752808944,2.741573033707859,100.6089096069336,1
1310,2.0990168539325795,2.698735955056174,97.09105682373047,1
1311,2.2275280898876355,2.5273876404494326,100.8166732788086,1
1312,2.1846910112359503,2.2703651685393207,117.76942443847656,1
1313,2.313202247191006,2.0990168539325795,123.63893127441406,1
1314,2.313202247191006,1.9276685393258384,125.3235855102539,1
1315,2.313202247191006,1.8419943820224678,124.64440155029297,1
1316,2.3560393258426915,1.6706460674157266,135.0983428955078,1
1317,2.3988764044943767,1.4992977528089855,137.63914489746094,1
1318,2.655898876404488,1.285112359550559,148.451416015625,1
1319,2.698735955056174,1.156601123595503,8.085664749145508,1
1320,2.3988764044943767,1.413623595505615,24.159099578857422,1
1321,2.313202247191006,1.884831460674153,27.284223556518555,1
1322,2.1418539325842647,2.3560393258426915,32.03413009643555,1
1323,1.884831460674153,2.870084269662915,38.76253890991211,1
1324,1.7563202247190972,3.3412921348314533,53.98698806762695,1
1325,1.7134831460674118,3.769662921348306,64.17243957519531,1
1326,1.7134831460674118,4.283707865168529,76.73918914794922,1
1327,1.6706460674157266,4.754915730337068,79.09938049316406,1
1328,1.7134831460674118,5.354634831460662,84.7273178100586,1
1329,1.7134831460674118,5.911516853932571,82.38758850097656,1
1330,1.7563202247190972,6.511235955056165,84.7874526977539,1
1331,1.7991573033707824,7.025280898876389,84.32361602783203,1
1332,1.9276685393258384,7.539325842696612,85.77130126953125,1
1333,2.0990168539325795,8.01053370786515,94.97210693359375,1
1334,2.313202247191006,8.48174157303369,98.9972915649414,1
1335,2.655898876404488,8.82443820224717,120.5030288696289,1
1336,3.1271067415730265,9.167134831460654,141.6911163330078,1
1337,3.6839887640449356,9.338483146067395,163.8028564453125,1
1338,4.326544943820215,9.46699438202245,3.9574344158172607,1
1339,4.840589887640439,9.46699438202245,13.989943504333496,1
1340,5.354634831460662,9.338483146067395,25.55940055847168,1
1341,5.697331460674144,9.209971910112339,32.76618194580078,1
1342,6.040028089887627,8.910112359550542,42.08979797363281,1
1343,6.425561797752795,8.567415730337059,49.84519958496094,1
1344,6.768258426966277,8.053370786516835,60.719974517822266,1
1345,6.8110955056179625,7.667837078651668,76.78043365478516,1
1346,6.768258426966277,7.239466292134815,85.14706420898438,1
1347,6.639747191011221,6.768258426966277,98.49129486083984,1
1348,6.425561797752795,6.339887640449424,108.81645965576172,1
1349,6.125702247190997,5.954353932584256,119.24925231933594,1
1350,5.783005617977515,5.65449438202246,124.2688217163086,1
1351,5.440308988764032,5.440308988764032,135.49569702148438,1
1352,5.140449438202236,5.311797752808976,151.44444274902344,1
1353,4.626404494382012,5.183286516853921,164.40512084960938,1
1354,4.112359550561789,5.183286516853921,173.52658081054688,1
1355,3.6411516853932504,5.226123595505606,0.9368271231651306,1
1356,3.0842696629213413,5.354634831460662,11.972973823547363,1
1357,2.5273876404494326,5.525983146067404,17.222055435180664,1
1358,2.0133426966292087,5.783005617977515,29.723495483398438,1
1359,1.7563202247190972,6.082865168539312,37.975318908691406,1
1360,1.7134831460674118,6.382724719101109,51.99350357055664,1
1361,1.6278089887640412,6.768258426966277,65.03312683105469,1
1362,1.6706460674157266,7.153792134831445,74.27251434326172,1
1363,1.6278089887640412,7.753511235955039,81.83458709716797,1
1364,1.6278089887640412,8.224719101123577,85.54014587402344,1
1365,1.7563202247190972,8.610252808988745,100.09725189208984,1
1366,2.0133426966292087,8.995786516853912,112.96211242675781,1
1367,2.3988764044943767,9.338483146067395,134.9044189453125,1
1368,2.9129213483146,9.595505617977507,158.06387329101562,1
1369,3.3841292134831384,9.681179775280878,178.9028778076172,1
1370,3.898174157303362,9.638342696629191,13.981657028198242,1
1371,4.369382022471901,9.38132022471908,35.08646011352539,1
1372,4.840589887640439,9.081460674157283,52.25297927856445,1
1373,5.311797752808976,8.524578651685374,66.81438446044922,1
1374,5.525983146067404,8.096207865168521,78.1017837524414,1
1375,5.65449438202246,7.5821629213482975,87.92057037353516,1
1376,5.65449438202246,7.068117977528074,96.59497833251953,1
1377,5.568820224719088,6.46839887640448,110.22073364257812,1
1378,5.440308988764032,5.997191011235942,113.22854614257812,1
1379,5.226123595505606,5.525983146067404,115.13997650146484,1
1380,4.926264044943809,5.140449438202236,119.04306030273438,1
1381,4.626404494382012,4.883426966292124,123.03346252441406,1
1382,4.240870786516845,4.712078651685383,139.66014099121094,1
1383,3.8124999999999916,4.540730337078641,153.4512481689453,1
1384,3.2984550561797676,4.412219101123585,166.73095703125,1
1385,2.741573033707859,4.369382022471901,179.3902587890625,1
1386,2.1846910112359503,4.455056179775271,13.456933975219727,1
1387,2.0133426966292087,4.583567415730327,29.0139102935791,1
1388,1.8419943820224678,4.926264044943809,45.5869140625,1
1389,1.7991573033707824,5.268960674157292,57.69645690917969,1
1390,1.7563202247190972,5.697331460674144,67.04357147216797,1
1391,1.7563202247190972,6.211376404494368,75.87810516357422,1
1392,1.7563202247190972,6.768258426966277,82.3980484008789,1
1393,1.7134831460674118,7.3251404494381855,82.6064682006836,1
1394,1.7563202247190972,7.92485955056178,82.69878387451172,1
1395,1.884831460674153,8.310393258426947,88.56871032714844,1
1396,2.0990168539325795,8.82443820224717,101.16228485107422,1
1397,2.3988764044943767,9.124297752808967,123.91421508789062,1
1398,2.9129213483146,9.509831460674135,143.64169311523438,1
1399,3.4269662921348236,9.681179775280878,162.25167846679688,1
1400,3.9838483146067327,9.681179775280878,2.759467124938965,1
1401,4.326544943820215,9.595505617977507,18.81907081604004,1
1402,4.797752808988753,9.338483146067395,37.612213134765625,1
1403,5.09761235955055,8.995786516853912,57.91271209716797,1
1404,5.311797752808976,8.524578651685374,74.44258880615234,1
1405,5.354634831460662,8.139044943820206,82.6501235961914,1
1406,5.311797752808976,7.667837078651668,98.17788696289062,1
1407,5.140449438202236,7.3251404494381855,106.89697265625,1
1408,4.883426966292124,6.9396067415730185,117.6173095703125,1
1409,4.540730337078641,6.725421348314591,130.59217834472656,1
1410,4.240870786516845,6.596910112359535,150.3679656982422,1
1411,3.8553370786516767,6.46839887640448,162.90835571289062,1
1412,3.3412921348314533,6.46839887640448,175.07305908203125,1
1413,2.82724719101123,6.596910112359535,6.3994622230529785,1
1414,2.313202247191006,6.853932584269647,26.01862335205078,1
1415,1.9705056179775235,7.153792134831445,39.766231536865234,1
1416,1.5421348314606707,7.5821629213482975,49.75572204589844,1
1417,1.413623595505615,7.882022471910094,63.7463493347168,1
1418,1.2422752808988735,8.353230337078633,73.8380126953125,1
1419,1.156601123595503,8.738764044943801,78.57229614257812,1
1420,1.156601123595503,9.167134831460654,85.05754852294922,1
1421,1.2422752808988735,9.552668539325822,90.97422790527344,1
1422,1.4564606741573,9.938202247190988,105.5749740600586,1
1423,1.6706460674157266,10.323735955056156,116.50540161132812,1
1424,2.0133426966292087,10.66643258426964,139.3665771484375,1
1425,2.5273876404494326,10.966292134831436,165.02847290039062,1
1426,3.041432584269656,11.051966292134807,2.252344846725464,1
1427,3.4698033707865092,11.00912921348312,18.949125289916992,1
1428,3.941011235955047,10.83778089887638,33.450439453125,1
1429,4.412219101123585,10.537921348314583,39.43422317504883,1
1430,4.883426966292124,10.1952247191011,45.368385314941406,1
1431,5.311797752808976,9.852528089887619,46.33164596557617,1
1432,5.697331460674144,9.424157303370766,53.929176330566406,1
1433,5.997191011235942,8.995786516853912,66.4485092163086,1
1434,6.211376404494368,8.524578651685374,75.7187271118164,1
1435,6.254213483146053,8.096207865168521,86.73079681396484,1
1436,6.168539325842683,7.5821629213482975,92.9769515991211,1
1437,6.082865168539312,7.153792134831445,96.6400146484375,1
1438,5.868679775280886,6.639747191011221,98.4647216796875,1
1439,5.697331460674144,6.254213483146053,101.14628601074219,1
1440,5.483146067415718,5.783005617977515,108.77222442626953,1
1441,5.183286516853921,5.440308988764032,120.69747161865234,1
1442,4.926264044943809,5.268960674157292,135.50634765625,1
1443,4.412219101123585,5.01193820224718,149.4317169189453,1
1444,3.941011235955047,4.840589887640439,167.77757263183594,1
1445,3.4698033707865092,4.883426966292124,0.4467944800853729,1
1446,3.0842696629213413,5.01193820224718,22.69519805908203,1
1447,2.698735955056174,5.397471910112348,40.30488967895508,1
1448,2.441713483146062,5.74016853932583,57.62487030029297,1
1449,2.1846910112359503,6.168539325842683,63.369667053222656,1
1450,2.0561797752808944,6.725421348314591,73.34825897216797,1
1451,2.0133426966292087,7.19662921348313,80.4599838256836,1
1452,2.0561797752808944,7.667837078651668,88.22381591796875,1
1453,2.2275280898876355,8.096207865168521,101.81182098388672,1
1454,2.5273876404494326,8.610252808988745,115.0411148071289,1
1455,2.9129213483146,9.038623595505598,132.90699768066406,1
1456,3.3412921348314533,9.29564606741571,148.64886474609375,1
1457,3.941011235955047,9.509831460674135,173.65940856933594,1
1458,4.497893258426956,9.638342696629191,2.6019482612609863,1
1459,5.01193820224718,9.638342696629191,7.2406463623046875,1
1460,5.440308988764032,9.509831460674135,19.088327407836914,1
1461,5.783005617977515,9.209971910112339,36.946834564208984,1
1462,6.125702247190997,8.82443820224717,53.58772277832031,1
1463,6.46839887640448,8.310393258426947,68.28314208984375,1
1464,6.6825842696629065,7.753511235955039,84.68624114990234,1
1465,6.6825842696629065,7.3251404494381855,100.74910736083984,1
1466,6.5540730337078505,6.982443820224703,117.01375579833984,1
1467,6.168539325842683,6.511235955056165,132.1751708984375,1
1468,5.911516853932571,6.425561797752795,155.70236206054688,1
1469,5.440308988764032,6.297050561797739,168.26223754882812,1
1470,5.01193820224718,6.382724719101109,2.7790141105651855,1
1471,4.583567415730327,6.5540730337078505,18.208736419677734,1
1472,4.198033707865159,6.8110955056179625,37.4571533203125,1
1473,3.8553370786516767,7.19662921348313,60.16636276245117,1
1474,3.7268258426966208,7.753511235955039,76.88563537597656,1
1475,3.7268258426966208,8.310393258426947,95.7660903930664,1
1476,3.898174157303362,8.867275280898856,106.19440460205078,1
1477,4.155196629213473,9.38132022471908,119.34654998779297,1
1478,4.540730337078641,9.895365168539303,137.49151611328125,1
1479,4.969101123595494,10.323735955056156,148.62828063964844,1
1480,5.440308988764032,10.66643258426964,148.31442260742188,1
1481,5.997191011235942,10.966292134831436,153.09170532226562,1
1482,6.46839887640448,11.137640449438177,159.451171875,1
1483,6.9396067415730185,11.137640449438177,175.3355255126953,1
1484,7.4536516853932415,11.00912921348312,9.515199661254883,1
1485,7.92485955056178,10.923455056179751,16.336742401123047,1
1486,8.438904494382003,10.709269662921324,17.866605758666992,1
1487,8.867275280898856,10.495084269662899,25.466629028320312,1
1488,9.252808988764023,10.280898876404471,29.149948120117188,1
1489,9.509831460674135,9.938202247190988,42.00474166870117,1
1490,9.724016853932563,9.46699438202245,60.24472427368164,1
1491,9.895365168539303,8.995786516853912,72.0550537109375,1
1492,9.981039325842675,8.396067415730318,83.68241882324219,1
1493,9.852528089887619,7.967696629213465,95.73495483398438,1
1494,9.724016853932563,7.367977528089871,108.78326416015625,1
1495,9.46699438202245,6.8110955056179625,116.99288177490234,1
1496,9.209971910112339,6.382724719101109,124.2992172241211,1
1497,8.82443820224717,6.082865168539312,133.66671752929688,1
1498,8.438904494382003,5.8258426966292,149.06634521484375,1
1499,7.967696629213465,5.74016853932583,164.96885681152344,1
1500,7.4536516853932415,5.74016853932583,176.3878936767578,1
1501,6.982443820224703,5.8258426966292,3.518068552017212,1
1502,6.5540730337078505,5.954353932584256,12.676215171813965,1
1503,6.082865168539312,6.168539325842683,23.15918731689453,1
1504,5.783005617977515,6.46839887640448,35.837196350097656,1
1505,5.525983146067404,6.768258426966277,45.78294372558594,1
1506,5.397471910112348,7.110955056179759,57.55058288574219,1
1507,5.226123595505606,7.667837078651668,66.57500457763672,1
1508,5.268960674157292,8.139044943820206,80.31022644042969,1
1509,5.440308988764032,8.48174157303369,97.32050323486328,1
1510,5.783005617977515,9.124297752808967,112.9360122680664,1
1511,6.254213483146053,9.552668539325822,129.1986846923828,1
1512,6.6825842696629065,9.852528089887619,147.54400634765625,1
1513,7.239466292134815,9.938202247190988,172.76077270507812,1
1514,7.667837078651668,9.895365168539303,1.7610714435577393,1
1515,8.053370786516835,9.681179775280878,11.43731689453125,1
1516,8.438904494382003,9.338483146067395,31.881330490112305,1
1517,8.695926966292115,8.995786516853912,47.177467346191406,1
1518,8.867275280898856,8.610252808988745,60.03470230102539,1
1519,8.995786516853912,8.181882022471891,70.36582946777344,1
1520,9.038623595505598,7.624999999999983,83.52294158935547,1
1521,9.038623595505598,7.110955056179759,88.38615417480469,1
1522,8.952949438202227,6.5540730337078505,95.95130920410156,1
1523,8.738764044943801,6.082865168539312,105.40242004394531,1
1524,8.48174157303369,5.65449438202246,110.76789855957031,1
1525,8.181882022471891,5.226123595505606,119.18408966064453,1
1526,7.796348314606724,4.840589887640439,134.02639770507812,1
1527,7.410814606741556,4.583567415730327,147.05487060546875,1
1528,7.025280898876389,4.455056179775271,158.54092407226562,1
1529,6.596910112359535,4.497893258426956,172.15621948242188,1
1530,6.211376404494368,4.540730337078641,178.94064331054688,1
1531,5.783005617977515,4.669241573033697,12.493257522583008,1
1532,5.226123595505606,4.883426966292124,19.064807891845703,1
1533,4.712078651685383,5.183286516853921,25.982097625732422,1
1534,4.240870786516845,5.525983146067404,30.912628173828125,1
1535,3.9838483146067327,5.8258426966292,37.924583435058594,1
1536,3.769662921348306,6.211376404494368,50.534942626953125,1
1537,3.598314606741565,6.725421348314591,65.40693664550781,1
1538,3.5126404494381944,7.239466292134815,74.80976104736328,1
1539,3.5554775280898796,7.667837078651668,88.42960357666016,1
1540,3.769662921348306,8.139044943820206,103.5773696899414,1
1541,4.112359550561789,8.438904494382003,124.02827453613281,1
1542,4.626404494382012,8.695926966292115,141.30624389648438,1
1543,5.140449438202236,8.82443820224717,156.41864013671875,1
1544,5.65449438202246,8.82443820224717,178.7988739013672,1
1545,6.254213483146053,8.695926966292115,15.404037475585938,1
1546,6.768258426966277,8.48174157303369,31.48265266418457,1
1547,7.19662921348313,8.096207865168521,52.47241973876953,1
1548,7.410814606741556,7.667837078651668,67.0346908569336,1
1549,7.496488764044927,7.367977528089871,84.69418334960938,1
1550,7.539325842696612,6.725421348314591,95.12747192382812,1
1551,7.4536516853932415,6.211376404494368,108.23380279541016,1
1552,7.367977528089871,5.783005617977515,119.12745666503906,1
1553,7.110955056179759,5.311797752808976,119.40530395507812,1
1554,6.896769662921333,5.01193820224718,126.49385070800781,1
1555,6.46839887640448,4.712078651685383,136.30136108398438,1
1556,6.040028089887627,4.540730337078641,152.3994140625,1
1557,5.611657303370774,4.369382022471901,158.84268188476562,1
1558,5.054775280898865,4.198033707865159,169.76478576660156,1
1559,4.583567415730327,4.198033707865159,179.06442260742188,1
1560,4.198033707865159,4.326544943820215,10.2815523147583,1
1561,3.7268258426966208,4.497893258426956,21.298389434814453,1
1562,3.2984550561797676,4.797752808988753,31.763225555419922,1
1563,2.9557584269662853,5.140449438202236,41.19648361206055,1
1564,2.655898876404488,5.611657303370774,49.065345764160156,1
1565,2.5273876404494326,6.082865168539312,57.13539505004883,1
1566,2.441713483146062,6.5540730337078505,66.5627212524414,1
1567,2.441713483146062,7.025280898876389,78.46658325195312,1
1568,2.441713483146062,7.539325842696612,83.92170715332031,1
1569,2.5273876404494326,8.053370786516835,92.26628875732422,1
1570,2.698735955056174,8.610252808988745,101.93331909179688,1
1571,2.9557584269662853,8.910112359550542,122.03131103515625,1
1572,3.4698033707865092,9.29564606741571,138.10487365722656,1
1573,4.0266853932584175,9.509831460674135,164.283203125,1
1574,4.540730337078641,9.509831460674135,5.505438804626465,1
1575,4.969101123595494,9.38132022471908,25.298194885253906,1
1576,5.483146067415718,9.081460674157283,45.417083740234375,1
1577,5.8258426966292,8.781601123595486,61.9021110534668,1
1578,6.168539325842683,8.310393258426947,69.50264739990234,1
1579,6.46839887640448,7.753511235955039,75.61968231201172,1
1580,6.6825842696629065,7.3251404494381855,82.28292846679688,1
1581,6.768258426966277,6.6825842696629065,86.13043975830078,1
1582,6.8110955056179625,6.040028089887627,95.63934326171875,1
1583,6.8110955056179625,5.483146067415718,100.71835327148438,1
1584,6.768258426966277,4.969101123595494,99.44547271728516,1
1585,6.639747191011221,4.455056179775271,98.08436584472656,1
1586,6.46839887640448,3.9838483146067327,97.81812286376953,1
1587,6.339887640449424,3.5554775280898796,102.7116928100586,1
1588,6.168539325842683,3.169943820224712,102.99903869628906,1
1589,6.040028089887627,2.784410112359544,108.78269958496094,1
1590,5.911516853932571,2.2275280898876355,106.70384979248047,1
1591,5.8258426966292,2.3988764044943767,113.25472259521484,1
1592,5.697331460674144,2.570224719101118,128.5315704345703,1
1593,5.354634831460662,2.613061797752803,141.95452880859375,1
1594,4.969101123595494,2.570224719101118,157.81521606445312,1
1595,4.369382022471901,2.484550561797747,170.6732177734375,1
1596,3.9838483146067327,2.570224719101118,177.70054626464844,1
1597,3.3841292134831384,2.655898876404488,3.5464439392089844,1
1598,2.9557584269662853,2.870084269662915,20.13271141052246,1
1599,2.570224719101118,3.1271067415730265,30.412914276123047,1
1600,2.313202247191006,3.4269662921348236,47.23221969604492,1
1601,2.1418539325842647,3.898174157303362,64.19962310791016,1
1602,2.1418539325842647,4.412219101123585,82.79390716552734,1
1603,2.2703651685393207,4.883426966292124,94.50450134277344,1
1604,2.484550561797747,5.226123595505606,107.00668334960938,1
1605,2.9129213483146,5.697331460674144,125.07235717773438,1
1606,3.4269662921348236,6.082865168539312,142.78565979003906,1
1607,4.069522471910103,6.339887640449424,168.7873077392578,1
1608,4.497893258426956,6.382724719101109,9.138864517211914,1
1609,4.969101123595494,6.254213483146053,23.248031616210938,1
1610,5.311797752808976,5.997191011235942,43.49983215332031,1
1611,5.611657303370774,5.568820224719088,61.648860931396484,1
1612,5.783005617977515,5.183286516853921,75.21378326416016,1
1613,5.8258426966292,4.712078651685383,87.4954833984375,1
1614,5.8258426966292,4.240870786516845,89.37869262695312,1
1615,5.783005617977515,3.8124999999999916,93.22916412353516,1
1616,5.611657303370774,3.3412921348314533,96.21330261230469,1
1617,5.440308988764032,2.998595505617971,101.99504852294922,1
1618,5.268960674157292,2.5273876404494326,107.75699615478516,1
1619,5.09761235955055,2.2275280898876355,122.21379852294922,1
1620,4.797752808988753,2.1846910112359503,141.6517333984375,1
1621,4.326544943820215,2.0561797752808944,161.4395294189453,1
1622,3.8553370786516767,2.0133426966292087,177.64138793945312,1
1623,3.3841292134831384,2.0561797752808944,7.600830554962158,1
1624,2.9557584269662853,2.313202247191006,17.361488342285156,1
1625,2.698735955056174,2.5273876404494326,30.810760498046875,1
1626,2.3560393258426915,2.9129213483146,44.466697692871094,1
1627,2.1846910112359503,3.2556179775280825,53.86650085449219,1
1628,2.0561797752808944,3.7268258426966208,69.47400665283203,1
1629,2.0990168539325795,4.198033707865159,81.40100860595703,1
1630,2.2703651685393207,4.626404494382012,91.73555755615234,1
1631,2.5273876404494326,5.054775280898865,107.93075561523438,1
1632,2.9129213483146,5.525983146067404,125.42406463623047,1
1633,3.4269662921348236,5.911516853932571,151.32846069335938,1
1634,3.9838483146067327,6.168539325842683,166.1864776611328,1
1635,4.497893258426956,6.254213483146053,5.850270748138428,1
1636,4.969101123595494,6.168539325842683,26.550079345703125,1
1637,5.525983146067404,5.911516853932571,45.46407699584961,1
1638,5.911516853932571,5.525983146067404,63.22304916381836,1
1639,6.168539325842683,5.140449438202236,68.50775146484375,1
1640,6.339887640449424,4.712078651685383,79.86705780029297,1
1641,6.382724719101109,4.326544943820215,83.4237060546875,1
1642,6.425561797752795,3.8124999999999916,92.35211944580078,1
1643,6.425561797752795,3.2127808988763973,91.02969360351562,1
1644,6.425561797752795,2.741573033707859,96.19391632080078,1
1645,6.339887640449424,2.441713483146062,98.07048797607422,1
1646,6.125702247190997,2.5273876404494326,112.04718780517578,1
1647,5.911516853932571,2.570224719101118,127.62781524658203,1
1648,5.568820224719088,2.484550561797747,145.85110473632812,1
1649,5.054775280898865,2.3560393258426915,158.28782653808594,1
1650,4.540730337078641,2.3988764044943767,173.94505310058594,1
1651,4.112359550561789,2.484550561797747,13.161455154418945,1
1652,3.6411516853932504,2.784410112359544,28.774635314941406,1
1653,3.3412921348314533,3.0842696629213413,45.034236907958984,1
1654,3.1271067415730265,3.4698033707865092,63.26915740966797,1
1655,2.9557584269662853,4.0266853932584175,74.17660522460938,1
1656,2.870084269662915,4.583567415730327,80.83768463134766,1
1657,2.9129213483146,5.140449438202236,85.09673309326172,1
1658,3.0842696629213413,5.65449438202246,94.47276306152344,1
1659,3.3841292134831384,6.040028089887627,107.97940063476562,1
1660,3.769662921348306,6.46839887640448,127.78362274169922,1
1661,4.283707865168529,6.9396067415730185,139.90484619140625,1
1662,4.840589887640439,7.282303370786501,155.6649169921875,1
1663,5.397471910112348,7.4536516853932415,170.20309448242188,1
1664,6.082865168539312,7.539325842696612,179.265869140625,1
1665,6.639747191011221,7.539325842696612,9.308831214904785,1
1666,7.239466292134815,7.410814606741556,14.015847206115723,1
1667,7.8391853932584095,7.282303370786501,18.369529724121094,1
1668,8.396067415730318,7.110955056179759,21.939563751220703,1
1669,8.867275280898856,6.896769662921333,24.820812225341797,1
1670,9.29564606741571,6.639747191011221,30.0295467376709,1
1671,9.595505617977507,6.339887640449424,40.77302551269531,1
1672,9.809691011235932,5.997191011235942,52.448036193847656,1
1673,9.938202247190988,5.611657303370774,67.9742202758789,1
1674,10.066713483146044,5.140449438202236,80.15413665771484,1
1675,10.066713483146044,4.669241573033697,85.76179504394531,1
1676,10.066713483146044,4.198033707865159,88.79518127441406,1
1677,10.10955056179773,3.769662921348306,85.52635192871094,1
1678,10.10955056179773,3.2984550561797676,87.05908203125,1
1679,10.066713483146044,2.870084269662915,88.126220703125,1
1680,9.981039325842675,2.484550561797747,94.89404296875,1
1681,9.895365168539303,2.3560393258426915,103.39187622070312,1
1682,9.638342696629191,2.2275280898876355,113.88491821289062,1
1683,9.38132022471908,2.0990168539325795,117.0983657836914,1
1684,9.038623595505598,1.9276685393258384,135.2257537841797,1
1685,8.610252808988745,1.7991573033707824,153.85794067382812,1
1686,8.139044943820206,1.7563202247190972,162.90306091308594,1
1687,7.667837078651668,1.7563202247190972,170.02276611328125,1
1688,7.239466292134815,1.884831460674153,1.4783660173416138,1
1689,6.768258426966277,2.0990168539325795,5.215064525604248,1
1690,6.511235955056165,2.3560393258426915,17.578794479370117,1
1691,6.125702247190997,2.698735955056174,30.26693344116211,1
1692,5.8258426966292,3.1271067415730265,46.69603729248047,1
1693,5.568820224719088,3.6839887640449356,66.77197265625,1
1694,5.483146067415718,4.240870786516845,85.91556549072266,1
1695,5.568820224719088,4.840589887640439,96.09834289550781,1
1696,5.697331460674144,5.397471910112348,107.4449234008789,1
1697,5.997191011235942,5.954353932584256,119.38265991210938,1
1698,6.425561797752795,6.382724719101109,135.0108642578125,1
1699,6.896769662921333,6.596910112359535,159.32489013671875,1
1700,7.410814606741556,6.596910112359535,174.37057495117188,1
1701,7.92485955056178,6.596910112359535,9.489507675170898,1
1702,8.48174157303369,6.425561797752795,22.158615112304688,1
1703,8.82443820224717,6.125702247190997,43.571922302246094,1
1704,9.29564606741571,5.697331460674144,52.390869140625,1
1705,9.509831460674135,5.354634831460662,69.84132385253906,1
1706,9.681179775280878,4.754915730337068,82.0604019165039,1
1707,9.681179775280878,4.283707865168529,91.96897888183594,1
1708,9.552668539325822,3.7268258426966208,108.0486831665039,1
1709,9.424157303370766,3.2984550561797676,112.7826156616211,1
1710,9.209971910112339,2.9129213483146,117.56793212890625,1
1711,8.952949438202227,2.441713483146062,117.10667419433594,1
1712,8.738764044943801,2.1418539325842647,119.20512390136719,1
1713,8.524578651685374,2.0133426966292087,132.00550842285156,1
1714,8.096207865168521,1.9276685393258384,146.92559814453125,1
1715,7.624999999999983,1.884831460674153,152.8651885986328,1
1716,7.068117977528074,1.7991573033707824,166.04470825195312,1
1717,6.5540730337078505,1.884831460674153,175.5441436767578,1
1718,6.040028089887627,2.0990168539325795,10.681807518005371,1
1719,5.611657303370774,2.3988764044943767,25.14560890197754,1
1720,5.226123595505606,2.741573033707859,44.57766342163086,1
1721,4.840589887640439,3.2556179775280825,58.579429626464844,1
1722,4.712078651685383,3.8124999999999916,73.58232879638672,1
1723,4.669241573033697,4.283707865168529,80.55249786376953,1
1724,4.712078651685383,4.754915730337068,91.8816909790039,1
1725,4.797752808988753,5.311797752808976,97.61463928222656,1
1726,4.926264044943809,5.8258426966292,104.8565902709961,1
1727,5.140449438202236,6.254213483146053,105.87861633300781,1
1728,5.354634831460662,6.768258426966277,108.56355285644531,1
1729,5.697331460674144,7.19662921348313,120.52809143066406,1
1730,6.082865168539312,7.539325842696612,131.1405029296875,1
1731,6.5540730337078505,7.8391853932584095,145.711181640625,1
1732,7.068117977528074,8.053370786516835,150.5926513671875,1
1733,7.5821629213482975,8.139044943820206,163.695556640625,1
1734,8.139044943820206,8.096207865168521,176.9540557861328,1
1735,8.567415730337059,8.01053370786515,14.459905624389648,1
1736,9.038623595505598,7.7106741573033535,34.099910736083984,1
1737,9.338483146067395,7.410814606741556,51.25910186767578,1
1738,9.552668539325822,7.025280898876389,65.54122924804688,1
1739,9.638342696629191,6.5540730337078505,89.20927429199219,1
1740,9.552668539325822,6.168539325842683,106.0679931640625,1
1741,9.338483146067395,5.8258426966292,118.47230529785156,1
1742,8.910112359550542,5.483146067415718,137.73394775390625,1
1743,8.48174157303369,5.311797752808976,151.71640014648438,1
1744,8.139044943820206,5.268960674157292,169.42050170898438,1
1745,7.624999999999983,5.354634831460662,12.314972877502441,1
1746,7.110955056179759,5.568820224719088,33.23416519165039,1
1747,6.725421348314591,5.8258426966292,48.437374114990234,1
1748,6.425561797752795,6.254213483146053,58.48477554321289,1
1749,6.297050561797739,6.6825842696629065,73.77371215820312,1
1750,6.211376404494368,7.19662921348313,84.35145568847656,1
1751,6.254213483146053,7.667837078651668,91.27867126464844,1
1752,6.46839887640448,8.096207865168521,101.28517150878906,1
1753,6.8110955056179625,8.567415730337059,115.8071060180664,1
1754,7.19662921348313,8.910112359550542,130.91676330566406,1
1755,7.624999999999983,9.167134831460654,143.99009704589844,1
1756,8.224719101123577,9.46699438202245,155.53594970703125,1
1757,8.738764044943801,9.552668539325822,173.24484252929688,1
1758,9.29564606741571,9.509831460674135,7.327016830444336,1
1759,9.852528089887619,9.38132022471908,19.110374450683594,1
1760,10.323735955056156,9.081460674157283,32.36873245239258,1
1761,10.66643258426964,8.82443820224717,42.632625579833984,1
1762,10.966292134831436,8.438904494382003,56.84666061401367,1
1763,11.137640449438177,7.967696629213465,68.93888854980469,1
1764,11.223314606741548,7.5821629213482975,76.14559173583984,1
1765,11.266151685393233,7.153792134831445,85.4626693725586,1
1766,11.266151685393233,6.6825842696629065,90.11927795410156,1
1767,11.137640449438177,6.168539325842683,93.48445129394531,1
1768,11.051966292134807,5.74016853932583,101.30760955810547,1
1769,10.83778089887638,5.311797752808976,108.17304229736328,1
1770,10.537921348314583,4.926264044943809,115.89431762695312,1
1771,10.238061797752787,4.712078651685383,129.8529815673828,1
1772,9.809691011235932,4.455056179775271,147.2021484375,1
1773,9.338483146067395,4.240870786516845,160.49948120117188,1
1774,8.781601123595486,4.112359550561789,172.30604553222656,1
1775,8.267556179775262,4.155196629213473,179.882080078125,1
1776,7.8391853932584095,4.326544943820215,17.439010620117188,1
1777,7.367977528089871,4.583567415730327,34.898231506347656,1
1778,7.025280898876389,4.926264044943809,45.68545913696289,1
1779,6.6825842696629065,5.354634831460662,56.99949264526367,1
1780,6.46839887640448,5.783005617977515,62.45756912231445,1
1781,6.339887640449424,6.254213483146053,68.04021453857422,1
1782,6.254213483146053,6.8110955056179625,74.28131103515625,1
1783,6.254213483146053,7.282303370786501,77.7345199584961,1
1784,6.211376404494368,7.882022471910094,83.20286560058594,1
1785,6.254213483146053,8.48174157303369,88.79497528076172,1
1786,6.425561797752795,9.081460674157283,99.04280090332031,1
1787,6.725421348314591,9.638342696629191,110.16779327392578,1
1788,7.068117977528074,10.066713483146044,119.03333282470703,1
1789,7.496488764044927,10.495084269662899,128.81423950195312,1
1790,7.92485955056178,10.794943820224695,137.5652618408203,1
1791,8.353230337078633,10.966292134831436,143.44749450683594,1
1792,8.82443820224717,11.051966292134807,160.1017608642578,1
1793,9.338483146067395,11.094803370786492,170.0394744873047,1
1794,9.895365168539303,11.00912921348312,4.4820661544799805,1
1795,10.323735955056156,10.880617977528065,16.57028579711914,1
1796,10.794943820224695,10.537921348314583,31.72657585144043,1
1797,11.137640449438177,10.1952247191011,44.177066802978516,1
1798,11.394662921348289,9.766853932584247,53.86000442504883,1
1799,11.608848314606716,9.338483146067395,66.69054412841797,1
1800,11.694522471910085,8.910112359550542,78.04556274414062,1
1801,11.694522471910085,8.396067415730318,88.52227783203125,1
1802,11.608848314606716,8.053370786516835,96.908203125,1
1803,11.394662921348289,7.496488764044927,107.41960144042969,1
1804,11.180477528089863,7.110955056179759,114.13360595703125,1
1805,10.83778089887638,6.596910112359535,118.33634185791016,1
1806,10.537921348314583,6.168539325842683,116.22276306152344,1
1807,10.238061797752787,5.783005617977515,114.13944244384766,1
1808,9.981039325842675,5.354634831460662,114.05940246582031,1
1809,9.681179775280878,4.926264044943809,118.24366760253906,1
1810,9.38132022471908,4.497893258426956,119.35753631591797,1
1811,9.038623595505598,4.069522471910103,124.85616302490234,1
1812,8.65308988764043,3.598314606741565,125.87909698486328,1
1813,8.310393258426947,3.2127808988763973,127.36129760742188,1
1814,7.967696629213465,2.870084269662915,125.4422607421875,1
1815,7.624999999999983,2.5273876404494326,131.33885192871094,1
1816,7.239466292134815,2.2275280898876355,135.14715576171875,1
1817,6.853932584269647,2.0561797752808944,144.62579345703125,1
1818,6.339887640449424,1.7991573033707824,154.40213012695312,1
1819,5.868679775280886,1.7134831460674118,164.27935791015625,1
1820,5.311797752808976,1.7563202247190972,174.892822265625,1
1821,4.883426966292124,1.884831460674153,12.656200408935547,1
1822,4.497893258426956,2.0561797752808944,28.82816505432129,1
1823,4.069522471910103,2.441713483146062,37.119468688964844,1
1824,3.6839887640449356,2.9129213483146,53.21250534057617,1
1825,3.5554775280898796,3.3841292134831384,73.77399444580078,1
1826,3.4698033707865092,3.898174157303362,82.32002258300781,1
1827,3.5126404494381944,4.455056179775271,89.43907928466797,1
1828,3.6411516853932504,4.969101123595494,95.19526672363281,1
1829,3.898174157303362,5.568820224719088,105.66073608398438,1
1830,4.198033707865159,5.997191011235942,117.99456787109375,1
1831,4.626404494382012,6.339887640449424,136.68324279785156,1
1832,5.09761235955055,6.5540730337078505,154.1776580810547,1
1833,5.611657303370774,6.596910112359535,175.5223846435547,1
1834,6.125702247190997,6.46839887640448,18.065759658813477,1
1835,6.511235955056165,6.254213483146053,39.55939483642578,1
1836,6.896769662921333,5.911516853932571,54.01659393310547,1
1837,7.153792134831445,5.483146067415718,71.27348327636719,1
1838,7.239466292134815,5.01193820224718,82.11660766601562,1
1839,7.3251404494381855,4.540730337078641,90.42092895507812,1
1840,7.3251404494381855,4.0266853932584175,93.3184814453125,1
1841,7.282303370786501,3.5126404494381944,98.43104553222656,1
1842,7.239466292134815,2.998595505617971,96.80976104736328,1
1843,7.068117977528074,2.5273876404494326,103.66162872314453,1
1844,6.896769662921333,2.3988764044943767,108.41458892822266,1
1845,6.5540730337078505,2.3988764044943767,127.4033203125,1
1846,6.168539325842683,2.313202247191006,138.56190490722656,1
1847,5.783005617977515,2.2703651685393207,145.66029357910156,1
1848,5.311797752808976,2.1846910112359503,152.31005859375,1
1849,4.797752808988753,2.0561797752808944,162.179443359375,1
1850,4.369382022471901,2.0561797752808944,167.6607208251953,1
1851,3.898174157303362,2.0990168539325795,171.26303100585938,1
1852,3.5126404494381944,2.2275280898876355,2.756300449371338,1
1853,2.998595505617971,2.3988764044943767,13.168837547302246,1
1854,2.5273876404494326,2.698735955056174,24.46297264099121,1
1855,2.0990168539325795,3.041432584269656,33.833927154541016,1
1856,1.7991573033707824,3.3841292134831384,44.259498596191406,1
1857,1.4992977528089855,3.8553370786516767,57.88564682006836,1
1858,1.3707865168539295,4.326544943820215,67.673828125,1
1859,1.327949438202244,4.797752808988753,75.97879791259766,1
1860,1.327949438202244,5.268960674157292,85.03748321533203,1
1861,1.413623595505615,5.74016853932583,88.13756561279297,1
1862,1.584971910112356,6.168539325842683,92.3463363647461,1
1863,1.7991573033707824,6.5540730337078505,101.55702209472656,1
1864,2.1418539325842647,6.982443820224703,111.67607116699219,1
1865,2.484550561797747,7.239466292134815,129.08229064941406,1
1866,3.041432584269656,7.410814606741556,150.1197052001953,1
1867,3.598314606741565,7.496488764044927,176.96556091308594,1
1868,4.283707865168529,7.410814606741556,12.891119956970215,1
1869,4.712078651685383,7.282303370786501,28.6771183013916,1
1870,5.09761235955055,7.025280898876389,48.21027374267578,1
1871,5.440308988764032,6.5540730337078505,68.25823974609375,1
1872,5.697331460674144,6.082865168539312,77.96588897705078,1
1873,5.8258426966292,5.65449438202246,81.85264587402344,1
1874,5.868679775280886,5.09761235955055,90.0594253540039,1
1875,5.783005617977515,4.754915730337068,102.15577697753906,1
1876,5.568820224719088,4.326544943820215,114.50997161865234,1
1877,5.354634831460662,4.112359550561789,117.99544525146484,1
1878,5.054775280898865,3.8124999999999916,129.40367126464844,1
1879,4.669241573033697,3.5126404494381944,132.78807067871094,1
1880,4.326544943820215,3.3841292134831384,133.3745880126953,1
1881,3.898174157303362,3.169943820224712,148.24649047851562,1
1882,3.4269662921348236,2.998595505617971,156.18075561523438,1
1883,2.998595505617971,2.998595505617971,165.25111389160156,1
1884,2.570224719101118,3.0842696629213413,176.02529907226562,1
1885,2.1846910112359503,3.2984550561797676,11.9766263961792,1
1886,1.8419943820224678,3.598314606741565,26.802867889404297,1
1887,1.6706460674157266,3.941011235955047,41.69999313354492,1
1888,1.5421348314606707,4.369382022471901,63.63936996459961,1
1889,1.4992977528089855,4.840589887640439,78.06039428710938,1
1890,1.5421348314606707,5.397471910112348,84.09566497802734,1
1891,1.584971910112356,5.783005617977515,90.32935333251953,1
1892,1.7563202247190972,6.339887640449424,93.88615417480469,1
1893,1.9276685393258384,6.768258426966277,95.7120132446289,1
1894,2.1846910112359503,7.153792134831445,109.8997802734375,1
1895,2.484550561797747,7.410814606741556,115.76567840576172,1
1896,2.998595505617971,7.796348314606724,138.73989868164062,1
1897,3.4698033707865092,7.967696629213465,161.64537048339844,1
1898,4.0266853932584175,8.053370786516835,1.5045719146728516,1
1899,4.540730337078641,7.967696629213465,17.514421463012695,1
1900,5.09761235955055,7.796348314606724,38.4848518371582,1
1901,5.568820224719088,7.496488764044927,49.744590759277344,1
1902,5.8258426966292,7.19662921348313,62.68927001953125,1
1903,6.040028089887627,6.896769662921333,67.35905456542969,1
1904,6.211376404494368,6.297050561797739,77.36724090576172,1
1905,6.254213483146053,5.74016853932583,86.55355834960938,1
1906,6.168539325842683,5.311797752808976,103.76485443115234,1
1907,5.954353932584256,4.969101123595494,118.43363952636719,1
1908,5.65449438202246,4.669241573033697,130.78407287597656,1
1909,5.311797752808976,4.540730337078641,145.96255493164062,1
1910,4.926264044943809,4.412219101123585,158.00169372558594,1
1911,4.583567415730327,4.369382022471901,173.69309997558594,1
1912,4.069522471910103,4.412219101123585,177.3369903564453,1
1913,3.7268258426966208,4.626404494382012,14.919437408447266,1
1914,3.2556179775280825,4.926264044943809,25.56456756591797,1
1915,2.9129213483146,5.268960674157292,36.14200210571289,1
1916,2.570224719101118,5.697331460674144,48.543067932128906,1
1917,2.3560393258426915,6.211376404494368,65.55097961425781,1
1918,2.2275280898876355,6.6825842696629065,74.61671447753906,1
1919,2.2703651685393207,7.19662921348313,83.3300552368164,1
1920,2.3560393258426915,7.624999999999983,91.52397918701172,1
1921,2.570224719101118,8.053370786516835,106.68815612792969,1
1922,2.9557584269662853,8.438904494382003,130.65379333496094,1
1923,3.2984550561797676,8.695926966292115,149.85548400878906,1
1924,3.898174157303362,8.867275280898856,174.0846405029297,1
1925,4.497893258426956,8.910112359550542,12.417549133300781,1
1926,5.01193820224718,8.781601123595486,29.516021728515625,1
1927,5.354634831460662,8.567415730337059,43.58464431762695,1
1928,5.525983146067404,8.224719101123577,59.649295806884766,1
1929,5.65449438202246,7.7106741573033535,73.54077911376953,1
1930,5.65449438202246,7.3251404494381855,85.45691680908203,1
1931,5.568820224719088,6.8110955056179625,99.4664077758789,1
1932,5.354634831460662,6.382724719101109,111.85137939453125,1
1933,5.09761235955055,5.997191011235942,121.66354370117188,1
1934,4.712078651685383,5.611657303370774,129.85557556152344,1
1935,4.369382022471901,5.397471910112348,142.0786895751953,1
1936,3.9838483146067327,5.311797752808976,155.71023559570312,1
1937,3.5126404494381944,5.226123595505606,175.60914611816406,1
1938,3.1271067415730265,5.311797752808976,13.775424003601074,1
1939,2.655898876404488,5.525983146067404,33.271663665771484,1
1940,2.2703651685393207,5.868679775280886,45.157405853271484,1
1941,1.9705056179775235,6.297050561797739,52.52117919921875,1
1942,1.7563202247190972,6.725421348314591,58.739864349365234,1
1943,1.584971910112356,7.19662921348313,66.46569061279297,1
1944,1.4992977528089855,7.624999999999983,71.91218566894531,1
1945,1.584971910112356,8.053370786516835,78.49312591552734,1
1946,1.6706460674157266,8.48174157303369,84.2044906616211,1
1947,1.7991573033707824,8.995786516853912,94.20350646972656,1
1948,2.0561797752808944,9.338483146067395,109.4539794921875,1
1949,2.3560393258426915,9.766853932584247,127.04545593261719,1
1950,2.741573033707859,10.066713483146044,142.53787231445312,1
1951,3.2127808988763973,10.280898876404471,161.4026336669922,1
1952,3.7268258426966208,10.323735955056156,3.9225523471832275,1
1953,4.198033707865159,10.280898876404471,18.16802215576172,1
1954,4.540730337078641,10.152387640449415,31.798002243041992,1
1955,4.840589887640439,9.895365168539303,54.545963287353516,1
1956,5.054775280898865,9.552668539325822,71.88203430175781,1
1957,5.183286516853921,8.952949438202227,87.29329681396484,1
1958,5.183286516853921,8.438904494382003,98.14698028564453,1
1959,5.01193820224718,7.882022471910094,111.04167938232422,1
1960,4.840589887640439,7.4536516853932415,118.03880310058594,1
1961,4.583567415730327,7.068117977528074,133.57522583007812,1
1962,4.198033707865159,6.768258426966277,148.28846740722656,1
1963,3.898174157303362,6.6825842696629065,167.4322509765625,1
1964,3.2984550561797676,6.639747191011221,1.2408510446548462,1
1965,2.784410112359544,6.768258426966277,22.240802764892578,1
1966,2.313202247191006,7.025280898876389,39.59827423095703,1
1967,2.0133426966292087,7.410814606741556,56.29191589355469,1
1968,1.7991573033707824,7.796348314606724,65.1083984375,1
1969,1.6706460674157266,8.267556179775262,65.13099670410156,1
1970,1.584971910112356,8.695926966292115,72.71554565429688,1
1971,1.584971910112356,9.167134831460654,77.28717803955078,1
1972,1.584971910112356,9.509831460674135,83.24250793457031,1
1973,1.7134831460674118,9.938202247190988,90.0344009399414,1
1974,1.884831460674153,10.366573033707843,101.88363647460938,1
1975,2.1418539325842647,10.752106741573009,112.82450866699219,1
1976,2.570224719101118,11.137640449438177,137.077880859375,1
1977,3.0842696629213413,11.30898876404492,156.48289489746094,1
1978,3.6839887640449356,11.394662921348289,2.591576099395752,1
1979,4.240870786516845,11.30898876404492,13.567177772521973,1
1980,4.754915730337068,11.137640449438177,23.628265380859375,1
1981,5.183286516853921,10.923455056179751,32.96383285522461,1
1982,5.568820224719088,10.66643258426964,40.967830657958984,1
1983,5.954353932584256,10.323735955056156,49.351287841796875,1
1984,6.254213483146053,9.895365168539303,54.3684196472168,1
1985,6.382724719101109,9.595505617977507,67.75137329101562,1
1986,6.382724719101109,9.167134831460654,84.12674713134766,1
1987,6.297050561797739,8.65308988764043,95.01716613769531,1
1988,6.082865168539312,8.267556179775262,105.23219299316406,1
1989,5.783005617977515,7.8391853932584095,117.96454620361328,1
1990,5.397471910112348,7.410814606741556,130.94679260253906,1
1991,5.09761235955055,7.19662921348313,144.01597595214844,1
1992,4.583567415730327,6.982443820224703,162.0400390625,1
1993,4.0266853932584175,6.896769662921333,178.47364807128906,1
1994,3.598314606741565,6.9396067415730185,12.638917922973633,1
1995,3.0842696629213413,7.19662921348313,32.677608489990234,1
1996,2.741573033707859,7.539325842696612,54.27524185180664,1
1997,2.5273876404494326,7.967696629213465,72.25184631347656,1
1998,2.5273876404494326,8.353230337078633,87.3381118774414,1
1999,2.698735955056174,8.738764044943801,100.24974822998047,1
2000,2.998595505617971,9.209971910112339,121.18704223632812,1
2001,3.4269662921348236,9.552668539325822,143.677490234375,1
2002,3.941011235955047,9.766853932584247,168.6100311279297,1
2003,4.455056179775271,9.809691011235932,6.552565574645996,1
2004,4.883426966292124,9.724016853932563,13.266565322875977,1
2005,5.440308988764032,9.509831460674135,27.36724281311035,1
2006,5.783005617977515,9.252808988764023,34.602420806884766,1
2007,6.254213483146053,8.867275280898856,45.32839584350586,1
2008,6.639747191011221,8.524578651685374,51.18487548828125,1
2009,6.9396067415730185,8.096207865168521,60.91409683227539,1
2010,7.153792134831445,7.624999999999983,69.53581237792969,1
2011,7.282303370786501,7.239466292134815,74.32149505615234,1
2012,7.367977528089871,6.768258426966277,82.17457580566406,1
2013,7.282303370786501,6.211376404494368,94.26509857177734,1
2014,7.153792134831445,5.8258426966292,103.73937225341797,1
2015,6.896769662921333,5.483146067415718,113.90279388427734,1
2016,6.596910112359535,5.226123595505606,129.15182495117188,1
2017,6.211376404494368,4.969101123595494,146.3824005126953,1
2018,5.697331460674144,4.754915730337068,167.0263214111328,1
2019,5.226123595505606,4.712078651685383,1.9735621213912964,1
2020,4.754915730337068,4.754915730337068,13.110512733459473,1
2021,4.283707865168529,4.926264044943809,26.912145614624023,1
2022,3.8553370786516767,5.226123595505606,34.09942626953125,1
2023,3.5126404494381944,5.611657303370774,42.390079498291016,1
2024,3.2984550561797676,6.040028089887627,52.317176818847656,1
2025,3.0842696629213413,6.5540730337078505,61.76597595214844,1
2026,2.9129213483146,7.025280898876389,71.14698791503906,1
2027,2.82724719101123,7.539325842696612,77.00242614746094,1
2028,2.784410112359544,8.053370786516835,82.87889099121094,1
2029,2.82724719101123,8.65308988764043,95.622314453125,1
2030,2.9557584269662853,9.124297752808967,108.24529266357422,1
2031,3.3412921348314533,9.595505617977507,127.54369354248047,1
2032,3.8124999999999916,9.938202247190988,148.55001831054688,1
2033,4.283707865168529,10.152387640449415,166.7997283935547,1
2034,4.797752808988753,10.238061797752787,3.5419909954071045,1
2035,5.268960674157292,10.1952247191011,8.632083892822266,1
2036,5.697331460674144,10.02387640449436,25.800086975097656,1
2037,6.168539325842683,9.724016853932563,47.661930084228516,1
2038,6.511235955056165,9.338483146067395,62.369808197021484,1
2039,6.768258426966277,8.781601123595486,78.74369049072266,1
2040,6.896769662921333,8.310393258426947,90.38105010986328,1
2041,6.9396067415730185,7.7106741573033535,99.0749740600586,1
2042,6.853932584269647,7.282303370786501,103.96631622314453,1
2043,6.6825842696629065,6.853932584269647,111.14622497558594,1
2044,6.425561797752795,6.639747191011221,126.49151611328125,1
2045,5.997191011235942,6.211376404494368,135.50033569335938,1
2046,5.697331460674144,6.125702247190997,154.65231323242188,1
2047,5.183286516853921,6.040028089887627,172.7344207763672,1
2048,4.712078651685383,6.125702247190997,12.167882919311523,1
2049,4.240870786516845,6.297050561797739,28.9715633392334,1
2050,3.769662921348306,6.6825842696629065,47.3423957824707,1
2051,3.5554775280898796,7.068117977528074,62.77785110473633,1
2052,3.4698033707865092,7.410814606741556,77.46942901611328,1
2053,3.5554775280898796,7.92485955056178,89.43985748291016,1
2054,3.7268258426966208,8.396067415730318,106.77583312988281,1
2055,4.0266853932584175,8.867275280898856,118.87317657470703,1
2056,4.412219101123585,9.338483146067395,134.66427612304688,1
2057,4.883426966292124,9.681179775280878,146.35792541503906,1
2058,5.525983146067404,9.895365168539303,167.78524780273438,1
2059,6.125702247190997,9.981039325842675,1.982254147529602,1
2060,6.5540730337078505,9.852528089887619,13.86618709564209,1
2061,6.9396067415730185,9.681179775280878,33.38279724121094,1
2062,7.3251404494381855,9.338483146067395,52.48777770996094,1
2063,7.539325842696612,8.995786516853912,67.61106872558594,1
2064,7.667837078651668,8.524578651685374,81.11036682128906,1
2065,7.667837078651668,8.053370786516835,89.76252746582031,1
2066,7.5821629213482975,7.667837078651668,103.35782623291016,1
2067,7.3251404494381855,7.282303370786501,115.92037963867188,1
2068,7.025280898876389,7.025280898876389,130.1267852783203,1
2069,6.596910112359535,6.725421348314591,138.4669189453125,1
2070,6.211376404494368,6.639747191011221,156.5203857421875,1
2071,5.74016853932583,6.596910112359535,167.84214782714844,1
2072,5.483146067415718,6.725421348314591,6.341062545776367,1
2073,4.926264044943809,6.9396067415730185,21.56501007080078,1
2074,4.497893258426956,7.19662921348313,30.693286895751953,1
2075,3.9838483146067327,7.539325842696612,44.81125259399414,1
2076,3.4698033707865092,7.967696629213465,51.50053405761719,1
2077,3.0842696629213413,8.438904494382003,60.636741638183594,1
2078,2.998595505617971,8.867275280898856,76.71387481689453,1
2079,2.9557584269662853,9.38132022471908,87.20978546142578,1
2080,3.1271067415730265,9.852528089887619,103.20101928710938,1
2081,3.3841292134831384,10.323735955056156,117.5639419555664,1
2082,3.769662921348306,10.709269662921324,136.60609436035156,1
2083,4.198033707865159,10.923455056179751,148.05384826660156,1
2084,4.712078651685383,11.051966292134807,169.09768676757812,1
2085,5.354634831460662,11.051966292134807,4.844403266906738,1
2086,5.868679775280886,10.923455056179751,21.66604995727539,1
2087,6.297050561797739,10.709269662921324,37.53083419799805,1
2088,6.639747191011221,10.409410112359527,48.08564758300781,1
2089,6.982443820224703,10.066713483146044,50.79182052612305,1
2090,7.239466292134815,9.595505617977507,61.38968276977539,1
2091,7.496488764044927,9.081460674157283,67.99209594726562,1
2092,7.7106741573033535,8.695926966292115,68.00175476074219,1
2093,7.8391853932584095,8.181882022471891,75.96175384521484,1
2094,7.92485955056178,7.667837078651668,85.057861328125,1
2095,7.92485955056178,7.19662921348313,89.62887573242188,1
2096,7.8391853932584095,6.6825842696629065,97.0082015991211,1
2097,7.7106741573033535,6.254213483146053,100.02493286132812,1
2098,7.539325842696612,5.8258426966292,107.50045013427734,1
2099,7.282303370786501,5.354634831460662,113.28279876708984,1
2100,7.025280898876389,5.01193820224718,123.77706146240234,1
2101,6.639747191011221,4.540730337078641,126.62965393066406,1
2102,6.168539325842683,4.112359550561789,131.23434448242188,1
2103,5.783005617977515,3.8553370786516767,127.30207061767578,1
2104,5.397471910112348,3.6839887640449356,131.23123168945312,1
2105,5.01193820224718,3.5554775280898796,145.71893310546875,1
2106,4.626404494382012,3.5126404494381944,161.8877410888672,1
2107,4.240870786516845,3.598314606741565,173.26168823242188,1
2108,3.7268258426966208,3.7268258426966208,2.0400373935699463,1
2109,3.3412921348314533,3.9838483146067327,16.632625579833984,1
2110,3.041432584269656,4.326544943820215,34.216827392578125,1
2111,2.741573033707859,4.754915730337068,43.46745681762695,1
2112,2.484550561797747,5.268960674157292,58.30414962768555,1
2113,2.3560393258426915,5.697331460674144,65.15425872802734,1
2114,2.3560393258426915,6.125702247190997,69.49225616455078,1
2115,2.3988764044943767,6.596910112359535,78.18609619140625,1
2116,2.484550561797747,7.068117977528074,86.69842529296875,1
2117,2.655898876404488,7.624999999999983,99.45551300048828,1
2118,2.9129213483146,7.967696629213465,109.51241302490234,1
2119,3.2556179775280825,8.267556179775262,128.07264709472656,1
2120,3.7268258426966208,8.695926966292115,145.18377685546875,1
2121,4.283707865168529,8.952949438202227,159.2364959716797,1
2122,4.797752808988753,9.124297752808967,1.815745234489441,1
2123,5.268960674157292,9.124297752808967,8.34009075164795,1
2124,5.697331460674144,8.995786516853912,21.034832000732422,1
2125,6.125702247190997,8.738764044943801,36.4532585144043,1
2126,6.5540730337078505,8.353230337078633,41.5806770324707,1
2127,6.8110955056179625,8.01053370786515,54.805667877197266,1
2128,7.025280898876389,7.5821629213482975,67.82489013671875,1
2129,7.068117977528074,7.19662921348313,83.49395751953125,1
2130,6.9396067415730185,6.6825842696629065,97.57911682128906,1
2131,6.725421348314591,6.339887640449424,112.97329711914062,1
2132,6.339887640449424,5.954353932584256,135.90945434570312,1
2133,5.997191011235942,5.8258426966292,161.84413146972656,1
2134,5.611657303370774,5.783005617977515,177.3189239501953,1
2135,5.226123595505606,5.868679775280886,11.337042808532715,1
2136,4.754915730337068,6.082865168539312,25.20684242248535,1
2137,4.326544943820215,6.425561797752795,33.77507400512695,1
2138,3.9838483146067327,6.768258426966277,40.91630554199219,1
2139,3.598314606741565,7.239466292134815,46.445987701416016,1
2140,3.2556179775280825,7.7106741573033535,57.905696868896484,1
2141,2.998595505617971,8.267556179775262,67.8788833618164,1
2142,2.9129213483146,8.65308988764043,83.54376983642578,1
2143,3.041432584269656,9.167134831460654,95.87925720214844,1
2144,3.2984550561797676,9.638342696629191,114.97128295898438,1
2145,3.6411516853932504,10.066713483146044,133.81549072265625,1
2146,4.155196629213473,10.409410112359527,154.15814208984375,1
2147,4.626404494382012,10.66643258426964,167.7661590576172,1
2148,5.183286516853921,10.709269662921324,0.6646135449409485,1
2149,5.65449438202246,10.623595505617953,15.975460052490234,1
2150,6.125702247190997,10.452247191011212,23.22542953491211,1
2151,6.5540730337078505,10.238061797752787,29.49651527404785,1
2152,6.982443820224703,9.895365168539303,38.8543586730957,1
2153,7.19662921348313,9.595505617977507,51.68705368041992,1
2154,7.367977528089871,9.209971910112339,60.87185287475586,1
2155,7.4536516853932415,8.738764044943801,75.11587524414062,1
2156,7.5821629213482975,8.267556179775262,83.10118103027344,1
2157,7.5821629213482975,7.753511235955039,92.86885833740234,1
2158,7.496488764044927,7.367977528089871,104.09001159667969,1
2159,7.19662921348313,6.853932584269647,117.35575866699219,1
2160,6.853932584269647,6.46839887640448,132.6796875,1
2161,6.425561797752795,6.168539325842683,138.39593505859375,1
2162,6.125702247190997,6.125702247190997,150.1249237060547,1
2163,5.783005617977515,6.125702247190997,158.43267822265625,1
2164,5.440308988764032,6.125702247190997,165.83580017089844,1
2165,5.01193820224718,6.254213483146053,178.9906768798828,1
2166,4.583567415730327,6.425561797752795,10.197188377380371,1
2167,4.198033707865159,6.6825842696629065,27.576416015625,1
2168,3.7268258426966208,7.068117977528074,40.816532135009766,1
2169,3.4269662921348236,7.4536516853932415,50.19349670410156,1
2170,3.2127808988763973,7.92485955056178,63.545475006103516,1
2171,3.0842696629213413,8.438904494382003,76.20227813720703,1
2172,3.1271067415730265,8.910112359550542,87.126953125,1
2173,3.2984550561797676,9.338483146067395,98.16242980957031,1
2174,3.6411516853932504,9.724016853932563,114.46058654785156,1
2175,4.069522471910103,10.152387640449415,135.04110717773438,1
2176,4.583567415730327,10.366573033707843,153.75709533691406,1
2177,5.054775280898865,10.452247191011212,172.9696502685547,1
2178,5.483146067415718,10.409410112359527,4.806032657623291,1
2179,5.868679775280886,10.238061797752787,13.332465171813965,1
2180,6.297050561797739,9.938202247190988,39.250125885009766,1
2181,6.725421348314591,9.46699438202245,55.18550109863281,1
2182,6.896769662921333,9.081460674157283,67.75053405761719,1
2183,7.025280898876389,8.567415730337059,81.63973999023438,1
2184,7.025280898876389,8.053370786516835,98.39790344238281,1
2185,6.8110955056179625,7.539325842696612,110.26312255859375,1
2186,6.5540730337078505,7.153792134831445,125.32305145263672,1
2187,6.211376404494368,6.8110955056179625,136.62411499023438,1
2188,5.8258426966292,6.6825842696629065,157.7537841796875,1
2189,5.483146067415718,6.639747191011221,174.19357299804688,1
2190,5.054775280898865,6.8110955056179625,6.0090436935424805,1
2191,4.669241573033697,7.110955056179759,24.286291122436523,1
2192,4.369382022471901,7.410814606741556,41.834716796875,1
2193,4.0266853932584175,7.882022471910094,52.87983322143555,1
2194,3.898174157303362,8.310393258426947,62.36871337890625,1
2195,3.898174157303362,8.65308988764043,77.2756118774414,1
2196,3.9838483146067327,9.167134831460654,90.53038024902344,1
2197,4.198033707865159,9.681179775280878,104.08465576171875,1
2198,4.583567415730327,10.152387640449415,123.60713195800781,1
2199,5.01193820224718,10.366573033707843,146.99952697753906,1
2200,5.525983146067404,10.580758426966268,158.4774627685547,1
2201,6.125702247190997,10.752106741573009,173.26792907714844,1
2202,6.639747191011221,10.794943820224695,4.903506278991699,1
2203,7.239466292134815,10.752106741573009,10.188339233398438,1
2204,7.753511235955039,10.623595505617953,20.68059730529785,1
2205,8.096207865168521,10.366573033707843,29.952167510986328,1
2206,8.438904494382003,10.02387640449436,36.20023727416992,1
2207,8.738764044943801,9.638342696629191,43.957122802734375,1
2208,8.952949438202227,9.252808988764023,56.44245529174805,1
2209,9.081460674157283,8.910112359550542,65.40126037597656,1
2210,9.167134831460654,8.353230337078633,77.01434326171875,1
2211,9.252808988764023,7.7106741573033535,89.04061126708984,1
2212,9.252808988764023,7.153792134831445,98.75142669677734,1
2213,9.209971910112339,6.511235955056165,108.14567565917969,1
2214,9.081460674157283,5.997191011235942,112.50775146484375,1
2215,8.867275280898856,5.440308988764032,113.70372009277344,1
2216,8.695926966292115,5.09761235955055,117.55713653564453,1
2217,8.48174157303369,4.754915730337068,114.8786392211914,1
2218,8.224719101123577,4.412219101123585,118.02973175048828,1
2219,7.92485955056178,4.069522471910103,125.86261749267578,1
2220,7.5821629213482975,3.769662921348306,130.22499084472656,1
2221,7.239466292134815,3.5126404494381944,133.1548309326172,1
2222,6.853932584269647,3.2556179775280825,144.00357055664062,1
2223,6.382724719101109,3.041432584269656,154.572021484375,1
2224,5.868679775280886,2.82724719101123,163.62046813964844,1
2225,5.483146067415718,2.784410112359544,166.98602294921875,1
2226,5.01193820224718,2.784410112359544,174.06541442871094,1
2227,4.540730337078641,2.870084269662915,4.796592712402344,1
2228,4.0266853932584175,3.041432584269656,8.615167617797852,1
2229,3.4269662921348236,3.2556179775280825,16.152475357055664,1
2230,2.9557584269662853,3.598314606741565,27.226699829101562,1
2231,2.570224719101118,3.941011235955047,42.70380783081055,1
2232,2.313202247191006,4.412219101123585,52.5881462097168,1
2233,2.1418539325842647,4.797752808988753,65.38484954833984,1
2234,2.0990168539325795,5.354634831460662,73.75875091552734,1
2235,2.0990168539325795,5.783005617977515,85.74141693115234,1
2236,2.2275280898876355,6.339887640449424,88.08861541748047,1
2237,2.3988764044943767,6.768258426966277,94.85874938964844,1
2238,2.613061797752803,7.19662921348313,102.11100769042969,1
2239,2.9129213483146,7.667837078651668,114.99087524414062,1
2240,3.2984550561797676,8.01053370786515,127.01654052734375,1
2241,3.6411516853932504,8.181882022471891,140.02980041503906,1
2242,4.240870786516845,8.438904494382003,162.4359130859375,1
2243,4.840589887640439,8.524578651685374,1.1698484420776367,1
2244,5.354634831460662,8.48174157303369,16.322044372558594,1
2245,5.783005617977515,8.353230337078633,29.289020538330078,1
2246,6.211376404494368,7.967696629213465,48.375579833984375,1
2247,6.5540730337078505,7.5821629213482975,65.26179504394531,1
2248,6.725421348314591,7.239466292134815,76.16939544677734,1
2249,6.725421348314591,6.5540730337078505,89.38450622558594,1
2250,6.5540730337078505,6.254213483146053,105.28033447265625,1
2251,6.254213483146053,5.911516853932571,118.67354583740234,1
2252,5.954353932584256,5.74016853932583,135.5264892578125,1
2253,5.525983146067404,5.483146067415718,144.9309539794922,1
2254,4.969101123595494,5.226123595505606,163.0931396484375,1
2255,4.369382022471901,5.140449438202236,172.6236114501953,1
2256,3.898174157303362,5.140449438202236,1.3382618427276611,1
2257,3.598314606741565,5.268960674157292,12.167471885681152,1
2258,3.2127808988763973,5.483146067415718,27.591537475585938,1
2259,2.870084269662915,5.868679775280886,45.15829086303711,1
2260,2.655898876404488,6.254213483146053,55.402976989746094,1
2261,2.5273876404494326,6.725421348314591,67.2643814086914,1
2262,2.570224719101118,7.153792134831445,78.18280029296875,1
2263,2.698735955056174,7.624999999999983,89.18101501464844,1
2264,2.9129213483146,8.053370786516835,100.22541046142578,1
2265,3.169943820224712,8.567415730337059,110.06580352783203,1
2266,3.4698033707865092,9.038623595505598,122.9001235961914,1
2267,3.898174157303362,9.509831460674135,138.48696899414062,1
2268,4.369382022471901,9.895365168539303,150.1876220703125,1
2269,4.883426966292124,10.066713483146044,166.67349243164062,1
2270,5.311797752808976,10.10955056179773,4.195638656616211,1
2271,5.8258426966292,10.02387640449436,13.153322219848633,1
2272,6.297050561797739,9.809691011235932,26.964433670043945,1
2273,6.6825842696629065,9.552668539325822,41.88439178466797,1
2274,7.110955056179759,9.167134831460654,54.472412109375,1
2275,7.3251404494381855,8.695926966292115,67.90351104736328,1
2276,7.367977528089871,8.224719101123577,84.3803482055664,1
2277,7.367977528089871,7.882022471910094,93.89909362792969,1
2278,7.239466292134815,7.4536516853932415,106.6384048461914,1
2279,6.9396067415730185,6.896769662921333,114.29690551757812,1
2280,6.6825842696629065,6.5540730337078505,119.29244232177734,1
2281,6.382724719101109,6.168539325842683,121.26055908203125,1
2282,5.997191011235942,5.783005617977515,123.06800842285156,1
2283,5.65449438202246,5.525983146067404,132.2204132080078,1
2284,5.311797752808976,5.311797752808976,147.1809539794922,1
2285,4.883426966292124,5.226123595505606,166.90708923339844,1
2286,4.412219101123585,5.226123595505606,5.453653812408447,1
2287,3.941011235955047,5.354634831460662,20.509706497192383,1
2288,3.598314606741565,5.611657303370774,34.792423248291016,1
2289,3.2556179775280825,5.954353932584256,51.678749084472656,1
2290,3.041432584269656,6.382724719101109,63.581748962402344,1
2291,3.041432584269656,6.725421348314591,73.68299865722656,1
2292,3.0842696629213413,7.19662921348313,81.64956665039062,1
2293,3.1271067415730265,7.7106741573033535,89.91837310791016,1
2294,3.3412921348314533,8.096207865168521,97.8013916015625,1
