frame,x_cm,y_cm,theta,detected
300,15.544212218649514,10.787781350482312,12.86898708343506,0
301,15.544212218649514,10.787781350482312,12.86898708343506,0
302,15.544212218649514,10.787781350482312,12.86898708343506,0
303,15.544212218649514,10.787781350482312,12.86898708343506,0
304,15.534405144694528,10.689710610932474,12.86898708343506,0
305,15.603054662379417,10.424919614147907,12.86898708343506,1
306,15.622668810289387,10.140514469453374,10.60341453552246,1
307,15.671704180064305,9.699196141479097,51.322391510009766,1
308,15.701125401929255,9.267684887459804,38.1852912902832,1
309,15.720739549839223,8.865594855305464,62.10860061645507,1
310,15.681511254019288,8.669453376205785,79.54916381835938,1
311,15.5540192926045,7.953536977491959,85.94500732421875,1
312,15.377491961414787,7.335691318327972,86.24269104003908,1
313,15.200964630225078,6.580546623794211,75.68172454833984,1
314,14.965594855305463,5.835209003215433,80.28966522216797,1
315,14.60273311897106,5.001607717041799,76.18936920166016,1
316,14.298713826366557,4.677974276527331,90.93162536621094,1
317,13.98488745980707,4.413183279742764,89.28480529785156,1
318,13.631832797427652,4.27588424437299,110.76683807373048,1
319,13.170900321543405,4.138585209003215,138.76016235351562,1
320,12.709967845659161,4.079742765273311,141.02459716796875,1
321,12.268649517684885,4.089549839228295,133.36224365234375,1
322,11.876366559485527,4.158199356913182,151.5749053955078,1
323,11.484083601286171,4.285691318327973,1.817704439163208,1
324,11.20948553054662,4.5406752411575555,7.922976493835449,1
325,11.013344051446945,4.834887459807073,23.842737197875977,1
326,10.846623794212217,5.168327974276526,36.551082611083984,1
327,10.650482315112537,5.482154340836011,50.087539672851534,1
328,10.522990353697747,5.805787781350481,58.82402420043945,1
329,10.473954983922827,6.149035369774919,67.7923812866211,1
330,10.493569131832796,6.492282958199356,79.36854553222656,1
331,10.591639871382634,6.835530546623792,88.55590057373047,1
332,10.768167202572345,7.208199356913181,97.60552215576172,1
333,11.013344051446943,7.5906752411575535,106.35542297363281,1
334,11.327170418006428,7.943729903536976,116.0775146484375,1
335,11.670418006430864,8.267363344051443,126.34335327148438,1
336,12.03327974276527,8.53215434083601,128.21195983886724,1
337,12.415755627009643,8.738102893890673,136.45761108398438,1
338,12.808038585209001,8.845980707395498,149.69100952148438,1
339,13.200321543408359,8.865594855305464,160.95993041992193,1
340,13.58279742765273,8.777331189710608,0.587660014629364,1
341,13.98488745980707,8.590996784565915,17.313100814819336,1
342,14.347749196141475,8.286977491961412,38.54499435424805,1
343,14.641961414790995,7.884887459807072,56.756858825683594,1
344,14.85771704180064,7.414147909967843,69.48487854003906,1
345,14.995016077170414,6.90418006430868,82.8265380859375,1
346,15.004823151125398,6.354983922829581,92.44686126708984,1
347,14.926366559485526,5.825401929260449,104.31193542480469,1
348,14.7596463022508,5.295819935691317,109.68067169189453,1
349,14.514469453376202,4.766237942122186,119.34825897216797,1
350,14.210450160771703,4.2954983922829575,125.31233978271484,1
351,13.857395498392279,3.903215434083601,136.64320373535156,1
352,13.465112540192923,3.5991961414790987,138.09155273437494,1
353,13.043408360128614,3.4226688102893887,150.24668884277338,1
354,12.621704180064306,3.383440514469453,158.5759735107422,1
355,12.209807073954982,3.442282958199357,2.203807830810547,1
356,11.866559485530544,3.599196141479099,19.733882904052734,1
357,11.58215434083601,3.824758842443729,39.681034088134766,1
358,11.386012861736333,4.118971061093246,52.58924865722656,1
359,11.287942122186493,4.472025723472668,68.20654296875,1
360,11.287942122186493,4.864308681672024,81.15957641601562,1
361,11.336977491961413,5.315434083601285,91.80921936035156,1
362,11.454662379421219,5.815594855305465,99.30551147460938,1
363,11.621382636655946,6.325562700964628,97.1462631225586,1
364,11.817524115755624,6.796302250803857,97.98310852050781,1
365,12.043086816720255,7.237620578778133,100.9789810180664,1
366,12.30787781350482,7.610289389067523,102.8691635131836,1
367,12.602090032154338,7.933922829581992,109.84268951416016,1
368,12.915916398713824,8.218327974276525,117.73882293701172,1
369,13.25916398713826,8.512540192926043,120.5586929321289,1
370,13.612218649517683,8.80675241157556,121.1214599609375,1
371,13.984887459807073,9.110771704180062,117.36811828613281,1
372,14.357556270096458,9.35594855305466,121.64885711669922,1
373,14.789067524115751,9.58151125401929,136.02154541015625,1
374,15.269614147909966,9.738424437299035,142.08587646484375,1
375,15.799196141479097,9.826688102893888,161.14205932617188,1
376,16.348392282958194,9.80707395498392,176.68753051757812,1
377,16.93681672025723,9.738424437299035,3.3093314170837402,1
378,17.505627009646297,9.581511254019292,9.40112590789795,1
379,18.045016077170413,9.355948553054661,15.516047477722168,1
380,18.554983922829578,9.071543408360126,21.21884536743164,1
381,19.02572347266881,8.747909967845656,29.07364845275879,1
382,19.43762057877813,8.365434083601283,38.51223373413086,1
383,19.820096463022505,7.9241157556270085,49.81217575073242,1
384,20.15353697749196,7.4435691318327954,57.577789306640625,1
385,20.398713826366556,6.923794212218648,63.02519989013672,1
386,20.555627009646297,6.394212218649517,71.34578704833984,1
387,20.614469453376206,5.854823151125401,85.47295379638672,1
388,20.545819935691316,5.315434083601285,97.1814193725586,1
389,20.34967845659164,4.7858520900321535,108.43080139160156,1
390,20.07508038585209,4.27588424437299,118.55486297607422,1
391,19.712218649517684,3.785530546623794,127.655517578125,1
392,19.270900321543404,3.3540192926045007,134.367919921875,1
393,18.76093247588424,2.971543408360128,147.45803833007812,1
394,18.21173633440514,2.6381028938906748,148.85992431640625,1
395,17.633118971061087,2.363504823151125,154.57843017578125,1
396,17.06430868167202,2.1575562700964626,157.67018127441406,1
397,16.524919614147908,2.0104501607717036,158.02427673339844,1
398,16.024758842443724,1.971221864951768,163.49415588378906,1
399,15.563826366559482,2.0398713826366555,2.3705644607543945,1
400,15.151929260450157,2.2065916398713825,12.273009300231934,1
401,14.789067524115751,2.4615755627009643,33.225215911865234,1
402,14.465434083601284,2.814630225080385,41.72908401489258,1
403,14.18102893890675,3.2167202572347264,54.016258239746094,1
404,13.955466237942119,3.6580385852090025,59.22203445434582,1
405,13.77893890675241,4.118971061093246,66.24990844726574,1
406,13.631832797427649,4.609324758842442,69.69837188720703,1
407,13.543569131832793,5.070257234726688,73.62207031249989,1
408,13.514147909967843,5.540996784565915,78.02814483642578,1
409,13.514147909967841,6.021543408360127,79.55035400390625,1
410,13.563183279742763,6.511897106109323,82.80954742431652,1
411,13.671061093247584,6.992443729903535,90.20645904541004,1
412,13.818167202572344,7.502411575562698,96.63925170898438,1
413,14.014308681672023,7.982958199356912,103.19786834716786,1
414,14.259485530546621,8.424276527331187,106.1632308959961,1
415,14.524276527331187,8.826366559485527,110.76949310302734,1
416,14.818488745980705,9.208842443729901,116.4674530029298,1
417,15.132315112540189,9.591318327974275,118.53560638427734,1
418,15.455948553054657,9.993408360128615,119.19220733642578,1
419,15.789389067524112,10.375884244372989,115.50650024414062,1
420,16.162057877813503,10.748553054662377,118.8669891357423,1
421,16.56414790996784,11.072186495176847,132.35043334960938,1
422,16.995659163987135,11.297749196141478,139.86866760253906,1
423,17.46639871382636,11.415434083601284,154.8533935546875,1
424,17.956752411575557,11.444855305466234,170.17381286621094,1
425,18.447106109324757,11.386012861736331,0.6075376868247986,1
426,18.93745980707395,11.248713826366558,12.94085693359375,1
427,19.42781350482315,11.013344051446943,28.006385803222656,1
428,19.869131832797425,10.719131832797425,32.58330154418945,1
429,20.271221864951766,10.366077170418006,43.44402313232422,1
430,20.614469453376206,9.954180064308678,53.99997329711914,1
431,20.869453376205787,9.50305466237942,63.652679443359375,1
432,21.016559485530543,9.042122186495174,72.63320922851562,1
433,21.095016077170413,8.561575562700963,77.40248107910156,1
434,21.095016077170413,8.061414790996782,87.61412048339844,1
435,21.006752411575558,7.551446945337619,95.14859008789062,1
436,20.830225080385848,7.031672025723471,103.82809448242188,1
437,20.575241157556267,6.511897106109323,107.66708374023438,1
438,20.241800643086812,6.021543408360127,119.0998764038086,1
439,19.82990353697749,5.590032154340834,129.69631958007812,1
440,19.34935691318328,5.217363344051446,138.22381591796875,1
441,18.849196141479098,4.913344051446944,150.9178924560547,1
442,18.30980707395498,4.707395498392282,162.22613525390625,1
443,17.770418006430866,4.599517684887459,163.1845245361328,1
444,17.2604501607717,4.599517684887459,0.3146296441555023,1
445,16.78971061093247,4.697588424437298,12.658729553222656,1
446,16.33858520900321,4.874115755627009,25.09072494506836,1
447,15.916881028938903,5.1290996784565905,32.38943862915039,1
448,15.51479099678456,5.4233118971061085,33.17792892456055,1
449,15.142122186495175,5.727331189710609,38.669837951660156,1
450,14.808681672025719,6.060771704180063,41.002952575683594,1
451,14.514469453376202,6.423633440514467,50.08063888549805,1
452,14.269292604501604,6.815916398713824,52.27329635620117,1
453,14.063344051446942,7.227813504823149,56.7591438293457,1
454,13.867202572347264,7.698553054662378,62.36179733276367,1
455,13.68086816720257,8.198713826366557,71.34220123291016,1
456,13.533762057877812,8.72829581993569,77.60721588134766,1
457,13.435691318327972,9.248070739549837,78.29924011230469,1
458,13.386655948553052,9.777652733118968,78.64190673828125,1
459,13.396463022508035,10.238585209003213,84.19493865966797,1
460,13.474919614147908,10.670096463022505,89.61701965332031,1
461,13.602411575562698,11.111414790996783,90.31289672851562,1
462,13.827974276527328,11.542926045016074,102.16651916503906,1
463,14.112379421221863,11.93520900321543,109.81654357910156,1
464,14.475241157556269,12.30787781350482,120.44699096679688,1
465,14.926366559485526,12.63151125401929,134.15895080566406,1
466,15.426527331189709,12.847266881028935,147.07470703125,1
467,15.946302250803857,12.984565916398711,166.25006103515625,1
468,16.50530546623794,13.0532154340836,179.9618682861328,1
469,17.103536977491956,13.072829581993568,2.890834331512451,1
470,17.701768488745977,13.033601286173631,7.6077775955200195,1
471,18.30980707395498,12.945337620578774,9.781667709350586,1
472,18.898231511254014,12.788424437299033,17.440183639526367,1
473,19.457234726688096,12.572668810289386,21.046825408935547,1
474,19.95739549839228,12.298070739549837,26.31862449645996,1
475,20.37909967845659,11.964630225080384,34.65779495239258,1
476,20.702733118971057,11.591961414790996,45.35862350463867,1
477,20.928295819935688,11.180064308681668,59.69941711425781,1
478,21.055787781350478,10.699517684887457,71.76776885986328,1
479,21.085209003215432,10.189549839228293,83.822998046875,1
480,21.006752411575558,9.669774919614145,94.97130584716797,1
481,20.859646302250802,9.149999999999999,110.5413589477539,1
482,20.643890675241156,8.649839228295818,118.64392852783203,1
483,20.35948553054662,8.218327974276525,119.05007934570312,1
484,20.016237942122185,7.826045016077169,124.82022857666016,1
485,19.65337620578778,7.472990353697748,125.06403350830078,1
486,19.25128617363344,7.139549839228295,128.6116943359375,1
487,18.819774919614144,6.845337620578777,133.10159301757812,1
488,18.398070739549837,6.619774919614147,140.57554626464844,1
489,17.93713826366559,6.462861736334403,157.33851623535156,1
490,17.45659163987138,6.394212218649516,168.55807495117188,1
491,16.995659163987135,6.423633440514467,3.2372939586639404,1
492,16.544533762057874,6.541318327974276,19.2792911529541,1
493,16.122829581993567,6.717845659163986,25.183820724487305,1
494,15.779581993569128,6.963022508038584,35.425758361816406,1
495,15.504983922829577,7.247427652733117,47.246665954589844,1
496,15.289228295819933,7.600482315112539,58.14867401123047,1
497,15.151929260450157,7.963344051446944,69.3200454711914,1
498,15.034244372990349,8.394855305466237,77.09404754638672,1
499,14.965594855305463,8.85578778135048,84.03816986083984,1
500,14.945980707395496,9.365755627009644,84.22306823730469,1
501,14.98520900321543,9.895337620578776,90.28607940673828,1
502,15.093086816720254,10.493569131832796,92.57105255126953,1
503,15.289228295819933,11.062379421221863,100.03260040283203,1
504,15.534405144694528,11.61157556270096,107.02368927001953,1
505,15.83842443729903,12.101929260450158,108.29325866699219,1
506,16.191479099678453,12.513826366559481,121.43701171875,1
507,16.573954983922825,12.837459807073952,127.12029266357422,1
508,16.995659163987135,13.092443729903533,132.39991760253906,1
509,17.46639871382636,13.268971061093245,144.16360473632812,1
510,17.966559485530542,13.386655948553052,153.40498352050759,1
511,18.486334405144692,13.45530546623794,165.7689666748047,1
512,19.03553054662379,13.45530546623794,173.14622497558594,1
513,19.58472668810289,13.38665594855305,1.8950636386871338,1
514,20.11430868167202,13.25916398713826,3.2267704010009766,1
515,20.604662379421217,13.053215434083597,8.625894546508789,1
516,21.045980707395493,12.759003215434081,27.595272064208984,1
517,21.4088424437299,12.396141479099676,41.082000732421875,1
518,21.7128617363344,11.964630225080382,54.943534851074446,1
519,21.977652733118966,11.464469453376202,66.56753540039062,1
520,22.203215434083596,10.915273311897105,72.04225158691406,1
521,22.389549839228287,10.326848874598067,78.94412994384743,1
522,22.53665594855305,9.72861736334405,81.65376281738259,1
523,22.634726688102887,9.120578778135046,86.07212829589866,1
524,22.673954983922822,8.512540192926043,83.08438110351562,1
525,22.66414790996784,7.90450160771704,90.84986114501976,1
526,22.595498392282956,7.325884244372989,94.71861267089844,1
527,22.477813504823143,6.737459807073954,97.53121185302734,1
528,22.29147909967845,6.1588424437299025,103.62776947021484,1
529,22.03649517684887,5.6194533762057866,111.4925765991211,1
530,21.7128617363344,5.119292604501607,119.6589279174807,1
531,21.340192926045013,4.6387459807073945,121.40635681152344,1
532,20.918488745980703,4.217041800643086,125.16371154785179,1
533,20.447749196141473,3.873794212218649,134.32080078125023,1
534,19.947588424437292,3.6090032154340825,145.87704467773438,1
535,19.43762057877813,3.442282958199357,162.91223144531227,1
536,18.917845659163984,3.363826366559485,173.76795959472634,1
537,18.368649517684883,3.373633440514469,176.4142761230471,1
538,17.8096463022508,3.442282958199356,178.77865600585938,1
539,17.23102893890675,3.5403536977491954,0.2449937015769592,1
540,16.61318327974276,3.6580385852090025,178.70791625976562,1
541,16.005144694533758,3.8051446945337615,178.93612670898415,1
542,15.446141479099674,3.991479099678456,5.844847202300798,1
543,14.936173633440513,4.22684887459807,13.912837028502963,1
544,14.494855305466235,4.511254019292603,23.446142196655273,1
545,14.131993569131827,4.854501607717041,40.784725189208984,1
546,13.818167202572344,5.246784565916398,49.964046478271484,1
547,13.563183279742763,5.658681672025722,58.718284606933366,1
548,13.376848874598068,6.08038585209003,61.629024505615234,1
549,13.268971061093245,6.521704180064307,71.73625946044922,1
550,13.239549839228292,6.982636655948551,82.53368377685501,1
551,13.288585209003212,7.463183279742763,88.1065444946289,1
552,13.376848874598068,7.943729903536976,92.12813568115189,1
553,13.494533762057875,8.463504823151123,93.38095092773392,1
554,13.641639871382633,9.012700964630223,95.92455291748001,1
555,13.80836012861736,9.55209003215434,97.96672821044922,1
556,14.024115755627005,10.091479099678455,106.81075286865234,1
557,14.30852090032154,10.601446945337617,114.9370346069336,1
558,14.671382636655945,11.013344051446945,126.18228912353516,1
559,15.083279742765267,11.317363344051445,140.22085571289062,1
560,15.563826366559482,11.513504823151123,149.02807617187455,1
561,16.073794212218644,11.591961414790994,163.71031188964844,1
562,16.59356913183279,11.572347266881028,177.1342163085933,1
563,17.093729903536975,11.464469453376202,4.461404323577881,1
564,17.593890675241152,11.287942122186493,6.101385593414307,1
565,18.064630225080382,11.042765273311895,19.415367126464844,1
566,18.486334405144692,10.72893890675241,31.382217407226562,1
567,18.849196141479094,10.375884244372987,37.18205261230469,1
568,19.16302250803858,9.993408360128615,49.79669189453125,1
569,19.39839228295819,9.591318327974275,56.08717346191406,1
570,19.555305466237936,9.149999999999997,64.31351470947266,1
571,19.64356913183279,8.659646302250803,73.15894317626953,1
572,19.69260450160771,8.130064308681671,81.97081756591797,1
573,19.71221864951768,7.58086816720257,87.1839828491211,1
574,19.722025723472665,6.982636655948551,88.50523376464844,1
575,19.73183279742765,6.345176848874597,87.86209106445312,1
576,19.73183279742765,5.678295819935689,89.2855453491211,1
577,19.71221864951768,4.942765273311895,87.71324157714844,1
578,19.68279742765273,4.158199356913181,85.79222869873047,1
579,19.623954983922822,3.373633440514469,84.58979034423828,1
580,19.55530546623794,2.7852090032154337,92.51500701904297,1
581,19.43762057877813,2.3144694533762054,98.02265167236328,1
582,19.270900321543404,2.0104501607717036,105.29817962646484,1
583,19.025723472668805,1.8535369774919608,125.15682983398438,1
584,18.692282958199353,1.8339228295819932,142.98191833496094,1
585,18.260771704180062,1.8045016077170417,160.7759246826172,1
586,17.809646302250798,1.8633440514469448,177.84112548828125,1
587,17.33890675241157,2.0006430868167198,12.859098434448242,1
588,16.88778135048231,2.22620578778135,25.55006980895996,1
589,16.466077170418004,2.5302250803858515,39.85953903198242,1
590,16.093408360128613,2.8832797427652728,47.54875564575195,1
591,15.759967845659162,3.2755627009646298,53.38383483886719,1
592,15.495176848874596,3.6972668810289386,53.08584213256836,1
593,15.289228295819933,4.128778135048231,65.72166442871094,1
594,15.171543408360126,4.570096463022507,76.2982406616211,1
595,15.142122186495175,5.031028938906751,82.72002410888717,1
596,15.18135048231511,5.491961414790995,87.0365982055664,1
597,15.269614147909966,5.9627009646302245,90.30354309082031,1
598,15.406913183279737,6.433440514469451,97.15725708007858,1
599,15.573633440514467,6.8943729903536966,96.35086059570358,1
600,15.769774919614145,7.355305466237939,98.11174774169922,1
601,15.995337620578775,7.816237942122186,104.69765472412155,1
602,16.250321543408354,8.267363344051446,111.34697723388717,1
603,16.524919614147908,8.718488745980705,114.81935119628952,1
604,16.828938906752406,9.179421221864951,115.28156280517624,1
605,17.13295819935691,9.60112540192926,111.25306701660202,1
606,17.43697749196141,10.003215434083598,109.94267272949219,1
607,17.770418006430866,10.395498392282956,113.81797027587936,1
608,18.14308681672025,10.777974276527328,123.11819458007812,1
609,18.545176848874593,11.11141479099678,128.5856781005864,1
610,18.996302250803854,11.415434083601284,133.75541687011764,1
611,19.48665594855305,11.670418006430866,138.52983093261764,1
612,19.996623794212212,11.85675241157556,144.2434539794922,1
613,20.506591639871377,11.9548231511254,160.4257354736328,1
614,21.016559485530543,11.994051446945335,168.7302703857422,1
615,21.51672025723472,11.974437299035367,174.92747497558594,1
616,22.0168810289389,11.895980707395495,2.570635080337979,1
617,22.477813504823143,11.768488745980704,2.7417480945591706,1
618,22.919131832797422,11.591961414790996,12.04467105865524,1
619,23.340836012861732,11.366398713826365,18.823871612549283,1
620,23.74292604501607,11.101607717041798,26.59032249450729,1
621,24.09598070739549,10.797588424437297,32.30980682373092,1
622,24.42942122186495,10.444533762057876,45.21034622192428,1
623,24.704019292604496,10.062057877813501,52.23411178588913,1
624,24.90996784565916,9.63054662379421,61.007053375244595,1
625,25.008038585209,9.189228295819934,66.8504638671875,1
626,25.017845659163985,8.728295819935688,80.29468536376999,1
627,24.919774919614145,8.267363344051445,90.09026336669967,1
628,24.71382636655948,7.8064308681672,101.92475891113327,1
629,24.40980707395498,7.404340836012859,115.58794403076217,1
630,24.03713826366559,7.031672025723472,131.45285034179733,1
631,23.595819935691313,6.737459807073954,143.22779846191452,1
632,23.115273311897102,6.511897106109323,154.72212219238327,1
633,22.605305466237937,6.364790996784564,157.49162292480514,1
634,22.075723472668805,6.276527331189709,161.84024047851608,1
635,21.546141479099674,6.266720257234725,169.21545410156295,1
636,21.036173633440512,6.315755627009644,176.3753051757817,1
637,20.526205787781347,6.423633440514467,5.028416633606412,1
638,20.026045016077166,6.6001607717041795,20.015134811402277,1
639,19.516077170418004,6.825723472668808,30.381448745727994,1
640,18.996302250803854,7.070900321543407,35.10141372680755,1
641,18.456913183279738,7.335691318327973,31.25868415832565,1
642,17.93713826366559,7.6299035369774915,28.47838401794479,1
643,17.446784565916396,7.943729903536976,35.54792785644622,1
644,17.0152733118971,8.27717041800643,44.170066833497,1
645,16.63279742765273,8.649839228295818,49.901248931885675,1
646,16.318971061093244,9.061736334405143,52.9910507202153,1
647,16.054180064308678,9.522668810289385,65.62553405761764,1
648,15.858038585208998,10.03263665594855,79.381980895997,1
649,15.730546623794208,10.552411575562699,80.43525695800827,1
650,15.68151125401929,11.08199356913183,88.25160217285202,1
651,15.691318327974273,11.611575562700962,91.31052398681686,1
652,15.750160771704177,12.121543408360127,95.5253295898442,1
653,15.848231511254017,12.611897106109321,96.43267059326217,1
654,15.985530546623789,13.121864951768487,96.78504180908249,1
655,16.162057877813503,13.612218649517683,94.54853820800872,1
656,16.397427652733114,14.08295819935691,99.85085296630905,1
657,16.691639871382634,14.50466237942122,104.84021759033249,1
658,17.03488745980707,14.867524115755623,121.11717224121185,1
659,17.427170418006426,15.171543408360126,131.2861938476567,1
660,17.858681672025718,15.436334405144692,137.05522155761764,1
661,18.299999999999994,15.661897106109318,138.15005493164108,1
662,18.770739549839224,15.848231511254017,140.15216064453216,1
663,19.28070739549839,15.995337620578772,151.27148437500045,1
664,19.80048231511254,16.08360128617363,160.96018981933685,1
665,20.320257234726686,16.103215434083598,177.4275512695317,1
666,20.840032154340832,16.03456591639871,179.78987121582077,1
667,21.33038585209003,15.907073954983918,6.503479480744318,1
668,21.791318327974274,15.701125401929255,16.15846061706634,1
669,22.232636655948546,15.436334405144692,26.31162452697845,1
670,22.66414790996784,15.132315112540189,28.44228553772018,1
671,23.09565916398713,14.808681672025722,29.713363647461847,1
672,23.507556270096458,14.455627009646298,32.199989318848566,1
673,23.899839228295814,14.08295819935691,32.80789947509811,1
674,24.243086816720254,13.68086816720257,43.98900604248138,1
675,24.52749196141479,13.249356913183277,55.07240295410247,1
676,24.723633440514465,12.778617363344049,65.48852539062591,1
677,24.84131832797427,12.288263665594851,76.04801940918014,1
678,24.86093247588424,11.797909967845655,84.94205474853607,1
679,24.79228295819935,11.307556270096459,88.92044830322311,1
680,24.63536977491961,10.827009646302248,96.86341857910247,1
681,24.399999999999995,10.375884244372987,106.48109436035247,1
682,24.09598070739549,9.963987138263663,115.30269622802825,1
683,23.73311897106109,9.591318327974275,122.41165161132858,1
684,23.311414790996782,9.248070739549837,129.68482971191497,1
685,22.84067524115755,8.924437299035368,137.1058959960942,1
686,22.34051446945337,8.620418006430867,139.0520477294931,1
687,21.84035369774919,8.32620578778135,139.74658203125045,1
688,21.310771704180063,8.041800643086814,141.47900390625045,1
689,20.800803858520897,7.826045016077169,143.33450317382903,1
690,20.3104501607717,7.67893890675241,159.61709594726653,1
691,19.839710610932475,7.600482315112539,168.3919677734384,1
692,19.34935691318328,7.600482315112539,175.94534301757903,1
693,18.878617363344045,7.669131832797426,4.543993473054343,1
694,18.407877813504818,7.77700964630225,10.13163661956878,1
695,17.937138263665588,7.9241157556270085,15.188160896302179,1
696,17.446784565916396,8.110450160771702,22.256837844849542,1
697,16.9564308681672,8.32620578778135,21.974145889283136,1
698,16.45627009646302,8.590996784565913,24.117773056031183,1
699,15.946302250803853,8.895016077170416,26.37644577026458,1
700,15.45594855305466,9.238263665594854,24.018207550049738,1
701,14.995016077170414,9.620739549839225,32.89070892334075,1
702,14.583118971061092,10.03263665594855,37.938762664796286,1
703,14.249678456591635,10.444533762057876,43.386383056641534,1
704,13.975080385852086,10.876045016077168,52.6024513244638,1
705,13.749517684887456,11.336977491961411,65.6838607788095,1
706,13.602411575562698,11.827331189710609,74.17797851562591,1
707,13.523954983922826,12.337299035369771,79.099266052247,1
708,13.504340836012858,12.876688102893889,84.23141479492278,1
709,13.572990353697744,13.416077170418003,87.16911315918105,1
710,13.720096463022506,13.935852090032151,93.78230285644622,1
711,13.945659163987136,14.416398713826363,101.8049774169931,1
712,14.239871382636654,14.847909967845657,107.5231170654306,1
713,14.592926045016075,15.210771704180061,114.53372192382903,1
714,15.004823151125398,15.504983922829577,132.83840942382903,1
715,15.446141479099674,15.71093247588424,137.55580139160247,1
716,15.90707395498392,15.818810289389063,145.51223754882903,1
717,16.387620578778133,15.83842443729903,163.7509765625009,1
718,16.85836012861736,15.769774919614145,177.82881164550872,1
719,17.329099678456586,15.593247588424433,5.317287445069269,1
720,17.780225080385847,15.328456591639869,16.510887145997003,1
721,18.201929260450157,14.98520900321543,39.88847351074355,1
722,18.56479099678456,14.573311897106105,54.03249359130996,1
723,18.878617363344045,14.092765273311894,66.87445068359511,1
724,19.11398713826366,13.553376205787776,79.11797332763763,1
725,19.29051446945337,12.984565916398711,84.61332702636855,1
726,19.378778135048226,12.415755627009641,90.4326019287123,1
727,19.388585209003214,11.85675241157556,91.85913085937636,1
728,19.31993569131832,11.336977491961413,97.14599609375091,1
729,19.1532154340836,10.8564308681672,106.18137359619232,1
730,18.88842443729903,10.415112540192924,112.1405487060556,1
731,18.554983922829578,10.013022508038583,124.54831695556777,1
732,18.14308681672025,9.650160771704176,134.2444305419931,1
733,17.701768488745977,9.326527331189709,145.72343444824355,1
734,17.24083601286173,9.061736334405143,158.17614746093886,1
735,16.78971061093247,8.836173633440513,151.95396423339935,1
736,16.318971061093244,8.649839228295818,150.27157592773528,1
737,15.887459807073952,8.512540192926043,153.2233734130873,1
738,15.45594855305466,8.443890675241157,160.78900146484466,1
739,15.044051446945335,8.45369774919614,172.86585998535293,1
740,14.622347266881025,8.55176848874598,179.62310791015761,1
741,14.230064308681671,8.738102893890673,13.197071075440817,1
742,13.837781350482311,8.993086816720256,30.848131179810935,1
743,13.45530546623794,9.316720257234724,39.65447616577285,1
744,13.082636655948551,9.699196141479097,46.103279113770895,1
745,12.778617363344049,10.111093247588423,55.31104660034316,1
746,12.53344051446945,10.562218649517682,62.67549896240371,1
747,12.376527331189708,11.042765273311895,69.82489776611465,1
748,12.327491961414788,11.503697749196139,80.71537017822402,1
749,12.38633440514469,11.945016077170415,87.75820922851699,1
750,12.513826366559481,12.40594855305466,94.09743499755996,1
751,12.739389067524112,12.837459807073952,100.65156555175918,1
752,13.03360128617363,13.239549839228294,108.24582672119277,1
753,13.38665594855305,13.602411575562698,118.36389160156386,1
754,13.798553054662374,13.9064308681672,122.68100738525527,1
755,14.249678456591635,14.092765273311892,145.40583801269668,1
756,14.720418006430865,14.161414790996782,171.68853759765761,1
757,15.191157556270094,14.092765273311894,14.244694709779196,1
758,15.622668810289387,13.896623794212214,26.807775497438342,1
759,15.975723472668808,13.612218649517683,47.732616424562366,1
760,16.250321543408354,13.308199356913178,58.456485748292835,1
761,16.446463022508034,12.90610932475884,65.85848236084121,1
762,16.56414790996784,12.464790996784563,76.6446228027362,1
763,16.642604501607714,11.994051446945335,83.88914489746276,1
764,16.701446945337615,11.474276527331188,82.71942138672011,1
765,16.740675241157554,10.905466237942118,83.8993988037123,1
766,16.730868167202566,10.385691318327972,86.89135742187636,1
767,16.68183279742765,9.885530546623793,91.8420104980487,1
768,16.55434083601286,9.404983922829581,98.25231933593932,1
769,16.35819935691318,8.944051446945334,106.21004486084166,1
770,16.113022508038583,8.483118971061092,108.65948486328261,1
771,15.818810289389067,8.022186495176848,115.35031890869323,1
772,15.475562700964627,7.571061093247588,121.33715820312682,1
773,15.093086816720254,7.168971061093245,122.68423461914244,1
774,14.681189710610928,6.835530546623792,137.53962707519668,1
775,14.239871382636654,6.560932475884243,146.82702636718932,1
776,13.769131832797424,6.354983922829581,161.0378723144545,1
777,13.288585209003212,6.22749196141479,168.74137878418105,1
778,12.808038585209,6.1588424437299025,175.26940917968932,1
779,12.337299035369771,6.1588424437299025,177.42195129394713,1
780,11.866559485530544,6.237299035369774,2.8122358322161745,1
781,11.425241157556268,6.384405144694533,12.700904846193225,1
782,11.03295819935691,6.6001607717041795,21.184568405153186,1
783,10.699517684887457,6.884565916398712,34.89046096801894,1
784,10.434726688102892,7.218006430868167,41.39127349853652,1
785,10.238585209003213,7.610289389067522,53.43477630615416,1
786,10.140514469453375,8.041800643086814,73.62024688720885,1
787,10.120900321543406,8.492926045016075,84.07386779785338,1
788,10.189549839228295,8.95385852090032,91.46424865722838,1
789,10.336655948553053,9.414790996784564,99.27217864990416,1
790,10.58183279742765,9.846302250803856,110.31851959228698,1
791,10.88585209003215,10.258199356913181,118.08490753173965,1
792,11.248713826366558,10.621061093247587,121.51368713379088,1
793,11.650803858520897,10.915273311897103,133.59840393066588,1
794,12.06270096463022,11.111414790996783,140.27255249023665,1
795,12.494212218649515,11.20948553054662,156.60839843750182,1
796,12.945337620578774,11.20948553054662,172.13067626953261,1
797,13.416077170418003,11.121221864951766,4.402567386629471,1
798,13.896623794212218,10.944694533762057,15.58943080902327,1
799,14.357556270096461,10.699517684887457,28.533374786378772,1
800,14.749839228295818,10.405305466237941,38.361675262453446,1
801,15.053858520900317,10.03263665594855,48.40345001220885,1
802,15.249999999999996,9.610932475884244,58.754425048829944,1
803,15.348070739549836,9.159807073954983,72.37144470215026,1
804,15.377491961414787,8.669453376205787,81.36329650879088,1
805,15.367684887459806,8.169292604501605,87.72268676757994,1
806,15.308842443729901,7.62990353697749,94.40299987793196,1
807,15.220578778135046,7.129742765273311,95.73186492920104,1
808,15.044051446945335,6.6099678456591615,100.98188781738463,1
809,14.808681672025722,6.149035369774919,110.50034332275573,1
810,14.514469453376202,5.727331189710609,116.70230102539244,1
811,14.161414790996782,5.4233118971061085,128.32093811035338,1
812,13.739710610932473,5.168327974276527,135.8497009277362,1
813,13.318006430868163,5.040836012861735,158.77461242675963,1
814,12.876688102893889,4.991800643086816,176.24079895019713,1
815,12.415755627009643,5.021221864951768,2.485513448717029,1
816,11.974437299035367,5.1290996784565905,18.315496444703967,1
817,11.572347266881028,5.295819935691317,17.677310943605335,1
818,11.199678456591638,5.5311897106109305,22.185354232789905,1
819,10.88585209003215,5.825401929260449,32.85653305053984,1
820,10.640675241157554,6.17845659163987,46.890262603761585,1
821,10.483762057877811,6.58054662379421,60.781646728517444,1
822,10.40530546623794,7.041479099678455,72.93190765381132,1
823,10.424919614147907,7.5318327974276515,83.51599884033476,1
824,10.522990353697747,8.012379421221862,91.8883972167987,1
825,10.719131832797427,8.463504823151123,97.23874664306913,1
826,10.993729903536975,8.85578778135048,109.37336730957213,1
827,11.356591639871379,9.169614147909964,128.09944152832304,1
828,11.778295819935689,9.375562700964629,141.64599609375182,1
829,12.268649517684885,9.493247588424435,167.4006042480487,1
830,12.778617363344049,9.512861736334404,5.058895111086713,1
831,13.308199356913182,9.4540192926045,6.958368778230579,1
832,13.818167202572345,9.306913183279741,14.639811515809924,1
833,14.328135048231507,9.100964630225079,24.61814498901549,1
834,14.818488745980705,8.836173633440513,26.118507385256635,1
835,15.299035369774916,8.522347266881026,31.04628562927519,1
836,15.750160771704177,8.149678456591639,39.5574874877957,1
837,16.162057877813503,7.747588424437298,46.04272079468046,1
838,16.524919614147908,7.286655948553053,52.01551818847929,1
839,16.838745980707394,6.8061093247588405,59.36393737793151,1
840,17.093729903536975,6.305948553054661,67.04202270508085,1
841,17.289871382636655,5.795980707395497,75.43161773681823,1
842,17.436977491961407,5.276205787781349,73.00698852539335,1
843,17.525241157556263,4.7858520900321535,76.98487091064726,1
844,17.554662379421217,4.285691318327974,81.35996246338163,1
845,17.525241157556263,3.775723472668809,81.83303070068541,1
846,17.446784565916396,3.2657556270096455,88.20160675049101,1
847,17.338906752411567,2.7950160771704176,92.0826110839871,1
848,17.191800643086815,2.4125401929260444,96.44163513183867,1
849,16.98585209003215,2.118327974276527,99.26658630371367,1
850,16.73086816720257,1.8829581993569129,114.47992706299101,1
851,16.42684887459807,1.72604501607717,124.59358215332304,1
852,16.093408360128613,1.598553054662379,134.3137359619168,1
853,15.68151125401929,1.4416398713826362,140.3070983886737,1
854,15.230385852090029,1.2847266881028936,141.6842956542996,1
855,14.740032154340833,1.1768488745980705,160.50904846191588,1
856,14.230064308681667,1.1081993569131832,169.1160583496121,1
857,13.71028938906752,1.0983922829581991,175.11431884765807,1
858,13.239549839228294,1.1670418006430865,179.462203979494,1
859,12.808038585209,1.3239549839228293,11.900940895083295,1
860,12.445176848874596,1.5495176848874594,24.440719604494916,1
861,12.15096463022508,1.8535369774919608,35.56454849243346,1
862,11.90578778135048,2.2163987138263663,49.97284698486601,1
863,11.739067524115754,2.618488745980707,62.30494689941588,1
864,11.670418006430864,3.040192926045015,76.01467895507994,1
865,11.699839228295817,3.45209003215434,87.72235870361601,1
866,11.827331189710609,3.873794212218649,94.41511535644804,1
867,12.05289389067524,4.256270096463021,108.12831115722929,1
868,12.366720257234723,4.589710610932475,119.56338500976835,1
869,12.739389067524112,4.864308681672024,128.56814575195585,1
870,13.180707395498391,5.089871382636655,140.46826171875273,1
871,13.661254019292603,5.207556270096462,151.33169555664244,1
872,14.171221864951765,5.266398713826365,173.16363525390898,1
873,14.710610932475882,5.256591639871382,6.097912788393842,1
874,15.269614147909966,5.197749196141478,1.1008640527752505,1
875,15.828617363344048,5.109485530546623,5.5558214187649355,1
876,16.407234726688095,5.011414790996783,8.508975982668744,1
877,17.00546623794212,4.913344051446944,6.956282138827191,1
878,17.633118971061087,4.825080385852089,4.434463024142133,1
879,18.30980707395498,4.746623794212217,2.417662143710004,1
880,19.02572347266881,4.67797427652733,0.4088377058533297,1
881,19.771061093247585,4.628938906752411,179.9383697509793,1
882,20.545819935691316,4.5897106109324755,176.29951477051054,1
883,21.31077170418006,4.560289389067523,179.18069458008085,1
884,22.065916398713824,4.5406752411575555,179.63223266601835,1
885,22.791639871382632,4.521061093247587,2.4809598922756777,1
886,23.478135048231508,4.4916398713826355,6.548139572146283,1
887,24.10578778135048,4.452411575562699,4.494595527651654,1
888,24.7040192926045,4.413183279742765,5.567924499514447,1
889,25.243408360128615,4.383762057877813,10.125070571902143,1
890,25.772990353697747,4.364147909967845,179.31636047363554,1
891,26.302572347266874,4.354340836012861,175.99822998047148,1
892,26.881189710610926,4.344533762057877,4.8075609207180605,1
893,27.302893890675232,4.334726688102893,4.834072589876996,1
894,27.597106109324756,4.315112540192925,179.55828857422148,1
895,27.783440514469447,4.285691318327974,172.3449859619168,1
896,27.901125401929256,4.256270096463021,170.33316040039335,1
897,27.920739549839226,4.246463022508037,169.44511413574492,1
898,27.989389067524108,4.266077170418006,169.98931884765898,1
899,28.1168810289389,4.2954983922829575,167.37544250488554,1
900,28.263987138263662,4.373954983922829,162.2227935791043,1
901,28.381672025723464,4.491639871382636,151.52116394043242,1
902,28.48954983922829,4.648553054662379,140.56057739258085,1
903,28.61704180064308,4.834887459807073,137.7893981933621,1
904,28.754340836012858,5.060450160771703,127.48552703857695,1
905,28.89163987138263,5.305627009646302,119.08180236816679,1
906,29.028938906752405,5.570418006430867,112.89496612549101,1
907,29.14662379421221,5.845016077170417,108.78232574463163,1
908,29.25450160771704,6.12942122186495,104.62060546875273,1
909,29.32315112540192,6.433440514469453,104.66102600097929,1
910,29.362379421221856,6.7570739549839205,100.67621612549101,1
911,29.38199356913183,7.110128617363342,94.39286804199492,1
912,29.372186495176845,7.502411575562699,89.86531066894804,1
913,29.352572347266868,7.943729903536976,88.25408172607695,1
914,29.342765273311887,8.424276527331187,88.88488769531523,1
915,29.34276527331189,8.934244372990353,87.4318771362332,1
916,29.352572347266875,9.4540192926045,87.18986511230742,1
917,29.40160771704179,9.973794212218646,88.20628356933867,1
918,29.489871382636647,10.483762057877811,87.54363250732695,1
919,29.578135048231502,10.954501607717038,91.58572387695585,1
920,29.617363344051444,11.395819935691316,94.81522369385038,1
921,29.607556270096456,11.817524115755623,89.02432250976835,1
922,29.529099678456582,12.22942122186495,82.05705261230742,1
923,29.372186495176845,12.631511254019289,77.88919830322538,1
924,29.176045016077165,13.072829581993565,76.80374908447538,1
925,28.970096463022504,13.533762057877812,73.85484313965117,1
926,28.754340836012858,14.024115755627008,69.85279846191679,1
927,28.53858520900321,14.543890675241153,63.392860412600385,1
928,28.322829581993563,15.093086816720254,60.61508560180937,1
929,28.136495176848864,15.632475884244368,60.882125854494916,1
930,27.979581993569127,16.191479099678453,66.84651947021757,1
931,27.88151125401929,16.740675241157554,79.40471649170195,1
932,27.871704180064302,17.270257234726685,93.10673522949492,1
933,27.959967845659158,17.770418006430862,100.15390777588163,1
934,28.136495176848864,18.250964630225077,110.25685882568632,1
935,28.41109324758842,18.69228295819935,123.88955688476835,1
936,28.68569131832797,19.104180064308675,133.37274169922148,1
937,28.95048231511253,19.48665594855305,135.00364685058867,1
938,29.166237942122184,19.829903536977486,134.18017578125273,1
939,29.332958199356902,20.143729903536972,134.53456115722838,1
940,29.431028938906746,20.43794212218649,122.05371093750273,1
941,29.538906752411567,20.722347266881027,119.90041351318632,1
942,29.63697749196141,21.016559485530543,115.2280197143582,1
943,29.744855305466235,21.32057877813504,110.33166503906523,1
944,29.852733118971052,21.644212218649514,111.33963775635038,1
945,29.96061093247588,21.977652733118966,106.51663970947538,1
946,30.068488745980705,22.311093247588417,107.69081115722929,1
947,30.17636655948553,22.634726688102887,100.68492126465117,1
948,30.274437299035366,22.95836012861736,103.3116149902371,1
949,30.36270096463022,23.26237942122186,99.90090942383085,1
950,30.450964630225076,23.546784565916393,102.42696380615507,1
951,30.529421221864947,23.831189710610925,101.40232086181913,1
952,30.57845659163987,24.10578778135048,98.22159576416288,1
953,30.627491961414783,24.380385852090026,99.36320495605742,1
954,30.647106109324756,24.64517684887459,98.9115905761746,1
955,30.666720257234726,24.93938906752411,98.46345520019804,1
956,30.68633440514469,25.23360128617363,94.32244110107695,1
957,30.715755627009646,25.52781350482315,99.93154144287382,1
958,30.745176848874593,25.822025723472667,103.75431823730742,1
959,30.794212218649513,26.116237942122183,100.33799743652617,1
960,30.823633440514463,26.381028938906745,96.6889572143582,1
961,30.853054662379414,26.645819935691314,97.28691101074492,1
962,30.872668810289383,26.91061093247588,93.60567474365507,1
963,30.882475884244364,27.145980707395488,96.73665618896757,1
964,30.89228295819935,27.42057877813504,100.20745849609648,1
965,30.862861736334402,27.68536977491961,94.26361083984648,1
966,30.794212218649513,27.930546623794207,99.38993835449492,1
967,30.676527331189703,28.107073954983917,88.2435226440457,1
968,30.529421221864947,28.283601286173628,91.54660797119413,1
969,30.35289389067524,28.41109324758842,82.30621337890898,1
970,30.18617363344051,28.528778135048224,76.90379333496367,1
971,30.019453376205785,28.63665594855305,76.30337524414335,1
972,29.872347266881025,28.783762057877805,59.87060165405546,1
973,29.71543408360128,28.901446945337614,54.23341751098906,1
974,29.529099678456582,29.00932475884244,51.38078689575468,1
975,29.34276527331189,29.12700964630225,41.5951843261746,1
976,29.12700964630225,29.234887459807066,36.87899398803984,1
977,28.872025723472667,29.352572347266875,35.142616271975385,1
978,28.607234726688098,29.489871382636647,31.987594604494916,1
979,28.322829581993563,29.63697749196141,31.863319396975385,1
980,27.999196141479096,29.77427652733119,27.294715881350385,1
981,27.665755627009638,29.92138263665594,19.078142166140424,1
982,27.322508038585205,30.03906752411575,14.127877235415326,1
983,26.949839228295815,30.137138263665594,12.069758415223987,1
984,26.58697749196141,30.21559485530546,2.976611137392865,1
985,26.253536977491954,30.2548231511254,3.9114046096829043,1
986,25.929903536977484,30.2548231511254,8.63733673095976,1
987,25.645498392282956,30.274437299035366,7.65215492248808,1
988,25.380707395498387,30.28424437299035,11.3309135437039,1
989,25.115916398713825,30.28424437299035,4.112056255343305,1
990,24.84131832797427,30.294051446945332,4.422772407534467,1
991,24.576527331189705,30.3136655948553,2.3675067424801455,1
992,24.31173633440514,30.303858520900317,1.350277423861371,1
993,24.046945337620574,30.303858520900317,179.82426452636992,1
994,23.78215434083601,30.303858520900317,179.8184509277371,1
995,23.51736334405144,30.274437299035366,10.348136901858197,1
996,23.242765273311893,30.205787781350477,3.1148796081570254,1
997,22.93874598070739,30.146945337620572,179.56948852539335,1
998,22.63472668810289,30.15675241157556,177.5986022949237,1
999,22.350321543408356,30.10771704180064,178.9965515136746,1
1000,22.06591639871382,30.04887459807074,178.40730285644804,1
1001,21.791318327974274,29.999839228295816,163.26618957519804,1
1002,21.526527331189705,29.950803858520896,167.69599914551054,1
1003,21.271543408360124,29.872347266881025,173.76344299316588,1
1004,21.006752411575558,29.882154340836006,179.69831848144804,1
1005,20.751768488745977,29.90176848874598,16.04176330566679,1
1006,20.48697749196141,29.92138263665594,21.54103660583769,1
1007,20.23199356913183,29.90176848874598,3.3822391033199892,1
1008,19.95739549839228,29.813504823151124,175.6017761230496,1
1009,19.66318327974276,29.66639871382636,174.07237243652526,1
1010,19.33954983922829,29.49967845659163,166.86387634277617,1
1011,18.996302250803854,29.32315112540192,166.3766326904315,1
1012,18.613826366559483,29.11720257234726,156.050827026369,1
1013,18.21173633440514,28.89163987138263,148.77749633789244,1
1014,17.78022508038585,28.666077170418,147.6002349853543,1
1015,17.33890675241157,28.479742765273308,152.95039367675963,1
1016,16.897588424437295,28.342443729903533,160.534713745119,1
1017,16.475884244372985,28.283601286173628,172.42019653320585,1
1018,16.063987138263663,28.29340836012861,175.28323364257994,1
1019,15.671704180064305,28.3620578778135,4.396622657778607,1
1020,15.308842443729901,28.450321543408354,10.627508163454877,1
1021,14.945980707395496,28.55819935691318,14.57045555115019,1
1022,14.583118971061092,28.675884244372988,18.10091972351347,1
1023,14.220257234726684,28.842604501607706,18.484086990359174,1
1024,13.877009646302247,29.02893890675241,25.847314834597455,1
1025,13.533762057877812,29.2152733118971,40.5209770202664,1
1026,13.200321543408359,29.39180064308681,47.58913803100859,1
1027,12.866881028938902,29.548713826366555,36.76632308960234,1
1028,12.543247588424434,29.63697749196141,38.42254257202421,1
1029,12.20980707395498,29.686012861736327,33.245853424074994,1
1030,11.866559485530544,29.764469453376204,20.645641326907025,1
1031,11.542926045016076,29.813504823151117,22.17458152771269,1
1032,11.229099678456588,29.85273311897106,34.8118591308621,1
1033,10.915273311897105,29.91157556270096,28.060600280764447,1
1034,10.621061093247587,29.97041800643087,29.5628128051776,1
1035,10.336655948553052,29.99003215434083,28.091802597048627,1
1036,10.03263665594855,30.03906752411575,27.212528228762494,1
1037,9.748231511254016,30.078295819935686,25.602239608767377,1
1038,9.463826366559482,30.10771704180064,28.566295623782025,1
1039,9.159807073954983,30.137138263665587,16.44015884399687,1
1040,8.836173633440513,30.17636655948553,26.366636276247846,1
1041,8.522347266881027,30.18617363344051,21.446224212649213,1
1042,8.159485530546622,30.23520900321543,17.946752548220502,1
1043,7.796623794212216,30.264630225080385,18.066547393800647,1
1044,7.433762057877812,30.264630225080385,26.437665939333783,1
1045,7.0512861736334385,30.294051446945332,17.51861763000761,1
1046,6.6590032154340815,30.333279742765274,12.692863464358197,1
1047,6.296141479099677,30.36270096463022,20.922151565554486,1
1048,5.943086816720255,30.39212218649517,24.740251541140424,1
1049,5.599839228295819,30.450964630225076,19.6504993438748,1
1050,5.295819935691317,30.460771704180058,25.166513442995893,1
1051,5.011414790996784,30.470578778135046,21.645408630373822,1
1052,4.72700964630225,30.450964630225076,17.990667343142377,1
1053,4.4426045016077165,30.450964630225076,13.630395889284046,1
1054,4.1483922829581985,30.441157556270092,17.293127059939252,1
1055,3.873794212218649,30.43135048231511,16.204307556155072,1
1056,3.6482315112540187,30.41173633440514,9.396592140200482,1
1057,3.4717041800643083,30.401929260450157,10.743659019472943,1
1058,3.3540192926045007,30.372508038585202,18.68617248535429,1
1059,3.295176848874598,30.343086816720252,19.82914352417265,1
1060,3.2755627009646298,30.3136655948553,24.080713272097455,1
1061,3.2657556270096455,30.29405144694534,7.920205116274701,1
1062,3.2657556270096455,30.264630225080385,6.474931716921674,1
1063,3.2559485530546617,30.245016077170412,17.785589218142377,1
1064,3.2559485530546617,30.215594855305465,22.339733123782025,1
1065,3.2559485530546617,30.205787781350477,25.177616119387494,1
1066,3.2559485530546617,30.16655948553055,29.615957260134564,1
1067,3.246141479099678,30.15675241157556,28.377647399905072,1
1068,3.246141479099678,30.146945337620576,20.313568115237103,1
1069,3.246141479099678,30.146945337620576,20.814571380617963,1
1070,3.2559485530546617,30.08810289389067,19.43840217590605,1
1071,3.2363344051446936,30.088102893890674,26.87743568420683,1
1072,3.22652733118971,30.048874598070732,17.098293304446088,1
1073,3.2167202572347255,30.019453376205785,37.055702209475385,1
1074,3.2167202572347255,29.950803858520896,35.5989685058621,1
1075,3.197106109324758,29.931189710610926,36.17036819458281,1
1076,3.197106109324758,29.872347266881025,24.451469421389447,1
1077,3.197106109324758,29.823311897106105,26.148359298708783,1
1078,3.187299035369774,29.7644694533762,26.80728530884062,1
1079,3.167684887459806,29.744855305466235,32.88807678222838,1
1080,3.157877813504822,29.725241157556262,33.46588897705351,1
1081,3.157877813504822,29.7056270096463,31.231185913088666,1
1082,3.167684887459806,29.695819935691315,32.70545196533476,1
1083,3.167684887459806,29.676205787781345,37.11986160278593,1
1084,3.1676848874598065,29.64678456591639,38.29335021972929,1
1085,3.1676848874598065,29.617363344051444,37.30121612549101,1
1086,3.1480707395498384,29.59774919614147,39.86062240600859,1
1087,3.118649517684887,29.57813504823151,40.02502059936796,1
1088,3.1088424437299027,29.548713826366555,40.727279663088666,1
1089,3.089228295819935,29.529099678456582,38.64118957519804,1
1090,3.0696141479099674,29.5192926045016,39.286998748782025,1
1091,3.0598070739549836,29.50948553054662,40.37966537475859,1
1092,3.0598070739549836,29.50948553054662,41.49175262451445,1
1093,3.0696141479099674,29.538906752411567,41.92449951172148,1
1094,3.0990353697749193,29.558520900321536,39.006290435793744,1
1095,3.118649517684887,29.56832797427652,38.32323074341093,1
1096,3.1284565916398708,29.57813504823151,41.994247436526166,1
1097,3.1382636655948546,29.578135048231502,39.3063659667996,1
1098,3.1284565916398703,29.558520900321536,40.233993530276166,1
1099,3.1088424437299027,29.548713826366555,46.509681701662885,1
1100,3.1088424437299027,29.529099678456582,36.567516326906116,1
1101,3.099035369774919,29.499678456591635,38.660018920901166,1
1102,3.0794212218649513,29.47025723472668,43.66150665283476,1
1103,3.059807073954983,29.45064308681671,40.03438949585234,1
1104,3.0303858520900318,29.44083601286173,45.97683715820585,1
1105,2.991157556270096,29.431028938906746,42.23230743408476,1
1106,2.9813504823151122,29.431028938906746,53.02148437500273,1
1107,2.971543408360128,29.431028938906746,49.72486877441679,1
1108,2.971543408360128,29.431028938906746,43.1034851074246,1
1109,2.991157556270096,29.411414790996776,43.45257186889921,1
1110,3.020578778135048,29.411414790996776,41.95589447021757,1
1111,3.0696141479099674,29.431028938906746,44.5994796752957,1
1112,3.1284565916398708,29.47025723472668,41.91130447387968,1
1113,3.1872990353697745,29.5192926045016,39.005905151369916,1
1114,3.2657556270096455,29.58794212218649,31.35387611389433,1
1115,3.344212218649517,29.627170418006425,26.020891189577014,1
1116,3.412861736334405,29.627170418006425,26.448680877688275,1
1117,3.432475884244372,29.617363344051444,25.368535995486127,1
1118,3.530546623794211,29.5192926045016,29.127452850344525,1
1119,3.6286173633440506,29.38199356913183,22.724443435671674,1
1120,3.6972668810289377,29.25450160771703,9.797472953799115,1
1121,3.736495176848874,29.11720257234726,12.513418197634564,1
1122,3.7463022508038577,28.98971061093247,15.1677694320706,1
1123,3.7070739549839224,28.901446945337614,19.479503631594525,1
1124,3.6090032154340834,28.82299035369774,32.396129608157025,1
1125,3.5403536977491954,28.75434083601285,25.553573608401166,1
1126,3.491318327974276,28.715112540192923,29.899620056155072,1
1127,3.5403536977491954,28.675884244372988,28.30749511719023,1
1128,3.648231511254019,28.73472668810289,28.66906929016386,1
1129,3.8051446945337615,28.842604501607706,13.138214111330853,1
1130,3.942443729903536,28.98971061093247,96.86463165283476,1
1131,4.069935691318327,29.156430868167195,128.79512023926054,1
1132,4.168006430868166,29.303536977491955,65.11873626709257,1
1133,4.187620578778134,29.39180064308681,65.45680999756132,1
1134,4.187620578778135,29.431028938906746,64.12136077881041,1
1135,4.207234726688101,29.39180064308681,61.56838226318632,1
1136,4.217041800643086,29.332958199356902,65.70178222656523,1
1137,4.207234726688102,29.215273311897096,90.72698974609648,1
1138,4.168006430868166,29.087781350482306,113.3615417480496,1
1139,4.109163987138262,28.94067524115755,128.6910552978543,1
1140,4.0503215434083595,28.82299035369774,133.22856140136992,1
1141,3.991479099678456,28.69549839228295,163.04670715332304,1
1142,3.981672025723472,28.62684887459806,3.464459657671796,1
1143,3.9914790996784553,28.53858520900321,167.36648559570585,1
1144,4.011093247588423,28.48954983922829,169.54685974121367,1
1145,3.9914790996784553,28.460128617363342,14.341181755068646,1
1146,4.0012861736334395,28.43070739549838,14.529726982119428,1
1147,3.971864951768488,28.41109324758842,178.9616851806668,1
1148,3.971864951768488,28.41109324758842,20.842790603640424,1
1149,3.971864951768488,28.4209003215434,159.86344909668242,1
1150,3.991479099678456,28.4209003215434,18.79182434082304,1
1151,4.030707395498391,28.41109324758842,154.99746704101835,1
1152,4.079742765273311,28.391479099678445,148.03727722168242,1
1153,4.069935691318326,28.391479099678453,12.711904525759564,1
1154,4.020900321543407,28.322829581993563,148.61253356933867,1
1155,3.95225080385852,28.313022508038575,151.53108215332304,1
1156,3.8247588424437295,28.31302250803858,38.90412902832304,1
1157,3.716881028938906,28.263987138263662,30.624691009524213,1
1158,3.637392113724826,28.208241665256377,44.12662887573515,1
1159,3.6059062447114565,28.214435606701635,40.70600128174101,1
1160,3.60280927398883,28.16488407513961,41.09908856843958,0
1161,3.618294127601962,28.1282365882552,41.49217585513816,0
1162,3.613132509730918,28.14372144186833,41.88526314183582,0
1163,3.607970891859874,28.15920629548146,42.278350428533486,0
1164,3.60280927398883,28.174691149094592,42.67143771523206,0
1165,3.597647656117786,28.190176002707727,43.06452500193063,0
1166,3.5924860382467414,28.20566085632086,43.4576122886283,0
1167,3.5873244203756975,28.22114570993399,43.85069957532687,0
1168,3.5821628025046537,28.236630563547124,44.243786862025445,0
1169,3.57700118463361,28.252115417160258,44.6368741487222,0
1170,3.571839566762565,28.267600270773393,45.02996143542077,0
1171,3.5666779488915212,28.28308512438652,45.42304872211935,0
1172,3.5615163310204765,28.298569977999655,45.81613600881792,0
1173,3.5563547131494326,28.314054831612786,46.209223295515585,0
1174,3.5511930952783883,28.329539685225917,46.60231058221416,0
1175,3.5460314774073445,28.34502453883905,46.99539786891182,0
1176,3.5408698595363006,28.360509392452183,47.38848515560949,0
1177,3.4975122694195293,28.382704349297676,47.78157244230806,0
1178,3.455187002876967,28.391995261465553,48.174659729006635,1
1179,3.4040869859536294,28.398189202910807,35.34672164917265,1
1180,3.3344051446945335,28.41109324758842,35.484882354739966,1
1181,3.3147909967845655,28.332636655948544,39.94746398926054,1
1182,3.4913183279742754,28.469935691318323,46.781173706057416,1
1183,3.6384244372990344,28.56800643086816,36.66796493530546,1
1184,3.7953376205787777,28.95048231511253,86.73661804199492,1
1185,3.971864951768488,29.332958199356902,172.5626373291043,1
1186,4.138585209003215,29.78408360128617,26.80124282837187,1
1187,4.128778135048231,30.02926045016077,30.00019073486692,1
1188,4.168006430868166,30.30385852090032,33.40943145752317,1
1189,4.177813504823151,30.3136655948553,30.727687835696088,1
1190,4.207234726688101,30.30385852090032,32.24435043335325,1
1191,4.187620578778135,30.313665594855298,29.50897979736601,1
1192,4.17781350482315,30.303858520900313,30.798824310305463,1
1193,4.138585209003215,30.323472668810286,30.75853347778593,1
1194,4.040514469453376,30.02926045016077,29.92833328247343,1
1195,3.9220123258306527,29.73831725616291,28.2425746917761,1
1196,3.812499999999999,29.44083601286173,22.80597114563261,1
1197,3.711977491961414,29.13681672025723,23.475982348127218,0
1198,3.6204448017148976,28.81645230439442,24.145993550620915,0
1199,3.616358520900321,28.783762057877805,24.81600475311552,0
1200,3.612272240085744,28.751071811361193,25.48601595560922,0
1201,3.608185959271167,28.718381564844584,26.156027158103825,0
1202,3.6040996784565906,28.68569131832797,26.82603836059843,0
1203,3.6000133976420146,28.653001071811353,27.496049563093038,0
1204,3.5959271168274376,28.62031082529474,28.166060765587645,0
1205,3.591840836012861,28.587620578778125,28.83607196808134,0
1206,3.587754555198284,28.554930332261517,29.50608317057595,0
1207,3.5648713826366554,28.509163987138255,30.176094373069645,0
1208,3.5329983922829578,28.469935691318323,30.846105575564252,1
1209,3.4921355841371913,28.43724544480171,37.4281921386746,1
1210,3.452645149548019,28.41146332585087,40.5911788940457,1
1211,3.4145270885154395,28.392589334465804,48.47733688354765,1
1212,3.3965782927865065,28.393699569253165,48.227686971990806,0
1213,3.388991688406236,28.395179882302973,47.97803706043396,0
1214,3.3917672753746273,28.397030273615236,47.72838714887712,0
1215,3.3945428623430196,28.398880664927493,47.478737237321184,0
1216,3.397318449311411,28.400731056239756,47.22908732576434,0
1217,3.4000940362798024,28.402581447552016,46.979437414208405,0
1218,3.4028696232481943,28.404431838864276,46.72978750265065,0
1219,3.405645210216586,28.406282230176537,46.48013759109472,0
1220,3.408420797184978,28.4081326214888,46.23048767953787,0
1221,3.4111963841533695,28.409983012801064,45.98083776798194,0
1222,3.413971971121761,28.41183340411332,45.731187856425095,0
1223,3.4167475580901523,28.413683795425584,45.48153794486825,0
1224,3.4195231450585446,28.41553418673784,45.23188803331141,0
1225,3.422298732026936,28.417384578050104,44.98223812175547,0
1226,3.4250743189953283,28.419234969362368,44.73258821019863,0
1227,3.4278499059637197,28.42108536067463,44.482938298641784,0
1228,3.430625492932111,28.422935751986888,44.23328838708494,0
1229,3.433401079900503,28.42478614329915,43.983638475529006,0
1230,3.436176666868895,28.426636534611408,43.73398856397216,0
1231,3.4389522538372868,28.42848692592367,43.48433865241623,0
1232,3.441727840805678,28.43033731723593,43.23468874085847,0
1233,3.4445034277740696,28.43218770854819,42.98503882930254,0
1234,3.447279014742462,28.43403809986046,42.735388917745695,0
1235,3.4500546017108533,28.435888491172715,42.48573900618976,0
1236,3.4528301886792447,28.43773888248498,42.236089094632916,0
1237,3.455605775647636,28.439589273797242,41.98643918307607,0
1238,3.4583813626160285,28.4414396651095,41.73678927151923,0
1239,3.46115694958442,28.443290056421763,41.487139359963294,0
1240,3.4639325365528117,28.44514044773402,41.23748944840645,0
1241,3.466708123521203,28.446990839046283,40.987839536849606,0
1242,3.4694837104895946,28.448841230358546,40.73818962529276,0
1243,3.472259297457987,28.450691621670806,40.48853971373683,0
1244,3.4750348844263783,28.452542012983066,40.23888980217998,0
1245,3.4778104713947697,28.454392404295326,39.98923989062405,0
1246,3.480586058363161,28.45624279560759,39.739589979066295,0
1247,3.4833616453315535,28.458093186919847,39.48994006751036,0
1248,3.486137232299945,28.45994357823211,39.24029015595352,0
1249,3.4889128192683367,28.461793969544374,38.99064024439758,0
1250,3.4916884062367286,28.46364436085663,38.74099033284074,0
1251,3.4944639932051205,28.465494752168894,38.491340421283894,0
1252,3.497239580173512,28.467345143481158,38.24169050972705,0
1253,3.5000151671419033,28.469195534793414,37.992040598171116,0
1254,3.5027907541102947,28.471045926105678,37.74239068661427,0
1255,3.505566341078687,28.47289631741794,37.49274077505743,0
1256,3.5083419280470785,28.4747467087302,37.24309086350058,0
1257,3.51111751501547,28.47659710004246,36.99344095194465,0
1258,3.513893101983862,28.47844749135472,36.743791040387805,0
1259,3.5166686889522536,28.48029788266698,36.49414112883187,0
1260,3.5194442759206455,28.48214827397924,36.24449121727412,0
1261,3.522219862889037,28.483998665291505,35.99484130571818,0
1262,3.5249954498574283,28.48584905660377,35.74519139416134,0
1263,3.5312279042319084,28.48688359356471,35.495541482605404,0
1264,3.5409172260124757,28.487102276174348,35.24589157104856,1
1265,3.5540634151991304,28.48650510443266,33.36602904580195,0
1266,3.5706664717918732,28.485092078339658,31.486166520555344,0
1267,3.5907263957907043,28.482863197895348,29.606303995309645,0
1268,3.6107863197895353,28.480634317451027,27.726441470062127,0
1269,3.6308462437883655,28.478405437006717,25.84657894481643,0
1270,3.650906167787196,28.4761765565624,23.96671641956982,0
1271,3.6709660917860267,28.473947676118087,22.086853894323212,0
1272,3.691026015784858,28.47171879567377,20.206991369077514,0
1273,3.7110859397836884,28.469489915229456,18.327128843830906,0
1274,3.731145863782519,28.467261034785146,16.447266318584298,0
1275,3.7512057877813505,28.465032154340825,14.567403793338599,0
1276,3.77126571178018,28.462803273896515,12.687541268091081,0
1277,3.7913256357790113,28.4605743934522,10.807678742845383,0
1278,3.811385559777842,28.458345513007885,8.927816217598775,0
1279,3.8314454837766725,28.45611663256357,7.047953692352166,0
1280,3.851505407775504,28.45388775211926,5.168091167106468,0
1281,3.8715653317743346,28.451658871674944,3.2882286418598596,0
1282,3.891625255773165,28.449429991230623,1.408366116614161,0
1283,3.911685179771996,28.447201110786313,179.52850359136664,0
1284,3.931745103770827,28.444972230342,177.64864106612004,0
1285,3.9490643303344264,28.443189125986542,175.76877854087434,0
1286,3.9636428594627944,28.44185179771996,173.88891601562773,1
1287,3.975480691155932,28.440960245542232,173.67829386393532,0
1288,3.9845778254138375,28.44051446945337,173.467671712242,0
1289,3.9909342622365123,28.44051446945337,173.2570495605505,0
1290,3.9972906990591874,28.44051446945337,173.0464274088572,0
1291,4.003647135881862,28.44051446945337,172.8358052571648,0
1292,4.0100035727045364,28.44051446945337,172.62518310547148,0
1293,4.016360009527212,28.44051446945337,172.41456095377907,0
1294,4.022716446349886,28.44051446945337,172.20393880208576,0
1295,4.029072883172561,28.44051446945337,171.99331665039426,0
1296,4.035429319995235,28.44051446945337,171.78269449870095,0
1297,4.0417857568179105,28.44051446945337,171.57207234700854,0
1298,4.048142193640585,28.44051446945337,171.36145019531523,0
1299,4.05449863046326,28.44051446945337,171.15082804362282,0
1300,4.060855067285934,28.44051446945337,170.9402058919295,0
1301,4.06721150410861,28.44051446945337,170.7295837402371,0
1302,4.073567940931285,28.44051446945337,170.5189615885447,0
1303,4.079924377753959,28.44051446945337,170.3083394368523,0
1304,4.086280814576634,28.44051446945337,170.09771728515898,0
1305,4.092637251399308,28.44051446945337,169.88709513346657,0
1306,4.098993688221983,28.44051446945337,169.67647298177326,0
1307,4.105350125044658,28.44051446945337,169.46585083008085,0
1308,4.111706561867333,28.44051446945337,169.25522867838845,0
1309,4.118062998690007,28.44051446945337,169.04460652669604,0
1310,4.124419435512682,28.44051446945337,168.83398437500273,0
1311,4.130775872335358,28.44051446945337,168.62336222331032,0
1312,4.137132309158032,28.44051446945337,168.412740071617,0
1313,4.143488745980706,28.44051446945337,168.2021179199246,0
1314,4.14984518280338,28.44051446945337,167.9914957682322,0
1315,4.156201619626056,28.44051446945337,167.7808736165398,0
1316,4.162558056448732,28.44051446945337,167.5702514648474,0
1317,4.168914493271406,28.44051446945337,167.35962931315407,0
1318,4.175270930094081,28.44051446945337,167.14900716146167,0
1319,4.181627366916755,28.44051446945337,166.93838500976835,0
1320,4.18798380373943,28.44051446945337,166.72776285807595,0
1321,4.194340240562104,28.44051446945337,166.51714070638354,0
1322,4.200696677384779,28.44051446945337,166.30651855469114,0
1323,4.207053114207454,28.44051446945337,166.09589640299782,0
1324,4.213409551030129,28.44051446945337,165.88527425130542,0
1325,4.219765987852805,28.44051446945337,165.6746520996121,0
1326,4.226122424675479,28.44051446945337,165.4640299479197,0
1327,4.232478861498153,28.44051446945337,165.2534077962273,0
1328,4.2388352983208275,28.44051446945337,165.0427856445349,0
1329,4.245191735143503,28.44051446945337,164.83216349284157,0
1330,4.251548171966178,28.44051446945337,164.62154134114917,0
1331,4.257904608788853,28.44051446945337,164.41091918945585,0
1332,4.264261045611527,28.44051446945337,164.20029703776345,0
1333,4.270617482434202,28.44051446945337,163.98967488607013,0
1334,4.276973919256877,28.44051446945337,163.77905273437864,0
1335,4.283330356079551,28.44051446945337,163.56843058268532,0
1336,4.289686792902225,28.44051446945337,163.35780843099292,0
1337,4.2960432297249005,28.44051446945337,163.1471862792996,0
1338,4.302399666547576,28.44051446945337,162.9365641276072,0
1339,4.327098963915683,28.450321543408354,162.72594197591388,0
1340,4.327643801357627,28.460128617363335,162.5153198242224,1
1341,4.3040341788734064,28.46993569131832,159.62385559082304,1
1342,4.256270096463021,28.479742765273308,165.73710971408673,0
1343,4.184351554126473,28.48954983922829,171.85036383735041,0
1344,4.069935691318327,28.48954983922829,177.963617960615,0
1345,3.955519828510181,28.48954983922829,4.076872083878698,0
1346,3.841103965702035,28.48954983922829,10.190126207142384,0
1347,3.7266881028938896,28.48954983922829,16.30338033040607,0
1348,3.612272240085744,28.48954983922829,22.416634453670667,0
1349,3.5109324758842435,28.450321543408354,28.529888576934354,0
1350,3.412861736334404,28.43070739549838,34.64314270019804,1
1351,3.3180600214362266,28.401286173633434,34.38920974731718,1
1352,3.2363344051446936,28.37186495176848,35.26574325561887,1
1353,3.1480707395498384,28.35225080385851,41.394054412844525,1
1354,3.0401929260450156,28.401286173633434,41.082889556887494,1
1355,2.95192926045016,28.44051446945337,45.688583374026166,1
1356,2.8832797427652723,28.469935691318323,49.85707855224973,1
1357,2.8048231511254014,28.518971061093243,50.6363220214871,1
1358,2.7754019292604495,28.528778135048224,46.87858200073515,1
1359,2.7754019292604495,28.50916398713826,50.516071319583716,1
1360,2.7754019292604495,28.48954983922829,45.87087249756223,1
1361,2.7852090032154337,28.469935691318323,46.432106018069135,1
1362,2.7950160771704176,28.460128617363335,51.0459251403845,1
1363,2.7852090032154337,28.460128617363335,46.122840881351294,1
1364,2.7754019292604495,28.469935691318323,51.01738357544218,1
1365,2.7754019292604495,28.479742765273308,45.69795989990507,1
1366,2.7459807073954976,28.479742765273308,47.40119934082395,1
1367,2.7165594855305457,28.43070739549838,44.799938201907025,1
1368,2.6577170418006424,28.401286173633434,50.414806365969525,1
1369,2.569453376205787,28.352250803858517,56.663253784182416,1
1370,2.4419614147909963,28.31302250803858,63.187660217287885,1
1371,2.324276527331189,28.273794212218643,62.267196655276166,1
1372,2.2065916398713825,28.273794212218643,77.51234436035429,1
1373,2.0987138263665592,28.303215434083597,73.59024047851926,1
1374,2.010450160771704,28.332636655948544,80.9157409667996,1
1375,1.9418006430868164,28.332636655948544,81.27906799316679,1
1376,1.892765273311897,28.41109324758842,87.4129562377966,1
1377,1.892765273311897,28.49935691318327,89.63249969482695,1
1378,1.9810289389067521,28.607234726688098,99.70396423340117,1
1379,2.137942122186495,28.773954983922824,117.32083892822538,1
1380,2.383118971061093,28.99951768488745,118.07925415039426,1
1381,2.6969453376205785,29.20546623794212,128.75735473633085,1
1382,3.138263665594855,29.421221864951765,139.63452148437864,1
1383,3.7070739549839216,29.52909967845659,156.75901794433867,1
1384,4.1974276527331185,29.50948553054662,172.3171081542996,1
1385,4.609324758842443,29.34276527331189,26.311222076419654,1
1386,4.9329581993569125,29.05836012861736,44.22301864624387,1
1387,5.070257234726687,28.675884244372988,59.33712005615598,1
1388,4.972186495176848,28.263987138263662,68.64933776855833,1
1389,4.85450160771704,27.861897106109318,77.47256469726926,1
1390,4.687781350482314,27.469614147909958,85.49880218506223,1
1391,4.462218649517684,27.087138263665587,93.37705230713163,1
1392,4.158199356913182,26.685048231511246,99.8432998657263,1
1393,3.805144694533761,26.34180064308681,117.31980133056913,1
1394,3.4717041800643083,26.01816720257234,136.26475524902617,1
1395,3.1578778135048227,25.73376205787781,165.23722839355742,1
1396,2.893086816720257,25.498392282958196,156.66674804687773,1
1397,2.716559485530546,25.312057877813505,153.53259277344023,1
1398,2.608681672025723,25.096302250803852,145.9408111572302,1
1399,2.481189710610932,24.89035369774919,135.7430114746121,1
1400,2.3733118971061087,24.66479099678456,122.18571472168333,1
1401,2.2556270096463016,24.419614147909964,124.87254333496458,1
1402,2.108520900321543,24.145016077170414,105.13134765625273,1
1403,1.961414790996784,23.880225080385845,101.62397766113645,1
1404,1.8535369774919612,23.58601286173633,102.23484039307004,1
1405,1.7358520900321541,23.301607717041797,99.11933135986601,1
1406,1.6279742765273308,22.997588424437293,91.88630676269804,1
1407,1.5495176848874592,22.683762057877807,89.05422973633085,1
1408,1.4416398713826362,22.350321543408356,92.58359527588163,1
1409,1.3043408360128614,22.0168810289389,92.02795410156614,1
1410,1.1964630225080384,21.673633440514465,87.21685028076536,1
1411,1.0983922829581991,21.33038585209003,91.13114929199583,1
1412,1.0199356913183277,20.987138263665592,90.1469650268591,1
1413,0.9905144694533761,20.643890675241153,85.90513610840208,1
1414,0.9905144694533761,20.3104501607717,85.53376007080351,1
1415,0.9905144694533761,19.98681672025723,90.0287246704138,1
1416,1.0003215434083599,19.66318327974276,87.99407958984648,1
1417,1.0003215434083599,19.329742765273306,86.8499450683621,1
1418,1.0003215434083599,18.996302250803854,90.21836090088254,1
1419,0.9905144694533761,18.623633440514464,86.3909835815466,1
1420,0.970900321543408,18.24115755627009,82.84551239014036,1
1421,0.980707395498392,17.858681672025718,88.86943817138945,1
1422,1.0199356913183277,17.486012861736327,88.1219635009802,1
1423,1.088585209003215,17.08392282958199,88.1011123657263,1
1424,1.1866559485530543,16.672025723472665,84.4262847900427,1
1425,1.3043408360128614,16.211093247588423,87.21582031250273,1
1426,1.4024115755627005,15.701125401929257,83.52060699463254,1
1427,1.461254019292604,15.16173633440514,82.54982757568723,1
1428,1.4612540192926042,14.641961414790993,87.36587524414426,1
1429,1.4416398713826362,14.141800643086814,96.76821136474973,1
1430,1.3926045016077169,13.671061093247584,101.08469390869413,1
1431,1.3337620578778133,13.298392282958195,98.3825607299841,1
1432,1.2945337620578774,12.925723472668807,99.81679534912473,1
1433,1.2847266881028936,12.553054662379418,105.06667327881132,1
1434,1.2454983922829581,12.199999999999998,95.90270996094114,1
1435,1.2062700964630222,11.866559485530544,96.25720214844023,1
1436,1.1670418006430867,11.493890675241156,102.59490203857695,1
1437,1.1278135048231508,11.1604501607717,101.22100067139036,1
1438,1.0689710610932472,10.846623794212217,97.8533859252957,1
1439,1.0591639871382634,10.542604501607716,98.58391571045195,1
1440,1.0591639871382634,10.287620578778133,98.12969207764036,1
1441,1.0199356913183277,9.973794212218646,94.06890869140898,1
1442,0.9807073954983923,9.63054662379421,94.20778656006223,1
1443,0.9610932475884242,9.306913183279741,95.10309600830351,1
1444,0.8826366559485528,8.983279742765271,92.50358581543333,1
1445,0.8041800643086814,8.63022508038585,89.60272979736692,1
1446,0.745337620578778,8.316398713826365,94.09877777099882,1
1447,0.6864951768488745,8.051607717041799,92.3885879516638,1
1448,0.617845659163987,7.777009646302249,92.34118652344114,1
1449,0.5884244372990353,7.512218649517683,90.65094757080351,1
1450,0.5688102893890674,7.218006430868165,90.64092254639036,1
1451,0.5590032154340835,6.9532154340836,89.93149566650754,1
1452,0.5688102893890674,6.67861736334405,92.45322418213254,1
1453,0.6374598070739548,6.364790996784564,93.75334167480833,1
1454,0.7257234726688102,6.041157556270095,83.68955993652708,1
1455,0.8237942122186492,5.727331189710609,81.27590179443723,1
1456,0.9316720257234724,5.393890675241156,79.30348968506223,1
1457,1.010128617363344,5.099678456591639,79.75079345703398,1
1458,1.0297427652733115,4.834887459807073,78.94318389892942,1
1459,1.010128617363344,4.570096463022507,86.6168365478552,1
1460,1.00032154340836,4.295498392282957,93.26789855957395,1
1461,1.010128617363344,4.040514469453376,101.48810577392851,1
1462,1.0493569131832794,3.7463022508038577,89.14846801758176,1
1463,1.108199356913183,3.4717041800643083,86.25862121582395,1
1464,1.1768488745980705,3.2069131832797417,86.48834991455351,1
1465,1.206270096463022,2.9421221864951765,92.13134765625364,1
1466,1.216077170418006,2.6871382636655943,94.03149414062773,1
1467,1.216077170418006,2.5106109324758834,100.7193984985388,1
1468,1.22588424437299,2.3733118971061087,102.77455139160429,1
1469,1.245498392282958,2.2850482315112535,106.96726989746458,1
1470,1.2651125401929257,2.2556270096463016,103.64089965820676,1
1471,1.3043408360128612,2.265434083601286,100.2571945190466,1
1472,1.353376205787781,2.2556270096463016,113.49702453613645,1
1473,1.3729903536977488,2.2360128617363335,106.73540496826445,1
1474,1.4122186495176845,2.216398713826366,113.70941925049192,1
1475,1.461254019292604,2.2065916398713825,115.14571380615507,1
1476,1.50048231511254,2.2262057877813497,107.95432281494504,1
1477,1.5299035369774916,2.2360128617363335,107.04135894775754,1
1478,1.5495176848874594,2.2360128617363335,116.30582427978788,1
1479,1.5397106109324756,2.206591639871382,100.72934722900754,1
1480,1.5299035369774916,2.1771704180064306,120.59197998047148,1
1481,1.5299035369774914,2.137942122186495,112.36509704590208,1
1482,1.5200964630225076,2.098713826366559,116.90930938721067,1
1483,1.5397106109324754,2.059485530546623,112.96806335449583,1
1484,1.5789389067524113,2.0496784565916397,118.6291885376013,1
1485,1.6083601286173628,2.0496784565916397,120.91127777099973,1
1486,1.6181672025723468,2.020257234726688,123.70821380615507,1
1487,1.6181672025723468,1.990836012861736,118.71720886230833,1
1488,1.6181672025723468,1.990836012861736,116.31475830078398,1
1489,1.6181672025723468,2.00064308681672,120.29948425293242,1
1490,1.6181672025723468,2.010450160771704,119.58245086670286,1
1491,1.6279742765273308,2.030064308681672,115.19916534424192,1
1492,1.6377813504823144,2.039871382636656,118.59312438965117,1
1493,1.6181672025723468,2.0496784565916397,117.7573165893591,1
1494,1.5691318327974273,2.0398713826366555,115.23883819580351,1
1495,1.5397106109324754,2.0398713826366555,119.04254150390898,1
1496,1.50048231511254,2.039871382636656,111.41746520996367,1
1497,1.461254019292604,2.04967845659164,114.83213806152708,1
1498,1.461254019292604,2.0496784565916397,109.88875579834348,1
1499,1.50048231511254,2.069292604501608,108.82653808594114,1
1500,1.5495176848874594,2.108520900321543,112.88669586181913,1
1501,1.6181672025723468,2.1379421221864945,110.21771240234648,1
1502,1.6573954983922825,2.17717041800643,120.39910125732695,1
1503,1.696623794212218,2.206591639871382,109.45778656006132,1
1504,1.696623794212218,2.2556270096463016,123.35279846191679,1
1505,1.6868167202572342,2.2752411575562697,107.95847320556913,1
1506,1.6475884244372985,2.3242765273311887,119.33618164062864,1
1507,1.6573954983922825,2.353697749196141,104.00433349609648,1
1508,1.6279742765273304,2.3929260450160768,120.88291168213254,1
1509,1.598553054662379,2.4223472668810286,101.26558685303007,1
1510,1.5397106109324754,2.4517684887459805,106.81435394287382,1
1511,1.4906752411575557,2.432154340836013,108.5160827636746,1
1512,1.3926045016077166,2.3929260450160768,106.35669708252226,1
1513,1.3239549839228293,2.353697749196141,100.81589508057004,1
1514,1.3043408360128612,2.3046623794212215,106.38526153564817,1
1515,1.3239549839228293,2.236012861736334,109.14473724365507,1
1516,1.353376205787781,2.186977491961414,110.09224700928098,1
1517,1.4220257234726685,2.186977491961414,105.49253845215208,1
1518,1.480868167202572,2.1771704180064306,108.63069152832395,1
1519,1.510289389067524,2.137942122186495,114.45635223389036,1
1520,1.5200964630225078,2.1281350482315107,118.26410675049101,1
1521,1.5200964630225078,2.1183279742765273,117.72207641601835,1
1522,1.5200964630225078,2.079099678456591,116.2539215087927,1
1523,1.5593247588424435,2.0692926045016073,118.19963073730833,1
1524,1.6083601286173632,2.0398713826366555,117.89343261719114,1
1525,1.6868167202572344,2.020257234726688,113.96752929687773,1
1526,1.7750803858520896,2.020257234726688,120.2349014282263,1
1527,1.9319935691318322,2.069292604501608,120.09373474121458,1
1528,2.030064308681671,2.0496784565916397,119.49018859863645,1
1529,2.108520900321543,2.0398713826366555,109.9882507324246,1
1530,2.1673633440514464,2.0006430868167198,123.42183685303098,1
1531,2.2360128617363335,1.9516077170418005,124.86125946045195,1
1532,2.236012861736334,1.8535369774919608,130.3668365478543,1
1533,2.2850482315112535,1.8143086816720253,127.65152740478788,1
1534,2.343890675241157,1.8045016077170413,128.13752746582304,1
1535,2.3635048231511244,1.7750803858520896,123.86641693115598,1
1536,2.461575562700964,1.8045016077170413,123.24831390381223,1
1537,2.569453376205787,1.8535369774919608,138.27886962890898,1
1538,2.598874598070739,1.8535369774919612,121.86616516113645,1
1539,2.6184887459807067,1.843729903536977,130.75413513183867,1
1540,2.6773311897106105,1.8731511254019289,140.40921020508176,1
1541,2.6577170418006424,1.8535369774919608,135.58000183105833,1
1542,2.618488745980707,1.8143086816720253,138.69779968262083,1
1543,2.6381028938906743,1.8143086816720253,123.63902282715117,1
1544,2.696945337620578,1.8437299035369772,137.98435974121367,1
1545,2.755787781350482,1.8535369774919608,122.6845626831091,1
1546,2.7852090032154337,1.8535369774919608,123.37837219238554,1
1547,2.8146302250803847,1.8535369774919608,126.9863204956091,1
1548,2.8244372990353694,1.8633440514469448,127.09273529053007,1
1549,2.7754019292604495,1.8241157556270093,126.14826965332395,1
1550,2.6871382636655943,1.7750803858520896,128.6485748291043,1
1551,2.6184887459807067,1.72604501607717,129.2851257324246,1
1552,2.569453376205787,1.6672025723472665,129.1433258056668,1
1553,2.5400321543408357,1.578938906752411,131.3075103759802,1
1554,2.549839228295819,1.5200964630225076,135.40322875976926,1
1555,2.608681672025723,1.4612540192926042,135.27282714844023,1
1556,2.6184887459807067,1.3729903536977488,137.48899841308867,1
1557,2.5890675241157552,1.3141479099678453,146.4579772949255,1
1558,2.5890675241157552,1.3239549839228293,153.26206970215208,1
1559,2.657717041800643,1.363183279742765,154.45793151855833,1
1560,2.6871382636655943,1.45144694533762,167.8135375976599,1
1561,2.716559485530546,1.5593247588424433,147.93200683594023,1
1562,2.7754019292604495,1.6770096463022504,134.72509765625273,1
1563,2.8048231511254014,1.7358520900321541,124.9144668579138,1
1564,2.736173633440514,1.7456591639871377,118.10633850097929,1
1565,2.6773311897106105,1.706430868167202,122.35050964355742,1
1566,2.6871382636655943,1.6868167202572342,132.33816528320585,1
1567,2.706752411575562,1.6475884244372985,133.8388366699246,1
1568,2.7263665594855295,1.6279742765273304,123.78363800049192,1
1569,2.7852090032154337,1.6475884244372985,129.06367492676054,1
1570,2.844051446945337,1.696623794212218,130.5387115478552,1
1571,2.873472668810289,1.7456591639871377,126.23538208008085,1
1572,2.8636655948553047,1.7750803858520896,123.87641906738645,1
1573,2.844051446945337,1.7848874598070736,120.5956192016638,1
1574,2.8048231511254014,1.7554662379421218,127.31375122070676,1
1575,2.795016077170417,1.72604501607717,124.30725097656614,1
1576,2.8244372990353694,1.716237942122186,126.3340988159216,1
1577,2.8930868167202566,1.7358520900321541,123.79419708252226,1
1578,2.95192926045016,1.7456591639871377,119.9282150268582,1
1579,2.9617363344051446,1.72604501607717,108.70001983642851,1
1580,2.893086816720257,1.6573954983922825,127.63999938965208,1
1581,2.804823151125402,1.5691318327974273,128.55369567871458,1
1582,2.745980707395498,1.4612540192926042,145.64602661133176,1
1583,2.7361736334405142,1.3827974276527328,144.7131042480496,1
1584,2.7655948553054657,1.353376205787781,143.1179351806668,1
1585,2.8048231511254014,1.3435691318327971,133.99339294433958,1
1586,2.844051446945337,1.353376205787781,138.9497680664099,1
1587,2.853858520900321,1.3926045016077166,136.97839355469114,1
1588,2.8342443729903533,1.45144694533762,134.4317016601599,1
1589,2.814630225080385,1.4906752411575561,128.55816650390898,1
1590,2.9127009646302247,1.5887459807073951,132.49661254883176,1
1591,2.971543408360128,1.647588424437299,135.7708892822302,1
1592,2.9813504823151122,1.6573954983922825,113.19521331787473,1
1593,3.0303858520900313,1.6770096463022504,128.46015930176145,1
1594,3.0303858520900318,1.6672025723472665,129.2182312011755,1
1595,2.893086816720257,1.5887459807073951,115.65926361084257,1
1596,2.942122186495176,1.6083601286173632,131.90299987793242,1
1597,2.971543408360128,1.6475884244372985,148.94567871094023,1
1598,3.010771704180064,1.6672025723472665,99.42462921142942,1
1599,3.118649517684887,1.7554662379421218,122.63899230957304,1
1600,3.2853697749196136,1.9025723472668807,87.5112686157263,1
1601,3.2657556270096455,1.990836012861736,85.3760147094763,1
1602,3.295176848874598,2.118327974276527,77.01449584961301,1
1603,3.246141479099678,2.255627009646302,71.43610382080442,1
1604,3.2167202572347255,2.255627009646302,60.66971206665403,1
1605,3.1284565916398708,2.1281350482315107,44.34307098388945,1
1606,3.059807073954983,1.9516077170418,79.94805145264036,1
1607,2.991157556270096,1.745659163987138,135.1503601074255,1
1608,3.00096463022508,1.5593247588424433,128.63298034668333,1
1609,2.90289389067524,1.4416398713826362,135.68402099609648,1
1610,3.00096463022508,1.5299035369774916,108.36666870117551,1
1611,3.0794212218649513,1.7456591639871377,140.568450927738,1
1612,3.1480707395498384,1.9418006430868164,89.28616333008176,1
1613,3.1284565916398703,2.118327974276527,53.02859497070676,1
1614,3.2167202572347264,2.3438906752411572,47.3138580322302,1
1615,3.1676848874598065,2.4713826366559486,27.17024803161985,1
1616,3.138263665594855,2.471382636655948,58.6814994812039,1
1617,3.1774919614147903,2.3929260450160768,23.295440673831763,1
1618,3.2559485530546617,2.3046623794212215,30.19742965698606,1
1619,3.265755627009645,2.324276527331189,78.14584350586301,1
1620,3.275562700964629,2.334083601286173,74.82992553711301,1
1621,3.2657556270096455,2.383118971061093,38.71091079712187,1
1622,3.1872990353697745,2.5302250803858515,32.82608413696562,1
1623,3.0794212218649513,2.6577170418006424,19.035840988161908,1
1624,3.0173097534833864,2.664255091103965,20.424798011782514,0
1625,2.971543408360128,2.6577170418006424,21.81375503540403,1
1626,2.95192926045016,2.618488745980707,9.502586364749732,0
1627,3.0303858520900313,2.343890675241157,177.19141769409453,0
1628,3.059807073954983,2.0496784565916397,164.88024902344023,1
1629,3.0924973204715966,1.8666130760986064,150.0160827636746,1
1630,3.1284565916398708,1.7946945337620577,151.64213562011992,1
1631,3.1676848874598065,1.833922829581993,160.11265563965117,0
1632,3.108842443729903,2.118327974276527,168.58317565918242,0
1633,3.0990353697749193,2.4076366559485525,177.05369567871367,1
1634,3.059807073954983,2.584163987138263,20.670663833620893,1
1635,3.0230305466237937,2.598874598070739,2.5517015457180605,0
1636,2.98870578778135,2.45176848874598,164.43273925781614,1
1637,2.9862540192926037,2.2311093247588416,161.96583175659543,0
1638,3.015675241157555,1.961414790996784,159.49892425537382,0
1639,3.103938906752411,1.7848874598070736,157.03201675415312,0
1640,3.248593247588424,1.7015273311897101,154.56510925293333,1
1641,3.3711816720257226,1.7603697749196137,117.16128540039335,1
1642,3.442282958199356,1.9319935691318322,95.76477050781523,1
1643,3.483963022508038,2.108520900321543,59.51558685303007,1
1644,3.4692524115755616,2.1477491961414783,29.224687576296674,1
1645,3.368729903536977,2.0987138263665592,14.62583303451811,0
1646,3.2608520900321536,1.9123794212218648,0.02697849273954489,0
1647,3.2804662379421217,1.755466237942122,165.42812395096098,0
1648,3.3368569131832793,1.7554662379421218,150.82926940918242,1
1649,3.3851917776756997,1.8283187873220021,94.85587310791288,1
1650,3.4254708314193842,1.9740238860817634,103.67214202881132,1
1651,3.4576940744143307,2.192581534221405,111.86495317731897,0
1652,3.3764354616444643,2.3466926963711523,120.0577643258257,0
1653,3.250344510794671,2.4167432246210376,128.25057547433335,0
1654,3.124253559944877,2.4867937528709225,136.443386622841,0
1655,2.9981626090950844,2.556844281120808,144.63619777134772,0
1656,2.8948380799265037,2.5319763435920986,152.82900891985537,0
1657,2.8142799724391354,2.412189940284795,161.0218200683621,1
1658,2.7564882866329805,2.197485071198897,160.180122375491,0
1659,2.721463022508038,1.8878617363344046,159.33842468262083,0
1660,2.767229367631296,1.6394158628081452,158.49672698974973,0
1661,2.871020900321543,1.5470659163987133,157.65502929687773,1
1662,3.0328376205787775,1.610811897106109,132.38957214355833,0
1663,3.1860731511254015,1.7701768488745977,107.1241149902371,0
1664,3.3307274919614143,2.0251607717041797,81.85865783691679,1
1665,3.408775455519829,2.2196677384780275,73.16474521160399,0
1666,3.4202170418006426,2.353697749196141,64.47083258629118,0
1667,3.3650522508038585,2.4272508038585205,55.776919960978375,0
1668,3.3098874598070736,2.5008038585208996,47.08300733566557,0
1669,3.254722668810289,2.574356913183279,38.389094710352765,0
1670,3.199557877813504,2.647909967845659,29.69518208503996,0
1671,2.9788987138263656,2.6969453376205785,21.001269459727155,0
1672,2.7594654340836007,2.7116559485530543,12.30735683441435,1
1673,2.5412580385852084,2.721463022508038,162.92720031738554,1
1674,2.304662379421221,2.736173633440514,150.0417175292996,1
1675,2.069292604501608,2.7852090032154337,151.81387329101835,1
1676,1.9810289389067521,2.8146302250803856,137.91552734375273,1
1677,1.892765273311897,2.8636655948553047,165.33911132812773,1
1678,1.8241157556270093,2.8832797427652728,148.02813720703398,1
1679,1.7652733118971056,2.922508038585209,151.2012634277371,1
1680,1.716237942122186,2.902893890675241,143.17492675781523,1
1681,1.716237942122186,2.9323151125401923,135.85644531250273,1
1682,1.72604501607717,2.9617363344051446,139.22125244140898,1
1683,1.7554662379421218,3.0205787781350475,143.3497009277371,1
1684,1.7946945337620577,3.0303858520900318,144.9986267089871,1
1685,1.8437299035369772,3.0303858520900318,146.4952545166043,1
1686,1.8339228295819932,3.00096463022508,142.38500976562773,1
1687,1.8143086816720253,3.0205787781350475,66.20823669433867,1
1688,1.7848874598070736,3.0499999999999994,145.19421386719023,1
1689,1.7358520900321541,3.0794212218649513,138.3776550292996,1
1690,1.6868167202572344,3.1284565916398703,176.1515808105496,1
1691,1.6573954983922825,3.1676848874598065,156.08677673340026,1
1692,1.6181672025723468,3.1578778135048227,154.91661071777617,1
1693,1.5593247588424433,3.1186495176848874,150.38496398925963,1
1694,1.5102893890675237,3.0794212218649513,146.29893493652617,1
1695,1.4514469453376202,3.040192926045016,145.27302551269804,1
1696,1.4122186495176845,3.030385852090032,134.00054931640898,1
1697,1.3827974276527328,3.020578778135048,139.86677551269804,1
1698,1.3435691318327971,3.010771704180064,139.03581237793242,1
1699,1.3435691318327971,3.020578778135048,138.26794433594023,1
1700,1.3631832797427648,3.0401929260450156,134.33076477051054,1
1701,1.4220257234726685,3.0892282958199355,134.70561218261992,1
1702,1.490675241157556,3.1578778135048227,143.00483703613554,1
1703,1.5495176848874594,3.22652733118971,165.4753112792996,1
1704,1.5691318327974273,3.2559485530546617,150.98904418945585,1
1705,1.5593247588424433,3.2657556270096455,148.01126098632994,1
1706,1.50048231511254,3.2363344051446936,143.06384277344023,1
1707,1.45144694533762,3.187299035369774,144.32437133789335,1
1708,1.4220257234726685,3.2069131832797417,143.79301452636992,1
1709,1.4318327974276523,3.2363344051446936,142.7076110839862,1
1710,1.4416398713826362,3.285369774919613,152.67364501953398,1
1711,1.471061093247588,3.344212218649517,140.79315185547148,1
1712,1.480868167202572,3.383440514469453,133.3521881103543,1
1713,1.480868167202572,3.383440514469453,148.83198547363554,1
1714,1.4318327974276523,3.324598070739549,137.20372009277617,1
1715,1.4318327974276523,3.344212218649517,149.51419067383085,1
1716,1.4122186495176845,3.3049839228295816,130.04148864746367,1
1717,1.490675241157556,3.3245980707395497,159.5761871337918,1
1718,1.5887459807073951,3.3344051446945335,148.14562988281523,1
1719,1.7946945337620577,3.344212218649517,21.938394546511518,1
1720,1.9221864951768484,3.334405144694533,29.960367202761518,1
1721,2.0889067524115754,3.314790996784565,65.92433929443632,1
1722,2.157556270096463,3.2755627009646298,36.38507843017851,1
1723,2.265434083601286,3.246141479099678,67.10408782959257,1
1724,2.265434083601286,3.324598070739549,61.49787139892851,1
1725,2.324276527331189,3.334405144694533,56.54969024658476,1
1726,2.363504823151125,3.363826366559485,40.94376754761015,1
1727,2.363504823151125,3.4030546623794207,33.359378814699994,1
1728,2.2948553054662373,3.442282958199357,48.849227905276166,1
1729,2.245819935691318,3.4520900321543406,29.6832141876248,1
1730,2.1967845659163983,3.4520900321543406,16.821550369266333,1
1731,2.1477491961414783,3.491318327974276,16.933135986330853,1
1732,2.1568018797922326,3.4807568637150625,24.409841537478314,1
1733,2.1945213950037097,3.4302127133316835,31.213382720949994,1
1734,2.2511006678209244,3.3593000247341083,24.5181280282859,0
1735,2.297118476378926,3.277825871877318,17.822873335620898,0
1736,2.342381894632698,3.1759831808063312,11.127618642956804,0
1737,2.3876453128864696,3.0741404897353446,4.432363950291801,0
1738,2.432908731140242,2.972297798664358,177.7371092576277,0
1739,2.478172149394014,2.870455107593371,171.04185456496361,0
1740,2.5234355676477858,2.7686124165223838,164.3465998722977,0
1741,2.5686989859015577,2.6667697254513967,157.6513451796336,0
1742,2.6139624041553295,2.56492703438041,150.9560904869686,0
1743,2.6592258224091014,2.463084343309423,144.2608357943045,0
1744,2.7044892406628738,2.3612416522384363,137.56558110164042,0
1745,2.7322939118759053,2.2993816472916144,130.87032640897542,0
1746,2.7426398360481956,2.2775043284689582,124.17507171631132,1
1747,2.7355270131797456,2.295609695770467,130.0807837077573,0
1748,2.7109554432705556,2.353697749196141,135.98649569920417,0
1749,2.668925126320624,2.4517684887459805,141.89220769065014,0
1750,2.626894809370693,2.5498392282958195,147.7979196820961,0
1751,2.584864492420762,2.647909967845659,153.703631673543,0
1752,2.542834175470831,2.745980707395498,159.60934366498896,0
1753,2.5008038585208996,2.844051446945337,165.51505565643583,0
1754,2.458773541570969,2.942122186495177,171.4207676478827,0
1755,2.4167432246210376,3.040192926045016,177.32647963932868,0
1756,2.374712907671106,3.138263665594855,3.23219163077556,0
1757,2.3326825907211752,3.2363344051446945,9.137903622221529,0
1758,2.2906522737712445,3.3344051446945335,15.043615613667498,0
1759,2.2472209462563155,3.4226688102893887,20.949327605114377,0
1760,2.206311437758383,3.4795498392282957,26.855039596560346,1
1761,2.1679237482774454,3.505048231511254,15.163528442385541,1
1762,2.132057877813504,3.499163987138263,5.1517639160183535,0
1763,2.0987138263665592,3.461897106109324,175.13999938965117,0
1764,2.0692926045016073,3.4030546623794207,165.12823486328398,0
1765,2.1928617363344047,3.238295819935691,155.1164703369168,0
1766,2.2928938906752405,3.0853054662379416,145.1047058105496,1
1767,2.447845659163987,2.8754340836012853,86.14817810058867,1
1768,2.598874598070739,2.5596463022508034,69.77758789062773,1
1769,2.7754019292604495,2.265434083601286,103.9699630737332,1
1770,2.795016077170417,2.088906752411575,135.5492858886746,1
1771,2.844051446945337,1.9123794212218646,129.8119812011746,1
1772,2.844051446945337,1.7946945337620577,133.0959625244168,1
1773,2.873472668810289,1.7946945337620577,133.84187316894804,1
1774,2.8832797427652723,1.7848874598070736,134.9841461181668,1
1775,2.893086816720257,1.7750803858520896,138.0456237792996,1
1776,2.9028938906752404,1.7750803858520896,133.39860534668242,1
1777,2.9028938906752404,1.7750803858520896,134.24829101562773,1
1778,2.9028938906752404,1.7848874598070736,132.58746337890898,1
1779,2.9225080385852085,1.7750803858520896,136.96708679199492,1
1780,2.961736334405144,1.9810289389067521,130.45925903320585,1
1781,3.0058681672025718,2.1673633440514464,136.7597351074246,1
1782,3.064710610932475,2.353697749196141,34.054332733157935,1
1783,3.0941318327974274,2.5400321543408353,24.98589468002683,0
1784,3.1039389067524112,2.7459807073954976,15.917456626894818,1
1785,3.103938906752411,2.7361736334405142,24.23613357544218,1
1786,3.0990353697749193,2.736173633440514,18.401577591898786,0
1787,3.089228295819935,2.7459807073954976,12.56702160835539,0
1788,3.0794212218649513,2.755787781350482,6.732465624812903,0
1789,3.099035369774919,2.749249732047159,0.8979096412685976,1
1790,3.148070739549839,2.7263665594855295,157.2566833496121,1
1791,3.2265273311897102,2.6871382636655943,175.165868759158,0
1792,3.2973561986423716,2.6195784208645945,13.0750541687039,0
1793,3.370364415862808,2.5138799571275454,30.9842395782498,1
1794,3.406323687031082,2.396195069667738,25.007509019642384,0
1795,3.405234012147195,2.2665237584851727,19.03077846103497,0
1796,3.3670953912111465,2.1248660235798495,13.054047902427556,0
1797,3.3289567702750977,1.9832082886745261,7.077317343820141,0
1798,3.2908181493390485,1.8415505537692032,1.1005867852127267,0
1799,3.252679528403,1.6998928188638796,175.12385622660622,0
1800,3.2145409074669518,1.5582350839585566,169.1471256679988,0
1801,3.203644158628081,1.4939442658092175,163.1703951093914,0
1802,3.1611468381564842,1.3991425509110393,157.19366455078398,1
1803,3.2243479814219356,1.4013219006788138,124.61067199707304,1
1804,3.324598070739549,1.4514469453376202,141.39065551758085,1
1805,3.442282958199356,1.5593247588424435,107.5694274902371,1
1806,3.550160771704179,1.6377813504823149,105.85126495361601,1
1807,3.6580385852090025,1.8241157556270093,89.49664306640898,1
1808,3.1480707395498384,2.206591639871382,82.81296539306913,1
1809,2.72636655948553,2.6184887459807067,60.00692367553984,1
1810,2.304662379421221,3.0598070739549827,167.17495727539335,1
1811,1.8633440514469448,3.5893890675241145,26.810972213747846,1
1812,1.480868167202572,4.1483922829581985,39.6543998718289,1
1813,1.6475884244372985,4.481832797427652,66.97034454345976,1
1814,1.7358520900321541,4.874115755627009,82.51465606689726,1
1815,1.8633440514469448,5.286012861736333,86.41844177246367,1
1816,2.079099678456591,5.688102893890674,94.47463989258085,1
1817,2.353697749196141,6.060771704180063,106.91107177734648,1
1818,2.6969453376205785,6.4530546623794205,122.92984771728788,1
1819,3.108842443729903,6.757073954983921,142.41218566894804,1
1820,3.579581993569131,6.972829581993567,166.51223754883085,1
1821,4.099356913183279,7.041479099678455,10.321242332461225,1
1822,4.579903536977492,7.0512861736334385,24.796108245852338,1
1823,5.050643086816719,6.8943729903536966,39.37712478637968,1
1824,5.452733118971059,6.619774919614147,51.10530090332304,1
1825,5.756752411575562,6.305948553054661,66.06264495849973,1
1826,5.933279742765272,5.933279742765272,83.5595626831082,1
1827,6.060771704180063,5.45273311897106,93.18861389160429,1
1828,6.08038585209003,5.0310289389067515,95.56623840332304,1
1829,6.0215434083601265,4.570096463022507,98.67424774170195,1
1830,5.90385852090032,4.079742765273311,102.27874755859648,1
1831,5.727331189710609,3.6090032154340825,104.89459991455351,1
1832,5.491961414790995,3.187299035369774,110.23107910156523,1
1833,5.236977491961413,2.7852090032154333,117.90342712402617,1
1834,4.95257234726688,2.4909967845659162,123.9225769042996,1
1835,4.7368167202572335,2.2850482315112535,130.1236724853543,1
1836,4.550482315112539,2.1575562700964626,142.14875793457304,1
1837,4.373954983922829,2.079099678456591,157.33413696289335,1
1838,4.1483922829581985,2.0300643086816716,28.60014533996855,1
1839,3.7561093247588415,2.2752411575562697,47.88375473022734,1
1840,3.3049839228295808,2.6381028938906743,60.836246490481244,1
1841,2.902893890675241,3.089228295819935,43.60660934448515,1
1842,2.5890675241157552,3.6482315112540187,62.42235946655546,1
1843,2.412540192926044,4.256270096463021,75.64302825928098,1
1844,2.520418006430867,4.628938906752411,89.6855163574246,1
1845,2.755787781350482,4.942765273311895,99.36283874512083,1
1846,3.0696141479099674,5.236977491961413,115.05901336670195,1
1847,3.45209003215434,5.491961414790995,129.5657653808621,1
1848,3.9032154340836,5.746945337620577,140.8387145996121,1
1849,4.422990353697748,5.992122186495175,147.52224731445585,1
1850,4.95257234726688,6.1588424437299025,162.06900024414335,1
1851,5.482154340836011,6.217684887459805,1.0027672052410708,1
1852,5.972508038585208,6.168649517684886,14.0891265869177,1
1853,6.413826366559485,5.992122186495176,30.07121467590696,1
1854,6.77668810289389,5.688102893890674,48.353336334232154,1
1855,7.061093247588422,5.286012861736333,59.97218704223906,1
1856,7.2376205787781345,4.844694533762057,75.06811523437864,1
1857,7.335691318327973,4.3935691318327965,86.39405822754179,1
1858,7.325884244372989,3.922829581993568,97.86049652099973,1
1859,7.227813504823149,3.491318327974276,101.74033355713254,1
1860,7.0512861736334385,3.0794212218649513,110.13056945801054,1
1861,6.845337620578777,2.6969453376205785,119.94038391113645,1
1862,6.62958199356913,2.4223472668810286,119.91453552246367,1
1863,6.384405144694532,2.22620578778135,119.07794952392942,1
1864,6.090192926045015,2.0987138263665592,128.19030761719023,1
1865,5.776366559485529,2.0496784565916397,134.75503540039426,1
1866,5.442926045016075,2.079099678456591,142.34069824219114,1
1867,5.138906752411574,2.0889067524115754,154.7671813964871,1
1868,4.844694533762056,2.118327974276527,172.79844665527617,1
1869,4.570096463022507,2.1869774919614144,4.870673179630103,1
1870,4.217041800643086,2.363504823151125,15.31350517273313,1
1871,3.834565916398713,2.6675241157556266,49.119640350345435,1
1872,3.442282958199356,3.0205787781350475,47.0493431091345,1
1873,3.1088424437299027,3.491318327974276,53.98468017578489,1
1874,2.8734726688102885,4.020900321543407,72.08406066894895,1
1875,2.8342443729903533,4.5406752411575555,85.70140075683958,1
1876,2.942122186495176,4.991800643086815,90.50082397461301,1
1877,3.1284565916398703,5.442926045016075,95.8517227172888,1
1878,3.4030546623794207,5.845016077170417,105.54171752930051,1
1879,3.7659163987138258,6.198070739549838,122.70461273193632,1
1880,4.207234726688101,6.482475884244371,139.71560668945676,1
1881,4.707395498392282,6.688424437299034,154.1102905273474,1
1882,5.236977491961413,6.786495176848874,174.16592407226835,1
1883,5.737138263665594,6.77668810289389,4.329950809482398,1
1884,6.217684887459805,6.639389067524114,19.474262237552466,1
1885,6.629581993569131,6.394212218649516,37.919960021976294,1
1886,6.9532154340836,6.060771704180063,48.438556671146216,1
1887,7.168971061093245,5.688102893890674,61.76541137695676,1
1888,7.306270096463021,5.305627009646301,76.0575332641638,1
1889,7.325884244372989,4.913344051446944,87.99861907959348,1
1890,7.218006430868167,4.50144694533762,99.55441284180051,1
1891,7.012057877813504,4.138585209003216,113.64622497558958,1
1892,6.72765273311897,3.824758842443729,126.40515899658567,1
1893,6.384405144694533,3.5403536977491954,146.32153320312864,1
1894,5.972508038585207,3.324598070739549,160.79963684082395,1
1895,5.550803858520899,3.22652733118971,166.3261108398474,1
1896,5.089871382636654,3.2069131832797426,169.27742004394895,1
1897,4.648553054662378,3.2755627009646298,5.327065467838111,1
1898,4.22684887459807,3.442282958199356,19.544073104862946,1
1899,3.873794212218649,3.736495176848874,41.7067260742233,1
1900,3.6286173633440506,4.109163987138262,62.52817153931119,1
1901,3.530546623794211,4.521061093247587,76.88477325439817,1
1902,3.550160771704179,4.952572347266879,87.37211608887083,1
1903,3.6972668810289377,5.364469453376205,95.56288909912473,1
1904,3.95225080385852,5.727331189710609,102.74461364746458,1
1905,4.285691318327974,6.060771704180063,111.9631271362341,1
1906,4.677974276527331,6.354983922829581,126.40241241455533,1
1907,5.138906752411574,6.590353697749196,133.669281005863,1
1908,5.62926045016077,6.776688102893888,148.5473022460974,1
1909,6.12942122186495,6.90418006430868,160.07766723633176,1
1910,6.6590032154340815,6.963022508038584,173.60041809082395,1
1911,7.178778135048231,6.963022508038584,0.9811546206510684,1
1912,7.698553054662378,6.884565916398712,8.75666522980191,1
1913,8.149678456591639,6.766881028938906,19.245534896854224,1
1914,8.571382636655946,6.5511254019292595,37.400096893315094,1
1915,8.875401929260448,6.276527331189709,50.03336715698606,1
1916,9.081350482315111,5.874437299035368,69.25595092773801,1
1917,9.130385852090031,5.45273311897106,84.75859069824673,1
1918,9.081350482315111,4.9819935691318324,94.57292938232786,1
1919,8.914630225080383,4.560289389067523,112.35983276367642,1
1920,8.669453376205785,4.158199356913182,128.78555297851926,1
1921,8.336012861736332,3.8443729903536967,136.0537261962936,1
1922,7.914308681672024,3.5697749196141473,145.8809204101608,1
1923,7.472990353697748,3.363826366559485,148.9959869384802,1
1924,6.982636655948551,3.1971061093247584,154.1038208007849,1
1925,6.50209003215434,3.108842443729903,154.6232299804733,1
1926,6.031350482315111,3.099035369774919,165.7630767822302,1
1927,5.580225080385851,3.1774919614147903,172.4000396728552,1
1928,5.148713826366558,3.314790996784565,1.2090438604400333,1
1929,4.766237942122186,3.5207395498392273,17.96515083313443,1
1930,4.383762057877813,3.775723472668809,27.880695343022126,1
1931,4.0503215434083595,4.109163987138262,40.94306945801145,1
1932,3.7953376205787777,4.4916398713826355,52.08227539062955,1
1933,3.6188102893890672,4.913344051446944,65.64221191406705,1
1934,3.5207395498392273,5.3742765273311885,72.68998718262173,1
1935,3.530546623794211,5.874437299035369,83.52142333984739,1
1936,3.6384244372990344,6.345176848874597,92.8620986938522,1
1937,3.8443729903536967,6.77668810289389,98.13071441650845,1
1938,4.138585209003215,7.178778135048231,107.68984985352017,1
1939,4.521061093247587,7.512218649517683,120.68691253662473,1
1940,4.962379421221864,7.718167202572346,137.60400390625455,1
1941,5.433118971061092,7.816237942122184,155.27249145508267,1
1942,5.9136655948553045,7.796623794212216,2.263373136524933,1
1943,6.384405144694532,7.659324758842442,17.92613601685025,1
1944,6.835530546623792,7.433762057877812,36.4420661926315,1
1945,7.257234726688101,7.129742765273311,45.76605987549283,1
1946,7.620096463022506,6.786495176848874,55.44014739990689,1
1947,7.933922829581992,6.4040192926045005,64.30458831787564,1
1948,8.169292604501605,6.00192926045016,72.21228790283658,1
1949,8.296784565916397,5.570418006430867,78.9148330688522,1
1950,8.316398713826365,5.168327974276526,86.10849761963345,1
1951,8.267363344051445,4.77604501607717,92.7707901001022,1
1952,8.130064308681671,4.413183279742764,98.54357910156705,1
1953,7.90450160771704,4.069935691318326,107.2760620117233,1
1954,7.62990353697749,3.7757234726688096,114.71286773682095,1
1955,7.296463022508037,3.50112540192926,128.7614135742233,1
1956,6.90418006430868,3.2657556270096455,135.8529663085983,1
1957,6.482475884244371,3.0696141479099674,151.37704467773892,1
1958,6.05096463022508,2.9323151125401923,157.59494018555142,1
1959,5.599839228295819,2.8146302250803856,160.64370727539517,1
1960,5.168327974276527,2.7655948553054657,165.03506469727017,1
1961,4.746623794212217,2.7754019292604495,164.13070678711392,1
1962,4.315112540192925,2.853858520900321,173.0775756835983,1
1963,3.9032154340836,3.00096463022508,2.7589840889022526,1
1964,3.510932475884244,3.275562700964629,25.14624214172818,1
1965,3.1676848874598065,3.6090032154340834,47.049152374272126,1
1966,2.922508038585208,4.011093247588424,57.203929901127594,1
1967,2.795016077170417,4.472025723472667,73.27446746826718,1
1968,2.7655948553054657,4.9329581993569125,80.4731826782272,1
1969,2.8636655948553047,5.384083601286172,86.74944305420377,1
1970,3.0499999999999994,5.815594855305465,94.28068542480923,1
1971,3.314790996784565,6.207877813504821,103.48439788818814,1
1972,3.6678456591639863,6.5511254019292595,115.95359802246548,1
1973,4.089549839228295,6.835530546623792,131.77163696289517,1
1974,4.570096463022507,7.012057877813502,143.6584625244186,1
1975,5.099678456591638,7.090514469453375,166.02912902832486,1
1976,5.648874598070738,7.070900321543407,1.4921329021508427,1
1977,6.158842443729902,6.9434083601286165,15.117883682255524,1
1978,6.639389067524114,6.737459807073954,29.361164093023035,1
1979,7.061093247588422,6.443247588424436,43.41639709473111,1
1980,7.374919614147909,6.090192926045015,59.280323028569,1
1981,7.561254019292603,5.688102893890674,72.12410736084439,1
1982,7.659324758842442,5.286012861736333,86.75399017334439,1
1983,7.610289389067522,4.825080385852089,98.71067047119595,1
1984,7.433762057877812,4.40337620578778,108.0700302124078,1
1985,7.178778135048231,4.020900321543407,125.28161621094296,1
1986,6.864951768488744,3.687459807073954,132.09890747070767,1
1987,6.50209003215434,3.383440514469453,140.87503051758358,1
1988,6.109807073954983,3.1578778135048227,143.73287963867733,1
1989,5.688102893890674,2.9813504823151122,144.10485839844296,1
1990,5.266398713826365,2.8636655948553047,158.28201293945858,1
1991,4.864308681672024,2.814630225080385,164.45629882813046,1
1992,4.442604501607716,2.8244372990353694,168.15132141113736,1
1993,4.030707395498391,2.942122186495176,173.48165893555142,1
1994,3.6678456591639863,3.1382636655948546,13.972433090215418,1
1995,3.3147909967845655,3.4226688102893887,28.61030006409237,1
1996,2.9911575562700956,3.785530546623794,45.15006256104061,1
1997,2.755787781350482,4.207234726688101,53.87206649780819,1
1998,2.6184887459807067,4.697588424437297,69.21894836426327,1
1999,2.569453376205787,5.217363344051445,76.38108062744595,1
2000,2.628295819935691,5.737138263665594,84.82793426514127,1
2001,2.7852090032154337,6.22749196141479,93.7019653320358,1
2002,3.0107717041800637,6.67861736334405,104.01245880127408,1
2003,3.344212218649517,7.061093247588422,118.29714965820858,1
2004,3.7659163987138258,7.3945337620578755,138.08052062988736,1
2005,4.2464630225080375,7.649517684887458,152.72563171387173,1
2006,4.756430868167202,7.8064308681672,170.92959594727017,1
2007,5.305627009646301,7.884887459807072,5.52993822098324,1
2008,5.815594855305465,7.85546623794212,16.56044006348202,1
2009,6.266720257234725,7.718167202572346,23.296966552739832,1
2010,6.6590032154340815,7.482797427652732,36.17566299438931,1
2011,6.963022508038584,7.208199356913181,50.688068389898035,1
2012,7.159163987138262,6.874758842443728,60.00137710571835,1
2013,7.267041800643085,6.511897106109323,78.26197814941952,1
2014,7.237620578778133,6.08038585209003,91.56430816650936,1
2015,7.100321543408358,5.668488745980706,104.26892089844205,1
2016,6.884565916398712,5.276205787781349,114.73957824707486,1
2017,6.58054662379421,4.9329581993569125,126.20304107666561,1
2018,6.207877813504822,4.668167202572347,141.72708129883358,1
2019,5.815594855305465,4.5406752411575555,162.19821166992733,1
2020,5.3742765273311885,4.530868167202572,176.2525482177789,1
2021,4.913344051446944,4.628938906752411,20.395219802861902,1
2022,4.4916398713826355,4.844694533762057,45.57761383057186,1
2023,4.128778135048231,5.148713826366558,53.84363555908749,1
2024,3.873794212218648,5.501768488745979,64.32568359375546,1
2025,3.736495176848874,5.894051446945336,71.05726623535702,1
2026,3.7463022508038577,6.345176848874597,83.07889556885311,1
2027,3.863987138263665,6.796302250803857,91.69141387939999,1
2028,4.089549839228295,7.237620578778133,101.93611145020077,1
2029,4.403376205787781,7.669131832797426,116.00548553467343,1
2030,4.805466237942121,8.041800643086814,129.32467651367733,1
2031,5.2762057877813495,8.30659163987138,143.06849670410702,1
2032,5.786173633440513,8.492926045016075,157.45141601563046,1
2033,6.335369774919613,8.571382636655947,172.15377807617733,1
2034,6.874758842443728,8.561575562700963,12.42124271393368,1
2035,7.404340836012859,8.45369774919614,16.135925292974207,1
2036,7.894694533762054,8.25755627009646,23.817131042485926,1
2037,8.365434083601283,7.973151125401927,37.49970245361965,1
2038,8.796945337620576,7.62990353697749,47.94301605225246,1
2039,9.159807073954983,7.276848874598069,51.820888519292566,1
2040,9.512861736334404,6.85514469453376,54.482936859136316,1
2041,9.797266881028936,6.4138263665594835,54.51928710938046,1
2042,10.013022508038583,5.9627009646302245,64.22059631348293,1
2043,10.160128617363343,5.482154340836011,70.92174530029843,1
2044,10.277813504823149,4.95257234726688,77.55725097656796,1
2045,10.297427652733116,4.4426045016077165,85.12786102295559,1
2046,10.277813504823149,3.942443729903536,88.9249114990289,1
2047,10.218971061093246,3.4717041800643083,89.3307723999078,1
2048,10.111093247588421,3.040192926045015,95.99335479736874,1
2049,9.954180064308678,2.6675241157556266,99.77661132813046,1
2050,9.758038585209,2.3733118971061087,105.12545776367733,1
2051,9.503054662379418,2.118327974276527,112.81513214111965,1
2052,9.179421221864951,1.8829581993569129,123.3731536865289,1
2053,8.787138263665593,1.6966237942122184,137.38148498535702,1
2054,8.345819935691315,1.5593247588424435,153.15132141113827,1
2055,7.875080385852089,1.471061093247588,166.64025878906887,1
2056,7.3945337620578755,1.480868167202572,174.19792175293514,1
2057,6.9434083601286165,1.6181672025723468,17.09031486511867,1
2058,6.5511254019292595,1.8731511254019289,36.670970916753504,1
2059,6.247106109324757,2.1967845659163983,48.872158050542566,1
2060,6.031350482315111,2.598874598070739,58.63510894776027,1
2061,5.9136655948553045,3.040192926045015,73.58205413818996,1
2062,5.884244372990352,3.530546623794211,80.92874145508358,1
2063,5.95289389067524,4.030707395498391,88.39503479004543,1
2064,6.090192926045015,4.530868167202572,96.2566757202203,1
2065,6.315755627009644,5.011414790996783,98.95649719238827,1
2066,6.639389067524114,5.452733118971059,115.01676940918605,1
2067,7.041479099678455,5.786173633440514,132.78466796875546,1
2068,7.482797427652732,6.021543408360127,145.23062133789608,1
2069,7.992765273311896,6.139228295819935,171.95304870606105,1
2070,8.492926045016075,6.119614147909966,14.061820983891266,1
2071,8.95385852090032,5.992122186495175,30.802894592289704,1
2072,9.355948553054661,5.756752411575562,45.22874069214413,1
2073,9.689389067524115,5.413504823151124,57.864635467534754,1
2074,9.895337620578776,5.011414790996783,70.5155639648483,1
2075,10.013022508038583,4.570096463022507,84.3890991210992,1
2076,10.042443729903535,4.089549839228295,92.23758697510311,1
2077,10.003215434083598,3.6286173633440506,93.49829864502499,1
2078,9.90514469453376,3.187299035369774,93.93303680420468,1
2079,9.748231511254016,2.7852090032154337,99.47380065918423,1
2080,9.561897106109324,2.45176848874598,108.35890197754452,1
2081,9.326527331189709,2.1477491961414783,116.49608612061002,1
2082,9.042122186495174,1.8829581993569129,132.74876403809048,1
2083,8.708681672025723,1.6770096463022504,141.4279632568423,1
2084,8.32620578778135,1.5299035369774916,151.80465698242824,1
2085,7.894694533762054,1.4318327974276523,163.00314331055233,1
2086,7.4435691318327954,1.4220257234726685,173.9538879394595,1
2087,7.031672025723472,1.471061093247588,2.360322952274146,1
2088,6.62958199356913,1.6181672025723468,13.059068679813208,1
2089,6.247106109324758,1.8535369774919608,21.46637725830533,1
2090,5.884244372990352,2.1771704180064306,32.388500213627594,1
2091,5.58022508038585,2.569453376205787,45.49141693115689,1
2092,5.266398713826365,3.05,60.28087615967161,1
2093,5.021221864951768,3.579581993569131,69.61238098144986,1
2094,4.8839228295819925,4.128778135048231,76.32611846924283,1
2095,4.864308681672025,4.658360128617362,85.09078216553189,1
2096,4.942765273311896,5.187942122186494,91.81921386719205,1
2097,5.168327974276527,5.688102893890674,104.90280151367733,1
2098,5.491961414790995,6.109807073954983,122.19435882568723,1
2099,5.90385852090032,6.462861736334403,132.80020141602017,1
2100,6.374598070739548,6.747266881028938,143.01940917969205,1
2101,6.884565916398712,6.9532154340836,157.85359191894986,1
2102,7.384726688102893,7.0512861736334385,162.98922729492733,1
2103,7.884887459807072,7.090514469453375,171.25621032715298,1
2104,8.37524115755627,7.0512861736334385,178.79020690918514,1
2105,8.85578778135048,6.9532154340836,10.45156383514859,1
2106,9.316720257234724,6.77668810289389,14.219812393193024,1
2107,9.767845659163985,6.541318327974276,25.21903038025357,1
2108,10.179742765273309,6.22749196141479,39.52240753174192,1
2109,10.532797427652731,5.8548231511254,54.71890640259153,1
2110,10.80739549839228,5.413504823151124,63.91092300415494,1
2111,10.993729903536977,4.95257234726688,72.55239868164426,1
2112,11.101607717041798,4.462218649517684,80.23696899414426,1
2113,11.150643086816718,3.981672025723472,88.56855010986692,1
2114,11.13102893890675,3.510932475884244,91.39604949951627,1
2115,11.072186495176847,3.1186495176848874,94.03286743164426,1
2116,10.954501607717038,2.7165594855305466,95.94870758057004,1
2117,10.787781350482314,2.402733118971061,99.24520111084348,1
2118,10.552411575562697,2.1673633440514464,111.59790039062955,1
2119,10.258199356913181,2.0104501607717036,129.9676666259811,1
2120,9.90514469453376,1.892765273311897,146.72756958008176,1
2121,9.532475884244372,1.8829581993569129,165.53709411621548,1
2122,9.130385852090031,1.9319935691318322,167.99880981445767,1
2123,8.738102893890673,2.020257234726688,178.86766052246548,1
2124,8.3556270096463,2.1967845659163983,15.898975372317182,1
2125,7.9829581993569105,2.4223472668810286,27.049930572512494,1
2126,7.6397106109324735,2.6871382636655943,34.05624771118528,1
2127,7.335691318327973,2.981350482315112,38.131210327152075,1
2128,7.061093247588422,3.334405144694533,42.65624618530637,1
2129,6.845337620578777,3.6972668810289377,49.465641021732154,1
2130,6.688424437299034,4.0993569131832786,58.35454559326536,1
2131,6.590353697749194,4.5406752411575555,66.44283294678007,1
2132,6.570739549839226,4.991800643086815,74.6692276001022,1
2133,6.6590032154340815,5.452733118971059,88.46099090576536,1
2134,6.845337620578777,5.874437299035368,97.13191986084348,1
2135,7.139549839228295,6.247106109324757,110.4079742431677,1
2136,7.522025723472666,6.560932475884243,132.102630615238,1
2137,7.973151125401927,6.815916398713824,146.5944976806677,1
2138,8.463504823151123,6.982636655948551,165.04536437988463,1
2139,8.963665594855303,7.090514469453375,175.7024078369177,1
2140,9.473633440514467,7.119935691318327,6.088690280917945,1
2141,9.993408360128615,7.0512861736334385,8.461026191713245,1
2142,10.473954983922827,6.90418006430868,24.219249725345435,1
2143,10.925080385852088,6.649196141479098,31.913002014163794,1
2144,11.356591639871379,6.305948553054661,47.29570770263854,1
2145,11.739067524115754,5.884244372990352,58.10939025879088,1
2146,12.062700964630222,5.413504823151125,64.414108276369,1
2147,12.35691318327974,4.90353697749196,67.43754577637083,1
2148,12.60209003215434,4.373954983922828,74.44802093506041,1
2149,12.788424437299032,3.8443729903536967,79.93800354004088,1
2150,12.886495176848872,3.314790996784565,84.36739349365598,1
2151,12.915916398713824,2.8244372990353694,89.25859832764036,1
2152,12.866881028938902,2.4027331189710606,101.91428375244504,1
2153,12.719774919614144,2.0692926045016073,106.19231414795104,1
2154,12.5040192926045,1.8339228295819932,132.1844940185565,1
2155,12.249035369774917,1.706430868167202,143.75195312500364,1
2156,11.9548231511254,1.6573954983922825,152.8639526367224,1
2157,11.611575562700963,1.6672025723472665,165.72097778320494,1
2158,11.268327974276525,1.7456591639871377,169.90180969238463,1
2159,10.925080385852088,1.892765273311897,8.825590133668811,1
2160,10.621061093247587,2.118327974276527,26.08443260193053,1
2161,10.346463022508036,2.4125401929260444,37.08691406250182,1
2162,10.150321543408358,2.755787781350482,48.36819839477903,1
2163,10.042443729903535,3.1382636655948546,65.99900054931823,1
2164,10.0032154340836,3.530546623794211,77.2848587036151,1
2165,10.022829581993566,3.971864951768488,81.96478271484557,1
2166,10.111093247588423,4.422990353697748,89.97605133056823,1
2167,10.238585209003213,4.893729903536976,90.9972381591815,1
2168,10.385691318327972,5.364469453376204,97.63118743896848,1
2169,10.572025723472667,5.8548231511254,98.15899658203307,1
2170,10.777974276527328,6.286334405144693,102.00548553466979,1
2171,11.003536977491958,6.717845659163986,103.00094604492551,1
2172,11.268327974276525,7.110128617363342,107.29399871826354,1
2173,11.562540192926042,7.472990353697748,114.57861328125364,1
2174,11.88617363344051,7.77700964630225,124.83255767822448,1
2175,12.249035369774917,8.031993569131831,130.10914611816588,1
2176,12.651125401929258,8.198713826366557,133.03883361816588,1
2177,13.082636655948551,8.296784565916397,148.29815673828307,1
2178,13.55337620578778,8.296784565916397,169.0643005371112,1
2179,14.024115755627008,8.198713826366559,8.435690879823596,1
2180,14.485048231511252,7.992765273311894,15.016911506654651,1
2181,14.896945337620576,7.708360128617362,31.07248306274596,1
2182,15.220578778135044,7.365112540192925,46.36547470092955,1
2183,15.446141479099674,6.923794212218647,62.96277618408385,1
2184,15.593247588424433,6.433440514469451,79.0540466308612,1
2185,15.632475884244368,5.9136655948553045,91.85204315185729,1
2186,15.58344051446945,5.344855305466236,99.10704040527526,1
2187,15.45594855305466,4.756430868167202,101.08037567138854,1
2188,15.25980707395498,4.256270096463021,108.52996063232604,1
2189,14.98520900321543,3.8149517684887457,120.20085906982604,1
2190,14.641961414790993,3.461897106109324,126.90108489990416,1
2191,14.269292604501604,3.22652733118971,139.3554382324237,1
2192,13.886816720257233,3.0990353697749193,161.9539489746112,1
2193,13.45530546623794,3.0794212218649513,176.2311706542987,1
2194,13.053215434083597,3.1578778135048227,12.67881965637389,1
2195,12.700160771704176,3.3245980707395497,27.566736221315296,1
2196,12.396141479099676,3.5697749196141473,40.84914779663268,1
2197,12.141157556270093,3.873794212218649,45.831695556640625,1
2198,11.974437299035367,4.2464630225080375,58.458587646484375,1
2199,11.85675241157556,4.668167202572347,67.5248260498065,1
2200,11.80771704180064,5.148713826366558,72.03392028808594,1
2201,11.788102893890672,5.668488745980706,78.8469924926776,1
2202,11.827331189710609,6.207877813504821,86.01860809326354,1
2203,11.925401929260447,6.708038585209001,87.46312713623229,1
2204,12.05289389067524,7.188585209003213,88.39231872558776,1
2205,12.190192926045013,7.620096463022506,92.2816619873065,1
2206,12.35691318327974,8.00257234726688,93.63407135009948,1
2207,12.53344051446945,8.336012861736332,99.05418395996094,1
2208,12.749196141479098,8.659646302250803,101.73811340332031,1
2209,13.023794212218647,8.963665594855303,111.1388397216815,1
2210,13.3572347266881,9.228456591639869,120.06959533691588,1
2211,13.739710610932473,9.4540192926045,133.7070007324237,1
2212,14.200643086816717,9.650160771704176,143.60955810546875,1
2213,14.710610932475879,9.787459807073953,157.27630615234557,1
2214,15.25980707395498,9.885530546623793,160.6622772216815,1
2215,15.867845659163985,9.963987138263665,164.70637512207213,1
2216,16.495498392282954,10.013022508038585,175.75897216796875,1
2217,17.11334405144694,10.03263665594855,175.97119140625182,1
2218,17.71157556270096,10.013022508038583,0.781793475152881,1
2219,18.26077170418006,9.934565916398713,3.9953205585479736,1
2220,18.76093247588424,9.777652733118968,13.144476890563965,1
2221,19.24147909967845,9.561897106109322,19.633354187013538,1
2222,19.672990353697745,9.277491961414787,33.78489685058594,1
2223,20.045659163987136,8.934244372990353,47.80055618286133,1
2224,20.359485530546625,8.53215434083601,52.702178955078125,1
2225,20.575241157556267,8.130064308681671,64.98464965820312,1
2226,20.70273311897106,7.6887459807073935,79.57843780517578,1
2227,20.741961414790996,7.178778135048231,91.0283889770526,1
2228,20.663504823151122,6.619774919614146,96.69080352783203,1
2229,20.48697749196141,6.041157556270095,107.29022979736328,1
2230,20.222186495176846,5.4233118971061085,118.02169799804688,1
2231,19.849517684887456,4.805466237942121,122.75904846191406,1
2232,19.37877813504823,4.236655948553054,131.2628936767578,1
2233,18.85900321543408,3.7266881028938896,128.1842498779297,1
2234,18.30980707395498,3.2657556270096455,136.53224182128906,1
2235,17.760610932475878,2.853858520900321,138.0327606201172,1
2236,17.250643086816716,2.5008038585209,144.24681091308776,1
2237,16.78971061093247,2.186977491961414,141.5125732421875,1
2238,16.368006430868164,1.9123794212218646,139.037841796875,1
2239,15.985530546623789,1.6672025723472665,139.7872314453125,1
2240,15.6128617363344,1.4514469453376202,146.75814819335938,1
2241,15.210771704180061,1.2749196141479096,151.15281677246094,1
2242,14.779260450160768,1.157234726688103,157.9730224609375,1
2243,14.328135048231507,1.108199356913183,161.1006622314453,1
2244,13.857395498392282,1.1376205787781348,175.5418243408203,1
2245,13.406270096463022,1.255305466237942,9.208380699157715,1
2246,12.994372990353696,1.4514469453376202,28.32834243774414,1
2247,12.651125401929258,1.7358520900321541,43.78812789916992,1
2248,12.366720257234723,2.0987138263665592,51.59441375732422,1
2249,12.170578778135047,2.5008038585209,66.05486297607422,1
2250,12.043086816720255,2.9519292604501604,79.28418731689453,1
2251,12.013665594855302,3.4520900321543393,85.43427276611328,1
2252,12.062700964630224,3.9620578778135034,93.29779815673828,1
2253,12.219614147909965,4.472025723472667,99.1500473022461,1
2254,12.464790996784563,4.962379421221863,106.30571746826172,1
2255,12.788424437299033,5.384083601286172,114.88066101074219,1
2256,13.170900321543405,5.688102893890674,129.78561401367188,1
2257,13.592604501607713,5.874437299035369,149.75939941406068,1
2258,14.033922829581991,5.90385852090032,168.93714904785156,1
2259,14.475241157556269,5.805787781350482,9.59436321258363,1
2260,14.916559485530541,5.5704180064308675,26.134119033813477,1
2261,15.299035369774916,5.246784565916398,39.560935974119275,1
2262,15.632475884244371,4.844694533762057,52.30780792236146,1
2263,15.887459807073949,4.403376205787781,65.59806060791016,1
2264,16.054180064308675,3.932636655948552,74.508255004881,1
2265,16.13263665594855,3.461897106109324,80.22525787353334,1
2266,16.171864951768487,3.00096463022508,84.66470336914062,1
2267,16.191479099678453,2.6282958199356914,87.5339584350586,1
2268,16.201286173633438,2.3242765273311896,88.92932891845703,1
2269,16.201286173633438,2.1379421221864954,88.40475463867188,1
2270,16.162057877813503,2.039871382636656,89.61210632324219,1
2271,16.054180064308675,1.971221864951768,97.37973785400209,1
2272,15.877652733118968,1.8633440514469448,106.82149505615052,1
2273,15.6128617363344,1.745659163987138,123.930862426756,1
2274,15.240192926045012,1.5691318327974273,133.61581420898438,1
2275,14.818488745980705,1.4122186495176845,145.25619506835756,1
2276,14.377170418006429,1.3239549839228293,158.27410888671693,1
2277,13.926045016077168,1.3141479099678453,170.27397155761537,1
2278,13.504340836012858,1.3827974276527328,177.6271209716797,1
2279,13.151286173633437,1.5397106109324756,14.164371490476697,1
2280,12.837459807073952,1.7848874598070736,24.256437301633923,1
2281,12.592282958199354,2.079099678456591,42.81576919555482,1
2282,12.40594855305466,2.432154340836012,56.93685531616029,1
2283,12.298070739549837,2.8048231511254014,75.2370376586914,1
2284,12.298070739549836,3.22652733118971,88.46537017822266,1
2285,12.43536977491961,3.6580385852090025,96.74662780761537,1
2286,12.690353697749192,4.109163987138262,110.07093811034974,1
2287,13.072829581993565,4.530868167202572,125.76534271240052,1
2288,13.563183279742763,4.923151125401928,141.0230712890625,1
2289,14.08295819935691,5.236977491961413,153.12297058105287,1
2290,14.63215434083601,5.413504823151124,168.42517089843568,1
2291,15.16173633440514,5.45273311897106,1.0821086168270995,1
2292,15.652090032154337,5.354662379421221,15.10368061065492,1
2293,16.044372990353693,5.148713826366558,29.85066032409486,1
2294,16.377813504823145,4.825080385852088,44.88217926025209,1
2295,16.603376205787775,4.4426045016077165,62.06912994384584,1
2296,16.740675241157554,4.020900321543407,75.259231567381,1
2297,16.770096463022504,3.579581993569131,85.73935699462709,1
2298,16.73086816720257,3.089228295819935,90.10209655761537,1
2299,16.642604501607714,2.6577170418006424,101.92052459716615,1
2300,16.495498392282954,2.2850482315112535,107.33815002441224,1
2301,16.279742765273305,1.9810289389067521,113.63251495361146,1
2302,16.024758842443724,1.7750803858520896,129.61895751952943,1
2303,15.720739549839223,1.6868167202572342,134.4924621582013,1
2304,15.338263665594852,1.6475884244372985,153.97290039062318,1
2305,14.916559485530545,1.6672025723472665,163.4686584472638,1
2306,14.514469453376202,1.7456591639871377,173.20660400390443,1
2307,14.122186495176845,1.8731511254019289,16.309885025022595,1
2308,13.759324758842439,2.079099678456591,23.261600494382947,1
2309,13.445498392282953,2.3340836012861734,37.82507705688295,1
2310,13.170900321543405,2.6479099678456586,47.17263412475404,1
2311,12.935530546623792,3.0107717041800637,60.77828979491824,1
2312,12.749196141479098,3.4226688102893883,67.46598052978152,1
2313,12.611897106109321,3.854180064308681,73.43270874023256,1
2314,12.543247588424434,4.344533762057877,78.2332382202112,1
2315,12.543247588424434,4.854501607717041,84.51335144042787,1
2316,12.58247588424437,5.364469453376205,94.4580154418909,1
2317,12.660932475884241,5.874437299035368,93.46347045898256,1
2318,12.788424437299032,6.394212218649516,98.9168243408185,1
2319,12.935530546623792,6.90418006430868,98.20692443847474,1
2320,13.112057877813502,7.404340836012859,98.7067184448224,1
2321,13.308199356913182,7.894694533762056,99.02238464355287,1
2322,13.533762057877812,8.385048231511252,103.05437469482058,1
2323,13.788745980707393,8.85578778135048,105.51851654052552,1
2324,14.073151125401926,9.287299035369774,108.2826004028284,1
2325,14.396784565916395,9.67958199356913,117.1316452026349,1
2326,14.769453376205783,10.022829581993566,123.0655364990198,1
2327,15.191157556270094,10.297427652733116,130.88595581054324,1
2328,15.642282958199354,10.483762057877811,144.13342285155886,1
2329,16.122829581993564,10.572025723472667,164.19808959960574,1
2330,16.622990353697745,10.562218649517682,176.52514648437318,1
2331,17.13295819935691,10.464147909967844,11.719315528865991,1
2332,17.642926045016072,10.268006430868166,17.970968246456323,1
2333,17.897909967845653,10.162580385852088,32.22875213622683,1
2334,18.159431939978557,10.035905680600212,39.26541137694949,1
