frame,x_cm,y_cm,theta,detected
305,15.544212218649514,10.787781350482312,12.86898708343506,1
306,15.519694533762054,10.542604501607714,11.736200809478758,1
307,15.642282958199353,10.18301178992497,23.83225939750215,1
308,15.642282958199353,9.97869774919614,28.005465542011592,1
309,15.671704180064305,9.699196141479097,35.085667736873766,1
310,15.701125401929257,9.267684887459804,49.454169405185894,1
311,15.720739549839227,8.865594855305464,63.521802959331964,1
312,15.68151125401929,8.669453376205785,71.5896729679806,1
313,15.5540192926045,7.953536977491959,78.02450385720691,1
314,15.377491961414787,7.335691318327972,81.54253816890564,1
315,15.200964630225078,6.580546623794211,80.8679069618091,1
316,14.965594855305463,5.835209003215433,81.85033106582125,1
317,14.60273311897106,5.001607717041799,82.46102188322786,1
318,14.298713826366557,4.677974276527331,89.2145660817783,1
319,13.984887459807073,4.413183279742764,99.44327780456985,1
320,13.631832797427652,4.27588424437299,113.81501230085436,1
321,13.170900321543405,4.138585209003215,123.93918271642215,1
322,12.709967845659161,4.079742765273311,135.51772936744214,1
323,12.268649517684885,4.089549839228295,148.01499043541742,1
324,11.876366559485527,4.158199356913182,158.51099969154353,1
325,11.484083601286171,4.285691318327973,173.16373196835178,1
326,11.20948553054662,4.5406752411575555,9.503309675898718,1
327,11.013344051446943,4.834887459807073,23.840017083302254,1
328,10.846623794212217,5.168327974276526,35.74653572264512,1
329,10.650482315112537,5.482154340836011,47.619041409271944,1
330,10.522990353697747,5.805787781350481,58.584587544958,1
331,10.473954983922827,6.149035369774919,68.88210931850217,1
332,10.493569131832796,6.492282958199356,78.45807892497116,1
333,10.591639871382634,6.835530546623792,88.00738214961773,1
334,10.768167202572346,7.208199356913181,97.5840106734711,1
335,11.013344051446943,7.5906752411575535,106.94761913220762,1
336,11.327170418006428,7.943729903536976,115.00346224367563,1
337,11.670418006430866,8.267363344051443,122.76643042101739,1
338,12.03327974276527,8.53215434083601,131.24664036331376,1
339,12.415755627009643,8.738102893890673,140.11367365055258,1
340,12.808038585209,8.845980707395498,150.6689742104113,1
341,13.200321543408355,8.865594855305464,164.46922403180074,1
342,13.58279742765273,8.777331189710608,0.6490876854419757,1
343,13.984887459807073,8.590996784565915,18.718692068863763,1
344,14.347749196141475,8.286977491961412,37.056823802522345,1
345,14.641961414790993,7.884887459807072,53.867065312233215,1
346,14.85771704180064,7.414147909967843,68.44229070548445,1
347,14.995016077170416,6.90418006430868,81.27070152516562,1
348,15.004823151125398,6.354983922829581,91.92634971389323,1
349,14.926366559485526,5.825401929260449,101.79053615474164,1
350,14.7596463022508,5.295819935691317,110.28905646482735,1
351,14.514469453376204,4.766237942122186,118.9890924659438,1
352,14.210450160771703,4.2954983922829575,125.8723162671647,1
353,13.857395498392282,3.903215434083601,133.89913205694327,1
354,13.465112540192923,3.5991961414790987,141.7432783498889,1
355,13.043408360128614,3.4226688102893887,152.39830931799756,1
356,12.621704180064306,3.383440514469453,164.83759596332592,1
357,12.209807073954982,3.442282958199357,1.376208117539605,1
358,11.866559485530544,3.599196141479099,19.61856708974961,1
359,11.58215434083601,3.824758842443729,36.94543732528553,1
360,11.386012861736331,4.118971061093246,52.6786775108575,1
361,11.287942122186493,4.472025723472668,66.86072149126065,1
362,11.287942122186491,4.864308681672024,78.95858339937665,1
363,11.336977491961411,5.315434083601285,87.73353215705173,1
364,11.454662379421219,5.815594855305465,93.54418452843247,1
365,11.621382636655946,6.325562700964628,97.44984330072721,1
366,11.817524115755624,6.796302250803857,99.65599863245444,1
367,12.043086816720255,7.237620578778133,101.74867251394888,1
368,12.30787781350482,7.610289389067523,105.83738381637805,1
369,12.60209003215434,7.933922829581992,110.39006464942796,1
370,12.915916398713824,8.218327974276525,114.47061090667425,1
371,13.25916398713826,8.512540192926043,117.33945882529841,1
372,13.612218649517683,8.80675241157556,119.68754443495655,1
373,13.984887459807073,9.110771704180062,123.27007008568029,1
374,14.357556270096458,9.35594855305466,127.56390619061125,1
375,14.789067524115751,9.58151125401929,135.2993760039909,1
376,15.269614147909966,9.738424437299035,147.11568205897527,1
377,15.799196141479097,9.826688102893888,159.9196160072384,1
378,16.348392282958194,9.80707395498392,171.19986226609512,1
379,16.93681672025723,9.738424437299035,1.4118933939379765,1
380,17.505627009646297,9.581511254019292,9.235152258754722,1
381,18.045016077170413,9.355948553054661,15.686927128766309,1
382,18.554983922829578,9.071543408360126,22.684423163872108,1
383,19.02572347266881,8.747909967845656,30.705263018577757,1
384,19.43762057877813,8.365434083601283,39.21920587802218,1
385,19.820096463022505,7.9241157556270085,47.70563309089463,1
386,20.15353697749196,7.4435691318327954,56.12818027048927,1
387,20.398713826366556,6.923794212218648,65.27848065065731,1
388,20.555627009646297,6.394212218649517,74.68699025560684,1
389,20.614469453376206,5.854823151125401,85.04035559667972,1
390,20.545819935691316,5.315434083601285,96.35922324801746,1
391,20.34967845659164,4.7858520900321535,107.55288745747177,1
392,20.07508038585209,4.27588424437299,117.35102964451445,1
393,19.712218649517684,3.785530546623794,127.24262335560425,1
394,19.270900321543404,3.3540192926045007,135.42214644038688,1
395,18.76093247588424,2.971543408360128,142.66005420605615,1
396,18.21173633440514,2.6381028938906748,148.66635403581952,1
397,17.633118971061087,2.363504823151125,153.32231739026957,1
398,17.06430868167202,2.1575562700964626,156.53008466723765,1
399,16.524919614147908,2.0104501607717036,162.9726634351527,1
400,16.024758842443724,1.971221864951768,170.46464993498498,1
401,15.563826366559482,2.0398713826366555,1.3034035957009489,1
402,15.151929260450157,2.2065916398713825,14.883189280293374,1
403,14.789067524115751,2.4615755627009643,28.932126040259803,1
404,14.465434083601284,2.814630225080385,40.64113580224639,1
405,14.18102893890675,3.2167202572347264,50.97686392553,1
406,13.955466237942119,3.6580385852090025,58.28729344287675,1
407,13.77893890675241,4.118971061093246,64.5800169814982,1
408,13.631832797427649,4.609324758842442,69.37836522260258,1
409,13.543569131832793,5.070257234726688,73.433687193067,1
410,13.514147909967843,5.540996784565915,76.74710854771082,1
411,13.514147909967841,6.021543408360127,80.82575827938038,1
412,13.563183279742763,6.511897106109323,85.41036858593046,1
413,13.671061093247584,6.992443729903535,90.45842659397577,1
414,13.818167202572344,7.502411575562698,95.83886580772678,1
415,14.014308681672023,7.982958199356912,101.41891625679042,1
416,14.259485530546621,8.424276527331187,106.64854982961454,1
417,14.524276527331187,8.826366559485527,111.02715571060162,1
418,14.818488745980705,9.208842443729901,114.2400198466822,1
419,15.132315112540189,9.591318327974275,116.09860527421392,1
420,15.455948553054657,9.993408360128615,117.71405078809046,1
421,15.789389067524112,10.375884244372989,120.8359634808545,1
422,16.162057877813503,10.748553054662377,125.06438551946874,1
423,16.56414790996784,11.072186495176847,132.07980606220013,1
424,16.995659163987135,11.297749196141478,142.97238276654662,1
425,17.46639871382636,11.415434083601284,155.45813525813804,1
426,17.956752411575557,11.444855305466234,167.942558105194,1
427,18.447106109324757,11.386012861736331,1.2846536980155272,1
428,18.93745980707395,11.248713826366558,12.968850216720218,1
429,19.42781350482315,11.013344051446943,23.716103286968714,1
430,19.869131832797425,10.719131832797425,34.250321835543716,1
431,20.271221864951766,10.366077170418006,44.24463311783821,1
432,20.614469453376206,9.954180064308678,53.32429921020054,1
433,20.869453376205787,9.50305466237942,62.3367835647546,1
434,21.016559485530543,9.042122186495174,71.0853668378967,1
435,21.095016077170413,8.561575562700963,79.27121661927194,1
436,21.095016077170413,8.061414790996782,87.29024491244222,1
437,21.006752411575558,7.551446945337619,94.4140033049665,1
438,20.830225080385848,7.031672025723471,102.64118114727653,1
439,20.575241157556267,6.511897106109323,110.98073808290657,1
440,20.241800643086812,6.021543408360127,119.63332044339806,1
441,19.82990353697749,5.590032154340834,129.1112203699997,1
442,19.34935691318328,5.217363344051446,139.9456702822359,1
443,18.849196141479098,4.913344051446944,148.97551217295447,1
444,18.30980707395498,4.707395498392282,158.95781538774827,1
445,17.770418006430866,4.599517684887459,169.6170546629609,1
446,17.2604501607717,4.599517684887459,0.48854652059793335,1
447,16.78971061093247,4.697588424437298,11.135827751078791,1
448,16.33858520900321,4.874115755627009,20.96136722133915,1
449,15.916881028938903,5.1290996784565905,28.509410952072997,1
450,15.51479099678456,5.4233118971061085,34.078371444263745,1
451,15.142122186495175,5.727331189710609,39.029416420119816,1
452,14.808681672025719,6.060771704180063,43.037368421418975,1
453,14.514469453376202,6.423633440514467,47.76651781307588,1
454,14.269292604501604,6.815916398713824,52.51599933114796,1
455,14.063344051446942,7.227813504823149,58.510415092589,1
456,13.867202572347264,7.698553054662378,64.03377770153104,1
457,13.68086816720257,8.198713826366557,69.31442656106502,1
458,13.533762057877812,8.72829581993569,73.69844502238746,1
459,13.435691318327972,9.248070739549837,78.01960987098683,1
460,13.386655948553052,9.777652733118968,81.65632994870873,1
461,13.396463022508035,10.238585209003213,84.21299610143566,1
462,13.474919614147908,10.670096463022505,88.94203581880971,1
463,13.602411575562698,11.111414790996783,95.14534958979414,1
464,13.827974276527328,11.542926045016074,102.37442606328796,1
465,14.112379421221863,11.93520900321543,111.27229499330801,1
466,14.475241157556269,12.30787781350482,122.50388266876843,1
467,14.926366559485526,12.63151125401929,135.0752310546049,1
468,15.426527331189709,12.847266881028935,149.36122005034582,1
469,15.946302250803857,12.984565916398711,162.5558746278851,1
470,16.50530546623794,13.0532154340836,173.3098659651801,1
471,17.103536977491956,13.072829581993568,1.404368000178747,1
472,17.701768488745977,13.033601286173631,7.518038665315544,1
473,18.30980707395498,12.945337620578774,11.744683508486919,1
474,18.898231511254014,12.788424437299033,16.435770698508314,1
475,19.457234726688096,12.572668810289386,21.834523851908504,1
476,19.95739549839228,12.298070739549837,28.856896392511608,1
477,20.37909967845659,11.964630225080384,37.16264460785027,1
478,20.702733118971057,11.591961414790996,47.367570973571546,1
479,20.928295819935688,11.180064308681668,59.05643941760623,1
480,21.055787781350478,10.699517684887457,71.26093504546529,1
481,21.085209003215432,10.189549839228293,84.01921262832944,1
482,21.006752411575558,9.669774919614145,95.99933676991593,1
483,20.859646302250802,9.149999999999999,105.67900407025833,1
484,20.643890675241156,8.649839228295818,113.80819198378165,1
485,20.35948553054662,8.218327974276525,119.6423468583782,1
486,20.016237942122185,7.826045016077169,123.23820829737829,1
487,19.65337620578778,7.472990353697748,126.12968989116604,1
488,19.25128617363344,7.139549839228295,130.40483143662058,1
489,18.819774919614144,6.845337620578777,136.672663310369,1
490,18.398070739549837,6.619774919614147,145.34079751854136,1
491,17.93713826366559,6.462861736334403,156.39250189177025,1
492,17.45659163987138,6.394212218649516,169.73969188384694,1
493,16.995659163987135,6.423633440514467,2.8728483984791455,1
494,16.544533762057874,6.541318327974276,14.689167700762383,1
495,16.122829581993567,6.717845659163986,26.15862613815123,1
496,15.779581993569128,6.963022508038584,36.91817441531805,1
497,15.504983922829577,7.247427652733117,47.05040724125578,1
498,15.289228295819933,7.600482315112539,57.557115784400594,1
499,15.151929260450157,7.963344051446944,67.29396041208,1
500,15.034244372990349,8.394855305466237,74.68288955515035,1
501,14.965594855305463,8.85578778135048,81.02480139714594,1
502,14.945980707395496,9.365755627009644,85.65064100597799,1
503,14.98520900321543,9.895337620578776,90.20960788209338,1
504,15.093086816720254,10.493569131832796,94.79988732728975,1
505,15.289228295819933,11.062379421221863,99.64641582312778,1
506,15.534405144694528,11.61157556270096,105.81971503813423,1
507,15.83842443729903,12.101929260450158,112.72848611569059,1
508,16.191479099678453,12.513826366559481,119.2711840866493,1
509,16.573954983922825,12.837459807073952,126.71854298849388,1
510,16.995659163987135,13.092443729903533,135.59442654780847,1
511,17.46639871382636,13.268971061093245,144.4361266238776,1
512,17.966559485530542,13.386655948553052,153.84972516447073,1
513,18.486334405144692,13.45530546623794,163.74652468522484,1
514,19.03553054662379,13.45530546623794,171.63094962132297,1
515,19.58472668810289,13.38665594855305,178.57704657264856,1
516,20.11430868167202,13.25916398713826,6.638149928778247,1
517,20.604662379421217,13.053215434083597,16.020964053396813,1
518,21.045980707395493,12.759003215434081,26.88729215733511,1
519,21.4088424437299,12.396141479099676,40.205589362197145,1
520,21.7128617363344,11.964630225080382,52.73896002420497,1
521,21.977652733118966,11.464469453376202,62.953669967884885,1
522,22.203215434083596,10.915273311897105,70.92615900362782,1
523,22.389549839228287,10.326848874598067,77.07431929318787,1
524,22.53665594855305,9.72861736334405,80.37445463480303,1
525,22.634726688102887,9.120578778135046,84.11442544181881,1
526,22.673954983922822,8.512540192926043,87.26734690289116,1
527,22.66414790996784,7.90450160771704,90.45334115455073,1
528,22.595498392282956,7.325884244372989,93.97759965763312,1
529,22.477813504823143,6.737459807073954,99.60597527719352,1
530,22.29147909967845,6.1588424437299025,105.34676844418213,1
531,22.03649517684887,5.6194533762057866,110.77465230246747,1
532,21.7128617363344,5.119292604501607,116.32192694692104,1
533,21.340192926045013,4.6387459807073945,122.39235378897214,1
534,20.918488745980703,4.217041800643086,129.14871286225792,1
535,20.447749196141473,3.873794212218649,137.5172414024322,1
536,19.947588424437292,3.6090032154340825,148.22075428627636,1
537,19.43762057877813,3.442282958199357,158.99462981371255,1
538,18.917845659163984,3.363826366559485,167.8903607161092,1
539,18.368649517684883,3.373633440514469,174.4745908435627,1
540,17.8096463022508,3.442282958199356,177.5841890694672,1
541,17.23102893890675,3.5403536977491954,178.61665064915152,1
542,16.61318327974276,3.6580385852090025,0.49690001091209424,1
543,16.005144694533758,3.8051446945337615,3.4928396794863463,1
544,15.446141479099674,3.991479099678456,8.080926534483815,1
545,14.936173633440513,4.22684887459807,16.24381247338885,1
546,14.494855305466235,4.511254019292603,26.614357971480977,1
547,14.131993569131827,4.854501607717041,37.541644161437894,1
548,13.818167202572344,5.246784565916398,47.27002039256674,1
549,13.563183279742763,5.658681672025722,56.59154418219634,1
550,13.376848874598068,6.08038585209003,64.82357159539008,1
551,13.268971061093245,6.521704180064307,72.50953054314436,1
552,13.239549839228292,6.982636655948551,79.35429527477766,1
553,13.288585209003212,7.463183279742763,85.65638667017157,1
554,13.376848874598068,7.943729903536976,90.4271999116035,1
555,13.494533762057875,8.463504823151123,93.50367989132825,1
556,13.641639871382633,9.012700964630223,97.2142205568542,1
557,13.80836012861736,9.55209003215434,101.7401289752737,1
558,14.024115755627005,10.091479099678455,108.24119437438567,1
559,14.30852090032154,10.601446945337617,117.01964972492837,1
560,14.671382636655945,11.013344051446945,127.3709859712279,1
561,15.083279742765267,11.317363344051445,138.7781010739302,1
562,15.563826366559482,11.513504823151123,151.15394783579183,1
563,16.073794212218644,11.591961414790994,162.97841551396556,1
564,16.59356913183279,11.572347266881028,172.4417185903282,1
565,17.093729903536975,11.464469453376202,2.216159665321245,1
566,17.593890675241152,11.287942122186493,11.507285505748783,1
567,18.064630225080382,11.042765273311895,19.670997155216245,1
568,18.486334405144692,10.72893890675241,28.890585764878587,1
569,18.849196141479094,10.375884244372987,38.821005603314454,1
570,19.16302250803858,9.993408360128615,47.771750319869874,1
571,19.39839228295819,9.591318327974275,56.17290332711125,1
572,19.555305466237936,9.149999999999997,65.01928494091528,1
573,19.64356913183279,8.659646302250803,72.58716534694902,1
574,19.69260450160771,8.130064308681671,79.109077811785,1
575,19.71221864951768,7.58086816720257,83.77606420556877,1
576,19.722025723472665,6.982636655948551,86.96590388193222,1
577,19.73183279742765,6.345176848874597,88.10998583986567,1
578,19.73183279742765,5.678295819935689,87.83187555609462,1
579,19.71221864951768,4.942765273311895,87.04877550032633,1
580,19.68279742765273,4.158199356913181,87.97728350557237,1
581,19.623954983922822,3.373633440514469,89.71067271525207,1
582,19.55530546623794,2.7852090032154337,93.21039247789442,1
583,19.43762057877813,2.3144694533762054,100.73351535087062,1
584,19.270900321543404,2.0104501607717036,111.974501823137,1
585,19.025723472668805,1.8535369774919608,125.80516130297673,1
586,18.692282958199353,1.8339228295819932,142.71146450146819,1
587,18.260771704180062,1.8045016077170417,160.205505295981,1
588,17.809646302250798,1.8633440514469448,176.45082112988882,1
589,17.33890675241157,2.0006430868167198,11.629181061794148,1
590,16.88778135048231,2.22620578778135,24.998365136375572,1
591,16.466077170418004,2.5302250803858515,36.11426070371535,1
592,16.093408360128613,2.8832797427652728,44.077827784655604,1
593,15.759967845659162,3.2755627009646298,51.88676998161169,1
594,15.495176848874596,3.6972668810289386,59.06949821436674,1
595,15.289228295819933,4.128778135048231,66.19515117102542,1
596,15.171543408360126,4.570096463022507,73.16648468794328,1
597,15.142122186495175,5.031028938906751,80.49850931662138,1
598,15.18135048231511,5.491961414790995,86.70315650148784,1
599,15.269614147909966,5.9627009646302245,90.71832689716636,1
600,15.406913183279737,6.433440514469451,93.80081448127616,1
601,15.573633440514467,6.8943729903536966,97.32198682430104,1
602,15.769774919614145,7.355305466237939,101.50352876058513,1
603,15.995337620578775,7.816237942122186,105.05794279546745,1
604,16.250321543408354,8.267363344051446,108.88519008716496,1
605,16.524919614147908,8.718488745980705,111.48869414602792,1
606,16.828938906752406,9.179421221864951,112.52824344895477,1
607,17.13295819935691,9.60112540192926,113.02361439333531,1
608,17.43697749196141,10.003215434083598,114.66415450306943,1
609,17.770418006430866,10.395498392282956,117.30454429419616,1
610,18.14308681672025,10.777974276527328,121.85264795363784,1
611,18.545176848874593,11.11141479099678,127.60840632137322,1
612,18.996302250803854,11.415434083601284,133.64611275103746,1
613,19.48665594855305,11.670418006430866,140.90167060637816,1
614,19.996623794212212,11.85675241157556,148.96060934039764,1
615,20.506591639871377,11.9548231511254,157.4627897717229,1
616,21.016559485530543,11.994051446945335,166.42481275111632,1
617,21.51672025723472,11.974437299035367,173.9300115205113,1
618,22.0168810289389,11.895980707395495,0.20163317707885112,1
619,22.477813504823143,11.768488745980704,6.193756402912945,1
620,22.919131832797422,11.591961414790996,12.509280348617299,1
621,23.340836012861732,11.366398713826365,18.54533260523352,1
622,23.74292604501607,11.101607717041798,26.89758903272733,1
623,24.09598070739549,10.797588424437297,34.978723175502516,1
624,24.42942122186495,10.444533762057876,43.476530554768466,1
625,24.704019292604496,10.062057877813501,51.64628688743154,1
626,24.90996784565916,9.63054662379421,61.011738183796304,1
627,25.008038585209,9.189228295819934,69.98207912593448,1
628,25.017845659163985,8.728295819935688,79.93081373386161,1
629,24.919774919614145,8.267363344051445,90.90031207897708,1
630,24.71382636655948,7.8064308681672,103.55100179343286,1
631,24.40980707395498,7.404340836012859,116.4003577495127,1
632,24.03713826366559,7.031672025723472,129.5919447832541,1
633,23.595819935691313,6.737459807073954,140.87095869672828,1
634,23.115273311897102,6.511897106109323,149.9192875610787,1
635,22.605305466237937,6.364790996784564,157.34189654751913,1
636,22.075723472668805,6.276527331189709,163.88649123572412,1
637,21.546141479099674,6.266720257234725,169.94100030983978,1
638,21.036173633440512,6.315755627009644,178.285740950837,1
639,20.526205787781347,6.423633440514467,8.022498849431974,1
640,20.026045016077166,6.6001607717041795,17.531038216495574,1
641,19.516077170418004,6.825723472668808,24.591264435570412,1
642,18.996302250803854,7.070900321543407,29.067579073035656,1
643,18.456913183279738,7.335691318327973,32.15321251617761,1
644,17.93713826366559,7.6299035369774915,34.891643135992666,1
645,17.446784565916396,7.943729903536976,37.835352135817395,1
646,17.0152733118971,8.27717041800643,42.267255533941494,1
647,16.63279742765273,8.649839228295818,49.598787145675686,1
648,16.318971061093244,9.061736334405143,58.157489827779116,1
649,16.054180064308678,9.522668810289385,65.67366931731165,1
650,15.858038585208998,10.03263665594855,73.55280942354037,1
651,15.730546623794208,10.552411575562699,81.09133417119203,1
652,15.68151125401929,11.08199356913183,86.98147246641953,1
653,15.691318327974273,11.611575562700962,90.41738897996717,1
654,15.750160771704177,12.121543408360127,93.66564469871632,1
655,15.848231511254017,12.611897106109321,94.92192288726484,1
656,15.985530546623789,13.121864951768487,96.62754671143031,1
657,16.162057877813503,13.612218649517683,98.48397878014076,1
658,16.397427652733114,14.08295819935691,103.23962047365755,1
659,16.691639871382634,14.50466237942122,110.09858723777079,1
660,17.03488745980707,14.867524115755623,118.90108429724253,1
661,17.427170418006426,15.171543408360126,126.80961829571362,1
662,17.858681672025718,15.436334405144692,133.61443949980816,1
663,18.299999999999994,15.661897106109318,139.54149818148034,1
664,18.770739549839224,15.848231511254017,145.40382830838718,1
665,19.28070739549839,15.995337620578772,153.24811843402153,1
666,19.80048231511254,16.08360128617363,162.01182171134332,1
667,20.320257234726686,16.103215434083598,171.3875599608454,1
668,20.840032154340832,16.03456591639871,0.28572488484089803,1
669,21.33038585209003,15.907073954983918,9.119270013549091,1
670,21.791318327974274,15.701125401929255,15.486589934910546,1
671,22.232636655948546,15.436334405144692,21.52797756773405,1
672,22.66414790996784,15.132315112540189,26.602525142625172,1
673,23.09565916398713,14.808681672025722,29.895525894521647,1
674,23.507556270096458,14.455627009646298,33.389474142710284,1
675,23.899839228295814,14.08295819935691,38.6195531069305,1
676,24.243086816720254,13.68086816720257,45.76232338112354,1
677,24.52749196141479,13.249356913183277,54.711158356684294,1
678,24.723633440514465,12.778617363344049,65.16616484811641,1
679,24.84131832797427,12.288263665594851,74.22299975964246,1
680,24.86093247588424,11.797909967845655,82.53188168455064,1
681,24.79228295819935,11.307556270096459,90.61275937765815,1
682,24.63536977491961,10.827009646302248,98.42194586644976,1
683,24.399999999999995,10.375884244372987,106.01788861890498,1
684,24.09598070739549,9.963987138263663,114.20442512214211,1
685,23.73311897106109,9.591318327974275,122.2174244324618,1
686,23.311414790996782,9.248070739549837,128.75175668345673,1
687,22.84067524115755,8.924437299035368,133.64249018168132,1
688,22.34051446945337,8.620418006430867,137.42909426227868,1
689,21.84035369774919,8.32620578778135,140.1433837165401,1
690,21.310771704180063,8.041800643086814,144.52027551798258,1
691,20.800803858520897,7.826045016077169,150.33711851377362,1
692,20.3104501607717,7.67893890675241,157.7581087754524,1
693,19.839710610932475,7.600482315112539,166.61351800951718,1
694,19.34935691318328,7.600482315112539,175.76421481444683,1
695,18.878617363344045,7.669131832797426,2.885306090201339,1
696,18.407877813504818,7.77700964630225,9.633670408869229,1
697,17.937138263665588,7.9241157556270085,14.83589804969557,1
698,17.446784565916396,8.110450160771702,18.752080624335644,1
699,16.9564308681672,8.32620578778135,21.991615853301806,1
700,16.45627009646302,8.590996784565913,23.748303696340912,1
701,15.946302250803853,8.895016077170416,25.86426404890863,1
702,15.45594855305466,9.238263665594854,29.04847363759845,1
703,14.995016077170414,9.620739549839225,32.91027791796563,1
704,14.583118971061092,10.03263665594855,38.16012418424702,1
705,14.249678456591635,10.444533762057876,46.32465294964702,1
706,13.975080385852086,10.876045016077168,54.652817287063655,1
707,13.749517684887456,11.336977491961411,63.123758359750624,1
708,13.602411575562698,11.827331189710609,71.32046562147622,1
709,13.523954983922826,12.337299035369771,78.11270796286573,1
710,13.504340836012858,12.876688102893889,83.68742430316235,1
711,13.572990353697744,13.416077170418003,89.17908083501304,1
712,13.720096463022506,13.935852090032151,94.87450795517303,1
713,13.945659163987136,14.416398713826363,100.9716590088076,1
714,14.239871382636654,14.847909967845657,109.7964859067802,1
715,14.592926045016075,15.210771704180061,118.72610670298647,1
716,15.004823151125398,15.504983922829577,127.74609844842283,1
717,15.446141479099674,15.71093247588424,138.78490720433626,1
718,15.90707395498392,15.818810289389063,151.0071996472413,1
719,16.387620578778133,15.83842443729903,162.10800758889042,1
720,16.85836012861736,15.769774919614145,174.25743662469816,1
721,17.329099678456586,15.593247588424433,7.998177211097607,1
722,17.780225080385847,15.328456591639869,21.97219241240265,1
723,18.201929260450157,14.98520900321543,36.796800689398964,1
724,18.56479099678456,14.573311897106105,52.1773652661701,1
725,18.878617363344045,14.092765273311894,65.19534094265077,1
726,19.11398713826366,13.553376205787776,75.23855200471377,1
727,19.29051446945337,12.984565916398711,82.68933558161588,1
728,19.378778135048226,12.415755627009641,88.64496938889343,1
729,19.388585209003214,11.85675241157556,94.0083871840925,1
730,19.31993569131832,11.336977491961413,99.50764488605667,1
731,19.1532154340836,10.8564308681672,106.27494948533231,1
732,18.88842443729903,10.415112540192924,114.76529571127611,1
733,18.554983922829578,10.013022508038583,124.46935787737877,1
734,18.14308681672025,9.650160771704176,134.9336405350731,1
735,17.701768488745977,9.326527331189709,143.0399777604327,1
736,17.24083601286173,9.061736334405143,148.1386811302355,1
737,16.78971061093247,8.836173633440513,151.86900343979158,1
738,16.318971061093244,8.649839228295818,154.87815090247358,1
739,15.887459807073952,8.512540192926043,157.70811552831728,1
740,15.45594855305466,8.443890675241157,163.27431566934635,1
741,15.044051446945335,8.45369774919614,171.84762617996657,1
742,14.622347266881025,8.55176848874598,3.073106463123886,1
743,14.230064308681671,8.738102893890673,15.08005484623064,1
744,13.837781350482311,8.993086816720256,26.30781318804754,1
745,13.45530546623794,9.316720257234724,37.32482430021341,1
746,13.082636655948551,9.699196141479097,46.91962862553908,1
747,12.778617363344049,10.111093247588423,54.71812802082637,1
748,12.53344051446945,10.562218649517682,62.89366469816141,1
749,12.376527331189708,11.042765273311895,71.22883694730174,1
750,12.327491961414788,11.503697749196139,79.05874843578135,1
751,12.38633440514469,11.945016077170415,86.68344505103279,1
752,12.513826366559481,12.40594855305466,94.28566656133191,1
753,12.739389067524112,12.837459807073952,101.7577920121782,1
754,13.03360128617363,13.239549839228294,108.8155952523474,1
755,13.38665594855305,13.602411575562698,118.5921015323317,1
756,13.798553054662374,13.9064308681672,131.35142470666585,1
757,14.249678456591635,14.092765273311892,148.12073140699107,1
758,14.720418006430865,14.161414790996782,170.1542158567015,1
759,15.191157556270094,14.092765273311894,10.721552235534485,1
760,15.622668810289387,13.896623794212214,28.42945270709952,1
761,15.975723472668808,13.612218649517683,43.10947294619346,1
762,16.250321543408354,13.308199356913178,55.63398815178225,1
763,16.446463022508034,12.90610932475884,66.55351879864148,1
764,16.56414790996784,12.464790996784563,73.59548482665254,1
765,16.642604501607714,11.994051446945335,78.67293580479215,1
766,16.701446945337615,11.474276527331188,82.81546148759853,1
767,16.740675241157554,10.905466237942118,85.84129718643602,1
768,16.730868167202566,10.385691318327972,88.69779021037212,1
769,16.68183279742765,9.885530546623793,93.37484861666941,1
770,16.55434083601286,9.404983922829581,98.38020937916022,1
771,16.35819935691318,8.944051446945334,104.08275228776044,1
772,16.113022508038583,8.483118971061092,109.96315652895812,1
773,15.818810289389067,8.022186495176848,114.85350907215681,1
774,15.475562700964627,7.571061093247588,121.01711399733904,1
775,15.093086816720254,7.168971061093245,128.59472546667325,1
776,14.681189710610928,6.835530546623792,137.66056077551772,1
777,14.239871382636654,6.560932475884243,147.53012211072206,1
778,13.769131832797424,6.354983922829581,158.02468413731742,1
779,13.288585209003212,6.22749196141479,166.05539183049405,1
780,12.808038585209,6.1588424437299025,173.0895375423464,1
781,12.337299035369771,6.1588424437299025,179.34280994097034,1
782,11.866559485530544,6.237299035369774,5.790144666501633,1
783,11.425241157556268,6.384405144694533,13.625692142615243,1
784,11.03295819935691,6.6001607717041795,22.604486392118535,1
785,10.699517684887457,6.884565916398712,32.721998219559815,1
786,10.434726688102892,7.218006430868167,44.44894776194815,1
787,10.238585209003213,7.610289389067522,57.135571106111875,1
788,10.140514469453375,8.041800643086814,69.22079214406953,1
789,10.120900321543406,8.492926045016075,80.89616497326001,1
790,10.189549839228295,8.95385852090032,91.73179817018122,1
791,10.336655948553053,9.414790996784564,100.60414668703667,1
792,10.58183279742765,9.846302250803856,108.21345684533236,1
793,10.88585209003215,10.258199356913181,116.57193206306448,1
794,11.248713826366558,10.621061093247587,124.71111301671917,1
795,11.650803858520897,10.915273311897103,133.76353499800626,1
796,12.06270096463022,11.111414790996783,144.46146238565544,1
797,12.494212218649515,11.20948553054662,157.19672372953445,1
798,12.945337620578774,11.20948553054662,170.17182566990624,1
799,13.416077170418003,11.121221864951766,3.6025951156106917,1
800,13.896623794212218,10.944694533762057,15.857593601920051,1
801,14.357556270096461,10.699517684887457,27.146869453448268,1
802,14.749839228295818,10.405305466237941,38.008038395926064,1
803,15.053858520900317,10.03263665594855,49.15512697446432,1
804,15.249999999999996,9.610932475884244,59.82787596327652,1
805,15.348070739549836,9.159807073954983,69.88208856742685,1
806,15.377491961414787,8.669453376205787,79.09885925972205,1
807,15.367684887459806,8.169292604501605,86.37986526107765,1
808,15.308842443729901,7.62990353697749,92.06204288592878,1
809,15.220578778135046,7.129742765273311,97.82850870603198,1
810,15.044051446945335,6.6099678456591615,103.6126055015412,1
811,14.808681672025722,6.149035369774919,110.36563320625255,1
812,14.514469453376202,5.727331189710609,118.45572645199738,1
813,14.161414790996782,5.4233118971061085,129.3912898765567,1
814,13.739710610932473,5.168327974276527,142.2917108695683,1
815,13.318006430868163,5.040836012861735,156.5801143951726,1
816,12.876688102893889,4.991800643086816,171.2476002070867,1
817,12.415755627009643,5.021221864951768,2.997499033191518,1
818,11.974437299035367,5.1290996784565905,11.479958521211817,1
819,11.572347266881028,5.295819935691317,18.762472677138145,1
820,11.199678456591638,5.5311897106109305,27.35442246824626,1
821,10.88585209003215,5.825401929260449,35.74482309807045,1
822,10.640675241157554,6.17845659163987,47.06881342186666,1
823,10.483762057877811,6.58054662379421,59.58735225389965,1
824,10.40530546623794,7.041479099678455,71.41670062040008,1
825,10.424919614147907,7.5318327974276515,81.4411130513716,1
826,10.522990353697747,8.012379421221862,90.9833489073762,1
827,10.719131832797427,8.463504823151123,101.54875485665035,1
828,10.993729903536975,8.85578778135048,113.1675137928324,1
829,11.356591639871379,9.169614147909964,127.6466813654159,1
830,11.778295819935689,9.375562700964629,145.65999718341484,1
831,12.268649517684885,9.493247588424435,162.7890839103345,1
832,12.778617363344049,9.512861736334404,176.44849911896966,1
833,13.308199356913182,9.4540192926045,7.876055602185809,1
834,13.818167202572345,9.306913183279741,15.469576273594457,1
835,14.328135048231507,9.100964630225079,20.73755186855633,1
836,14.818488745980705,8.836173633440513,27.198189906654097,1
837,15.299035369774916,8.522347266881026,33.43065867544509,1
838,15.750160771704177,8.149678456591639,38.957318227652195,1
839,16.162057877813503,7.747588424437298,45.623694982957936,1
840,16.524919614147908,7.286655948553053,52.78180704058641,1
841,16.838745980707394,6.8061093247588405,59.943990809117984,1
842,17.093729903536975,6.305948553054661,65.4193903416318,1
843,17.289871382636655,5.795980707395497,70.40426970940193,1
844,17.436977491961407,5.276205787781349,74.77197297623437,1
845,17.525241157556263,4.7858520900321535,77.7232858908478,1
846,17.554662379421217,4.285691318327974,80.27390722722873,1
847,17.525241157556263,3.775723472668809,84.08466243742025,1
848,17.446784565916396,3.2657556270096455,87.97758139859307,1
849,17.338906752411567,2.7950160771704176,91.58103062083262,1
850,17.191800643086815,2.4125401929260444,97.9601950601181,1
851,16.98585209003215,2.118327974276527,105.17517957046395,1
852,16.73086816720257,1.8829581993569129,113.75238314449204,1
853,16.42684887459807,1.72604501607717,122.85897835668956,1
854,16.093408360128613,1.598553054662379,131.19552403634947,1
855,15.68151125401929,1.4416398713826362,140.1020248678408,1
856,15.230385852090029,1.2847266881028936,148.96811829486677,1
857,14.740032154340833,1.1768488745980705,157.41500502034052,1
858,14.230064308681667,1.1081993569131832,165.57274392032446,1
859,13.71028938906752,1.0983922829581991,175.16531493724224,1
860,13.239549839228294,1.1670418006430865,3.793430586161035,1
861,12.808038585209,1.3239549839228293,13.128752880384,1
862,12.445176848874596,1.5495176848874594,24.210481796259625,1
863,12.15096463022508,1.8535369774919608,36.77184844559734,1
864,11.90578778135048,2.2163987138263663,49.5912872832682,1
865,11.739067524115754,2.618488745980707,62.410855815837294,1
866,11.670418006430864,3.040192926045015,74.29956680525365,1
867,11.699839228295817,3.45209003215434,85.79944080115294,1
868,11.827331189710609,3.873794212218649,97.06865166008306,1
869,12.05289389067524,4.256270096463021,107.6572668366252,1
870,12.366720257234723,4.589710610932475,118.33807496829135,1
871,12.739389067524112,4.864308681672024,129.58491911607567,1
872,13.180707395498391,5.089871382636655,141.96264649391793,1
873,13.661254019292603,5.207556270096462,155.50729920265124,1
874,14.171221864951765,5.266398713826365,166.89556996451986,1
875,14.710610932475882,5.256591639871382,175.95149860993644,1
876,15.269614147909966,5.197749196141478,2.9139562471022105,1
877,15.828617363344048,5.109485530546623,5.646735105442144,1
878,16.407234726688095,5.011414790996783,5.312834404547867,1
879,17.00546623794212,4.913344051446944,5.574846092486455,1
880,17.633118971061087,4.825080385852089,4.545411728756742,1
881,18.30980707395498,4.746623794212217,2.829663958973044,1
882,19.02572347266881,4.67797427652733,0.7009301469313804,1
883,19.771061093247585,4.628938906752411,179.64966638789093,1
884,20.545819935691316,4.5897106109324755,179.09269100665466,1
885,21.31077170418006,4.560289389067523,179.50662318855137,1
886,22.065916398713824,4.5406752411575555,0.8245310341397334,1
887,22.791639871382632,4.521061093247587,2.4665913121972594,1
888,23.478135048231508,4.4916398713826355,3.7465233944837286,1
889,24.10578778135048,4.452411575562699,5.841776393573584,1
890,24.7040192926045,4.413183279742765,5.21384401920807,1
891,25.243408360128615,4.383762057877813,3.102413543734972,1
892,25.772990353697747,4.364147909967845,3.165862426521601,1
893,26.302572347266874,4.354340836012861,3.0173030944061763,1
894,26.881189710610926,4.344533762057877,0.9030687932152193,1
895,27.302893890675232,4.334726688102893,179.5131777593552,1
896,27.597106109324756,4.315112540192925,178.3839738107351,1
897,27.783440514469447,4.285691318327974,175.27868221512188,1
898,27.901125401929256,4.256270096463021,172.32062220398464,1
899,27.920739549839226,4.246463022508037,169.8976610594146,1
900,27.989389067524108,4.266077170418006,167.87937076932744,1
901,28.1168810289389,4.2954983922829575,164.1773975923904,1
902,28.263987138263662,4.373954983922829,158.48503412101766,1
903,28.381672025723464,4.491639871382636,151.8702351603628,1
904,28.48954983922829,4.648553054662379,143.83518357616808,1
905,28.61704180064308,4.834887459807073,135.30041225217207,1
906,28.754340836012858,5.060450160771703,127.5835833164169,1
907,28.89163987138263,5.305627009646302,121.10910246630594,1
908,29.028938906752405,5.570418006430867,114.52891646616801,1
909,29.14662379421221,5.845016077170417,109.98924926728866,1
910,29.25450160771704,6.12942122186495,106.32260705538552,1
911,29.32315112540192,6.433440514469453,102.6395565095368,1
912,29.362379421221856,6.7570739549839205,98.86033509978299,1
913,29.38199356913183,7.110128617363342,95.55727998806127,1
914,29.372186495176845,7.502411575562699,92.39669468634332,1
915,29.352572347266868,7.943729903536976,89.76245877722833,1
916,29.342765273311887,8.424276527331187,88.32513736236757,1
917,29.34276527331189,8.934244372990353,87.99339742295221,1
918,29.352572347266875,9.4540192926045,87.85127847041365,1
919,29.40160771704179,9.973794212218646,88.39028295683083,1
920,29.489871382636647,10.483762057877811,89.86448715221772,1
921,29.578135048231502,10.954501607717038,90.232230085296,1
922,29.617363344051444,11.395819935691316,89.01031098290662,1
923,29.607556270096456,11.817524115755623,87.08826889445388,1
924,29.529099678456582,12.22942122186495,84.08890979086217,1
925,29.372186495176845,12.631511254019289,79.90530520162034,1
926,29.176045016077165,13.072829581993565,76.09298185061097,1
927,28.970096463022504,13.533762057877812,72.3782316251798,1
928,28.754340836012858,14.024115755627008,68.90889492671114,1
929,28.53858520900321,14.543890675241153,65.70515207637865,1
930,28.322829581993563,15.093086816720254,64.31405640858867,1
931,28.136495176848864,15.632475884244368,66.14827606730336,1
932,27.979581993569127,16.191479099678453,71.89352180271155,1
933,27.88151125401929,16.740675241157554,80.03796962996448,1
934,27.871704180064302,17.270257234726685,90.13545557735452,1
935,27.959967845659158,17.770418006430862,101.31824829264669,1
936,28.136495176848864,18.250964630225077,112.04343515198434,1
937,28.41109324758842,18.69228295819935,120.72695032649915,1
938,28.68569131832797,19.104180064308675,127.5101507930074,1
939,28.95048231511253,19.48665594855305,132.2177463094368,1
940,29.166237942122184,19.829903536977486,131.8644234552516,1
941,29.332958199356902,20.143729903536972,129.1616411276949,1
942,29.431028938906746,20.43794212218649,125.163221361963,1
943,29.538906752411567,20.722347266881027,120.34064215751692,1
944,29.63697749196141,21.016559485530543,115.76780409615411,1
945,29.744855305466235,21.32057877813504,112.65718615780449,1
946,29.852733118971052,21.644212218649514,110.2189158994634,1
947,29.96061093247588,21.977652733118966,107.32084929996529,1
948,30.068488745980705,22.311093247588417,105.9084809960558,1
949,30.17636655948553,22.634726688102887,103.6203728523111,1
950,30.274437299035366,22.95836012861736,102.79966799060493,1
951,30.36270096463022,23.26237942122186,101.54530101076425,1
952,30.450964630225076,23.546784565916393,101.05308984306815,1
953,30.529421221864947,23.831189710610925,100.26290427249504,1
954,30.57845659163987,24.10578778135048,100.06483351834058,1
955,30.627491961414783,24.380385852090026,99.27211140411254,1
956,30.647106109324756,24.64517684887459,97.85805431903823,1
957,30.666720257234726,24.93938906752411,98.20052357226731,1
958,30.68633440514469,25.23360128617363,99.07686161007348,1
959,30.715755627009646,25.52781350482315,99.36369724432548,1
960,30.745176848874593,25.822025723472667,99.00726093411097,1
961,30.794212218649513,26.116237942122183,99.5985164938446,1
962,30.823633440514463,26.381028938906745,98.33249272036753,1
963,30.853054662379414,26.645819935691314,96.93112607623857,1
964,30.872668810289383,26.91061093247588,96.9051260541932,1
965,30.882475884244364,27.145980707395488,96.41913891509978,1
966,30.89228295819935,27.42057877813504,96.84051453874754,1
967,30.862861736334402,27.68536977491961,95.78024200452892,1
968,30.794212218649513,27.930546623794207,94.7318539418399,1
969,30.676527331189703,28.107073954983917,91.15518157518976,1
970,30.529421221864947,28.283601286173628,87.66729299813245,1
971,30.35289389067524,28.41109324758842,83.05212866104313,1
972,30.18617363344051,28.528778135048224,77.48808165894519,1
973,30.019453376205785,28.63665594855305,70.02555611696428,1
974,29.872347266881025,28.783762057877805,63.6754032595917,1
975,29.71543408360128,28.901446945337614,56.50620498837721,1
976,29.529099678456582,29.00932475884244,48.81384293544493,1
977,29.34276527331189,29.12700964630225,43.823680054060794,1
978,29.12700964630225,29.234887459807066,39.34615550764237,1
979,28.872025723472667,29.352572347266875,35.48787588066312,1
980,28.607234726688098,29.489871382636647,32.635917170795636,1
981,28.322829581993563,29.63697749196141,29.10343930888488,1
982,27.999196141479096,29.77427652733119,24.900094957236682,1
983,27.665755627009638,29.92138263665594,20.862385601935266,1
984,27.322508038585205,30.03906752411575,15.107039555832275,1
985,26.949839228295815,30.137138263665594,10.432413672663081,1
986,26.58697749196141,30.21559485530546,8.344462852622856,1
987,26.253536977491954,30.2548231511254,7.048137355184067,1
988,25.929903536977484,30.2548231511254,6.901467595051359,1
989,25.645498392282956,30.274437299035366,7.128080400288793,1
990,25.380707395498387,30.28424437299035,7.230261881376641,1
991,25.115916398713825,30.28424437299035,5.9729672344888645,1
992,24.84131832797427,30.294051446945332,4.706997038687948,1
993,24.576527331189705,30.3136655948553,2.415604427456791,1
994,24.31173633440514,30.303858520900317,1.5561007158647064,1
995,24.046945337620574,30.303858520900317,2.7259016623405183,1
996,23.78215434083601,30.303858520900317,2.876779880725175,1
997,23.51736334405144,30.274437299035366,2.5182449612637314,1
998,23.242765273311893,30.205787781350477,2.0716660129243287,1
999,22.93874598070739,30.146945337620572,1.9058872547369774,1
1000,22.63472668810289,30.15675241157556,179.53586436806037,1
1001,22.350321543408356,30.10771704180064,175.63866852811523,1
1002,22.06591639871382,30.04887459807074,173.22276863950347,1
1003,21.791318327974274,29.999839228295816,172.44133146277522,1
1004,21.526527331189705,29.950803858520896,172.58094812328787,1
1005,21.271543408360124,29.872347266881025,175.86856166177643,1
1006,21.006752411575558,29.882154340836006,3.6470648538073487,1
1007,20.751768488745977,29.90176848874598,6.832334282750163,1
1008,20.48697749196141,29.92138263665594,7.188291995069972,1
1009,20.23199356913183,29.90176848874598,6.055115835514968,1
1010,19.95739549839228,29.813504823151124,179.99895195572944,1
1011,19.66318327974276,29.66639871382636,173.24031571755944,1
1012,19.33954983922829,29.49967845659163,167.83023428913444,1
1013,18.996302250803854,29.32315112540192,162.47342399848065,1
1014,18.613826366559483,29.11720257234726,157.12290908538063,1
1015,18.21173633440514,28.89163987138263,154.29907868027013,1
1016,17.78022508038585,28.666077170418,153.1761189819531,1
1017,17.33890675241157,28.479742765273308,156.33310390909034,1
1018,16.897588424437295,28.342443729903533,161.75052469455062,1
1019,16.475884244372985,28.283601286173628,169.16092293467568,1
1020,16.063987138263663,28.29340836012861,176.6975666925847,1
1021,15.671704180064305,28.3620578778135,3.465996015585297,1
1022,15.308842443729901,28.450321543408354,8.652076253854938,1
1023,14.945980707395496,28.55819935691318,13.254235193281948,1
1024,14.583118971061092,28.675884244372988,17.516912938044534,1
1025,14.220257234726684,28.842604501607706,23.339511774784004,1
1026,13.877009646302247,29.02893890675241,29.97474637555888,1
1027,13.533762057877812,29.2152733118971,33.89319259113967,1
1028,13.200321543408359,29.39180064308681,37.861176624105966,1
1029,12.866881028938902,29.548713826366555,39.29547489306832,1
1030,12.543247588424434,29.63697749196141,35.38839261283811,1
1031,12.20980707395498,29.686012861736327,30.274510771967975,1
1032,11.866559485530544,29.764469453376204,29.87876936400336,1
1033,11.542926045016076,29.813504823151117,27.78902626484691,1
1034,11.229099678456588,29.85273311897106,27.046780252055065,1
1035,10.915273311897105,29.91157556270096,28.540756722891206,1
1036,10.621061093247587,29.97041800643087,29.54275908010096,1
1037,10.336655948553052,29.99003215434083,27.706115663505948,1
1038,10.03263665594855,30.03906752411575,27.807341310641625,1
1039,9.748231511254016,30.078295819935686,25.20700056595472,1
1040,9.463826366559482,30.10771704180064,24.85894921349862,1
1041,9.159807073954983,30.137138263665587,23.69448195532355,1
1042,8.836173633440513,30.17636655948553,22.150043322213083,1
1043,8.522347266881027,30.18617363344051,20.04551086084086,1
1044,8.159485530546622,30.23520900321543,22.05146478424177,1
1045,7.796623794212216,30.264630225080385,20.27541508239259,1
1046,7.433762057877812,30.264630225080385,18.52048423517665,1
1047,7.0512861736334385,30.294051446945332,19.122468978568968,1
1048,6.6590032154340815,30.333279742765274,20.470621791715306,1
1049,6.296141479099677,30.36270096463022,19.108246507686214,1
1050,5.943086816720255,30.39212218649517,20.64834532092825,1
1051,5.599839228295819,30.450964630225076,22.424647632095915,1
1052,5.295819935691317,30.460771704180058,21.8389195188435,1
1053,5.011414790996784,30.470578778135046,19.61831119660447,1
1054,4.72700964630225,30.450964630225076,19.142838415226596,1
1055,4.4426045016077165,30.450964630225076,17.351711920404707,1
1056,4.1483922829581985,30.441157556270092,14.90806156649775,1
1057,3.873794212218649,30.43135048231511,13.45399386183527,1
1058,3.6482315112540187,30.41173633440514,14.4679842347387,1
1059,3.4717041800643083,30.401929260450157,14.975300490351247,1
1060,3.3540192926045007,30.372508038585202,16.550915614718743,1
1061,3.295176848874598,30.343086816720252,16.26047272644858,1
1062,3.2755627009646298,30.3136655948553,15.412872169600117,1
1063,3.2657556270096455,30.29405144694534,15.228362363091733,1
1064,3.2657556270096455,30.264630225080385,15.736134929702104,1
1065,3.2559485530546617,30.245016077170412,15.95243728556037,1
1066,3.2559485530546617,30.215594855305465,20.349636857390607,1
1067,3.2559485530546617,30.205787781350477,24.666011889706045,1
1068,3.2559485530546617,30.16655948553055,25.16553198122863,1
1069,3.246141479099678,30.15675241157556,24.860241444164977,1
1070,3.246141479099678,30.146945337620576,23.705238119808104,1
1071,3.246141479099678,30.146945337620576,23.160032650261204,1
1072,3.2559485530546617,30.08810289389067,20.90217727143444,1
1073,3.2363344051446936,30.088102893890674,24.19084538201678,1
1074,3.22652733118971,30.048874598070732,27.212161812079586,1
1075,3.2167202572347255,30.019453376205785,30.63953505960566,1
1076,3.2167202572347255,29.950803858520896,30.142817352776415,1
1077,3.197106109324758,29.931189710610926,31.898618613585846,1
1078,3.197106109324758,29.872347266881025,29.826583616695142,1
1079,3.197106109324758,29.823311897106105,29.28443723748613,1
1080,3.187299035369774,29.7644694533762,28.749316236506083,1
1081,3.167684887459806,29.744855305466235,30.109680974918433,1
1082,3.157877813504822,29.725241157556262,31.4230073831101,1
1083,3.157877813504822,29.7056270096463,33.48062654621803,1
1084,3.167684887459806,29.695819935691315,34.56217400133449,1
1085,3.167684887459806,29.676205787781345,35.33215124511058,1
1086,3.1676848874598065,29.64678456591639,37.058476483652356,1
1087,3.1676848874598065,29.617363344051444,38.51996333297837,1
1088,3.1480707395498384,29.59774919614147,39.24166682074262,1
1089,3.118649517684887,29.57813504823151,39.31127085923888,1
1090,3.1088424437299027,29.548713826366555,39.7082301613897,1
1091,3.089228295819935,29.529099678456582,39.81206290847401,1
1092,3.0696141479099674,29.5192926045016,40.10540813152967,1
1093,3.0598070739549836,29.50948553054662,40.34484870348904,1
1094,3.0598070739549836,29.50948553054662,40.41782508369963,1
1095,3.0696141479099674,29.538906752411567,40.22515870010705,1
1096,3.0990353697749193,29.558520900321536,40.54833767327194,1
1097,3.118649517684887,29.56832797427652,40.11072094298146,1
1098,3.1284565916398708,29.57813504823151,39.7725223602625,1
1099,3.1382636655948546,29.578135048231502,41.26904207689049,1
1100,3.1284565916398703,29.558520900321536,40.918751266065954,1
1101,3.1088424437299027,29.548713826366555,40.247785759738974,1
1102,3.1088424437299027,29.529099678456582,41.124020024431715,1
1103,3.099035369774919,29.499678456591635,41.0838129028908,1
1104,3.0794212218649513,29.47025723472668,40.97822534315006,1
1105,3.059807073954983,29.45064308681671,42.11255411042195,1
1106,3.0303858520900318,29.44083601286173,44.969947293057544,1
1107,2.991157556270096,29.431028938906746,46.195312635264614,1
1108,2.9813504823151122,29.431028938906746,46.807031678247654,1
1109,2.971543408360128,29.431028938906746,46.297984686738516,1
1110,2.971543408360128,29.431028938906746,46.242664050481295,1
1111,2.991157556270096,29.411414790996776,44.562582294299105,1
1112,3.020578778135048,29.411414790996776,43.00447852377257,1
1113,3.0696141479099674,29.431028938906746,42.18568389363065,1
1114,3.1284565916398708,29.47025723472668,39.784205700640875,1
1115,3.1872990353697745,29.5192926045016,36.60469124599154,1
1116,3.2657556270096455,29.58794212218649,32.93441930447116,1
1117,3.344212218649517,29.627170418006425,29.612141391201376,1
1118,3.412861736334405,29.627170418006425,27.66246076666777,1
1119,3.432475884244372,29.617363344051444,25.93803309437337,1
1120,3.530546623794211,29.5192926045016,22.767879058609577,1
1121,3.6286173633440506,29.38199356913183,19.925778598195347,1
1122,3.6972668810289377,29.25450160771703,17.8311053566446,1
1123,3.736495176848874,29.11720257234726,15.933025154016036,1
1124,3.7463022508038577,28.98971061093247,17.772418838836558,1
1125,3.7070739549839224,28.901446945337614,20.991236086519308,1
1126,3.6090032154340834,28.82299035369774,24.51121469471989,1
1127,3.5403536977491954,28.75434083601285,27.13879989046571,1
1128,3.491318327974276,28.715112540192923,28.96512929837762,1
1129,3.5403536977491954,28.675884244372988,25.17658036978405,1
1130,3.648231511254019,28.73472668810289,30.533489378098217,1
1131,3.8051446945337615,28.842604501607706,24.266350395040963,1
1132,3.942443729903536,28.98971061093247,57.69823610185016,1
1133,4.069935691318327,29.156430868167195,77.40953960286326,1
1134,4.168006430868166,29.303536977491955,80.3276538394246,1
1135,4.187620578778134,29.39180064308681,70.53982973210117,1
1136,4.187620578778135,29.431028938906746,64.39417616889504,1
1137,4.207234726688101,29.39180064308681,69.14461860806735,1
1138,4.217041800643086,29.332958199356902,77.62320764434352,1
1139,4.207234726688102,29.215273311897096,91.30490988961918,1
1140,4.168006430868166,29.087781350482306,108.48504507203604,1
1141,4.109163987138262,28.94067524115755,125.46638985528699,1
1142,4.0503215434083595,28.82299035369774,142.63379175959508,1
1143,3.991479099678456,28.69549839228295,155.38294492291703,1
1144,3.981672025723472,28.62684887459806,164.1732313548537,1
1145,3.9914790996784553,28.53858520900321,175.36395421493728,1
1146,4.011093247588423,28.48954983922829,1.8891350658982418,1
1147,3.9914790996784553,28.460128617363342,0.9095630234384722,1
1148,4.0012861736334395,28.43070739549838,7.80165922928443,1
1149,3.971864951768488,28.41109324758842,6.272479842448187,1
1150,3.971864951768488,28.41109324758842,7.237787298644377,1
1151,3.971864951768488,28.4209003215434,178.7384338871376,1
1152,3.991479099678456,28.4209003215434,171.49188497084486,1
1153,4.030707395498391,28.41109324758842,170.1233498702136,1
1154,4.079742765273311,28.391479099678445,167.45904978663944,1
1155,4.069935691318326,28.391479099678453,157.6258589054097,1
1156,4.020900321543407,28.322829581993563,167.25753354533438,1
1157,3.95225080385852,28.313022508038575,6.040930426379085,1
1158,3.8247588424437295,28.31302250803858,16.56675130324519,1
1159,3.716881028938906,28.263987138263662,32.37056897152732,1
1160,3.6384244372990344,28.205144694533754,39.031776636663295,0
1161,3.6090032154340825,28.205144694533754,39.39658469433317,0
1162,3.6090032154340834,28.146302250803853,41.38934600578889,0
1163,3.6286173633440506,28.097266881028933,40.70600128173828,0
1164,3.6286173633440506,28.097266881028933,40.70600128173828,0
1165,3.6286173633440506,28.097266881028933,40.70600128173828,0
1166,3.6286173633440506,28.097266881028933,40.70600128173828,0
1167,3.6286173633440506,28.097266881028933,40.70600128173828,0
1168,3.6286173633440506,28.097266881028933,40.70600128173828,0
1169,3.6286173633440506,28.097266881028933,40.70600128173828,0
1170,3.6286173633440506,28.097266881028933,40.70600128173828,0
1171,3.6286173633440506,28.097266881028933,40.70600128173828,0
1172,3.6286173633440506,28.097266881028933,40.70600128173828,0
1173,3.6286173633440506,28.097266881028933,40.70600128173828,0
1174,3.6286173633440506,28.097266881028933,40.70600128173828,0
1175,3.6286173633440506,28.097266881028933,40.70600128173828,0
1176,3.6286173633440506,28.097266881028933,40.70600128173828,0
1177,3.6286173633440506,28.097266881028933,40.70600128173828,0
1178,3.6090032154340825,28.156109324758837,42.19158555957411,1
1179,3.550160771704179,28.224758842443727,41.121483563689914,1
1180,3.491318327974276,28.283601286173628,40.070284515604975,1
1181,3.4226688102893883,28.34244372990353,39.91654897619437,1
1182,3.334405144694533,28.41109324758842,41.14090384011949,1
1183,3.314790996784565,28.332636655948544,38.82887869777323,1
1184,3.491318327974276,28.46993569131832,46.91227598557775,1
1185,3.6384244372990344,28.56800643086816,41.20220446271402,1
1186,3.7953376205787777,28.95048231511253,36.59424605334147,1
1187,3.971864951768488,29.33295819935691,30.720034828546858,1
1188,4.138585209003215,29.78408360128617,29.589814626248153,1
1189,4.128778135048231,30.02926045016077,23.80761474978636,1
1190,4.168006430868166,30.30385852090032,30.63785010890442,1
1191,4.17781350482315,30.3136655948553,31.177886386453793,1
1192,4.207234726688102,30.30385852090032,31.337727382886353,1
1193,4.187620578778134,30.3136655948553,30.80764371273995,1
1194,4.177813504823151,30.303858520900313,30.64771386477024,1
1195,4.138585209003215,30.323472668810286,29.84755289471747,1
1196,4.040514469453376,30.02926045016077,28.51332476715373,1
1197,3.922829581993568,29.744855305466228,26.91036328511057,0
1198,3.8149517684887457,29.4604501607717,25.314684992963866,0
1199,3.716881028938906,29.176045016077165,23.89015397013212,0
1200,3.6286173633440506,28.881832797427645,22.805971145629883,0
1201,3.6286173633440506,28.881832797427645,22.805971145629883,0
1202,3.6286173633440506,28.881832797427645,22.805971145629883,0
1203,3.6286173633440506,28.881832797427645,22.805971145629883,0
1204,3.6286173633440506,28.881832797427645,22.805971145629883,0
1205,3.6286173633440506,28.881832797427645,22.805971145629883,0
1206,3.6286173633440506,28.881832797427645,22.805971145629883,0
1207,3.6286173633440506,28.881832797427645,22.805971145629883,0
1208,3.6188102893890663,28.803376205787778,24.40382858548715,1
1209,3.5893890675241154,28.705305466237935,27.30586803898785,1
1210,3.550160771704179,28.607234726688098,30.890036613287133,1
1211,3.50112540192926,28.509163987138255,36.04758350168067,1
1212,3.45209003215434,28.41109324758842,41.17922736105125,0
1213,3.412861736334404,28.39147909967845,44.702126107488844,0
1214,3.393247588424437,28.39147909967845,46.909700267643856,0
1215,3.3834405144694526,28.39147909967845,48.47733688354492,0
1216,3.3834405144694526,28.39147909967845,48.47733688354492,0
1217,3.3834405144694526,28.39147909967845,48.47733688354492,0
1218,3.3834405144694526,28.39147909967845,48.47733688354492,0
1219,3.3834405144694526,28.39147909967845,48.47733688354492,0
1220,3.3834405144694526,28.39147909967845,48.47733688354492,0
1221,3.3834405144694526,28.39147909967845,48.47733688354492,0
1222,3.3834405144694526,28.39147909967845,48.47733688354492,0
1223,3.3834405144694526,28.39147909967845,48.47733688354492,0
1224,3.3834405144694526,28.39147909967845,48.47733688354492,0
1225,3.3834405144694526,28.39147909967845,48.47733688354492,0
1226,3.3834405144694526,28.39147909967845,48.47733688354492,0
1227,3.3834405144694526,28.39147909967845,48.47733688354492,0
1228,3.3834405144694526,28.39147909967845,48.47733688354492,0
1229,3.3834405144694526,28.39147909967845,48.47733688354492,0
1230,3.3834405144694526,28.39147909967845,48.47733688354492,0
1231,3.3834405144694526,28.39147909967845,48.47733688354492,0
1232,3.3834405144694526,28.39147909967845,48.47733688354492,0
1233,3.3834405144694526,28.39147909967845,48.47733688354492,0
1234,3.3834405144694526,28.39147909967845,48.47733688354492,0
1235,3.3834405144694526,28.39147909967845,48.47733688354492,0
1236,3.3834405144694526,28.39147909967845,48.47733688354492,0
1237,3.3834405144694526,28.39147909967845,48.47733688354492,0
1238,3.3834405144694526,28.39147909967845,48.47733688354492,0
1239,3.3834405144694526,28.39147909967845,48.47733688354492,0
1240,3.3834405144694526,28.39147909967845,48.47733688354492,0
1241,3.3834405144694526,28.39147909967845,48.47733688354492,0
1242,3.3834405144694526,28.39147909967845,48.47733688354492,0
1243,3.3834405144694526,28.39147909967845,48.47733688354492,0
1244,3.3834405144694526,28.39147909967845,48.47733688354492,0
1245,3.3834405144694526,28.39147909967845,48.47733688354492,0
1246,3.3834405144694526,28.39147909967845,48.47733688354492,0
1247,3.3834405144694526,28.39147909967845,48.47733688354492,0
1248,3.3834405144694526,28.39147909967845,48.47733688354492,0
1249,3.3834405144694526,28.39147909967845,48.47733688354492,0
1250,3.3834405144694526,28.39147909967845,48.47733688354492,0
1251,3.3834405144694526,28.39147909967845,48.47733688354492,0
1252,3.3834405144694526,28.39147909967845,48.47733688354492,0
1253,3.3834405144694526,28.39147909967845,48.47733688354492,0
1254,3.3834405144694526,28.39147909967845,48.47733688354492,0
1255,3.3834405144694526,28.39147909967845,48.47733688354492,0
1256,3.3834405144694526,28.39147909967845,48.47733688354492,0
1257,3.3834405144694526,28.39147909967845,48.47733688354492,0
1258,3.3834405144694526,28.39147909967845,48.47733688354492,0
1259,3.3834405144694526,28.39147909967845,48.47733688354492,0
1260,3.3834405144694526,28.39147909967845,48.47733688354492,0
1261,3.3834405144694526,28.39147909967845,48.47733688354492,0
1262,3.3834405144694526,28.39147909967845,48.47733688354492,0
1263,3.3834405144694526,28.39147909967845,48.47733688354492,0
1264,3.412861736334405,28.41109324758842,45.87665269175637,1
1265,3.442282958199357,28.430707395498388,43.20780082221403,0
1266,3.4717041800643083,28.450321543408354,40.51542763237582,0
1267,3.50112540192926,28.469935691318323,37.846575762833474,0
1268,3.530546623794212,28.48954983922829,35.24589157104492,0
1269,3.530546623794212,28.48954983922829,35.24589157104492,0
1270,3.530546623794212,28.48954983922829,35.24589157104492,0
1271,3.530546623794212,28.48954983922829,35.24589157104492,0
1272,3.530546623794212,28.48954983922829,35.24589157104492,0
1273,3.530546623794212,28.48954983922829,35.24589157104492,0
1274,3.530546623794212,28.48954983922829,35.24589157104492,0
1275,3.530546623794212,28.48954983922829,35.24589157104492,0
1276,3.530546623794212,28.48954983922829,35.24589157104492,0
1277,3.530546623794212,28.48954983922829,35.24589157104492,0
1278,3.530546623794212,28.48954983922829,35.24589157104492,0
1279,3.530546623794212,28.48954983922829,35.24589157104492,0
1280,3.530546623794212,28.48954983922829,35.24589157104492,0
1281,3.530546623794212,28.48954983922829,35.24589157104492,0
1282,3.530546623794212,28.48954983922829,35.24589157104492,0
1283,3.530546623794212,28.48954983922829,35.24589157104492,0
1284,3.530546623794212,28.48954983922829,35.24589157104492,0
1285,3.530546623794212,28.48954983922829,35.24589157104492,0
1286,3.6188102893890672,28.479742765273308,28.48826002978575,1
1287,3.7070739549839224,28.469935691318323,19.559901759647577,0
1288,3.7953376205787777,28.460128617363335,9.574905827022347,0
1289,3.883601286173633,28.450321543408354,0.6465475568841702,0
1290,3.971864951768488,28.44051446945337,173.888916015625,0
1291,3.971864951768488,28.44051446945337,173.888916015625,0
1292,3.971864951768488,28.44051446945337,173.888916015625,0
1293,3.971864951768488,28.44051446945337,173.888916015625,0
1294,3.971864951768488,28.44051446945337,173.888916015625,0
1295,3.971864951768488,28.44051446945337,173.888916015625,0
1296,3.971864951768488,28.44051446945337,173.888916015625,0
1297,3.971864951768488,28.44051446945337,173.888916015625,0
1298,3.971864951768488,28.44051446945337,173.888916015625,0
1299,3.971864951768488,28.44051446945337,173.888916015625,0
1300,3.971864951768488,28.44051446945337,173.888916015625,0
1301,3.971864951768488,28.44051446945337,173.888916015625,0
1302,3.971864951768488,28.44051446945337,173.888916015625,0
1303,3.971864951768488,28.44051446945337,173.888916015625,0
1304,3.971864951768488,28.44051446945337,173.888916015625,0
1305,3.971864951768488,28.44051446945337,173.888916015625,0
1306,3.971864951768488,28.44051446945337,173.888916015625,0
1307,3.971864951768488,28.44051446945337,173.888916015625,0
1308,3.971864951768488,28.44051446945337,173.888916015625,0
1309,3.971864951768488,28.44051446945337,173.888916015625,0
1310,3.971864951768488,28.44051446945337,173.888916015625,0
1311,3.971864951768488,28.44051446945337,173.888916015625,0
1312,3.971864951768488,28.44051446945337,173.888916015625,0
1313,3.971864951768488,28.44051446945337,173.888916015625,0
1314,3.971864951768488,28.44051446945337,173.888916015625,0
1315,3.971864951768488,28.44051446945337,173.888916015625,0
1316,3.971864951768488,28.44051446945337,173.888916015625,0
1317,3.971864951768488,28.44051446945337,173.888916015625,0
1318,3.971864951768488,28.44051446945337,173.888916015625,0
1319,3.971864951768488,28.44051446945337,173.888916015625,0
1320,3.971864951768488,28.44051446945337,173.888916015625,0
1321,3.971864951768488,28.44051446945337,173.888916015625,0
1322,3.971864951768488,28.44051446945337,173.888916015625,0
1323,3.971864951768488,28.44051446945337,173.888916015625,0
1324,3.971864951768488,28.44051446945337,173.888916015625,0
1325,3.971864951768488,28.44051446945337,173.888916015625,0
1326,3.971864951768488,28.44051446945337,173.888916015625,0
1327,3.971864951768488,28.44051446945337,173.888916015625,0
1328,3.971864951768488,28.44051446945337,173.888916015625,0
1329,3.971864951768488,28.44051446945337,173.888916015625,0
1330,3.971864951768488,28.44051446945337,173.888916015625,0
1331,3.971864951768488,28.44051446945337,173.888916015625,0
1332,3.971864951768488,28.44051446945337,173.888916015625,0
1333,3.971864951768488,28.44051446945337,173.888916015625,0
1334,3.971864951768488,28.44051446945337,173.888916015625,0
1335,3.971864951768488,28.44051446945337,173.888916015625,0
1336,3.971864951768488,28.44051446945337,173.888916015625,0
1337,3.971864951768488,28.44051446945337,173.888916015625,0
1338,3.971864951768488,28.44051446945337,173.888916015625,0
1339,3.971864951768488,28.44051446945337,173.888916015625,0
1340,4.040514469453376,28.44051446945337,171.6430884888582,1
1341,4.128778135048231,28.450321543408354,168.78609119471352,1
1342,4.217041800643086,28.460128617363335,165.8882116743489,0
1343,4.305305466237941,28.46993569131832,163.00793674847716,0
1344,4.3935691318327965,28.479742765273308,160.20167692666024,0
1345,4.413183279742764,28.48954983922829,159.6238555908203,0
1346,4.413183279742764,28.48954983922829,159.6238555908203,0
1347,4.413183279742764,28.48954983922829,159.6238555908203,0
1348,4.413183279742764,28.48954983922829,159.6238555908203,0
1349,4.413183279742764,28.48954983922829,159.6238555908203,0
1350,4.207234726688102,28.48954983922829,166.82690489074247,1
1351,3.9914790996784553,28.450321543408354,179.12957275948352,1
1352,3.7561093247588415,28.43070739549838,15.203970541042539,1
1353,3.5011254019292593,28.401286173633434,29.237302375708733,1
1354,3.2363344051446936,28.37186495176848,37.35245511855931,1
1355,3.1480707395498384,28.35225080385851,39.56322772438424,1
1356,3.040192926045015,28.401286173633434,42.658027227487025,1
1357,2.9519292604501604,28.44051446945337,45.73153661203412,1
1358,2.8832797427652728,28.469935691318323,46.833103863972255,1
1359,2.804823151125402,28.518971061093243,48.71612125006613,1
1360,2.7754019292604495,28.528778135048224,48.75247486612132,1
1361,2.7754019292604495,28.50916398713826,48.06617929923932,1
1362,2.7754019292604495,28.48954983922829,48.14795178988003,1
1363,2.7852090032154337,28.46993569131832,47.99657550291489,1
1364,2.795016077170417,28.460128617363342,48.09672030144966,1
1365,2.7852090032154337,28.460128617363335,48.062125547744685,1
1366,2.7754019292604495,28.46993569131832,48.25642586098,1
1367,2.7754019292604495,28.479742765273308,47.005796996892606,1
1368,2.7459807073954976,28.479742765273308,47.86590234087626,1
1369,2.716559485530546,28.430707395498388,48.98153118874594,1
1370,2.6577170418006424,28.401286173633434,52.464473462752935,1
1371,2.569453376205787,28.352250803858517,55.49001391692789,1
1372,2.4419614147909963,28.31302250803858,61.92474291943562,1
1373,2.324276527331189,28.273794212218643,66.62326958712497,1
1374,2.206591639871382,28.273794212218643,71.50700634826228,1
1375,2.098713826366559,28.303215434083597,75.18235788837522,1
1376,2.010450160771704,28.332636655948544,80.1385162371308,1
1377,1.9418006430868164,28.332636655948544,82.57689884586149,1
1378,1.892765273311897,28.41109324758842,87.74352014842923,1
1379,1.892765273311897,28.49935691318327,94.72994209932988,1
1380,1.9810289389067521,28.607234726688098,102.35756113381578,1
1381,2.137942122186495,28.773954983922824,110.88062722649218,1
1382,2.383118971061093,28.999517684887458,120.7853696639196,1
1383,2.6969453376205785,29.20546623794212,131.69613580206317,1
1384,3.138263665594855,29.421221864951765,142.6896550260239,1
1385,3.7070739549839216,29.52909967845659,157.80201018289418,1
1386,4.1974276527331185,29.50948553054662,177.86485653424393,1
1387,4.609324758842443,29.34276527331189,21.468393249549806,1
1388,4.9329581993569125,29.05836012861736,41.454834548818795,1
1389,5.070257234726687,28.675884244372988,55.750667226237574,1
1390,4.972186495176848,28.263987138263662,67.25143048281033,1
1391,4.85450160771704,27.861897106109318,76.90131353667579,1
1392,4.687781350482314,27.469614147909958,85.00573306489055,1
1393,4.462218649517684,27.087138263665587,94.4496567570384,1
1394,4.158199356913182,26.685048231511253,105.7149446236303,1
1395,3.805144694533761,26.34180064308681,119.96499448031636,1
1396,3.4717041800643083,26.018167202572346,135.68171137395234,1
1397,3.1578778135048227,25.73376205787781,146.4850508623501,1
1398,2.893086816720257,25.4983922829582,151.57108234982366,1
1399,2.716559485530546,25.312057877813505,151.47610929320058,1
1400,2.608681672025723,25.096302250803856,143.0389222718072,1
1401,2.481189710610932,24.890353697749195,136.39581068104656,1
1402,2.3733118971061087,24.664790996784564,126.8821429870731,1
1403,2.2556270096463016,24.41961414790996,117.92672142253964,1
1404,2.108520900321543,24.14501607717041,111.12242338625335,1
1405,1.961414790996784,23.880225080385845,106.36701194358814,1
1406,1.8535369774919612,23.58601286173633,100.01487144018323,1
1407,1.7358520900321541,23.301607717041794,96.79571285601534,1
1408,1.6279742765273308,22.997588424437293,94.96733316918599,1
1409,1.5495176848874592,22.683762057877807,92.9270965725716,1
1410,1.4416398713826362,22.350321543408356,90.5548693671199,1
1411,1.3043408360128614,22.016881028938904,90.40355868188767,1
1412,1.1964630225080384,21.673633440514465,90.62248598139885,1
1413,1.0983922829581991,21.330385852090025,89.28642263042727,1
1414,1.0199356913183277,20.987138263665592,87.98608286298906,1
1415,0.9905144694533761,20.643890675241156,88.5500172743013,1
1416,0.9905144694533761,20.3104501607717,87.92179189393646,1
1417,0.9905144694533761,19.98681672025723,87.26176691824925,1
1418,1.0003215434083599,19.66318327974276,88.12511229253947,1
1419,1.0003215434083599,19.32974276527331,88.29632418262943,1
1420,1.0003215434083599,18.996302250803854,86.86081191957939,1
1421,0.9905144694533761,18.623633440514464,87.03628735629741,1
1422,0.970900321543408,18.241157556270092,87.29164643519405,1
1423,0.980707395498392,17.858681672025718,86.86796542404537,1
1424,1.0199356913183277,17.48601286173633,86.47423570195194,1
1425,1.088585209003215,17.08392282958199,87.34775683613924,1
1426,1.1866559485530543,16.672025723472665,86.27773176156782,1
1427,1.3043408360128614,16.21109324758842,85.16226810964366,1
1428,1.4024115755627005,15.701125401929257,85.01547579220986,1
1429,1.461254019292604,15.16173633440514,87.45874798638334,1
1430,1.4612540192926042,14.641961414790993,90.22634729634446,1
1431,1.4416398713826362,14.141800643086814,93.26154114653866,1
1432,1.3926045016077169,13.671061093247584,96.71181051521164,1
1433,1.3337620578778133,13.298392282958195,100.22107216439366,1
1434,1.2945337620578774,12.925723472668807,100.04859670244927,1
1435,1.2847266881028936,12.553054662379418,99.07869654614905,1
1436,1.2454983922829581,12.199999999999998,99.92602273657238,1
1437,1.2062700964630222,11.866559485530544,100.20899906769633,1
1438,1.1670418006430867,11.493890675241156,98.76458023764508,1
1439,1.1278135048231508,11.160450160771703,99.30162822331597,1
1440,1.0689710610932472,10.846623794212215,99.67586859089725,1
1441,1.0591639871382634,10.542604501607714,97.97239316679642,1
1442,1.0591639871382634,10.287620578778133,96.56933496948297,1
1443,1.0199356913183277,9.973794212218646,96.01818465286532,1
1444,0.9807073954983923,9.63054662379421,94.80163381251998,1
1445,0.9610932475884242,9.306913183279741,93.09854418613853,1
1446,0.8826366559485528,8.983279742765271,93.10452818140354,1
1447,0.8041800643086814,8.63022508038585,92.73997344471235,1
1448,0.745337620578778,8.316398713826363,92.1873892640762,1
1449,0.6864951768488745,8.051607717041799,91.81645452474704,1
1450,0.617845659163987,7.777009646302249,92.02393105146623,1
1451,0.5884244372990353,7.512218649517683,91.19059055394844,1
1452,0.5688102893890674,7.218006430868165,91.20351390159554,1
1453,0.5590032154340835,6.9532154340836,91.48567662724008,1
1454,0.5688102893890674,6.67861736334405,90.101880987878,1
1455,0.6374598070739548,6.364790996784564,88.22800408415614,1
1456,0.7257234726688102,6.041157556270095,86.0840718681721,1
1457,0.8237942122186492,5.727331189710609,83.51699004847255,1
1458,0.9316720257234724,5.393890675241156,80.59165879537586,1
1459,1.010128617363344,5.099678456591639,81.172329369516,1
1460,1.0297427652733115,4.834887459807073,83.54745848696933,1
1461,1.010128617363344,4.570096463022507,87.9599626397699,1
1462,1.00032154340836,4.295498392282957,89.8825693012247,1
1463,1.010128617363344,4.040514469453376,91.32321091243496,1
1464,1.0493569131832794,3.7463022508038577,91.29736632292288,1
1465,1.108199356913183,3.4717041800643083,91.06593597658492,1
1466,1.1768488745980705,3.2069131832797417,89.61026694841414,1
1467,1.206270096463022,2.9421221864951765,91.9116239471541,1
1468,1.216077170418006,2.6871382636655943,95.23329339559284,1
1469,1.216077170418006,2.5106109324758834,99.32607839266296,1
1470,1.22588424437299,2.3733118971061087,101.63804418489704,1
1471,1.245498392282958,2.2850482315112535,102.87018207096871,1
1472,1.2651125401929257,2.2556270096463016,105.4123848074173,1
1473,1.3043408360128612,2.265434083601286,106.21314402987821,1
1474,1.353376205787781,2.2556270096463016,107.56846275680293,1
1475,1.3729903536977488,2.2360128617363335,109.89639502562521,1
1476,1.4122186495176845,2.216398713826366,111.41122538640292,1
1477,1.461254019292604,2.2065916398713825,110.11333823949559,1
1478,1.50048231511254,2.2262057877813497,112.03455803092118,1
1479,1.5299035369774916,2.2360128617363335,109.44213217689912,1
1480,1.5495176848874594,2.2360128617363335,110.51563104765923,1
1481,1.5397106109324756,2.206591639871382,111.42356987324185,1
1482,1.5299035369774916,2.1771704180064306,113.44564754805131,1
1483,1.5299035369774914,2.137942122186495,112.76054018026561,1
1484,1.5200964630225076,2.098713826366559,116.29292770269689,1
1485,1.5397106109324754,2.059485530546623,116.3564294007019,1
1486,1.5789389067524113,2.0496784565916397,118.62695806694019,1
1487,1.6083601286173628,2.0496784565916397,118.99110329472073,1
1488,1.6181672025723468,2.020257234726688,119.6549368327126,1
1489,1.6181672025723468,1.990836012861736,119.99016853253639,1
1490,1.6181672025723468,1.990836012861736,119.72349727998372,1
1491,1.6181672025723468,2.00064308681672,118.0230836451615,1
1492,1.6181672025723468,2.010450160771704,117.99821578820152,1
1493,1.6279742765273308,2.030064308681672,118.28708917001806,1
1494,1.6377813504823144,2.039871382636656,117.27428731278434,1
1495,1.6181672025723468,2.0496784565916397,117.16640268738041,1
1496,1.5691318327974273,2.0398713826366555,116.4137245422524,1
1497,1.5397106109324754,2.0398713826366555,115.65883375289486,1
1498,1.50048231511254,2.039871382636656,114.08268114158794,1
1499,1.461254019292604,2.04967845659164,112.7949015144068,1
1500,1.461254019292604,2.0496784565916397,111.56984785870935,1
1501,1.50048231511254,2.069292604501608,111.32928392668572,1
1502,1.5495176848874594,2.108520900321543,112.42624577588798,1
1503,1.6181672025723468,2.1379421221864945,112.33949951275711,1
1504,1.6573954983922825,2.17717041800643,115.24932986454522,1
1505,1.696623794212218,2.206591639871382,114.25459755472527,1
1506,1.696623794212218,2.2556270096463016,116.11486948245754,1
1507,1.6868167202572342,2.2752411575562697,112.79671504755545,1
1508,1.6475884244372985,2.3242765273311887,115.14468208600422,1
1509,1.6573954983922825,2.353697749196141,110.66646149075504,1
1510,1.6279742765273304,2.3929260450160768,110.42980003025329,1
1511,1.598553054662379,2.4223472668810286,108.23209041498801,1
1512,1.5397106109324754,2.4517684887459805,108.71208281589533,1
1513,1.4906752411575557,2.432154340836013,104.75524859413903,1
1514,1.3926045016077166,2.3929260450160768,105.78173288842335,1
1515,1.3239549839228293,2.353697749196141,106.2487767472179,1
1516,1.3043408360128612,2.3046623794212215,106.56418726960442,1
1517,1.3239549839228293,2.236012861736334,106.3902800020336,1
1518,1.353376205787781,2.186977491961414,107.94937087920705,1
1519,1.4220257234726685,2.186977491961414,109.56131901337108,1
1520,1.480868167202572,2.1771704180064306,111.38201907786231,1
1521,1.510289389067524,2.137942122186495,112.92214771224417,1
1522,1.5200964630225078,2.1281350482315107,115.07413923572408,1
1523,1.5200964630225078,2.1183279742765273,116.97970898057508,1
1524,1.5200964630225078,2.079099678456591,117.66673284452844,1
1525,1.5593247588424435,2.0692926045016073,116.80806307417707,1
1526,1.6083601286173632,2.0398713826366555,117.31039522237887,1
1527,1.6868167202572344,2.020257234726688,118.07992983335319,1
1528,1.7750803858520896,2.020257234726688,118.33879114108986,1
1529,1.9319935691318322,2.069292604501608,116.76439418742717,1
1530,2.030064308681671,2.0496784565916397,118.66756064683874,1
1531,2.108520900321543,2.0398713826366555,119.59872172658602,1
1532,2.1673633440514464,2.0006430868167198,121.66195116136936,1
1533,2.2360128617363335,1.9516077170418005,123.33600781273992,1
1534,2.236012861736334,1.8535369774919608,126.88801976229416,1
1535,2.2850482315112535,1.8143086816720253,126.97666176520454,1
1536,2.343890675241157,1.8045016077170413,126.65435870142076,1
1537,2.3635048231511244,1.7750803858520896,128.20349704341564,1
1538,2.461575562700964,1.8045016077170413,127.03112277467261,1
1539,2.569453376205787,1.8535369774919608,127.56467333403572,1
1540,2.598874598070739,1.8535369774919612,130.90856422993468,1
1541,2.6184887459807067,1.843729903536977,133.42173946971315,1
1542,2.6773311897106105,1.8731511254019289,133.50648768761013,1
1543,2.6577170418006424,1.8535369774919608,133.8438055146077,1
1544,2.618488745980707,1.8143086816720253,135.3185674930614,1
1545,2.6381028938906743,1.8143086816720253,131.74295028371677,1
1546,2.696945337620578,1.8437299035369772,129.24239615024334,1
1547,2.755787781350482,1.8535369774919608,126.88556139864245,1
1548,2.7852090032154337,1.8535369774919608,127.58774778212083,1
1549,2.8146302250803847,1.8535369774919608,125.25852565295199,1
1550,2.8244372990353694,1.8633440514469448,126.45158634406519,1
1551,2.7754019292604495,1.8241157556270093,127.63212913005384,1
1552,2.6871382636655943,1.7750803858520896,128.0637956526838,1
1553,2.6184887459807067,1.72604501607717,128.9068497206084,1
1554,2.569453376205787,1.6672025723472665,130.75414784207567,1
1555,2.5400321543408357,1.578938906752411,132.08153302161162,1
1556,2.549839228295819,1.5200964630225076,133.72514728997805,1
1557,2.608681672025723,1.4612540192926042,137.1622833434081,1
1558,2.6184887459807067,1.3729903536977488,141.52902090859678,1
1559,2.5890675241157552,1.3141479099678453,145.4001762901986,1
1560,2.5890675241157552,1.3239549839228293,151.8582254575316,1
1561,2.657717041800643,1.363183279742765,153.90195965853752,1
1562,2.6871382636655943,1.45144694533762,151.66485126332512,1
1563,2.716559485530546,1.5593247588424433,145.95702244434887,1
1564,2.7754019292604495,1.6770096463022504,138.05221136800472,1
1565,2.8048231511254014,1.7358520900321541,129.42393540860104,1
1566,2.736173633440514,1.7456591639871377,126.48292219268444,1
1567,2.6773311897106105,1.706430868167202,126.30844056111101,1
1568,2.6871382636655943,1.6868167202572342,126.07772264918023,1
1569,2.706752411575562,1.6475884244372985,128.27737392607395,1
1570,2.7263665594855295,1.6279742765273304,129.91896073462613,1
1571,2.7852090032154337,1.6475884244372985,128.69165751479792,1
1572,2.844051446945337,1.696623794212218,126.69865232183108,1
1573,2.873472668810289,1.7456591639871377,126.06428763938402,1
1574,2.8636655948553047,1.7750803858520896,125.71293179570576,1
1575,2.844051446945337,1.7848874598070736,124.46688604367952,1
1576,2.8048231511254014,1.7554662379421218,124.4866544884512,1
1577,2.795016077170417,1.72604501607717,124.47016003144998,1
1578,2.8244372990353694,1.716237942122186,124.33759374314812,1
1579,2.8930868167202566,1.7358520900321541,120.67130027994637,1
1580,2.95192926045016,1.7456591639871377,121.34500531960731,1
1581,2.9617363344051446,1.72604501607717,121.79275147955556,1
1582,2.893086816720257,1.6573954983922825,126.00819243291986,1
1583,2.804823151125402,1.5691318327974273,131.29158295693458,1
1584,2.745980707395498,1.4612540192926042,137.97635684428053,1
1585,2.7361736334405142,1.3827974276527328,139.24025158998424,1
1586,2.7655948553054657,1.353376205787781,141.29512131346428,1
1587,2.8048231511254014,1.3435691318327971,139.55075580023782,1
1588,2.844051446945337,1.353376205787781,137.48978605619638,1
1589,2.853858520900321,1.3926045016077166,134.58725138571003,1
1590,2.8342443729903533,1.45144694533762,134.28587023457547,1
1591,2.814630225080385,1.4906752411575561,133.65066859303397,1
1592,2.9127009646302247,1.5887459807073951,129.02880099221338,1
1593,2.971543408360128,1.647588424437299,127.79624397148098,1
1594,2.9813504823151122,1.6573954983922825,127.93309809290955,1
1595,3.0303858520900313,1.6770096463022504,124.48159891841343,1
1596,3.0303858520900318,1.6672025723472665,123.72225225108096,1
1597,2.893086816720257,1.5887459807073951,130.7346727608717,1
1598,2.942122186495176,1.6083601286173632,125.19153256427447,1
1599,2.971543408360128,1.6475884244372985,123.63476994051908,1
1600,3.010771704180064,1.6672025723472665,118.24828925922692,1
1601,3.118649517684887,1.7554662379421218,106.48238458036377,1
1602,3.2853697749196136,1.9025723472668807,93.66332003293999,1
1603,3.2657556270096455,1.990836012861736,87.34654894020203,1
1604,3.295176848874598,2.118327974276527,76.48236276492102,1
1605,3.246141479099678,2.255627009646302,68.0714993140884,1
1606,3.2167202572347255,2.255627009646302,67.02112544530964,1
1607,3.1284565916398708,2.1281350482315107,70.52536515801206,1
1608,3.059807073954983,1.9516077170418,86.16890657593684,1
1609,2.991157556270096,1.745659163987138,117.91706128866058,1
1610,3.00096463022508,1.5593247588424433,119.55652174835541,1
1611,2.90289389067524,1.4416398713826362,130.0212384380068,1
1612,3.00096463022508,1.5299035369774916,121.46031466369868,1
1613,3.0794212218649513,1.7456591639871377,110.28466844458721,1
1614,3.1480707395498384,1.9418006430868164,84.20035013259773,1
1615,3.1284565916398703,2.118327974276527,53.8777286286968,1
1616,3.2167202572347264,2.3438906752411572,54.258593419186944,1
1617,3.1676848874598065,2.4713826366559486,42.04908765497215,1
1618,3.138263665594855,2.471382636655948,37.044357722289654,1
1619,3.1774919614147903,2.3929260450160768,41.99831094657188,1
1620,3.2559485530546617,2.3046623794212215,53.65612393745657,1
1621,3.265755627009645,2.324276527331189,48.11381115522381,1
1622,3.275562700964629,2.334083601286173,50.064937496494146,1
1623,3.2657556270096455,2.383118971061093,48.02373556568252,1
1624,3.2069131832797426,2.5302250803858515,34.84738096299006,0
1625,3.099035369774919,2.6577170418006424,26.228217915459705,1
1626,3.0303858520900313,2.6773311897106105,22.869882065337215,0
1627,2.971543408360128,2.696945337620578,20.70279856037566,0
1628,2.95192926045016,2.6577170418006424,14.864183053941199,1
1629,3.0107717041800637,2.3831189710610925,5.603173678827187,1
1630,3.0401929260450156,2.088906752411575,173.10104057379644,1
1631,3.0696141479099674,1.7946945337620577,161.78541548175386,0
1632,3.0990353697749193,1.50048231511254,153.9152293441668,0
1633,3.138263665594855,1.5397106109324754,156.05235704955936,1
1634,3.0794212218649513,1.8241157556270093,165.0526967000313,1
1635,3.089228295819935,2.1281350482315107,176.40407142978475,0
1636,3.059807073954983,2.4027331189710606,179.0120489837742,1
1637,3.0303858520900313,2.6773311897106105,1.2540097816923899,0
1638,2.971543408360128,2.6577170418006424,178.38215085479771,0
1639,2.9323151125401923,2.6282958199356905,170.68310415713808,0
1640,2.942122186495176,2.3438906752411572,162.47804720603875,1
1641,3.0303858520900318,2.1673633440514464,154.90145076854336,1
1642,3.187299035369774,2.0202572347266874,142.72495642760873,1
1643,3.334405144694533,1.9516077170418,124.28881785026364,1
1644,3.442282958199356,1.9319935691318324,91.9633946006423,1
1645,3.5011254019292593,2.1673633440514464,61.29987086989623,0
1646,3.5207395498392273,2.324276527331189,44.072460402909456,0
1647,3.4717041800643074,2.4517684887459805,34.71276718775357,0
1648,3.363826366559485,2.265434083601286,22.166001575839033,1
1649,3.383440514469453,2.108520900321543,27.091738277808872,1
1650,3.4226688102893883,2.0496784565916393,71.6739210600634,1
1651,3.461897106109324,1.990836012861736,106.18313025010735,0
1652,3.50112540192926,1.9319935691318322,108.74730961372806,0
1653,3.6090032154340825,2.108520900321543,101.92230600125885,0
1654,3.6286173633440506,2.206591639871382,103.67214202880858,0
1655,3.6286173633440506,2.206591639871382,103.67214202880858,0
1656,3.6286173633440506,2.206591639871382,103.67214202880858,0
1657,3.45209003215434,2.304662379421221,110.78785848838385,1
1658,3.275562700964629,2.402733118971061,123.6797054643169,0
1659,3.0990353697749184,2.500803858520899,141.01425663285107,0
1660,2.922508038585208,2.598874598070739,153.90610360878412,0
1661,2.736173633440514,2.3733118971061087,160.34920640427077,1
1662,2.7263665594855295,2.0496784565916393,159.67547625206578,0
1663,2.7165594855305457,1.72604501607717,159.0013731131686,0
1664,2.873472668810289,1.6279742765273308,154.3710379788325,1
1665,3.0303858520900318,1.5299035369774916,138.91441917619125,0
1666,3.1971061093247584,1.7554662379421218,100.59926795759782,0
1667,3.3638263665594854,1.9810289389067521,86.19291766578313,0
1668,3.530546623794212,2.206591639871382,81.85865783691406,0
1669,3.530546623794212,2.206591639871382,81.85865783691406,0
1670,3.530546623794212,2.206591639871382,81.85865783691406,0
1671,3.530546623794212,2.206591639871382,81.85865783691406,0
1672,3.442282958199357,2.324276527331189,76.1537549724452,1
1673,3.1774919614147907,2.4321543408360125,74.32374064271258,1
1674,2.902893890675241,2.5204180064308677,152.65350254967643,1
1675,2.618488745980707,2.6184887459807067,159.7702773089729,1
1676,2.3046623794212215,2.7361736334405142,157.77909980554344,1
1677,2.0692926045016073,2.7852090032154337,153.67006743587118,1
1678,1.9810289389067521,2.814630225080385,150.58117278163982,1
1679,1.892765273311897,2.8636655948553047,150.8242955222458,1
1680,1.8241157556270093,2.8832797427652728,149.02108545193173,1
1681,1.7652733118971056,2.9225080385852085,148.62301188579988,1
1682,1.716237942122186,2.9028938906752404,143.49531782434886,1
1683,1.716237942122186,2.9323151125401923,142.5481225513236,1
1684,1.72604501607717,2.961736334405144,141.32458974426976,1
1685,1.7554662379421218,3.020578778135048,141.98954685710152,1
1686,1.7946945337620577,3.030385852090032,143.29119722173638,1
1687,1.8437299035369772,3.030385852090032,140.57327531970304,1
1688,1.8339228295819932,3.00096463022508,141.1636958366751,1
1689,1.8143086816720253,3.0205787781350475,139.03826775746728,1
1690,1.7848874598070736,3.0499999999999994,147.17159949552146,1
1691,1.7358520900321541,3.079421221864951,152.55944098795138,1
1692,1.6868167202572344,3.1284565916398703,153.8857183613923,1
1693,1.6573954983922825,3.1676848874598065,154.99657192661533,1
1694,1.6181672025723468,3.1578778135048227,156.5202484910471,1
1695,1.5593247588424433,3.118649517684887,150.5913596396624,1
1696,1.5102893890675237,3.0794212218649513,146.21872518021584,1
1697,1.4514469453376202,3.0401929260450156,143.18085029795336,1
1698,1.4122186495176845,3.030385852090032,140.89884107160884,1
1699,1.3827974276527326,3.020578778135048,139.2861478142748,1
1700,1.3435691318327971,3.010771704180064,137.1012253997799,1
1701,1.3435691318327971,3.020578778135048,137.24203363266818,1
1702,1.363183279742765,3.040192926045016,137.86650114536837,1
1703,1.4220257234726685,3.089228295819935,142.74331440025918,1
1704,1.490675241157556,3.1578778135048227,145.4847616459175,1
1705,1.5495176848874592,3.2265273311897102,148.34391827937765,1
1706,1.5691318327974273,3.2559485530546617,149.98766522935824,1
1707,1.5593247588424433,3.2657556270096455,150.25554079965144,1
1708,1.5004823151125397,3.2363344051446936,146.0327758055778,1
1709,1.4514469453376202,3.1872990353697745,144.37836410646221,1
1710,1.4220257234726685,3.2069131832797417,145.29758531391604,1
1711,1.4318327974276523,3.2363344051446936,144.84206282819133,1
1712,1.4416398713826362,3.2853697749196136,142.65608230896572,1
1713,1.471061093247588,3.344212218649517,143.68229875845262,1
1714,1.480868167202572,3.383440514469453,142.557093988622,1
1715,1.480868167202572,3.383440514469453,141.9381365475086,1
1716,1.4318327974276523,3.324598070739549,139.7698510829633,1
1717,1.4318327974276523,3.344212218649517,145.06045708797325,1
1718,1.4122186495176845,3.3049839228295816,144.91500342672765,1
1719,1.4906752411575557,3.324598070739549,154.70960811340433,1
1720,1.5887459807073951,3.334405144694533,168.25812306420087,1
1721,1.7946945337620577,3.344212218649517,11.612083378500675,1
1722,1.9221864951768484,3.334405144694533,30.641702724620686,1
1723,2.0889067524115754,3.314790996784565,43.892177951261466,1
1724,2.1575562700964626,3.2755627009646298,52.54809097124192,1
1725,2.265434083601286,3.246141479099678,57.82578966426477,1
1726,2.265434083601286,3.324598070739549,52.574859144927984,1
1727,2.324276527331189,3.334405144694533,52.029380098888176,1
1728,2.363504823151125,3.363826366559485,48.27294364412122,1
1729,2.363504823151125,3.4030546623794207,41.83208178041708,1
1730,2.2948553054662373,3.442282958199356,33.99157352458474,1
1731,2.245819935691318,3.45209003215434,28.95554410685743,1
1732,2.1967845659163983,3.45209003215434,27.01259314358516,1
1733,2.1477491961414783,3.491318327974276,23.814676216944488,1
1734,2.1477491961414783,3.50112540192926,24.12012565913603,0
1735,2.1673633440514464,3.491318327974276,27.02999260423775,0
1736,2.1967845659163983,3.481511254019292,29.858830022776957,0
1737,2.206591639871382,3.481511254019292,31.213382720947266,0
1738,2.206591639871382,3.481511254019292,31.213382720947266,0
1739,2.206591639871382,3.481511254019292,31.213382720947266,0
1740,2.206591639871382,3.481511254019292,31.213382720947266,0
1741,2.206591639871382,3.481511254019292,31.213382720947266,0
1742,2.206591639871382,3.481511254019292,31.213382720947266,0
1743,2.206591639871382,3.481511254019292,31.213382720947266,0
1744,2.206591639871382,3.481511254019292,31.213382720947266,0
1745,2.206591639871382,3.481511254019292,31.213382720947266,0
1746,2.324276527331189,3.2167202572347264,30.2300478232008,1
1747,2.4419614147909963,2.9519292604501604,25.442374984702425,0
1748,2.5596463022508034,2.6871382636655943,129.94607945255342,0
1749,2.6773311897106105,2.4223472668810286,125.15840661405505,0
1750,2.7950160771704176,2.1575562700964626,124.17507171630858,0
1751,2.7950160771704176,2.1575562700964626,124.17507171630858,0
1752,2.7950160771704176,2.1575562700964626,124.17507171630858,0
1753,2.7950160771704176,2.1575562700964626,124.17507171630858,0
1754,2.7950160771704176,2.1575562700964626,124.17507171630858,0
1755,2.7950160771704176,2.1575562700964626,124.17507171630858,0
1756,2.7950160771704176,2.1575562700964626,124.17507171630858,0
1757,2.7950160771704176,2.1575562700964626,124.17507171630858,0
1758,2.7950160771704176,2.1575562700964626,124.17507171630858,0
1759,2.7950160771704176,2.1575562700964626,124.17507171630858,0
1760,2.6773311897106105,2.4321543408360125,126.55727120995894,1
1761,2.5498392282958195,2.7165594855305466,141.63136990965813,1
1762,2.4223472668810286,3.00096463022508,179.2205357282186,0
1763,2.2948553054662377,3.2853697749196136,13.161484407449862,0
1764,2.1673633440514464,3.5697749196141473,17.470434996518,0
1765,2.1575562700964626,3.579581993569131,15.16352844238281,0
1766,2.1281350482315107,3.5207395498392273,7.945764968587509,1
1767,2.245819935691318,3.344212218649517,10.037448231797152,1
1768,2.3340836012861734,3.167684887459806,34.73855153060641,1
1769,2.471382636655948,2.9225080385852085,92.38937579955065,1
1770,2.598874598070739,2.559646302250804,107.7856971689718,1
1771,2.7754019292604495,2.265434083601286,105.41712708153666,1
1772,2.795016077170417,2.0889067524115754,118.1236225314814,1
1773,2.844051446945337,1.9123794212218648,127.74626445502841,1
1774,2.844051446945337,1.7946945337620572,133.458100901657,1
1775,2.873472668810289,1.7946945337620577,133.95601130314236,1
1776,2.8832797427652723,1.7848874598070736,134.671948502919,1
1777,2.893086816720257,1.7750803858520896,134.90264564059646,1
1778,2.9028938906752404,1.7750803858520896,134.65167742037573,1
1779,2.9028938906752404,1.7750803858520896,135.048843719115,1
1780,2.9028938906752404,1.7848874598070736,133.5316922143832,1
1781,2.9225080385852085,1.7750803858520896,134.2051397583259,1
1782,2.961736334405144,1.9810289389067521,137.44312571069796,1
1783,3.00096463022508,2.1771704180064306,151.24272206381914,0
1784,3.059807073954983,2.3635048231511253,7.429935615861182,1
1785,3.089228295819935,2.549839228295819,21.305116062234426,1
1786,3.0990353697749193,2.755787781350482,26.513927750773227,0
1787,3.099035369774919,2.7459807073954976,24.52691183033037,0
1788,3.0990353697749193,2.736173633440514,22.58366447585284,0
1789,3.089228295819935,2.7459807073954976,19.823946236936717,1
1790,3.0794212218649513,2.755787781350482,11.487116993082003,1
1791,3.0696141479099674,2.7655948553054657,0.7870357654346789,0
1792,3.0598070739549836,2.7754019292604495,170.07612610318188,0
1793,3.138263665594855,2.736173633440514,170.53545063217305,1
1794,3.2167202572347264,2.6969453376205785,176.4978522213587,0
1795,3.3049839228295816,2.647909967845659,11.743070706497733,0
1796,3.393247588424437,2.598874598070739,23.755605595635753,0
1797,3.481511254019292,2.5498392282958195,30.984239578247074,0
1798,3.481511254019292,2.5498392282958195,30.984239578247074,0
1799,3.481511254019292,2.5498392282958195,30.984239578247074,0
1800,3.481511254019292,2.5498392282958195,30.984239578247074,0
1801,3.481511254019292,2.5498392282958195,30.984239578247074,0
1802,3.412861736334405,2.2948553054662373,23.756486752272334,1
1803,3.363826366559485,2.0889067524115754,14.82122602863914,1
1804,3.2755627009646298,1.8241157556270093,165.14306603291973,1
1805,3.2853697749196136,1.6279742765273308,137.68884666806764,1
1806,3.324598070739549,1.4514469453376202,126.75766512656055,1
1807,3.442282958199356,1.5593247588424433,113.44752015672958,1
1808,3.550160771704179,1.6377813504823144,103.96221873101858,1
1809,3.6580385852090025,1.8241157556270093,89.78772949486772,1
1810,3.1480707395498384,2.206591639871382,87.94985798461514,1
1811,2.72636655948553,2.6184887459807067,61.46640227672485,1
1812,2.304662379421221,3.059807073954983,42.55571242272642,1
1813,1.8633440514469448,3.5893890675241154,40.308502556027605,1
1814,1.480868167202572,4.1483922829581985,44.75310469301778,1
1815,1.6475884244372985,4.481832797427652,61.47354435869395,1
1816,1.7358520900321541,4.874115755627009,75.40305247872205,1
1817,1.8633440514469448,5.286012861736333,87.50152579129649,1
1818,2.079099678456591,5.688102893890674,98.2613698947727,1
1819,2.353697749196141,6.0607717041800635,109.88464494307705,1
1820,2.6969453376205785,6.4530546623794205,125.23158834711879,1
1821,3.108842443729903,6.757073954983921,144.19168389992018,1
1822,3.579581993569131,6.972829581993568,166.1523977238305,1
1823,4.099356913183279,7.041479099678455,6.489946612846498,1
1824,4.579903536977492,7.0512861736334385,23.4014563732485,1
1825,5.050643086816719,6.8943729903536966,38.3839754016466,1
1826,5.452733118971059,6.619774919614146,52.69311939549725,1
1827,5.756752411575562,6.305948553054661,66.68380479859415,1
1828,5.933279742765272,5.933279742765272,78.42910878905482,1
1829,6.060771704180063,5.45273311897106,87.73629788606237,1
1830,6.08038585209003,5.031028938906752,94.68889532151044,1
1831,6.0215434083601265,4.570096463022507,98.91946551755153,1
1832,5.90385852090032,4.079742765273311,102.3227432948765,1
1833,5.727331189710609,3.6090032154340834,106.76436339288765,1
1834,5.491961414790995,3.1872990353697745,111.81406824183624,1
1835,5.236977491961413,2.7852090032154337,117.4153380620474,1
1836,4.95257234726688,2.4909967845659162,124.78801290554479,1
1837,4.7368167202572335,2.2850482315112535,133.97270962274982,1
1838,4.550482315112539,2.157556270096463,144.47938364778693,1
1839,4.373954983922829,2.079099678456591,162.90097697268519,1
1840,4.1483922829581985,2.0300643086816716,24.64174449447031,1
1841,3.7561093247588415,2.2752411575562697,38.672880738978805,1
1842,3.3049839228295808,2.6381028938906743,48.83338359749009,1
1843,2.902893890675241,3.089228295819935,58.01785781897871,1
1844,2.5890675241157552,3.6482315112540187,66.38401490654984,1
1845,2.412540192926044,4.256270096463021,74.63272359236711,1
1846,2.520418006430867,4.628938906752411,88.4139199972131,1
1847,2.755787781350482,4.942765273311896,101.68621357407393,1
1848,3.0696141479099674,5.236977491961413,114.86489615716532,1
1849,3.45209003215434,5.491961414790995,126.88761337878933,1
1850,3.9032154340836,5.746945337620577,139.08803360057635,1
1851,4.422990353697748,5.992122186495175,151.659713113126,1
1852,4.95257234726688,6.158842443729902,164.68578563658832,1
1853,5.482154340836011,6.217684887459805,179.0698164797644,1
1854,5.972508038585208,6.1686495176848855,15.05568954143678,1
1855,6.413826366559485,5.992122186495175,30.703706980035754,1
1856,6.77668810289389,5.688102893890674,45.80433391795291,1
1857,7.061093247588422,5.286012861736333,60.274471550478125,1
1858,7.2376205787781345,4.844694533762057,73.61969076218914,1
1859,7.335691318327973,4.3935691318327965,84.52107704425553,1
1860,7.325884244372989,3.922829581993569,94.37023013120147,1
1861,7.227813504823149,3.491318327974276,103.20884310880393,1
1862,7.0512861736334385,3.0794212218649513,109.92956271312168,1
1863,6.845337620578777,2.6969453376205785,114.22206702800575,1
1864,6.62958199356913,2.4223472668810286,119.45658083799266,1
1865,6.384405144694532,2.2262057877813497,124.34063615431032,1
1866,6.090192926045015,2.098713826366559,128.81354339354755,1
1867,5.776366559485529,2.0496784565916393,135.7433914697449,1
1868,5.442926045016075,2.079099678456591,146.09268713364486,1
1869,5.138906752411574,2.0889067524115754,157.58860855284684,1
1870,4.844694533762056,2.118327974276527,170.27194909561922,1
1871,4.570096463022507,2.1869774919614144,5.544654730175575,1
1872,4.217041800643086,2.363504823151125,21.45636452365475,1
1873,3.834565916398713,2.6675241157556266,34.955848322214024,1
1874,3.442282958199356,3.0205787781350475,48.34814169438501,1
1875,3.1088424437299027,3.4913183279742754,61.15371958518495,1
1876,2.8734726688102885,4.020900321543407,70.00897878200809,1
1877,2.8342443729903533,4.5406752411575555,80.1350427865335,1
1878,2.942122186495176,4.991800643086815,90.01061396321765,1
1879,3.1284565916398703,5.442926045016075,99.71897954026981,1
1880,3.4030546623794207,5.845016077170417,110.22431441029694,1
1881,3.7659163987138258,6.198070739549838,123.31663124843956,1
1882,4.207234726688101,6.482475884244371,139.09503417251298,1
1883,4.707395498392282,6.688424437299034,155.2504304475447,1
1884,5.236977491961413,6.786495176848874,170.64315276547882,1
1885,5.737138263665594,6.77668810289389,5.953042779823938,1
1886,6.217684887459805,6.639389067524114,20.748500592116187,1
1887,6.629581993569131,6.394212218649516,34.73521292186873,1
1888,6.9532154340836,6.060771704180063,48.903530557796145,1
1889,7.168971061093245,5.688102893890674,62.35412425587915,1
1890,7.306270096463021,5.305627009646301,74.89772296952827,1
1891,7.325884244372989,4.913344051446944,87.82293011328792,1
1892,7.218006430868167,4.50144694533762,100.63956428201463,1
1893,7.012057877813504,4.138585209003216,114.29744096059213,1
1894,6.72765273311897,3.824758842443729,129.0540846947948,1
1895,6.384405144694533,3.5403536977491954,143.1716077990512,1
1896,5.972508038585207,3.324598070739549,154.5004470067098,1
1897,5.550803858520899,3.22652733118971,165.5920617307868,1
1898,5.089871382636654,3.2069131832797426,175.8855645897871,1
1899,4.648553054662378,3.2755627009646298,7.459108348595703,1
1900,4.22684887459807,3.442282958199356,22.702452913276325,1
1901,3.873794212218649,3.736495176848874,41.267001167357755,1
1902,3.6286173633440506,4.109163987138262,58.95423373708692,1
1903,3.530546623794211,4.521061093247587,73.57461377692682,1
1904,3.550160771704179,4.952572347266879,85.2452131888811,1
1905,3.6972668810289377,5.364469453376205,94.94142597644904,1
1906,3.95225080385852,5.727331189710609,104.62016946072958,1
1907,4.285691318327974,6.060771704180063,113.99656529534217,1
1908,4.677974276527331,6.354983922829581,124.58746031795074,1
1909,5.138906752411574,6.590353697749196,136.1028226858487,1
1910,5.62926045016077,6.776688102893888,148.30091187874186,1
1911,6.12942122186495,6.90418006430868,159.61573057038558,1
1912,6.6590032154340815,6.963022508038584,170.57491956570556,1
1913,7.178778135048231,6.963022508038584,0.6096176443124944,1
1914,7.698553054662378,6.884565916398712,11.588856084391882,1
1915,8.149678456591639,6.766881028938906,22.920054376672148,1
1916,8.571382636655946,6.5511254019292595,36.54621063657229,1
1917,8.875401929260448,6.276527331189709,52.08281505967236,1
1918,9.081350482315111,5.874437299035368,67.48487997992905,1
1919,9.130385852090031,5.45273311897106,82.49662903493552,1
1920,9.081350482315111,4.9819935691318324,97.63139986973134,1
1921,8.914630225080383,4.560289389067523,111.44581435648134,1
1922,8.669453376205785,4.158199356913182,124.108036851784,1
1923,8.336012861736332,3.8443729903536967,134.68800529829892,1
1924,7.914308681672024,3.5697749196141473,142.8188114374121,1
1925,7.472990353697748,3.363826366559485,147.97896281043992,1
1926,6.982636655948551,3.1971061093247584,153.82986594861907,1
1927,6.50209003215434,3.108842443729903,159.12202857452283,1
1928,6.031350482315111,3.099035369774919,165.5673390864387,1
1929,5.580225080385851,3.1774919614147903,174.16993354395404,1
1930,5.148713826366558,3.314790996784565,4.824731412226514,1
1931,4.766237942122186,3.5207395498392273,16.061678975737664,1
1932,4.383762057877813,3.775723472668809,28.2069362666295,1
1933,4.0503215434083595,4.109163987138262,40.80034089135074,1
1934,3.7953376205787777,4.4916398713826355,51.99970335639671,1
1935,3.6188102893890672,4.913344051446944,63.08269061685026,1
1936,3.5207395498392273,5.3742765273311885,73.43035609376028,1
1937,3.530546623794211,5.874437299035369,82.61054963389486,1
1938,3.6384244372990344,6.345176848874597,91.0431406927925,1
1939,3.8443729903536967,6.77668810289389,100.44595597533032,1
1940,4.138585209003215,7.178778135048231,110.94137401272545,1
1941,4.521061093247587,7.512218649517683,123.28449825609889,1
1942,4.962379421221864,7.718167202572346,139.02574992464218,1
1943,5.433118971061092,7.816237942122184,158.2108941979795,1
1944,5.9136655948553045,7.796623794212216,178.63608513237867,1
1945,6.384405144694532,7.659324758842442,17.158574716195528,1
1946,6.835530546623792,7.433762057877812,32.09775136516405,1
1947,7.257234726688101,7.129742765273311,44.342764064615416,1
1948,7.620096463022506,6.786495176848874,54.870618258476334,1
1949,7.933922829581992,6.4040192926045005,63.38839366768968,1
1950,8.169292604501605,6.00192926045016,71.43046078423649,1
1951,8.296784565916397,5.570418006430867,78.87518274588714,1
1952,8.316398713826365,5.168327974276526,85.72292032754164,1
1953,8.267363344051445,4.77604501607717,92.70771859970252,1
1954,8.130064308681671,4.413183279742764,99.85304041509038,1
1955,7.90450160771704,4.069935691318326,108.24537552360667,1
1956,7.62990353697749,3.7757234726688096,116.9834037743743,1
1957,7.296463022508037,3.50112540192926,127.44197613002717,1
1958,6.90418006430868,3.2657556270096455,137.76013085343584,1
1959,6.482475884244371,3.0696141479099674,146.98892499440322,1
1960,6.05096463022508,2.9323151125401923,154.28912980358305,1
1961,5.599839228295819,2.8146302250803856,159.77133096240834,1
1962,5.168327974276527,2.7655948553054657,164.07961370439492,1
1963,4.746623794212217,2.7754019292604495,169.05476365018433,1
1964,4.315112540192925,2.853858520900321,177.36420404579084,1
1965,3.9032154340836,3.00096463022508,8.98464234654575,1
1966,3.510932475884244,3.275562700964629,25.039870996567497,1
1967,3.1676848874598065,3.6090032154340834,42.29233528735206,1
1968,2.922508038585208,4.011093247588424,57.285098993297716,1
1969,2.795016077170417,4.472025723472667,69.1679370620838,1
1970,2.7655948553054657,4.9329581993569125,78.61425985567439,1
1971,2.8636655948553047,5.384083601286172,87.61356013569996,1
1972,3.0499999999999994,5.815594855305465,96.04228774335036,1
1973,3.314790996784565,6.207877813504821,106.10481935735162,1
1974,3.6678456591639863,6.5511254019292595,117.64594432552323,1
1975,4.089549839228295,6.835530546623792,131.57342827549815,1
1976,4.570096463022507,7.012057877813502,147.3548343013344,1
1977,5.099678456591638,7.090514469453375,163.7925787172992,1
1978,5.648874598070738,7.070900321543407,179.89576005127014,1
1979,6.158842443729902,6.9434083601286165,15.149087923393857,1
1980,6.639389067524114,6.737459807073954,29.603427299630972,1
1981,7.061093247588422,6.443247588424436,43.88479351923825,1
1982,7.374919614147909,6.090192926045015,58.2450931241334,1
1983,7.561254019292603,5.688102893890674,72.22048543279703,1
1984,7.659324758842442,5.286012861736333,85.18386331611605,1
1985,7.610289389067522,4.825080385852089,98.11275885038945,1
1986,7.433762057877812,4.40337620578778,110.19893307203708,1
1987,7.178778135048231,4.020900321543407,121.187298012587,1
1988,6.864951768488744,3.687459807073954,130.3049135539449,1
1989,6.50209003215434,3.383440514469453,137.26779408484487,1
1990,6.109807073954983,3.1578778135048227,143.76081974099964,1
1991,5.688102893890674,2.9813504823151122,150.2058229019226,1
1992,5.266398713826365,2.8636655948553047,155.77651813645036,1
1993,4.864308681672024,2.814630225080385,161.84516830616042,1
1994,4.442604501607716,2.8244372990353694,171.31369844220006,1
1995,4.030707395498391,2.942122186495176,1.1364859499187585,1
1996,3.6678456591639863,3.1382636655948546,13.469937726237058,1
1997,3.3147909967845655,3.4226688102893887,27.735338989558482,1
1998,2.9911575562700956,3.785530546623794,42.332413277810026,1
1999,2.755787781350482,4.207234726688101,54.878735142236025,1
2000,2.6184887459807067,4.697588424437297,66.00976265344295,1
2001,2.569453376205787,5.217363344051445,75.76584023525672,1
2002,2.628295819935691,5.737138263665594,85.56256303566626,1
2003,2.7852090032154337,6.22749196141479,95.24813868469674,1
2004,3.0107717041800637,6.67861736334405,107.12700283688478,1
2005,3.344212218649517,7.061093247588422,120.90613974955674,1
2006,3.7659163987138258,7.3945337620578755,136.7070679664139,1
2007,4.2464630225080375,7.649517684887458,153.40926887323874,1
2008,4.756430868167202,7.8064308681672,169.10419073884106,1
2009,5.305627009646301,7.884887459807072,2.3988303130915187,1
2010,5.815594855305465,7.85546623794212,14.62996001169028,1
2011,6.266720257234725,7.718167202572346,26.225388558550936,1
2012,6.6590032154340815,7.482797427652732,37.241817460994895,1
2013,6.963022508038584,7.208199356913181,49.518857860943506,1
2014,7.159163987138262,6.874758842443728,63.156086791948226,1
2015,7.267041800643085,6.511897106109323,76.93728830635092,1
2016,7.237620578778133,6.08038585209003,90.20424543994866,1
2017,7.100321543408358,5.668488745980706,103.12442524521491,1
2018,6.884565916398712,5.276205787781349,115.55256400921769,1
2019,6.58054662379421,4.9329581993569125,129.08379187981188,1
2020,6.207877813504822,4.668167202572347,143.85440570438232,1
2021,5.815594855305465,4.5406752411575555,160.72993423947975,1
2022,5.3742765273311885,4.530868167202572,179.66876134250413,1
2023,4.913344051446944,4.628938906752411,20.116825546029244,1
2024,4.4916398713826355,4.844694533762057,38.09864384525894,1
2025,4.128778135048231,5.148713826366558,51.88643461382798,1
2026,3.873794212218648,5.501768488745979,63.53002045792363,1
2027,3.736495176848874,5.894051446945336,72.78110840393809,1
2028,3.7463022508038577,6.345176848874597,82.38145337006644,1
2029,3.863987138263665,6.796302250803857,92.65447659392676,1
2030,4.089549839228295,7.237620578778133,104.16766662533598,1
2031,4.403376205787781,7.669131832797426,116.26628767418507,1
2032,4.805466237942121,8.041800643086814,129.52810137463877,1
2033,5.2762057877813495,8.30659163987138,143.50432393742642,1
2034,5.786173633440513,8.492926045016075,158.37483288040102,1
2035,6.335369774919613,8.571382636655947,172.54320567764927,1
2036,6.874758842443728,8.561575562700963,4.9456929030219525,1
2037,7.404340836012859,8.45369774919614,16.605052658872236,1
2038,7.894694533762054,8.25755627009646,27.369556498929263,1
2039,8.365434083601283,7.973151125401927,35.54976078274601,1
2040,8.796945337620576,7.62990353697749,43.33102202308715,1
2041,9.159807073954983,7.276848874598069,49.30756437833574,1
2042,9.512861736334404,6.85514469453376,54.57374429591369,1
2043,9.797266881028936,6.4138263665594835,59.14607152321684,1
2044,10.013022508038583,5.9627009646302245,64.31152903256432,1
2045,10.160128617363343,5.482154340836011,70.50307106756864,1
2046,10.277813504823149,4.95257234726688,77.37175085073814,1
2047,10.297427652733116,4.4426045016077165,82.41287881895266,1
2048,10.277813504823149,3.942443729903536,87.39970704115316,1
2049,10.218971061093246,3.4717041800643083,91.82114344429736,1
2050,10.111093247588421,3.040192926045015,95.81948717424191,1
2051,9.954180064308678,2.6675241157556266,100.59252985539536,1
2052,9.758038585209,2.3733118971061087,107.32102962295473,1
2053,9.503054662379418,2.118327974276527,115.45826535130513,1
2054,9.179421221864951,1.8829581993569129,125.98224899471943,1
2055,8.787138263665593,1.6966237942122184,138.47902544452324,1
2056,8.345819935691315,1.5593247588424435,151.27940376412954,1
2057,7.875080385852089,1.471061093247588,165.36692517351986,1
2058,7.3945337620578755,1.480868167202572,0.5055708672016447,1
2059,6.9434083601286165,1.6181672025723468,16.555475609784768,1
2060,6.5511254019292595,1.8731511254019289,32.433111760536974,1
2061,6.247106109324757,2.1967845659163983,47.31507176991956,1
2062,6.031350482315111,2.598874598070739,59.798798006560034,1
2063,5.9136655948553045,3.040192926045015,70.2422536152684,1
2064,5.884244372990352,3.530546623794211,79.73367543638838,1
2065,5.95289389067524,4.030707395498391,87.66455842159962,1
2066,6.090192926045015,4.530868167202572,95.77385041393447,1
2067,6.315755627009644,5.011414790996783,105.73589872697372,1
2068,6.639389067524114,5.452733118971059,117.26344580661575,1
2069,7.041479099678455,5.786173633440514,131.86677746157548,1
2070,7.482797427652732,6.021543408360127,150.22003889656762,1
2071,7.992765273311896,6.139228295819935,170.8170960851822,1
2072,8.492926045016075,6.119614147909966,11.571776157467283,1
2073,8.95385852090032,5.992122186495175,28.879911533655342,1
2074,9.355948553054661,5.756752411575562,43.98263062404199,1
2075,9.689389067524115,5.413504823151124,57.7882161675418,1
2076,9.895337620578776,5.011414790996783,70.19381546172212,1
2077,10.013022508038583,4.570096463022507,79.98546954651015,1
2078,10.042443729903535,4.089549839228295,87.06712430656208,1
2079,10.003215434083598,3.6286173633440506,92.717143927713,1
2080,9.90514469453376,3.187299035369774,97.45782225652695,1
2081,9.748231511254016,2.7852090032154337,102.27942712670738,1
2082,9.561897106109324,2.45176848874598,109.93350734361177,1
2083,9.326527331189709,2.1477491961414783,119.57782917946118,1
2084,9.042122186495174,1.8829581993569129,130.23033419197725,1
2085,8.708681672025723,1.6770096463022504,141.2626786357112,1
2086,8.32620578778135,1.5299035369774916,152.51295084370508,1
2087,7.894694533762054,1.4318327974276523,162.5665416801989,1
2088,7.4435691318327954,1.4220257234726685,172.885863822585,1
2089,7.031672025723472,1.471061093247588,2.802293790416185,1
2090,6.62958199356913,1.6181672025723468,12.612639850513172,1
2091,6.247106109324758,1.8535369774919608,22.838184530018882,1
2092,5.884244372990352,2.1771704180064306,34.25348964160582,1
2093,5.58022508038585,2.569453376205787,45.87039179206985,1
2094,5.266398713826365,3.05,57.11298612041055,1
2095,5.021221864951768,3.579581993569131,67.55701883983829,1
2096,4.8839228295819925,4.128778135048231,76.65122332492058,1
2097,4.864308681672025,4.658360128617362,85.43597389664161,1
2098,4.942765273311896,5.187942122186494,95.64201561960515,1
2099,5.168327974276527,5.688102893890674,107.13099983985951,1
2100,5.491961414790995,6.109807073954983,119.23558681355253,1
2101,5.90385852090032,6.462861736334403,132.29097895526232,1
2102,6.374598070739548,6.747266881028938,143.83606414828748,1
2103,6.884565916398712,6.9532154340836,153.74842909770013,1
2104,7.384726688102893,7.0512861736334385,162.91580088086104,1
2105,7.884887459807072,7.090514469453375,172.1615791241151,1
2106,8.37524115755627,7.0512861736334385,179.56862427844774,1
2107,8.85578778135048,6.9532154340836,7.991665524950189,1
2108,9.316720257234724,6.77668810289389,17.47391992942105,1
2109,9.767845659163985,6.541318327974276,28.40834031635754,1
2110,10.179742765273309,6.22749196141479,39.568514460329006,1
2111,10.532797427652731,5.8548231511254,51.51636145130686,1
2112,10.80739549839228,5.413504823151124,62.410507292403445,1
2113,10.993729903536977,4.95257234726688,72.02238829544761,1
2114,11.101607717041798,4.462218649517684,79.39365765686549,1
2115,11.150643086816718,3.981672025723472,85.41265223973299,1
2116,11.13102893890675,3.510932475884244,90.06419407842155,1
2117,11.072186495176847,3.1186495176848874,93.83800733568954,1
2118,10.954501607717038,2.7165594855305466,98.36868912141973,1
2119,10.787781350482314,2.402733118971061,105.7027583771087,1
2120,10.552411575562697,2.1673633440514464,115.98276657595903,1
2121,10.258199356913181,2.0104501607717036,130.15102025667028,1
2122,9.90514469453376,1.892765273311897,145.1273302451806,1
2123,9.532475884244372,1.8829581993569129,158.37886417105838,1
2124,9.130385852090031,1.9319935691318322,170.9418798622702,1
2125,8.738102893890673,2.020257234726688,2.7516567850999447,1
2126,8.3556270096463,2.1967845659163983,13.020764040136708,1
2127,7.9829581993569105,2.4223472668810286,23.19280544943392,1
2128,7.6397106109324735,2.6871382636655943,31.653647289047548,1
2129,7.335691318327973,2.981350482315112,38.27190255056149,1
2130,7.061093247588422,3.334405144694533,44.47670287251845,1
2131,6.845337620578777,3.6972668810289377,50.95290896054641,1
2132,6.688424437299034,4.0993569131832786,58.30180206196866,1
2133,6.590353697749194,4.5406752411575555,67.34796127236385,1
2134,6.570739549839226,4.991800643086815,76.92478617146385,1
2135,6.6590032154340815,5.452733118971059,87.34548265792148,1
2136,6.845337620578777,5.874437299035368,99.92966629785155,1
2137,7.139549839228295,6.247106109324757,114.31109623803839,1
2138,7.522025723472666,6.560932475884243,130.14907796362843,1
2139,7.973151125401927,6.815916398713824,146.6997446149291,1
2140,8.463504823151123,6.982636655948551,161.52503941324863,1
2141,8.963665594855303,7.090514469453375,172.85702171428332,1
2142,9.473633440514467,7.119935691318327,3.85047760288453,1
2143,9.993408360128615,7.0512861736334385,13.194266502596122,1
2144,10.473954983922827,6.90418006430868,23.37200132947947,1
2145,10.925080385852088,6.649196141479098,34.0535298717312,1
2146,11.356591639871379,6.305948553054661,45.29395464905555,1
2147,11.739067524115754,5.884244372990352,54.13880484284694,1
2148,12.062700964630222,5.413504823151125,62.40659589196831,1
2149,12.35691318327974,4.90353697749196,68.86137509001422,1
2150,12.60209003215434,4.373954983922828,74.11856710085941,1
2151,12.788424437299032,3.8443729903536967,79.10997670199271,1
2152,12.886495176848872,3.314790996784565,85.88813236063434,1
2153,12.915916398713824,2.8244372990353694,92.28717255206102,1
2154,12.866881028938902,2.4027331189710606,102.0303376582576,1
2155,12.719774919614144,2.0692926045016073,114.11786294144738,1
2156,12.5040192926045,1.8339228295819932,127.63626830806915,1
2157,12.249035369774917,1.706430868167202,141.1319763875556,1
2158,11.9548231511254,1.6573954983922825,152.9975735373599,1
2159,11.611575562700963,1.6672025723472665,163.98877075322324,1
2160,11.268327974276525,1.7456591639871377,176.10973411025586,1
2161,10.925080385852088,1.892765273311897,9.310754391689567,1
2162,10.621061093247587,2.118327974276527,22.728639001198694,1
2163,10.346463022508036,2.4125401929260444,37.242132424932024,1
2164,10.150321543408358,2.755787781350482,50.79503498386909,1
2165,10.042443729903535,3.1382636655948546,62.46495218334859,1
2166,10.0032154340836,3.530546623794211,73.10228938778849,1
2167,10.022829581993566,3.971864951768488,81.32864834571893,1
2168,10.111093247588423,4.422990353697748,87.57883096697549,1
2169,10.238585209003213,4.893729903536976,91.7651390225378,1
2170,10.385691318327972,5.364469453376204,95.75525906334954,1
2171,10.572025723472667,5.8548231511254,98.36902201354292,1
2172,10.777974276527328,6.286334405144693,101.61482754825052,1
2173,11.003536977491958,6.717845659163986,104.9857323657355,1
2174,11.268327974276525,7.110128617363342,110.25401393120849,1
2175,11.562540192926042,7.472990353697748,115.93340544132607,1
2176,11.88617363344051,7.77700964630225,122.04018785333378,1
2177,12.249035369774917,8.031993569131831,130.08505231655704,1
2178,12.651125401929258,8.198713826366557,140.34128637367465,1
2179,13.082636655948551,8.296784565916397,152.64269751475504,1
2180,13.55337620578778,8.296784565916397,167.39430757426115,1
2181,14.024115755627008,8.198713826366559,3.1767816324527325,1
2182,14.485048231511252,7.992765273311894,17.987274572407173,1
2183,14.896945337620576,7.708360128617362,32.29025745251943,1
2184,15.220578778135044,7.365112540192925,46.839520629744,1
2185,15.446141479099674,6.923794212218647,62.44611988577207,1
2186,15.593247588424433,6.433440514469451,76.39744467317689,1
2187,15.632475884244368,5.9136655948553045,87.21321265596134,1
2188,15.58344051446945,5.344855305466236,96.0384081659945,1
2189,15.45594855305466,4.756430868167202,104.0616497968964,1
2190,15.25980707395498,4.256270096463021,111.08530670971953,1
2191,14.98520900321543,3.8149517684887457,119.15119777870716,1
2192,14.641961414790993,3.461897106109324,130.66578956886707,1
2193,14.269292604501604,3.22652733118971,144.20649905876007,1
2194,13.886816720257233,3.0990353697749193,159.48827652477578,1
2195,13.45530546623794,3.0794212218649513,176.17681528764052,1
2196,13.053215434083597,3.1578778135048227,11.97002382831442,1
2197,12.700160771704176,3.3245980707395497,25.134590598000955,1
2198,12.396141479099676,3.5697749196141473,37.2966671453536,1
2199,12.141157556270093,3.873794212218649,48.06506764979655,1
2200,11.974437299035367,4.2464630225080375,56.97911122394732,1
2201,11.85675241157556,4.668167202572347,64.68432023461246,1
2202,11.80771704180064,5.148713826366558,72.58777245164225,1
2203,11.788102893890672,5.668488745980706,78.39151995029289,1
2204,11.827331189710609,6.207877813504821,82.58623757919491,1
2205,11.925401929260447,6.708038585209001,86.61185274267642,1
2206,12.05289389067524,7.188585209003213,89.55661942268017,1
2207,12.190192926045013,7.620096463022506,92.15802462918478,1
2208,12.35691318327974,8.00257234726688,95.01782894026096,1
2209,12.53344051446945,8.336012861736332,99.52963347235507,1
2210,12.749196141479098,8.659646302250803,105.05235905956947,1
2211,13.023794212218647,8.963665594855303,112.93659610943749,1
2212,13.3572347266881,9.228456591639869,121.96666245618424,1
2213,13.739710610932473,9.4540192926045,133.05996448998837,1
2214,14.200643086816717,9.650160771704176,143.2712043232582,1
2215,14.710610932475879,9.787459807073953,152.1576245194665,1
2216,15.25980707395498,9.885530546623793,160.44771513900668,1
2217,15.867845659163985,9.963987138263665,166.8616372696928,1
2218,16.495498392282954,10.013022508038585,171.60472841196605,1
2219,17.11334405144694,10.03263665594855,176.28298125891462,1
2220,17.71157556270096,10.013022508038583,1.8903243075782137,1
2221,18.26077170418006,9.934565916398713,6.66487213624981,1
2222,18.76093247588424,9.777652733118968,14.094679116165834,1
2223,19.24147909967845,9.561897106109322,23.392143199935965,1
2224,19.672990353697745,9.277491961414787,33.44848967382554,1
2225,20.045659163987136,8.934244372990353,43.99604055394343,1
2226,20.359485530546625,8.53215434083601,55.63010106751262,1
2227,20.575241157556267,8.130064308681671,66.99226446259664,1
2228,20.70273311897106,7.6887459807073935,77.25369091863071,1
2229,20.741961414790996,7.178778135048231,88.12027750346765,1
2230,20.663504823151122,6.619774919614146,98.4838955057498,1
2231,20.48697749196141,6.041157556270095,107.1693967362864,1
2232,20.222186495176846,5.4233118971061085,115.30188621110125,1
2233,19.849517684887456,4.805466237942121,121.57383977157501,1
2234,19.37877813504823,4.236655948553054,127.35513764127674,1
2235,18.85900321543408,3.7266881028938896,131.3636892676638,1
2236,18.30980707395498,3.2657556270096455,135.6457136173041,1
2237,17.760610932475878,2.853858520900321,137.72340140244907,1
2238,17.250643086816716,2.5008038585209,139.8706517197528,1
2239,16.78971061093247,2.186977491961414,140.5220822677559,1
2240,16.368006430868164,1.9123794212218646,142.26653215981233,1
2241,15.985530546623789,1.6672025723472665,143.6379672267381,1
2242,15.6128617363344,1.4514469453376202,146.91876754225288,1
2243,15.210771704180061,1.2749196141479096,151.37216499138754,1
2244,14.779260450160768,1.157234726688103,158.38143508800684,1
2245,14.328135048231507,1.108199356913183,166.7030554548732,1
2246,13.857395498392282,1.1376205787781348,177.7680436630681,1
2247,13.406270096463022,1.255305466237942,11.307757664107553,1
2248,12.994372990353696,1.4514469453376202,26.11538459394616,1
2249,12.651125401929258,1.7358520900321541,40.28545240844442,1
2250,12.366720257234723,2.0987138263665592,53.77070011846572,1
2251,12.170578778135047,2.5008038585209,65.29346712126505,1
2252,12.043086816720255,2.9519292604501604,75.42737707269225,1
2253,12.013665594855302,3.4520900321543393,84.76695257029537,1
2254,12.062700964630224,3.9620578778135034,92.69460975470383,1
2255,12.219614147909965,4.472025723472667,99.79490143241213,1
2256,12.464790996784563,4.962379421221863,108.46300454704473,1
2257,12.788424437299033,5.384083601286172,119.2521135981754,1
2258,13.170900321543405,5.688102893890674,132.9738726856821,1
2259,13.592604501607713,5.874437299035369,149.98297287692694,1
2260,14.033922829581991,5.90385852090032,169.16152716407277,1
2261,14.475241157556269,5.805787781350482,7.558409182492588,1
2262,14.916559485530541,5.5704180064308675,24.03100179962115,1
2263,15.299035369774916,5.246784565916398,38.843623653358684,1
2264,15.632475884244371,4.844694533762057,51.786565711598634,1
2265,15.887459807073949,4.403376205787781,62.68911480811495,1
2266,16.054180064308675,3.932636655948552,71.64133929958547,1
2267,16.13263665594855,3.461897106109324,78.55759194702445,1
2268,16.171864951768487,3.00096463022508,83.18867328888533,1
2269,16.191479099678453,2.6282958199356914,85.95750359388099,1
2270,16.201286173633438,2.3242765273311896,87.82996710733607,1
2271,16.201286173633438,2.1379421221864954,90.35932044649093,1
2272,16.162057877813503,2.039871382636656,94.16395475172162,1
2273,16.054180064308675,1.971221864951768,100.87688878248923,1
2274,15.877652733118968,1.8633440514469448,110.07606184581289,1
2275,15.6128617363344,1.745659163987138,121.47500397360835,1
2276,15.240192926045012,1.5691318327974273,133.73520875922773,1
2277,14.818488745980705,1.4122186495176845,146.1615315453528,1
2278,14.377170418006429,1.3239549839228293,157.1596236801912,1
2279,13.926045016077168,1.3141479099678453,169.05416044994283,1
2280,13.504340836012858,1.3827974276527328,0.817646960949753,1
2281,13.151286173633437,1.5397106109324756,13.448214421147455,1
2282,12.837459807073952,1.7848874598070736,27.043123808691714,1
2283,12.592282958199354,2.079099678456591,42.29169789183647,1
2284,12.40594855305466,2.432154340836012,57.78736846728899,1
2285,12.298070739549837,2.8048231511254014,72.46877278087598,1
2286,12.298070739549836,3.22652733118971,85.86572650543984,1
2287,12.43536977491961,3.6580385852090025,99.0376401549422,1
2288,12.690353697749192,4.109163987138262,112.02602902446473,1
2289,13.072829581993565,4.530868167202572,125.42676309194832,1
2290,13.563183279742763,4.923151125401928,139.80300419471837,1
2291,14.08295819935691,5.236977491961413,153.93684645476833,1
2292,14.63215434083601,5.413504823151124,167.7243846826521,1
2293,15.16173633440514,5.45273311897106,1.510349806851163,1
2294,15.652090032154337,5.354662379421221,15.71241843244342,1
2295,16.044372990353693,5.148713826366558,30.368724468622048,1
2296,16.377813504823145,4.825080385852088,45.45750210845701,1
2297,16.603376205787775,4.4426045016077165,59.926750716591535,1
2298,16.740675241157554,4.020900321543407,72.09811765366494,1
2299,16.770096463022504,3.579581993569131,83.12878839517496,1
2300,16.73086816720257,3.089228295819935,92.09278919502025,1
2301,16.642604501607714,2.6577170418006424,99.76890909670985,1
2302,16.495498392282954,2.2850482315112535,108.39331372184027,1
2303,16.279742765273305,1.9810289389067521,117.31118235298158,1
2304,16.024758842443724,1.7750803858520896,127.50776388021892,1
2305,15.720739549839223,1.6868167202572342,139.00428419627738,1
2306,15.338263665594852,1.6475884244372985,151.0083914112194,1
2307,14.916559485530545,1.6672025723472665,164.00443442259186,1
2308,14.514469453376202,1.7456591639871377,177.79995436323418,1
2309,14.122186495176845,1.8731511254019289,11.022574308028126,1
2310,13.759324758842439,2.079099678456591,24.121629858170003,1
2311,13.445498392282953,2.3340836012861734,36.94590046591441,1
2312,13.170900321543405,2.6479099678456586,47.48327950662875,1
2313,12.935530546623792,3.0107717041800637,57.475921697759354,1
2314,12.749196141479098,3.4226688102893883,65.5669424285284,1
2315,12.611897106109321,3.854180064308681,72.89339307080245,1
2316,12.543247588424434,4.344533762057877,79.56406996254374,1
2317,12.543247588424434,4.854501607717041,84.8293535965923,1
2318,12.58247588424437,5.364469453376205,89.95379322513766,1
2319,12.660932475884241,5.874437299035368,93.937361517174,1
2320,12.788424437299032,6.394212218649516,96.75148227828157,1
2321,12.935530546623792,6.90418006430868,97.66604288645279,1
2322,13.112057877813502,7.404340836012859,99.57989400447366,1
2323,13.308199356913182,7.894694533762056,100.898866054803,1
2324,13.533762057877812,8.385048231511252,102.91535235747568,1
2325,13.788745980707393,8.85578778135048,106.57346450904961,1
2326,14.073151125401926,9.287299035369774,111.37094941341101,1
2327,14.396784565916395,9.67958199356913,116.94521509763587,1
2328,14.769453376205783,10.022829581993566,124.58315998897534,1
2329,15.191157556270094,10.297427652733116,135.22779333395323,1
2330,15.642282958199354,10.483762057877811,147.3550483243504,1
2331,16.122829581993564,10.572025723472667,161.64357913413843,1
2332,16.622990353697745,10.562218649517682,175.53877889680552,1
2333,17.13295819935691,10.464147909967844,8.619182288027773,1
2334,17.642926045016072,10.268006430868166,19.67187423217791,1
