frame,x_cm,y_cm,theta,detected
300,,,,0
301,,,,0
302,,,,0
303,,,,0
304,,,,0
305,12.966183574879208,5.746376811594194,119.70085906982422,1
306,13.555555555555536,5.991948470209331,126.99916076660156,1
307,14.046698872785809,5.942834138486304,155.48153686523438,1
308,14.636070853462137,5.893719806763277,165.36439514160156,1
309,15.127214170692408,5.8446054750402485,2.1556222438812256,1
310,15.814814814814792,5.795491143317221,8.284313201904297,1
311,16.109500805152955,5.697262479871167,1.5920387506484985,1
312,16.20772946859901,5.893719806763277,177.72171020507812,1
313,17.6320450885668,4.665861513687593,174.33775329589844,1
314,17.87761674718194,4.37117552334943,2.00590443611145,1
315,18.270531400966156,4.076489533011266,4.434762477874756,1
316,18.56521739130432,3.536231884057966,8.88117504119873,1
317,18.810789049919457,3.0450885668276926,16.37710189819336,1
318,18.712560386473402,2.6521739130434745,28.115379333496094,1
319,18.761674718196428,2.5539452495974198,58.763954162597656,1
320,18.95813204508854,1.8663446054750374,54.43996047973633,1
321,18.90901771336551,1.2769726247987099,61.67857360839844,1
322,19.056360708534594,0.9822866344605461,48.02102279663086,1
323,19.351046698872757,0.7858293075684368,40.62990951538086,1
324,19.49838969404184,0.8840579710144915,39.13572311401367,1
325,20.284219001610275,0.9331723027375187,43.68455123901367,1
326,20.284219001610275,0.9822866344605461,40.07355880737305,1
327,20.57890499194844,0.8349436392914641,36.44908905029297,1
328,20.57890499194844,0.7858293075684368,23.936824798583984,1
329,20.97181964573266,0.6876006441223822,10.214797973632812,1
330,21.217391304347796,0.6384863123993549,4.196232318878174,1
331,21.757648953301096,0.3929146537842184,179.8018341064453,1
332,22.150563607085314,0.2946859903381638,6.093110084533691,1
333,22.347020933977422,0.44202898550724573,3.5406482219696045,1
334,22.690821256038614,0.6384863123993549,1.0904133319854736,1
335,23.13285024154586,0.6384863123993549,1.5949125289916992,1
336,23.476650563607052,0.5893719806763276,1.0552363395690918,1
337,23.86956521739127,0.44202898550724573,4.715173244476318,1
338,24.21336553945246,0.3438003220611911,2.8922550678253174,1
339,24.40982286634457,0.44202898550724573,175.09707641601562,1
340,24.75362318840576,0.5402576489533003,171.53237915039062,1
341,25.14653784218998,0.6384863123993549,169.3833465576172,1
342,25.539452495974196,0.7858293075684368,163.71658325195312,1
343,25.981481481481442,0.9822866344605461,160.2428436279297,1
344,26.57085346215777,1.1787439613526551,153.14007568359375,1
345,27.25845410628015,1.4243156199677918,157.0248260498047,1
346,27.896940418679506,1.6698872785829282,164.80859375,1
347,27.946054750402535,1.768115942028983,165.7060546875,1
348,27.651368760064372,1.9154589371980648,153.53744506835938,1
349,27.749597423510426,2.308373590982283,138.65322875976562,1
350,27.946054750402535,2.6521739130434745,121.19666290283203,1
351,28.093397745571618,3.09420289855072,124.71703338623047,1
352,28.338969404186752,3.438003220611911,119.28395080566406,1
353,28.682769726247944,3.8309178743961296,125.92656707763672,1
354,28.780998389694,4.272946859903375,118.52156066894531,1
355,28.879227053140053,4.665861513687593,110.4981689453125,1
356,29.026570048309136,5.157004830917867,107.22624969482422,1
357,29.272141706924273,5.697262479871167,106.0466079711914,1
358,29.3212560386473,6.041062801932358,97.82533264160156,1
359,29.419484702093353,6.384863123993549,94.4136962890625,1
360,29.566827697262436,6.826892109500795,100.5905532836914,1
361,29.566827697262436,7.170692431561986,96.70787048339844,1
362,29.566827697262436,7.514492753623177,96.91571044921875,1
363,29.61594202898546,7.907407407407396,93.306396484375,1
364,29.714170692431516,8.300322061191615,89.77384185791016,1
365,29.812399355877574,8.74235104669886,94.08096313476562,1
366,29.714170692431516,8.987922705313997,91.94252014160156,1
367,29.763285024154545,9.47906602254427,93.12800598144531,1
368,29.763285024154545,9.921095008051514,89.26307678222656,1
369,29.8615136876006,10.36312399355876,92.60596466064453,1
370,29.812399355877574,10.805152979066007,94.1529541015625,1
371,29.812399355877574,11.29629629629628,91.19216918945312,1
372,29.812399355877574,11.885668276972607,92.7369384765625,1
373,29.959742351046653,12.37681159420288,92.91571044921875,1
374,29.812399355877574,12.769726247987098,94.57112884521484,1
375,29.66505636070849,13.260869565217371,88.1347427368164,1
376,29.66505636070849,13.899355877616726,89.86498260498047,1
377,29.566827697262436,14.488727858293053,92.73300170898438,1
378,29.517713365539407,15.274557165861491,89.28414916992188,1
379,29.517713365539407,16.109500805152955,89.58944702148438,1
380,29.61594202898546,16.846215780998364,92.72972106933594,1
381,29.763285024154545,17.48470209339772,100.0317153930664,1
382,29.8615136876006,18.074074074074048,110.97550964355469,1
383,29.910628019323628,18.41787439613524,100.81419372558594,1
384,30.008856682769682,18.810789049919457,105.44395446777344,1
385,30.008856682769682,19.15458937198065,97.35074615478516,1
386,30.107085346215737,19.547504025764866,99.88468933105469,1
387,30.156199677938762,19.891304347826058,99.74783325195312,1
388,30.156199677938762,20.284219001610275,101.30978393554688,1
389,30.254428341384816,20.628019323671467,102.0682373046875,1
390,30.254428341384816,20.873590982286604,94.8000717163086,1
391,30.303542673107845,21.26650563607082,93.43254089355469,1
392,30.4017713365539,21.65942028985504,97.36013793945312,1
393,30.4017713365539,22.00322061191623,95.47787475585938,1
394,30.45088566827693,22.347020933977422,95.84475708007812,1
395,30.45088566827693,22.690821256038614,96.37117767333984,1
396,30.4017713365539,22.93639291465375,100.26725006103516,1
397,30.499999999999954,23.32930756843797,100.93880462646484,1
398,30.549114331722983,23.62399355877613,97.71205139160156,1
399,30.549114331722983,23.918679549114295,98.93437957763672,1
400,30.499999999999954,24.164251207729432,103.55912017822266,1
401,30.499999999999954,24.40982286634457,103.10419464111328,1
402,30.549114331722983,24.802737520128787,98.63919067382812,1
403,30.549114331722983,25.048309178743924,96.81991577148438,1
404,30.549114331722983,25.244766505636033,103.53491973876953,1
405,30.647342995169037,25.539452495974196,99.52749633789062,1
406,30.696457326892062,25.834138486312362,100.75411987304688,1
407,30.696457326892062,26.128824476650525,101.11041259765625,1
408,30.74557165861509,26.472624798711717,95.3583755493164,1
409,30.794685990338117,26.76731078904988,95.75732421875,1
410,30.794685990338117,27.012882447665017,93.1436996459961,1
411,30.843800322061146,27.30756843800318,96.25162506103516,1
412,30.843800322061146,27.602254428341343,95.84989929199219,1
413,30.843800322061146,27.896940418679506,94.3289794921875,1
414,30.843800322061146,28.191626409017672,102.08318328857422,1
415,30.843800322061146,28.437198067632806,95.45487976074219,1
416,30.843800322061146,28.682769726247944,97.94134521484375,1
417,30.843800322061146,28.780998389694,97.71868896484375,1
418,30.794685990338117,28.780998389694,99.24561309814453,1
419,30.598228663446008,28.682769726247944,96.56720733642578,1
420,30.696457326892062,28.731884057970973,98.94761657714844,1
421,30.843800322061146,28.879227053140053,99.9933853149414,1
422,30.892914653784175,28.830112721417027,101.0142593383789,1
423,30.74557165861509,28.682769726247944,94.38821411132812,1
424,30.843800322061146,28.731884057970973,98.79794311523438,1
425,30.892914653784175,28.780998389694,98.22640991210938,1
426,30.892914653784175,28.830112721417027,99.05279541015625,1
427,30.74557165861509,28.731884057970973,94.71769714355469,1
428,30.598228663446008,28.63365539452492,88.70887756347656,1
429,30.598228663446008,28.731884057970973,89.56891632080078,1
430,30.794685990338117,28.830112721417027,97.03964233398438,1
431,30.843800322061146,28.682769726247944,105.16826629638672,1
432,30.892914653784175,28.731884057970973,101.67955017089844,1
433,30.843800322061146,28.92834138486308,99.2943115234375,1
434,30.647342995169037,28.830112721417027,90.69981384277344,1
435,30.549114331722983,28.830112721417027,88.18119812011719,1
436,30.45088566827693,28.830112721417027,84.04838562011719,1
437,30.352657004830874,28.92834138486308,80.25407409667969,1
438,30.20531400966179,28.92834138486308,77.32860565185547,1
439,30.107085346215737,28.977455716586107,69.33834838867188,1
440,29.8615136876006,29.026570048309136,57.40647888183594,1
441,29.66505636070849,29.17391304347822,55.494842529296875,1
442,29.517713365539407,29.3212560386473,48.40230178833008,1
443,29.272141706924273,29.566827697262436,35.05571746826172,1
444,29.026570048309136,29.714170692431516,34.409664154052734,1
445,28.830112721417027,29.8615136876006,25.845287322998047,1
446,28.53542673107886,30.008856682769682,21.103132247924805,1
447,28.338969404186752,30.107085346215737,21.156579971313477,1
448,28.142512077294644,30.107085346215737,15.126151084899902,1
449,27.84782608695648,30.20531400966179,12.649639129638672,1
450,27.602254428341343,30.303542673107845,12.387189865112305,1
451,27.25845410628015,30.352657004830874,10.003509521484375,1
452,26.914653784218963,30.499999999999954,10.881170272827148,1
453,26.57085346215777,30.549114331722983,7.447220325469971,1
454,26.22705314009658,30.598228663446008,2.1621172428131104,1
455,25.981481481481442,30.598228663446008,3.0168375968933105,1
456,25.735909822866308,30.598228663446008,6.841507434844971,1
457,25.539452495974196,30.598228663446008,4.152458667755127,1
458,25.293880837359062,30.598228663446008,1.0726100206375122,1
459,25.048309178743924,30.647342995169037,5.783755302429199,1
460,24.802737520128787,30.598228663446008,7.145465850830078,1
461,24.458937198067595,30.598228663446008,10.682120323181152,1
462,24.115136876006407,30.598228663446008,4.617990970611572,1
463,23.82045088566824,30.647342995169037,9.888997077941895,1
464,23.476650563607052,30.499999999999954,6.203381538391113,1
465,23.231078904991914,30.45088566827693,2.1921212673187256,1
466,22.838164251207694,30.45088566827693,5.479608058929443,1
467,22.59259259259256,30.549114331722983,12.90268611907959,1
468,22.347020933977422,30.45088566827693,9.742175102233887,1
469,22.101449275362285,30.45088566827693,7.488456726074219,1
470,21.85587761674715,30.549114331722983,11.38016414642334,1
471,21.610305958132013,30.598228663446008,10.376771926879883,1
472,21.364734299516876,30.598228663446008,13.721921920776367,1
473,21.119162640901738,30.598228663446008,11.209661483764648,1
474,20.824476650563575,30.647342995169037,12.169684410095215,1
475,20.57890499194844,30.647342995169037,9.37000560760498,1
476,20.284219001610275,30.696457326892062,11.376949310302734,1
477,19.989533011272112,30.74557165861509,10.389335632324219,1
478,19.69484702093395,30.74557165861509,10.282944679260254,1
479,19.400161030595783,30.74557165861509,9.595833778381348,1
480,19.056360708534594,30.74557165861509,9.135571479797363,1
481,18.712560386473402,30.794685990338117,1.3076809644699097,1
482,18.41787439613524,30.794685990338117,4.678310871124268,1
483,17.975845410627993,30.794685990338117,4.745431423187256,1
484,17.6320450885668,30.74557165861509,0.716283917427063,1
485,17.239130434782584,30.549114331722983,174.54254150390625,1
486,16.846215780998364,30.303542673107845,169.5722198486328,1
487,16.404186795491118,30.156199677938762,169.8843536376953,1
488,15.913043478260846,30.057971014492708,178.5366973876953,1
489,15.520128824476627,30.057971014492708,9.181357383728027,1
490,15.078099838969381,30.20531400966179,24.043739318847656,1
491,14.783413848631218,30.107085346215737,23.976953506469727,1
492,14.488727858293053,29.910628019323628,13.878508567810059,1
493,14.046698872785809,29.910628019323628,11.090429306030273,1
494,13.65378421900159,30.008856682769682,19.40932273864746,1
495,13.309983896940398,30.156199677938762,24.757495880126953,1
496,12.867954911433154,30.156199677938762,20.185443878173828,1
497,12.425925925925908,30.107085346215737,8.010926246643066,1
498,12.033011272141689,30.107085346215737,6.709372520446777,1
499,11.689210950080497,30.20531400966179,8.740489959716797,1
500,11.29629629629628,30.303542673107845,19.804096221923828,1
501,11.001610305958115,30.352657004830874,19.526241302490234,1
502,10.657809983896925,30.4017713365539,19.95771026611328,1
503,10.36312399355876,30.45088566827693,20.170167922973633,1
504,10.068438003220598,30.45088566827693,17.72995948791504,1
505,9.82286634460546,30.45088566827693,19.067636489868164,1
506,9.528180354267297,30.499999999999954,21.293338775634766,1
507,9.184380032206105,30.499999999999954,16.415380477905273,1
508,8.840579710144914,30.549114331722983,21.320600509643555,1
509,8.54589371980675,30.598228663446008,20.67157745361328,1
510,8.202093397745559,30.598228663446008,19.86870574951172,1
511,7.858293075684369,30.598228663446008,19.53346061706543,1
512,7.563607085346204,30.598228663446008,21.416873931884766,1
513,7.170692431561986,30.647342995169037,17.6262264251709,1
514,6.876006441223822,30.696457326892062,24.65306282043457,1
515,6.532206119162631,30.696457326892062,16.053970336914062,1
516,6.286634460547495,30.74557165861509,14.856681823730469,1
517,5.942834138486304,30.794685990338117,11.968990325927734,1
518,5.64814814814814,30.843800322061146,15.98106575012207,1
519,5.353462157809976,30.843800322061146,14.106513977050781,1
520,5.058776167471812,30.843800322061146,13.697684288024902,1
521,4.7149758454106205,30.794685990338117,10.133509635925293,1
522,4.420289855072457,30.74557165861509,8.471266746520996,1
523,4.027375201288239,30.794685990338117,11.602499008178711,1
524,3.732689210950075,30.794685990338117,13.033516883850098,1
525,3.388888888888884,30.794685990338117,12.662328720092773,1
526,3.3397745571658564,30.794685990338117,12.716373443603516,1
527,3.290660225442829,30.74557165861509,8.455172538757324,1
528,3.241545893719802,30.74557165861509,5.555062770843506,1
529,3.290660225442829,30.794685990338117,11.187287330627441,1
530,3.290660225442829,30.794685990338117,12.801067352294922,1
531,3.290660225442829,30.794685990338117,12.068544387817383,1
532,3.241545893719802,30.843800322061146,13.931066513061523,1
533,3.241545893719802,30.843800322061146,9.59765625,1
534,3.290660225442829,30.843800322061146,13.053028106689453,1
535,3.290660225442829,30.843800322061146,12.532279014587402,1
536,3.241545893719802,30.794685990338117,10.628457069396973,1
537,3.241545893719802,30.892914653784175,12.753316879272461,1
538,3.241545893719802,30.843800322061146,8.836295127868652,1
539,3.290660225442829,30.892914653784175,7.943968772888184,1
540,3.290660225442829,30.892914653784175,6.9892578125,1
541,3.290660225442829,30.9420289855072,7.353526592254639,1
542,3.290660225442829,30.9420289855072,6.528505802154541,1
543,3.290660225442829,30.892914653784175,7.432775497436523,1
544,3.3397745571658564,30.843800322061146,0.6013503670692444,1
545,3.290660225442829,30.843800322061146,178.0964813232422,1
546,3.3397745571658564,30.843800322061146,176.6107177734375,1
547,3.3397745571658564,30.794685990338117,173.16189575195312,1
548,3.241545893719802,30.696457326892062,174.6525421142578,1
549,3.1433172302737473,30.647342995169037,167.280517578125,1
550,3.09420289855072,30.549114331722983,161.38890075683594,1
551,3.09420289855072,30.4017713365539,160.4224395751953,1
552,3.0450885668276926,30.20531400966179,152.731689453125,1
553,2.8486312399355835,29.959742351046653,132.3819580078125,1
554,2.603059581320447,29.763285024154545,135.2578125,1
555,2.5048309178743926,29.566827697262436,131.57565307617188,1
556,2.3574879227053103,29.3212560386473,116.40398406982422,1
557,2.1610305958132012,29.07568438003216,114.79786682128906,1
558,2.0136876006441193,28.879227053140053,110.29434967041016,1
559,1.8663446054750374,28.63365539452492,107.59607696533203,1
560,1.768115942028983,28.338969404186752,104.71898651123047,1
561,1.7190016103059556,28.191626409017672,98.1658706665039,1
562,1.5225442834138463,27.79871175523345,98.90727233886719,1
563,1.3752012882447644,27.553140096618318,95.66558837890625,1
564,1.4243156199677918,27.160225442834097,88.20724487304688,1
565,1.4243156199677918,26.865539452495934,87.74453735351562,1
566,1.3260869565217372,26.325281803542634,88.42272186279297,1
567,1.2278582930756825,25.785024154589333,93.57364654541016,1
568,1.2769726247987099,25.44122383252814,89.5216293334961,1
569,1.2769726247987099,25.048309178743924,85.6379623413086,1
570,1.0805152979066006,24.704508856682732,93.85601806640625,1
571,1.1787439613526551,24.508051529790624,97.0515365600586,1
572,1.1787439613526551,24.262479871175486,94.23294067382812,1
573,1.0805152979066006,23.918679549114295,93.5032730102539,1
574,1.0314009661835732,23.67310789049916,91.0781478881836,1
575,0.9822866344605461,23.525764895330077,89.4141616821289,1
576,1.0805152979066006,23.181964573268885,95.31486511230469,1
577,1.0314009661835732,22.78904991948467,91.9288558959961,1
578,1.0314009661835732,22.54347826086953,91.8279037475586,1
579,1.129629629629628,22.248792270531368,85.23365783691406,1
580,1.3260869565217372,21.85587761674715,84.7806625366211,1
581,1.3260869565217372,21.51207729468596,86.80723571777344,1
582,1.2278582930756825,21.119162640901738,94.41276550292969,1
583,1.129629629629628,20.873590982286604,92.01619720458984,1
584,1.0805152979066006,20.57890499194844,91.73258209228516,1
585,1.0805152979066006,20.333333333333304,95.89630126953125,1
586,1.0314009661835732,20.087761674718166,91.62985229492188,1
587,1.0314009661835732,19.69484702093395,91.23965454101562,1
588,0.9331723027375187,19.30193236714973,87.94996643066406,1
589,0.9331723027375187,18.95813204508854,91.12989044189453,1
590,0.9331723027375187,18.614331723027348,89.12683868408203,1
591,0.9822866344605461,18.270531400966156,86.21977233886719,1
592,1.0805152979066006,17.926731078904965,83.95848846435547,1
593,1.0805152979066006,17.582930756843773,85.34402465820312,1
594,1.1787439613526551,16.993558776167447,81.30233001708984,1
595,1.1787439613526551,16.5515297906602,83.0323715209961,1
596,1.2278582930756825,16.109500805152955,90.12828063964844,1
597,1.129629629629628,15.667471819645709,96.27056884765625,1
598,1.0314009661835732,15.176328502415437,99.68441772460938,1
599,1.129629629629628,14.783413848631218,102.08406829833984,1
600,1.0805152979066006,14.292270531400945,98.40536499023438,1
601,0.9822866344605461,13.948470209339753,96.29714965820312,1
602,0.9331723027375187,13.555555555555536,93.64306640625,1
603,0.9822866344605461,13.162640901771317,94.32264709472656,1
604,0.9331723027375187,12.818840579710125,91.37491607666016,1
605,0.8349436392914641,12.475040257648935,91.50350952148438,1
606,0.8349436392914641,12.229468599033797,95.32535552978516,1
607,0.7858293075684368,11.885668276972607,91.35350036621094,1
608,0.7367149758454096,11.541867954911416,93.95321655273438,1
609,0.7367149758454096,11.29629629629628,98.5745620727539,1
610,0.8349436392914641,11.09983896940417,89.4188003540039,1
611,0.8840579710144915,10.75603864734298,89.34764099121094,1
612,0.8349436392914641,10.36312399355876,92.85478210449219,1
613,0.7367149758454096,10.01932367149757,97.93771362304688,1
614,0.6876006441223822,9.626409017713351,92.34525299072266,1
615,0.5893719806763276,9.331723027375187,93.4768295288086,1
616,0.6384863123993549,9.086151368760051,89.30553436279297,1
617,0.6384863123993549,8.791465378421886,83.98295593261719,1
618,0.6384863123993549,8.39855072463767,96.4250717163086,1
619,0.5893719806763276,8.00563607085345,95.39391326904297,1
620,0.5402576489533003,7.661835748792259,95.84318542480469,1
621,0.5402576489533003,7.3671497584540955,95.96453857421875,1
622,0.44202898550724573,7.072463768115932,87.37236785888672,1
623,0.44202898550724573,6.876006441223822,90.16397094726562,1
624,0.44202898550724573,6.532206119162631,88.22663879394531,1
625,0.44202898550724573,6.2375201288244675,88.93299865722656,1
626,0.3929146537842184,6.041062801932358,93.03105163574219,1
627,0.3929146537842184,5.746376811594194,89.5434341430664,1
628,0.44202898550724573,5.402576489533003,89.36709594726562,1
629,0.44202898550724573,5.157004830917867,89.45452880859375,1
630,0.6384863123993549,4.862318840579703,91.59796142578125,1
631,0.7858293075684368,4.567632850241539,93.1301498413086,1
632,0.6876006441223822,4.3220611916264025,94.97903442382812,1
633,0.6876006441223822,4.076489533011266,98.77326965332031,1
634,0.9331723027375187,3.781803542673102,87.37250518798828,1
635,1.1787439613526551,3.438003220611911,81.08826446533203,1
636,1.2769726247987099,3.0450885668276926,77.56346893310547,1
637,1.3260869565217372,2.750402576489529,80.74040222167969,1
638,1.3260869565217372,2.5539452495974198,86.8256607055664,1
639,1.2769726247987099,2.750402576489529,91.3753890991211,1
640,1.1787439613526551,2.603059581320447,93.94347381591797,1
641,0.9822866344605461,2.455716586151365,105.28028106689453,1
642,0.9822866344605461,2.406602254428338,107.62379455566406,1
643,0.9822866344605461,2.406602254428338,109.53706359863281,1
644,1.0314009661835732,2.3574879227053103,109.34352111816406,1
645,1.0805152979066006,2.3574879227053103,111.0589828491211,1
646,1.2769726247987099,2.406602254428338,105.82906341552734,1
647,1.2769726247987099,2.455716586151365,104.31287384033203,1
648,1.1787439613526551,2.5539452495974198,116.19015502929688,1
649,1.2278582930756825,2.7012882447665016,113.43434143066406,1
650,1.129629629629628,2.5539452495974198,110.84513092041016,1
651,1.0805152979066006,2.5539452495974198,101.01741790771484,1
652,1.0314009661835732,2.406602254428338,109.2198486328125,1
653,1.129629629629628,2.406602254428338,109.02842712402344,1
654,1.129629629629628,2.406602254428338,109.42628479003906,1
655,1.129629629629628,2.406602254428338,109.73655700683594,1
656,1.129629629629628,2.406602254428338,112.305908203125,1
657,1.1787439613526551,2.455716586151365,110.07429504394531,1
658,1.2769726247987099,2.5048309178743926,104.13786315917969,1
659,1.2769726247987099,2.5048309178743926,106.34156036376953,1
660,1.2278582930756825,2.455716586151365,118.5506591796875,1
661,1.3752012882447644,2.5539452495974198,105.87734985351562,1
662,1.3260869565217372,2.5048309178743926,110.01156616210938,1
663,1.2769726247987099,2.455716586151365,114.33345031738281,1
664,1.2769726247987099,2.2101449275362284,121.13390350341797,1
665,1.3752012882447644,2.3574879227053103,117.24945068359375,1
666,1.4243156199677918,2.406602254428338,124.54354858398438,1
667,1.3752012882447644,2.308373590982283,121.91674041748047,1
668,1.4243156199677918,2.259259259259256,122.96453094482422,1
669,1.4734299516908191,2.2101449275362284,122.65357971191406,1
670,1.4734299516908191,2.1610305958132012,122.5926284790039,1
671,1.4734299516908191,2.1610305958132012,124.44916534423828,1
672,1.5225442834138463,2.2101449275362284,124.35626220703125,1
673,1.5716586151368737,2.259259259259256,117.87785339355469,1
674,1.4734299516908191,2.308373590982283,126.54373931884766,1
675,1.4243156199677918,2.308373590982283,125.5528335571289,1
676,1.4243156199677918,2.308373590982283,127.1554946899414,1
677,1.4734299516908191,2.259259259259256,117.42325592041016,1
678,1.3752012882447644,2.3574879227053103,124.7009048461914,1
679,1.5225442834138463,2.455716586151365,111.76792907714844,1
680,1.3752012882447644,2.308373590982283,119.41885375976562,1
681,1.4243156199677918,2.5048309178743926,111.69959259033203,1
682,1.2769726247987099,2.3574879227053103,117.88699340820312,1
683,1.2769726247987099,2.406602254428338,119.15310668945312,1
684,1.4243156199677918,2.455716586151365,106.31237030029297,1
685,1.4243156199677918,2.5539452495974198,110.17389678955078,1
686,1.3260869565217372,2.406602254428338,117.14241027832031,1
687,1.4734299516908191,2.406602254428338,111.49625396728516,1
688,1.4734299516908191,2.308373590982283,120.38717651367188,1
689,1.4243156199677918,2.1610305958132012,120.37703704833984,1
690,1.4734299516908191,2.2101449275362284,122.12298583984375,1
691,1.5225442834138463,2.308373590982283,112.29405975341797,1
692,1.4734299516908191,2.3574879227053103,118.10384368896484,1
693,1.4734299516908191,2.3574879227053103,116.28890991210938,1
694,1.3752012882447644,2.308373590982283,119.04043579101562,1
695,1.3752012882447644,2.259259259259256,115.88431549072266,1
696,1.3260869565217372,2.308373590982283,115.35350036621094,1
697,1.3260869565217372,2.308373590982283,114.15570068359375,1
698,1.3260869565217372,2.308373590982283,112.49871063232422,1
699,1.2769726247987099,2.308373590982283,112.48096466064453,1
700,1.2769726247987099,2.3574879227053103,117.18811798095703,1
701,1.2278582930756825,2.406602254428338,116.02349090576172,1
702,1.2278582930756825,2.3574879227053103,108.62960052490234,1
703,1.2769726247987099,2.3574879227053103,114.3781967163086,1
704,1.5225442834138463,2.455716586151365,117.9668960571289,1
705,1.4243156199677918,2.2101449275362284,119.67503356933594,1
706,1.4734299516908191,2.2101449275362284,116.68907928466797,1
707,1.5225442834138463,2.308373590982283,124.32683563232422,1
708,1.620772946859901,2.3574879227053103,122.9272232055664,1
709,2.0136876006441193,2.7012882447665016,109.88638305664062,1
710,1.9154589371980648,2.5539452495974198,108.10855102539062,1
711,1.9645732689210922,2.7012882447665016,106.78456115722656,1
712,1.9154589371980648,2.5539452495974198,109.15579223632812,1
713,2.111916264090174,3.0450885668276926,97.89285278320312,1
714,2.0136876006441193,2.8977455716586107,105.00082397460938,1
715,2.1610305958132012,3.290660225442829,86.07121276855469,1
716,2.0628019323671465,3.0450885668276926,95.13687133789062,1
717,2.1610305958132012,3.241545893719802,77.31492614746094,1
718,2.1610305958132012,2.9468599033816383,97.22822570800781,1
719,2.2101449275362284,2.8486312399355835,99.72996520996094,1
720,2.2101449275362284,2.8977455716586107,101.24170684814453,1
721,2.259259259259256,3.1433172302737473,76.48946380615234,1
722,2.259259259259256,3.1433172302737473,73.12361907958984,1
723,2.111916264090174,2.750402576489529,99.9066162109375,1
724,2.455716586151365,3.1433172302737473,82.20513916015625,1
725,2.406602254428338,3.1433172302737473,79.025634765625,1
726,2.455716586151365,3.1433172302737473,83.48653411865234,1
727,2.455716586151365,2.9468599033816383,95.66545867919922,1
728,2.259259259259256,3.241545893719802,70.68822479248047,1
729,2.0136876006441193,3.63446054750402,24.155920028686523,1
730,1.9154589371980648,3.63446054750402,3.8525147438049316,1
731,2.111916264090174,3.585346215780993,26.682254791259766,1
732,2.2101449275362284,3.241545893719802,74.78718566894531,1
733,2.2101449275362284,3.290660225442829,67.38634490966797,1
734,2.5048309178743926,2.8977455716586107,102.62370300292969,1
735,2.603059581320447,2.8977455716586107,100.61134338378906,1
736,2.5539452495974198,2.8486312399355835,104.2233657836914,1
737,2.5048309178743926,2.750402576489529,103.33595275878906,1
738,2.5048309178743926,2.8486312399355835,100.23406219482422,1
739,2.3574879227053103,3.3397745571658564,98.6766357421875,1
740,1.81723027375201,3.63446054750402,17.78713607788086,1
741,1.620772946859901,3.63446054750402,164.87216186523438,1
742,1.5716586151368737,3.585346215780993,167.83566284179688,1
743,1.4243156199677918,3.536231884057966,146.83154296875,1
744,1.7190016103059556,3.880032206119157,164.0028076171875,1
745,1.6698872785829282,3.732689210950075,145.85452270507812,1
746,1.7190016103059556,3.8309178743961296,165.72848510742188,1
747,1.81723027375201,3.9782608695652115,165.9860076904297,1
748,1.81723027375201,3.9782608695652115,170.78445434570312,1
749,1.768115942028983,3.9782608695652115,169.38739013671875,1
750,1.9645732689210922,4.027375201288239,171.62542724609375,1
751,2.111916264090174,3.9782608695652115,1.2494925260543823,1
752,2.0136876006441193,3.9782608695652115,1.9576553106307983,1
753,2.308373590982283,3.9782608695652115,8.0084810256958,1
754,1.3260869565217372,1.5225442834138463,68.10385131835938,1
755,2.6521739130434745,2.7012882447665016,117.76590728759766,1
756,2.6521739130434745,3.1433172302737473,98.96048736572266,1
757,2.7012882447665016,3.290660225442829,93.2130126953125,1
758,2.7012882447665016,3.3397745571658564,60.134395599365234,1
759,2.6521739130434745,3.438003220611911,91.89424133300781,1
760,,,,0
761,,,,0
762,,,,0
763,,,,0
764,,,,0
765,,,,0
766,,,,0
767,,,,0
768,,,,0
769,,,,0
770,,,,0
771,,,,0
772,1.8663446054750374,3.9291465378421844,176.3734893798828,1
773,2.455716586151365,3.9291465378421844,35.9553108215332,1
774,0.8840579710144915,1.6698872785829282,102.91588592529297,1
775,2.5048309178743926,3.9291465378421844,22.998924255371094,1
776,1.0805152979066006,1.4734299516908191,108.01689147949219,1
777,,,,0
778,1.3260869565217372,1.620772946859901,116.81710052490234,1
779,,,,0
780,,,,0
781,,,,0
782,,,,0
783,,,,0
784,,,,0
785,,,,0
786,,,,0
787,,,,0
788,,,,0
789,,,,0
790,,,,0
791,,,,0
792,1.3260869565217372,1.3752012882447644,108.4439697265625,1
793,,,,0
794,,,,0
795,,,,0
796,,,,0
797,,,,0
798,,,,0
799,,,,0
800,,,,0
801,,,,0
802,,,,0
803,,,,0
804,,,,0
805,,,,0
806,,,,0
807,,,,0
808,,,,0
809,,,,0
810,2.6521739130434745,3.585346215780993,73.5415267944336,1
811,,,,0
812,,,,0
813,,,,0
814,,,,0
815,,,,0
816,,,,0
817,,,,0
818,1.2769726247987099,1.4243156199677918,107.1053237915039,1
819,,,,0
820,,,,0
821,,,,0
822,,,,0
823,2.111916264090174,3.388888888888884,97.31893920898438,1
824,1.129629629629628,3.63446054750402,120.03755950927734,1
825,,,,0
826,1.0805152979066006,3.585346215780993,121.23625946044922,1
827,1.4734299516908191,3.6835748792270477,149.24522399902344,1
828,1.3752012882447644,3.536231884057966,143.87249755859375,1
829,1.4243156199677918,3.585346215780993,157.78793334960938,1
830,1.1787439613526551,3.6835748792270477,131.70697021484375,1
831,,,,0
832,,,,0
833,,,,0
834,,,,0
835,,,,0
836,,,,0
837,,,,0
838,,,,0
839,1.4243156199677918,1.5225442834138463,117.36988067626953,1
840,2.0136876006441193,3.9782608695652115,174.49826049804688,1
841,1.620772946859901,3.8309178743961296,176.71546936035156,1
842,1.2769726247987099,1.5716586151368737,98.58562469482422,1
843,1.129629629629628,3.63446054750402,127.4328384399414,1
844,1.620772946859901,3.8309178743961296,159.0386962890625,1
845,1.129629629629628,3.63446054750402,121.00567626953125,1
846,1.129629629629628,3.63446054750402,128.2643280029297,1
847,2.0136876006441193,3.290660225442829,91.38265991210938,1
848,,,,0
849,2.0628019323671465,3.3397745571658564,87.55217742919922,1
850,,,,0
851,1.0805152979066006,3.63446054750402,124.52169036865234,1
852,0.9822866344605461,3.438003220611911,119.3772201538086,1
853,1.3752012882447644,3.63446054750402,145.44236755371094,1
854,0.9822866344605461,3.4871175523349383,115.43219757080078,1
855,1.3752012882447644,3.6835748792270477,153.72328186035156,1
856,1.2278582930756825,3.438003220611911,132.84335327148438,1
857,1.1787439613526551,3.438003220611911,124.40393829345703,1
858,1.0805152979066006,3.290660225442829,116.62315368652344,1
859,1.1787439613526551,3.388888888888884,112.24795532226562,1
860,1.2278582930756825,3.438003220611911,117.72544860839844,1
861,1.2769726247987099,3.388888888888884,146.27777099609375,1
862,,,,0
863,,,,0
864,,,,0
865,,,,0
866,2.5539452495974198,2.5048309178743926,119.21673583984375,1
867,2.5048309178743926,2.2101449275362284,123.45043182373047,1
868,2.603059581320447,2.455716586151365,129.51710510253906,1
869,2.5048309178743926,2.2101449275362284,122.64756774902344,1
870,2.455716586151365,2.2101449275362284,127.40853881835938,1
871,2.5539452495974198,2.2101449275362284,132.04153442382812,1
872,2.455716586151365,2.111916264090174,123.87035369873047,1
873,2.455716586151365,2.1610305958132012,121.45622253417969,1
874,2.5048309178743926,2.2101449275362284,125.2441635131836,1
875,2.455716586151365,2.2101449275362284,121.47586059570312,1
876,2.455716586151365,2.1610305958132012,123.65644073486328,1
877,2.5539452495974198,2.308373590982283,127.50141906738281,1
878,2.5539452495974198,2.5048309178743926,113.18267822265625,1
879,2.5539452495974198,2.259259259259256,122.69046020507812,1
880,2.5048309178743926,2.3574879227053103,114.80244445800781,1
881,2.5048309178743926,2.2101449275362284,124.8467788696289,1
882,2.5048309178743926,2.259259259259256,129.6656494140625,1
883,2.603059581320447,2.3574879227053103,125.41448211669922,1
884,2.603059581320447,2.3574879227053103,125.77478790283203,1
885,,,,0
886,,,,0
887,,,,0
888,,,,0
889,1.8663446054750374,3.1924315619967745,94.96525573730469,1
890,2.0136876006441193,3.3397745571658564,90.73944091796875,1
891,,,,0
892,1.5225442834138463,3.880032206119157,160.048828125,1
893,,,,0
894,,,,0
895,,,,0
896,1.1787439613526551,3.781803542673102,123.99535369873047,1
897,,,,0
898,1.129629629629628,1.620772946859901,104.99391174316406,1
899,0.9822866344605461,1.8663446054750374,114.51679229736328,1
900,2.1610305958132012,4.076489533011266,34.028221130371094,1
901,,,,0
902,1.2769726247987099,1.768115942028983,100.77442932128906,1
903,,,,0
904,,,,0
905,1.1787439613526551,3.9291465378421844,123.23590850830078,1
906,1.0805152979066006,3.732689210950075,125.00025177001953,1
907,1.9645732689210922,3.1924315619967745,75.617919921875,1
908,1.129629629629628,3.290660225442829,122.95797729492188,1
909,0.9822866344605461,3.09420289855072,101.5763168334961,1
910,1.0314009661835732,3.4871175523349383,116.692626953125,1
911,0.9822866344605461,3.1924315619967745,113.5886459350586,1
912,0.9331723027375187,3.1924315619967745,124.9903793334961,1
913,0.7858293075684368,3.3397745571658564,117.643310546875,1
914,,,,0
915,,,,0
916,,,,0
917,,,,0
918,,,,0
919,,,,0
920,,,,0
921,,,,0
922,,,,0
923,,,,0
924,,,,0
925,,,,0
926,,,,0
927,,,,0
928,,,,0
929,,,,0
930,1.1787439613526551,1.4243156199677918,107.3819808959961,1
931,,,,0
932,,,,0
933,,,,0
934,,,,0
935,,,,0
936,,,,0
937,,,,0
938,,,,0
939,2.308373590982283,2.750402576489529,108.88936614990234,1
940,,,,0
941,,,,0
942,,,,0
943,1.2278582930756825,1.620772946859901,106.68828582763672,1
944,,,,0
945,,,,0
946,,,,0
947,,,,0
948,,,,0
949,,,,0
950,,,,0
951,,,,0
952,,,,0
953,,,,0
954,,,,0
955,,,,0
956,,,,0
957,,,,0
958,,,,0
959,,,,0
960,,,,0
961,,,,0
962,,,,0
963,,,,0
964,,,,0
965,2.406602254428338,2.259259259259256,127.9641342163086,1
966,2.5048309178743926,2.308373590982283,110.02960205078125,1
967,2.5048309178743926,2.308373590982283,108.98087310791016,1
968,2.603059581320447,2.2101449275362284,123.4797592163086,1
969,2.603059581320447,2.308373590982283,113.366455078125,1
970,2.5048309178743926,2.111916264090174,119.97772979736328,1
971,2.5048309178743926,2.1610305958132012,115.62340545654297,1
972,2.455716586151365,1.9154589371980648,142.61241149902344,1
973,2.5048309178743926,1.81723027375201,143.46572875976562,1
974,2.7012882447665016,1.7190016103059556,139.1884307861328,1
975,2.750402576489529,1.6698872785829282,147.69610595703125,1
976,2.7995169082125564,1.7190016103059556,142.2962646484375,1
977,2.7995169082125564,1.7190016103059556,135.3240509033203,1
978,2.750402576489529,1.768115942028983,137.1702117919922,1
979,2.7012882447665016,1.81723027375201,138.27081298828125,1
980,2.603059581320447,1.8663446054750374,134.78260803222656,1
981,2.6521739130434745,1.9154589371980648,131.96343994140625,1
982,2.5539452495974198,1.81723027375201,128.3560333251953,1
983,2.455716586151365,1.620772946859901,144.40725708007812,1
984,2.7012882447665016,1.6698872785829282,142.4387969970703,1
985,2.750402576489529,1.5716586151368737,142.21377563476562,1
986,2.7995169082125564,1.5225442834138463,158.08367919921875,1
987,2.8486312399355835,1.5716586151368737,160.5345458984375,1
988,2.8486312399355835,1.6698872785829282,147.43545532226562,1
989,2.8486312399355835,1.7190016103059556,146.5673828125,1
990,2.750402576489529,1.768115942028983,134.41783142089844,1
991,2.7012882447665016,1.8663446054750374,131.66905212402344,1
992,2.750402576489529,1.9645732689210922,124.88392639160156,1
993,2.7012882447665016,2.0136876006441193,126.00761413574219,1
994,2.7012882447665016,2.111916264090174,124.0216293334961,1
995,2.7012882447665016,2.1610305958132012,119.7761459350586,1
996,2.750402576489529,2.1610305958132012,120.46387481689453,1
997,2.7995169082125564,2.259259259259256,125.25806427001953,1
998,2.8486312399355835,2.308373590982283,116.0455322265625,1
999,2.7995169082125564,2.3574879227053103,129.50625610351562,1
1000,2.6521739130434745,2.308373590982283,115.59577941894531,1
1001,2.6521739130434745,2.308373590982283,117.44731140136719,1
1002,2.7012882447665016,2.259259259259256,117.87342071533203,1
1003,2.750402576489529,2.1610305958132012,121.44832611083984,1
1004,2.9468599033816383,2.259259259259256,125.49449920654297,1
1005,2.9468599033816383,2.308373590982283,124.88634490966797,1
1006,2.9468599033816383,2.308373590982283,126.19115447998047,1
1007,2.9959742351046654,2.406602254428338,137.78677368164062,1
1008,2.9468599033816383,2.5048309178743926,126.63824462890625,1
1009,2.8486312399355835,2.455716586151365,119.14579772949219,1
1010,2.750402576489529,2.3574879227053103,115.91851043701172,1
1011,2.7012882447665016,2.259259259259256,119.26004028320312,1
1012,2.750402576489529,2.259259259259256,115.73182678222656,1
1013,2.8486312399355835,2.308373590982283,114.18488311767578,1
1014,2.9468599033816383,2.259259259259256,126.19288635253906,1
1015,2.9959742351046654,2.308373590982283,121.88287353515625,1
1016,2.8977455716586107,2.308373590982283,129.5342559814453,1
1017,2.750402576489529,2.2101449275362284,121.39701843261719,1
1018,2.8486312399355835,2.2101449275362284,126.65895080566406,1
1019,2.8486312399355835,2.259259259259256,121.51725769042969,1
1020,2.7995169082125564,2.1610305958132012,120.5324478149414,1
1021,2.8486312399355835,2.1610305958132012,118.96175384521484,1
1022,2.8977455716586107,2.111916264090174,133.29684448242188,1
1023,2.8977455716586107,2.0628019323671465,131.56675720214844,1
1024,2.9468599033816383,1.9645732689210922,133.21273803710938,1
1025,2.8977455716586107,1.9154589371980648,128.96817016601562,1
1026,2.9959742351046654,1.9154589371980648,141.564208984375,1
1027,3.0450885668276926,1.9154589371980648,141.4872589111328,1
1028,3.0450885668276926,1.9645732689210922,131.35572814941406,1
1029,2.8486312399355835,1.9645732689210922,127.95648193359375,1
1030,2.8977455716586107,1.9154589371980648,130.21592712402344,1
1031,2.8486312399355835,1.9645732689210922,127.29816436767578,1
1032,2.8977455716586107,1.9645732689210922,121.81791687011719,1
1033,2.9959742351046654,2.1610305958132012,118.13037109375,1
1034,3.0450885668276926,2.111916264090174,126.47643280029297,1
1035,2.9959742351046654,2.0136876006441193,122.0283432006836,1
1036,2.9959742351046654,1.9645732689210922,121.77674865722656,1
1037,3.09420289855072,1.9645732689210922,125.18251037597656,1
1038,3.0450885668276926,1.81723027375201,129.62852478027344,1
1039,2.9468599033816383,1.768115942028983,133.9608154296875,1
1040,2.9959742351046654,1.81723027375201,131.36656188964844,1
1041,2.9959742351046654,1.768115942028983,130.64076232910156,1
1042,3.09420289855072,1.8663446054750374,136.67465209960938,1
1043,2.9468599033816383,1.768115942028983,132.74098205566406,1
1044,3.09420289855072,1.9645732689210922,124.192626953125,1
1045,3.241545893719802,2.1610305958132012,111.52993774414062,1
1046,3.1924315619967745,2.3574879227053103,107.46026611328125,1
1047,3.241545893719802,2.6521739130434745,78.5649642944336,1
1048,3.241545893719802,2.750402576489529,83.72440338134766,1
1049,3.1433172302737473,2.8486312399355835,74.26384735107422,1
1050,3.0450885668276926,2.9468599033816383,70.09442138671875,1
1051,2.9468599033816383,2.9959742351046654,74.72216033935547,1
1052,2.8977455716586107,2.8486312399355835,62.29192352294922,1
1053,2.8977455716586107,2.8977455716586107,56.3862190246582,1
1054,2.9959742351046654,2.9468599033816383,64.33036041259766,1
1055,2.8486312399355835,2.9468599033816383,76.61799621582031,1
1056,2.7995169082125564,2.9468599033816383,58.26899719238281,1
1057,2.8486312399355835,2.7012882447665016,115.52450561523438,1
1058,,,,0
1059,3.0450885668276926,2.5048309178743926,67.4994125366211,1
1060,3.09420289855072,1.9154589371980648,118.62805938720703,1
1061,2.9959742351046654,1.7190016103059556,128.54310607910156,1
1062,2.9959742351046654,1.5716586151368737,137.66360473632812,1
1063,3.1433172302737473,1.5716586151368737,135.1529998779297,1
1064,3.0450885668276926,1.5225442834138463,139.31529235839844,1
1065,3.0450885668276926,1.5716586151368737,136.70057678222656,1
1066,2.9959742351046654,1.5716586151368737,139.71340942382812,1
1067,2.8977455716586107,1.5225442834138463,133.8561248779297,1
1068,2.8977455716586107,1.5716586151368737,135.3331298828125,1
1069,3.0450885668276926,1.620772946859901,137.17608642578125,1
1070,3.09420289855072,1.620772946859901,138.73008728027344,1
1071,3.1433172302737473,1.620772946859901,141.8148651123047,1
1072,3.1924315619967745,1.768115942028983,131.0093994140625,1
1073,3.290660225442829,2.8977455716586107,19.321821212768555,1
1074,3.1433172302737473,2.9959742351046654,23.467208862304688,1
1075,2.9959742351046654,3.09420289855072,82.39787292480469,1
1076,2.9468599033816383,3.09420289855072,109.4468994140625,1
1077,2.8486312399355835,3.09420289855072,85.95625305175781,1
1078,2.750402576489529,3.0450885668276926,78.0721206665039,1
1079,2.7012882447665016,2.9959742351046654,66.02751922607422,1
1080,,,,0
1081,2.750402576489529,3.0450885668276926,50.21443557739258,1
1082,2.7995169082125564,2.9468599033816383,64.98036193847656,1
1083,,,,0
1084,3.0450885668276926,2.7012882447665016,99.88555908203125,1
1085,2.8486312399355835,2.8486312399355835,174.31594848632812,1
1086,,,,0
1087,,,,0
1088,3.09420289855072,1.5716586151368737,140.00466918945312,1
1089,3.1924315619967745,1.5716586151368737,139.03506469726562,1
1090,3.241545893719802,1.5716586151368737,138.7403564453125,1
1091,3.09420289855072,1.4734299516908191,142.55810546875,1
1092,3.1433172302737473,1.5225442834138463,140.34567260742188,1
1093,3.1924315619967745,1.5716586151368737,149.29061889648438,1
1094,3.1924315619967745,1.5716586151368737,148.3836669921875,1
1095,3.3397745571658564,1.768115942028983,132.78472900390625,1
1096,3.09420289855072,1.4734299516908191,149.73568725585938,1
1097,,,,0
1098,,,,0
1099,,,,0
1100,,,,0
1101,,,,0
1102,2.9468599033816383,2.9959742351046654,39.19255065917969,1
1103,3.0450885668276926,3.0450885668276926,25.480955123901367,1
1104,3.0450885668276926,3.0450885668276926,30.6831111907959,1
1105,,,,0
1106,,,,0
1107,,,,0
1108,,,,0
1109,,,,0
1110,3.388888888888884,1.5716586151368737,148.7198028564453,1
1111,3.536231884057966,2.1610305958132012,118.89315032958984,1
1112,3.1924315619967745,1.5225442834138463,143.21658325195312,1
1113,,,,0
1114,,,,0
1115,3.1433172302737473,2.9468599033816383,28.326343536376953,1
1116,3.0450885668276926,2.9959742351046654,74.11601257324219,1
1117,2.9959742351046654,2.9959742351046654,42.1379508972168,1
1118,2.9959742351046654,2.9959742351046654,35.04412841796875,1
1119,3.1433172302737473,2.9959742351046654,27.558523178100586,1
1120,3.1433172302737473,3.09420289855072,12.984501838684082,1
1121,,,,0
1122,3.388888888888884,2.9959742351046654,123.010986328125,1
1123,3.09420289855072,3.0450885668276926,29.93744468688965,1
1124,,,,0
1125,,,,0
1126,,,,0
1127,,,,0
1128,,,,0
1129,,,,0
1130,,,,0
1131,,,,0
1132,,,,0
1133,,,,0
1134,,,,0
1135,,,,0
1136,,,,0
1137,,,,0
1138,,,,0
1139,,,,0
1140,3.536231884057966,1.6698872785829282,148.35707092285156,1
1141,3.438003220611911,1.620772946859901,152.99111938476562,1
1142,,,,0
1143,,,,0
1144,,,,0
1145,,,,0
1146,,,,0
1147,,,,0
1148,2.8486312399355835,1.3260869565217372,152.2288818359375,1
1149,,,,0
1150,,,,0
1151,,,,0
1152,,,,0
1153,,,,0
1154,,,,0
1155,,,,0
1156,,,,0
1157,,,,0
1158,,,,0
1159,,,,0
1160,,,,0
1161,,,,0
1162,,,,0
1163,,,,0
1164,,,,0
1165,,,,0
1166,2.9468599033816383,1.2769726247987099,152.88186645507812,1
1167,2.9959742351046654,1.2769726247987099,144.11767578125,1
1168,2.8977455716586107,1.2278582930756825,152.19207763671875,1
1169,3.1924315619967745,1.3752012882447644,147.68287658691406,1
1170,3.1924315619967745,1.3260869565217372,154.6801300048828,1
1171,3.3397745571658564,1.4734299516908191,149.0519561767578,1
1172,3.290660225442829,1.5225442834138463,138.385498046875,1
1173,2.9959742351046654,1.3260869565217372,150.3943328857422,1
1174,,,,0
1175,,,,0
1176,,,,0
1177,,,,0
1178,,,,0
1179,,,,0
1180,,,,0
1181,,,,0
1182,,,,0
1183,,,,0
1184,,,,0
1185,,,,0
1186,,,,0
1187,,,,0
1188,,,,0
1189,,,,0
1190,,,,0
1191,3.0450885668276926,2.7995169082125564,110.19863891601562,1
1192,,,,0
1193,,,,0
1194,,,,0
1195,,,,0
1196,,,,0
1197,,,,0
1198,,,,0
1199,,,,0
1200,,,,0
1201,,,,0
1202,,,,0
1203,,,,0
1204,,,,0
1205,,,,0
1206,2.9468599033816383,3.09420289855072,24.621479034423828,1
1207,,,,0
1208,3.0450885668276926,3.09420289855072,12.857062339782715,1
1209,,,,0
1210,,,,0
1211,,,,0
1212,3.1924315619967745,3.1433172302737473,9.742422103881836,1
1213,3.09420289855072,3.241545893719802,5.696835041046143,1
1214,2.8977455716586107,3.09420289855072,27.522794723510742,1
1215,,,,0
1216,,,,0
1217,,,,0
1218,,,,0
1219,,,,0
1220,,,,0
1221,,,,0
1222,2.9468599033816383,1.3752012882447644,153.10467529296875,1
1223,2.9468599033816383,1.3260869565217372,154.25982666015625,1
1224,,,,0
1225,,,,0
1226,,,,0
1227,,,,0
1228,,,,0
1229,,,,0
1230,2.8977455716586107,2.5539452495974198,116.50727081298828,1
1231,,,,0
1232,,,,0
1233,,,,0
1234,,,,0
1235,,,,0
1236,,,,0
1237,,,,0
1238,,,,0
1239,,,,0
1240,,,,0
1241,,,,0
1242,,,,0
1243,,,,0
1244,2.9468599033816383,3.1433172302737473,24.641014099121094,1
1245,2.8486312399355835,3.09420289855072,49.970848083496094,1
1246,2.750402576489529,3.0450885668276926,57.67494583129883,1
1247,,,,0
1248,2.750402576489529,3.1924315619967745,43.5811882019043,1
1249,2.7995169082125564,3.0450885668276926,51.68779754638672,1
1250,2.750402576489529,2.9468599033816383,72.05059814453125,1
1251,,,,0
1252,,,,0
1253,,,,0
1254,,,,0
1255,,,,0
1256,,,,0
1257,,,,0
1258,,,,0
1259,,,,0
1260,,,,0
1261,,,,0
1262,,,,0
1263,3.241545893719802,3.1924315619967745,3.5578982830047607,1
1264,3.0450885668276926,3.290660225442829,5.458266258239746,1
1265,2.8977455716586107,3.1433172302737473,37.67032241821289,1
1266,2.750402576489529,3.09420289855072,49.91001892089844,1
1267,,,,0
1268,,,,0
1269,,,,0
1270,,,,0
1271,,,,0
1272,,,,0
1273,,,,0
1274,2.8977455716586107,1.2769726247987099,148.74172973632812,1
1275,2.8977455716586107,1.2769726247987099,151.08628845214844,1
1276,,,,0
1277,2.9959742351046654,1.3752012882447644,147.80511474609375,1
1278,3.1433172302737473,1.3752012882447644,156.6331787109375,1
1279,2.7995169082125564,1.1787439613526551,151.91183471679688,1
1280,2.9468599033816383,1.3260869565217372,156.28921508789062,1
1281,,,,0
1282,,,,0
1283,,,,0
1284,,,,0
1285,,,,0
1286,,,,0
1287,,,,0
1288,,,,0
1289,,,,0
1290,,,,0
1291,,,,0
1292,2.9468599033816383,1.3260869565217372,157.40574645996094,1
1293,,,,0
1294,3.0450885668276926,1.7190016103059556,111.61727142333984,1
1295,,,,0
1296,,,,0
1297,,,,0
1298,,,,0
1299,,,,0
1300,,,,0
1301,,,,0
1302,,,,0
1303,,,,0
1304,,,,0
1305,3.09420289855072,3.1924315619967745,178.83642578125,1
1306,,,,0
1307,,,,0
1308,,,,0
1309,,,,0
1310,,,,0
1311,,,,0
1312,,,,0
1313,,,,0
1314,,,,0
1315,,,,0
1316,,,,0
1317,,,,0
1318,2.9959742351046654,1.3260869565217372,157.36912536621094,1
1319,3.09420289855072,1.3260869565217372,147.02593994140625,1
1320,3.3397745571658564,1.3752012882447644,154.06732177734375,1
1321,3.388888888888884,1.3752012882447644,155.78268432617188,1
1322,3.4871175523349383,1.4243156199677918,151.62965393066406,1
1323,3.536231884057966,1.5225442834138463,153.04078674316406,1
1324,3.4871175523349383,1.4734299516908191,154.34361267089844,1
1325,0.6876006441223822,3.0450885668276926,164.8679962158203,1
1326,0.6384863123993549,3.438003220611911,26.47287368774414,1
1327,0.8840579710144915,3.781803542673102,168.26942443847656,1
1328,1.2769726247987099,4.027375201288239,30.66473960876465,1
1329,1.4243156199677918,4.272946859903375,45.141204833984375,1
1330,1.3752012882447644,4.7149758454106205,67.6705093383789,1
1331,1.4243156199677918,5.157004830917867,72.02632141113281,1
1332,1.5716586151368737,5.45169082125603,79.51496124267578,1
1333,1.620772946859901,5.746376811594194,83.9853286743164,1
1334,1.7190016103059556,6.2375201288244675,83.66682434082031,1
1335,1.9154589371980648,6.679549114331713,91.28802490234375,1
1336,2.1610305958132012,7.072463768115932,99.35807037353516,1
1337,2.455716586151365,7.514492753623177,108.39131927490234,1
1338,2.8486312399355835,7.907407407407396,120.7671890258789,1
1339,3.241545893719802,8.103864734299504,130.60960388183594,1
1340,3.6835748792270477,8.349436392914642,141.95199584960938,1
1341,4.174718196457321,8.595008051529778,153.88421630859375,1
1342,4.7149758454106205,8.74235104669886,164.0230712890625,1
1343,5.255233494363921,8.791465378421886,174.97459411621094,1
1344,5.746376811594194,8.644122383252805,15.583945274353027,1
1345,6.286634460547495,8.349436392914642,36.85076904296875,1
1346,6.630434782608686,8.103864734299504,45.287132263183594,1
1347,6.9742351046698765,7.514492753623177,61.41134262084961,1
1348,7.318035426731068,7.072463768115932,68.27655792236328,1
1349,7.514492753623177,6.581320450885658,77.71295928955078,1
1350,7.563607085346204,6.18840579710144,86.61480712890625,1
1351,7.514492753623177,5.746376811594194,94.5807113647461,1
1352,7.26892109500804,5.255233494363921,102.98373413085938,1
1353,7.0233494363929045,4.91143317230273,114.5614242553711,1
1354,6.777777777777768,4.567632850241539,133.42959594726562,1
1355,6.286634460547495,4.420289855072457,158.35659790039062,1
1356,5.697262479871167,4.272946859903375,175.52078247070312,1
1357,5.353462157809976,4.3220611916264025,2.6531803607940674,1
1358,4.91143317230273,4.469404186795485,12.595355033874512,1
1359,4.420289855072457,4.764090177133649,20.74086570739746,1
1360,4.027375201288239,5.058776167471812,31.685361862182617,1
1361,3.732689210950075,5.45169082125603,44.86811065673828,1
1362,3.438003220611911,5.942834138486304,55.99790954589844,1
1363,3.290660225442829,6.335748792270522,65.30538940429688,1
1364,3.241545893719802,6.777777777777768,73.65403747558594,1
1365,3.290660225442829,7.3671497584540955,93.16324615478516,1
1366,3.536231884057966,7.907407407407396,100.20917510986328,1
1367,3.781803542673102,8.202093397745559,124.05132293701172,1
1368,4.272946859903375,8.595008051529778,140.70748901367188,1
1369,4.764090177133649,8.840579710144914,165.57077026367188,1
1370,5.402576489533003,9.037037037037024,177.9152069091797,1
1371,6.041062801932358,9.086151368760051,16.699167251586914,1
1372,6.581320450885658,8.889694041867942,37.596580505371094,1
1373,6.9742351046698765,8.693236714975832,56.24058532714844,1
1374,7.318035426731068,8.300322061191615,69.31327819824219,1
1375,7.514492753623177,7.907407407407396,80.29822540283203,1
1376,7.661835748792259,7.416264090177123,84.23927307128906,1
1377,7.612721417069232,6.876006441223822,90.93436431884766,1
1378,7.661835748792259,6.335748792270522,91.88227844238281,1
1379,7.563607085346204,5.795491143317221,96.79411315917969,1
1380,7.46537842190015,5.255233494363921,100.23875427246094,1
1381,7.26892109500804,4.7149758454106205,105.75672149658203,1
1382,7.0233494363929045,4.3220611916264025,112.43177795410156,1
1383,6.679549114331713,3.9782608695652115,124.5777359008789,1
1384,6.286634460547495,3.6835748792270477,135.24942016601562,1
1385,5.893719806763277,3.4871175523349383,137.33262634277344,1
1386,5.500805152979058,3.3397745571658564,145.92794799804688,1
1387,5.157004830917867,3.1924315619967745,157.0931854248047,1
1388,4.862318840579703,3.1924315619967745,177.98178100585938,1
1389,4.420289855072457,3.1924315619967745,10.75178050994873,1
1390,3.6835748792270477,3.290660225442829,11.023683547973633,1
1391,3.09420289855072,3.4871175523349383,22.224105834960938,1
1392,2.455716586151365,3.880032206119157,27.368223190307617,1
1393,2.0136876006441193,4.272946859903375,39.52357482910156,1
1394,1.7190016103059556,4.665861513687593,53.29857635498047,1
1395,1.5225442834138463,5.1078904991948395,62.503684997558594,1
1396,1.3752012882447644,5.402576489533003,73.1196060180664,1
1397,1.2769726247987099,5.8446054750402485,78.39983367919922,1
1398,1.2769726247987099,6.384863123993549,79.53925323486328,1
1399,1.2278582930756825,6.876006441223822,80.60922241210938,1
1400,1.2278582930756825,7.416264090177123,82.02455139160156,1
1401,1.2278582930756825,7.858293075684369,81.26993560791016,1
1402,1.2278582930756825,8.39855072463767,79.49075317382812,1
1403,1.2769726247987099,8.840579710144914,84.62773895263672,1
1404,1.3260869565217372,9.28260869565216,84.81987762451172,1
1405,1.4243156199677918,9.626409017713351,94.39058685302734,1
1406,1.5716586151368737,10.01932367149757,105.94456481933594,1
1407,1.8663446054750374,10.314009661835733,126.73893737792969,1
1408,2.2101449275362284,10.657809983896925,141.6162567138672,1
1409,2.7012882447665016,10.854267310789034,162.0520477294922,1
1410,3.241545893719802,10.952495974235088,175.473388671875,1
1411,3.732689210950075,10.854267310789034,16.962894439697266,1
1412,4.027375201288239,10.657809983896925,37.101627349853516,1
1413,4.37117552334943,10.412238325281788,54.00772476196289,1
1414,4.7149758454106205,9.921095008051514,66.2696304321289,1
1415,4.960547504025757,9.380837359098214,81.08030700683594,1
1416,5.058776167471812,8.840579710144914,91.11371612548828,1
1417,5.1078904991948395,8.202093397745559,97.65282440185547,1
1418,5.1078904991948395,7.612721417069232,105.54924011230469,1
1419,5.009661835748785,6.925120772946849,104.03507232666016,1
1420,4.862318840579703,6.483091787439604,109.76887512207031,1
1421,4.616747181964566,5.942834138486304,115.47491455078125,1
1422,4.37117552334943,5.500805152979058,120.40867614746094,1
1423,3.9782608695652115,5.1078904991948395,130.0380096435547,1
1424,3.585346215780993,4.862318840579703,148.65931701660156,1
1425,3.1924315619967745,4.764090177133649,164.70030212402344,1
1426,2.6521739130434745,4.7149758454106205,177.1113739013672,1
1427,2.2101449275362284,4.813204508856676,10.188359260559082,1
1428,2.259259259259256,4.862318840579703,16.06816864013672,1
1429,2.259259259259256,5.1078904991948395,46.403717041015625,1
1430,2.1610305958132012,5.402576489533003,54.4798698425293,1
1431,2.0628019323671465,5.8446054750402485,62.79036331176758,1
1432,1.9645732689210922,6.286634460547495,71.25392150878906,1
1433,1.9154589371980648,6.925120772946849,75.57549285888672,1
1434,2.0628019323671465,7.318035426731068,84.31867980957031,1
1435,2.259259259259256,7.661835748792259,96.60775756835938,1
1436,2.5539452495974198,8.054750402576477,118.29818725585938,1
1437,2.9959742351046654,8.39855072463767,143.49801635742188,1
1438,3.4871175523349383,8.74235104669886,165.6956329345703,1
1439,4.076489533011266,8.93880837359097,170.50216674804688,1
1440,4.665861513687593,8.987922705313997,9.149589538574219,1
1441,5.206119162640894,8.93880837359097,29.274248123168945,1
1442,5.746376811594194,8.644122383252805,41.008079528808594,1
1443,6.041062801932358,8.39855072463767,44.89604568481445,1
1444,6.335748792270522,8.00563607085345,57.74532699584961,1
1445,6.532206119162631,7.514492753623177,69.37750244140625,1
1446,6.679549114331713,7.0233494363929045,79.87735748291016,1
1447,6.679549114331713,6.532206119162631,90.17546844482422,1
1448,6.630434782608686,5.991948470209331,98.60432434082031,1
1449,6.483091787439604,5.599033816425113,104.28462219238281,1
1450,6.18840579710144,5.255233494363921,120.48841094970703,1
1451,5.8446054750402485,4.960547504025757,138.17532348632812,1
1452,5.500805152979058,4.813204508856676,160.53855895996094,1
1453,5.009661835748785,4.7149758454106205,176.26473999023438,1
1454,4.616747181964566,4.764090177133649,1.702881932258606,1
1455,4.027375201288239,4.91143317230273,14.930118560791016,1
1456,3.63446054750402,5.255233494363921,45.32657241821289,1
1457,3.3397745571658564,5.599033816425113,63.13455581665039,1
1458,3.1924315619967745,6.041062801932358,74.58438110351562,1
1459,3.1433172302737473,6.581320450885658,81.79690551757812,1
1460,3.1924315619967745,7.121578099838959,91.01937866210938,1
1461,3.3397745571658564,7.514492753623177,107.42481231689453,1
1462,3.6835748792270477,8.00563607085345,119.12499237060547,1
1463,4.076489533011266,8.39855072463767,132.27345275878906,1
1464,4.469404186795485,8.644122383252805,143.86793518066406,1
1465,4.91143317230273,8.840579710144914,155.59010314941406,1
1466,5.45169082125603,8.93880837359097,175.61569213867188,1
1467,5.991948470209331,8.840579710144914,10.477789878845215,1
1468,6.433977455716577,8.54589371980675,22.367536544799805,1
1469,6.630434782608686,8.251207729468586,44.77230453491211,1
1470,6.777777777777768,7.809178743961341,68.86300659179688,1
1471,6.876006441223822,7.26892109500804,87.61144256591797,1
1472,6.777777777777768,6.777777777777768,97.76927947998047,1
1473,6.630434782608686,6.433977455716577,101.9820785522461,1
1474,6.384863123993549,5.893719806763277,111.72331237792969,1
1475,6.139291465378412,5.599033816425113,114.33025360107422,1
1476,5.8446054750402485,5.304347826086949,120.06043243408203,1
1477,5.599033816425113,5.157004830917867,127.74858856201172,1
1478,5.206119162640894,4.862318840579703,143.28025817871094,1
1479,4.7149758454106205,4.813204508856676,165.18675231933594,1
1480,4.174718196457321,4.813204508856676,6.771288871765137,1
1481,3.63446054750402,5.058776167471812,28.57333755493164,1
1482,3.3397745571658564,5.353462157809976,52.7894401550293,1
1483,3.09420289855072,5.599033816425113,68.98409271240234,1
1484,2.8977455716586107,6.090177133655385,77.4052505493164,1
1485,2.8486312399355835,6.679549114331713,81.93716430664062,1
1486,2.8486312399355835,7.219806763285013,88.69898223876953,1
1487,2.9468599033816383,7.710950080515286,90.74867248535156,1
1488,3.09420289855072,8.202093397745559,90.22489166259766,1
1489,3.241545893719802,8.644122383252805,92.99592590332031,1
1490,3.438003220611911,9.135265700483078,99.9888687133789,1
1491,3.732689210950075,9.577294685990324,107.55403900146484,1
1492,4.076489533011266,9.970209339774541,124.07530975341797,1
1493,4.469404186795485,10.314009661835733,135.32632446289062,1
1494,5.009661835748785,10.608695652173898,154.1612548828125,1
1495,5.45169082125603,10.805152979066007,163.4647979736328,1
1496,6.090177133655385,10.805152979066007,174.53424072265625,1
1497,6.532206119162631,10.805152979066007,8.421360969543457,1
1498,7.0233494363929045,10.657809983896925,9.751527786254883,1
1499,7.563607085346204,10.510466988727842,16.3691463470459,1
1500,8.00563607085345,10.215780998389679,23.054988861083984,1
1501,8.447665056360696,9.871980676328487,39.44664764404297,1
1502,8.840579710144914,9.47906602254427,47.841087341308594,1
1503,9.135265700483078,8.987922705313997,63.109153747558594,1
1504,9.331723027375187,8.54589371980675,75.56748962402344,1
1505,9.47906602254427,8.054750402576477,85.00471496582031,1
1506,9.429951690821241,7.514492753623177,89.99808502197266,1
1507,9.28260869565216,7.072463768115932,95.4676742553711,1
1508,9.086151368760051,6.679549114331713,98.70880889892578,1
1509,8.889694041867942,6.335748792270522,108.21935272216797,1
1510,8.595008051529778,6.041062801932358,112.38159942626953,1
1511,8.251207729468586,5.746376811594194,117.26062774658203,1
1512,7.858293075684369,5.45169082125603,132.6897430419922,1
1513,7.416264090177123,5.304347826086949,145.1597900390625,1
1514,7.121578099838959,5.255233494363921,159.27737426757812,1
1515,6.630434782608686,5.206119162640894,173.10971069335938,1
1516,6.18840579710144,5.206119162640894,4.677497386932373,1
1517,5.64814814814814,5.353462157809976,2.262240409851074,1
1518,5.058776167471812,5.500805152979058,6.860705375671387,1
1519,4.764090177133649,5.795491143317221,15.32455825805664,1
1520,4.420289855072457,6.090177133655385,28.579580307006836,1
1521,4.027375201288239,6.532206119162631,43.698726654052734,1
1522,3.880032206119157,6.925120772946849,62.294647216796875,1
1523,3.6835748792270477,7.416264090177123,76.3251953125,1
1524,3.585346215780993,7.956521739130423,81.02264404296875,1
1525,3.6835748792270477,8.349436392914642,90.04231262207031,1
1526,3.781803542673102,8.840579710144914,93.90190887451172,1
1527,4.076489533011266,9.429951690821241,117.03558349609375,1
1528,4.567632850241539,9.871980676328487,132.60585021972656,1
1529,5.009661835748785,10.117552334943625,151.22499084472656,1
1530,5.549919484702085,10.36312399355876,178.05136108398438,1
1531,6.2375201288244675,10.412238325281788,13.981444358825684,1
1532,6.826892109500795,10.412238325281788,30.903982162475586,1
1533,7.318035426731068,10.215780998389679,45.38458251953125,1
1534,7.760064412238314,9.921095008051514,56.33558654785156,1
1535,8.054750402576477,9.528180354267297,70.26592254638672,1
1536,8.300322061191615,9.037037037037024,80.59754943847656,1
1537,8.496779388083723,8.496779388083723,84.70974731445312,1
1538,8.644122383252805,7.858293075684369,90.32457733154297,1
1539,8.693236714975832,7.26892109500804,93.11622619628906,1
1540,8.693236714975832,6.728663446054741,98.65677642822266,1
1541,8.595008051529778,5.991948470209331,101.86931610107422,1
1542,8.447665056360696,5.402576489533003,107.78706359863281,1
1543,8.202093397745559,5.058776167471812,119.48396301269531,1
1544,7.858293075684369,4.764090177133649,132.0392303466797,1
1545,7.46537842190015,4.518518518518512,147.54788208007812,1
1546,6.925120772946849,4.420289855072457,173.67416381835938,1
1547,6.483091787439604,4.469404186795485,5.622903347015381,1
1548,6.041062801932358,4.665861513687593,26.603208541870117,1
1549,5.599033816425113,4.960547504025757,52.98108673095703,1
1550,5.206119162640894,5.353462157809976,61.8613395690918,1
1551,4.91143317230273,5.8446054750402485,71.26183319091797,1
1552,4.764090177133649,6.384863123993549,82.35611724853516,1
1553,4.813204508856676,6.9742351046698765,94.76117706298828,1
1554,5.009661835748785,7.3671497584540955,104.09659576416016,1
1555,5.402576489533003,7.760064412238314,126.36669158935547,1
1556,5.795491143317221,8.00563607085345,139.86245727539062,1
1557,6.139291465378412,8.152979066022532,156.9953155517578,1
1558,6.728663446054741,8.202093397745559,174.11083984375,1
1559,7.219806763285013,8.152979066022532,16.103469848632812,1
1560,7.612721417069232,7.907407407407396,43.90858459472656,1
1561,8.00563607085345,7.46537842190015,55.989410400390625,1
1562,8.300322061191615,6.9742351046698765,74.32051086425781,1
1563,8.447665056360696,6.483091787439604,89.84507751464844,1
1564,8.496779388083723,5.942834138486304,93.8245849609375,1
1565,8.39855072463767,5.45169082125603,104.83580017089844,1
1566,8.202093397745559,5.058776167471812,111.1234130859375,1
1567,7.956521739130423,4.7149758454106205,120.88999938964844,1
1568,7.563607085346204,4.37117552334943,142.5701446533203,1
1569,7.121578099838959,4.076489533011266,155.2042999267578,1
1570,6.630434782608686,3.8309178743961296,165.23304748535156,1
1571,6.090177133655385,3.781803542673102,173.0037384033203,1
1572,5.697262479871167,3.880032206119157,0.9962645769119263,1
1573,5.206119162640894,4.027375201288239,16.832958221435547,1
1574,4.813204508856676,4.272946859903375,23.581138610839844,1
1575,4.420289855072457,4.665861513687593,30.06028175354004,1
1576,4.125603864734293,5.009661835748785,42.55204391479492,1
1577,3.9291465378421844,5.500805152979058,63.41327667236328,1
1578,3.8309178743961296,5.942834138486304,72.84660339355469,1
1579,3.781803542673102,6.483091787439604,78.69464874267578,1
1580,3.781803542673102,7.072463768115932,88.65977478027344,1
1581,3.9291465378421844,7.612721417069232,95.26622009277344,1
1582,4.174718196457321,8.103864734299504,101.009765625,1
1583,4.469404186795485,8.54589371980675,108.81995391845703,1
1584,4.764090177133649,8.93880837359097,122.42310333251953,1
1585,5.157004830917867,9.28260869565216,138.10482788085938,1
1586,5.64814814814814,9.577294685990324,149.3295440673828,1
1587,6.18840579710144,9.82286634460546,163.2534637451172,1
1588,6.777777777777768,9.871980676328487,176.02639770507812,1
1589,7.318035426731068,9.871980676328487,15.87507438659668,1
1590,7.760064412238314,9.675523349436379,26.89603614807129,1
1591,8.202093397745559,9.380837359098214,35.92396926879883,1
1592,8.54589371980675,8.987922705313997,45.864784240722656,1
1593,8.889694041867942,8.595008051529778,45.13782501220703,1
1594,9.135265700483078,8.152979066022532,55.86420822143555,1
1595,9.331723027375187,7.760064412238314,66.383056640625,1
1596,9.577294685990324,7.219806763285013,74.7987289428711,1
1597,9.724637681159406,6.581320450885658,78.78192138671875,1
1598,9.724637681159406,6.090177133655385,88.7771987915039,1
1599,9.675523349436379,5.64814814814814,97.07093811035156,1
1600,9.47906602254427,5.255233494363921,110.4252700805664,1
1601,9.28260869565216,4.862318840579703,122.9621810913086,1
1602,8.889694041867942,4.567632850241539,132.57232666015625,1
1603,8.39855072463767,4.37117552334943,153.7444305419922,1
1604,7.956521739130423,4.3220611916264025,168.64317321777344,1
1605,7.46537842190015,4.420289855072457,178.8461456298828,1
1606,6.9742351046698765,4.567632850241539,16.953960418701172,1
1607,6.532206119162631,4.813204508856676,32.37451934814453,1
1608,6.286634460547495,5.157004830917867,46.91651153564453,1
1609,6.090177133655385,5.549919484702085,70.27616882324219,1
1610,5.942834138486304,6.041062801932358,79.23091888427734,1
1611,5.991948470209331,6.630434782608686,93.85828399658203,1
1612,6.18840579710144,7.072463768115932,107.39503479003906,1
1613,6.483091787439604,7.514492753623177,123.01661682128906,1
1614,6.876006441223822,7.760064412238314,146.6153106689453,1
1615,7.318035426731068,7.956521739130423,169.15179443359375,1
1616,7.907407407407396,8.054750402576477,178.15225219726562,1
1617,8.447665056360696,7.956521739130423,6.910879611968994,1
1618,9.037037037037024,7.760064412238314,16.62272071838379,1
1619,9.429951690821241,7.514492753623177,27.85198974609375,1
1620,9.675523349436379,7.170692431561986,50.15878677368164,1
1621,9.921095008051514,6.630434782608686,71.54522705078125,1
1622,9.970209339774541,6.2375201288244675,88.35967254638672,1
1623,9.773752012882433,5.8446054750402485,100.58854675292969,1
1624,9.528180354267297,5.45169082125603,114.69078063964844,1
1625,9.233494363929132,5.058776167471812,138.04263305664062,1
1626,8.840579710144914,4.764090177133649,152.54934692382812,1
1627,8.39855072463767,4.616747181964566,167.24655151367188,1
1628,7.956521739130423,4.567632850241539,1.8507444858551025,1
1629,7.3671497584540955,4.616747181964566,2.299182891845703,1
1630,7.072463768115932,4.813204508856676,14.834281921386719,1
1631,6.532206119162631,5.206119162640894,33.14547348022461,1
1632,6.335748792270522,5.500805152979058,40.9137077331543,1
1633,6.18840579710144,5.8446054750402485,60.44907760620117,1
1634,6.041062801932358,6.335748792270522,72.9127426147461,1
1635,5.991948470209331,6.777777777777768,84.4837646484375,1
1636,6.090177133655385,7.26892109500804,89.45250701904297,1
1637,6.286634460547495,7.661835748792259,98.45619201660156,1
1638,6.483091787439604,8.152979066022532,106.07548522949219,1
1639,6.777777777777768,8.595008051529778,117.35116577148438,1
1640,7.170692431561986,8.93880837359097,117.08279418945312,1
1641,7.612721417069232,9.184380032206105,125.38040924072266,1
1642,8.103864734299504,9.380837359098214,140.14627075195312,1
1643,8.595008051529778,9.528180354267297,152.39495849609375,1
1644,9.086151368760051,9.528180354267297,170.13632202148438,1
1645,9.773752012882433,9.528180354267297,1.225945234298706,1
1646,10.36312399355876,9.429951690821241,11.022509574890137,1
1647,10.952495974235088,9.233494363929132,26.019039154052734,1
1648,11.492753623188388,8.987922705313997,36.00564956665039,1
1649,11.83655394524958,8.791465378421886,38.86160659790039,1
1650,12.278582930756825,8.39855072463767,52.26462936401367,1
1651,12.671497584541044,7.907407407407396,52.566165924072266,1
1652,12.966183574879208,7.514492753623177,50.669891357421875,1
1653,13.359098228663425,6.826892109500795,60.30123519897461,1
1654,13.506441223832509,6.335748792270522,73.39043426513672,1
1655,13.555555555555536,5.8446054750402485,79.66876220703125,1
1656,13.555555555555536,5.304347826086949,86.75526428222656,1
1657,13.457326892109482,4.813204508856676,88.11878967285156,1
1658,13.309983896940398,4.37117552334943,99.64299774169922,1
1659,13.064412238325263,3.9291465378421844,103.60128021240234,1
1660,12.818840579710125,3.438003220611911,111.14762878417969,1
1661,12.57326892109499,3.0450885668276926,119.75826263427734,1
1662,12.327697262479854,2.603059581320447,123.2393798828125,1
1663,11.983896940418662,2.1610305958132012,125.02824401855469,1
1664,11.83655394524958,2.259259259259256,135.05718994140625,1
1665,11.443639291465361,2.3574879227053103,161.3296661376953,1
1666,11.001610305958115,2.5048309178743926,1.4265811443328857,1
1667,10.559581320450869,2.7012882447665016,6.538540363311768,1
1668,10.117552334943625,2.9959742351046654,31.41536521911621,1
1669,9.724637681159406,3.438003220611911,45.0749626159668,1
1670,9.528180354267297,3.880032206119157,58.11775588989258,1
1671,9.429951690821241,4.3220611916264025,68.05294036865234,1
1672,9.429951690821241,4.813204508856676,81.18689727783203,1
1673,9.47906602254427,5.206119162640894,88.16690826416016,1
1674,9.577294685990324,5.795491143317221,96.1114501953125,1
1675,9.871980676328487,6.286634460547495,110.67350006103516,1
1676,10.215780998389679,6.630434782608686,131.04884338378906,1
1677,10.608695652173898,6.876006441223822,143.45999145507812,1
1678,11.09983896940417,7.0233494363929045,158.85218811035156,1
1679,11.443639291465361,7.0233494363929045,177.03982543945312,1
1680,12.131239935587743,6.9742351046698765,6.222662448883057,1
1681,12.57326892109499,6.777777777777768,23.114978790283203,1
1682,13.064412238325263,6.384863123993549,39.242103576660156,1
1683,13.408212560386453,5.991948470209331,59.166969299316406,1
1684,13.604669887278563,5.402576489533003,76.34864807128906,1
1685,13.65378421900159,4.813204508856676,89.08032989501953,1
1686,13.555555555555536,4.420289855072457,97.33987426757812,1
1687,13.359098228663425,3.9291465378421844,108.69389343261719,1
1688,13.11352657004829,3.536231884057966,115.40150451660156,1
1689,12.818840579710125,3.241545893719802,125.67271423339844,1
1690,12.37681159420288,2.8977455716586107,134.25694274902344,1
1691,11.983896940418662,2.5539452495974198,135.76113891601562,1
1692,11.590982286634443,2.3574879227053103,141.42913818359375,1
1693,11.29629629629628,2.259259259259256,154.11973571777344,1
1694,10.952495974235088,2.2101449275362284,170.7323760986328,1
1695,10.461352657004815,2.259259259259256,179.37033081054688,1
1696,9.921095008051514,2.406602254428338,19.216358184814453,1
1697,9.577294685990324,2.7012882447665016,45.66242980957031,1
1698,9.331723027375187,3.09420289855072,59.525390625,1
1699,9.135265700483078,3.4871175523349383,73.8849105834961,1
1700,9.135265700483078,3.9291465378421844,87.62266540527344,1
1701,9.135265700483078,4.518518518518512,85.85848999023438,1
1702,9.184380032206105,5.058776167471812,91.18212127685547,1
1703,9.429951690821241,5.500805152979058,100.2106704711914,1
1704,9.626409017713351,5.893719806763277,108.43859100341797,1
1705,9.921095008051514,6.2375201288244675,114.27237701416016,1
1706,10.264895330112706,6.630434782608686,119.6376953125,1
1707,10.706924315619952,7.072463768115932,129.1107635498047,1
1708,11.198067632850226,7.416264090177123,131.61341857910156,1
1709,11.590982286634443,7.710950080515286,128.66897583007812,1
1710,11.983896940418662,7.907407407407396,140.03082275390625,1
1711,12.425925925925908,8.00563607085345,157.69390869140625,1
1712,12.818840579710125,8.00563607085345,173.86257934570312,1
1713,13.309983896940398,7.907407407407396,3.1501946449279785,1
1714,13.752012882447644,7.710950080515286,36.099998474121094,1
1715,14.19404186795489,7.318035426731068,59.60575866699219,1
1716,14.488727858293053,6.777777777777768,76.72531127929688,1
1717,14.636070853462137,6.18840579710144,89.6242446899414,1
1718,14.685185185185164,5.746376811594194,94.00245666503906,1
1719,14.58695652173911,5.1078904991948395,102.40609741210938,1
1720,14.390499194847,4.665861513687593,106.7154541015625,1
1721,14.144927536231863,4.223832528180348,116.02848815917969,1
1722,13.801127214170672,3.880032206119157,128.2091522216797,1
1723,13.408212560386453,3.536231884057966,147.95516967773438,1
1724,12.917069243156181,3.290660225442829,157.65078735351562,1
1725,12.475040257648935,3.1433172302737473,175.30667114257812,1
1726,12.033011272141689,3.1433172302737473,179.27008056640625,1
1727,11.590982286634443,3.241545893719802,15.879239082336426,1
1728,11.198067632850226,3.438003220611911,30.15243911743164,1
1729,10.805152979066007,3.781803542673102,37.19144821166992,1
1730,10.412238325281788,4.174718196457321,47.93723678588867,1
1731,10.068438003220598,4.616747181964566,53.19923400878906,1
1732,9.82286634460546,5.1078904991948395,59.414390563964844,1
1733,9.626409017713351,5.549919484702085,64.68753814697266,1
1734,9.429951690821241,6.090177133655385,67.64845275878906,1
1735,9.184380032206105,6.728663446054741,67.89697265625,1
1736,9.037037037037024,7.26892109500804,75.81781768798828,1
1737,8.93880837359097,7.809178743961341,79.33516693115234,1
1738,9.086151368760051,8.300322061191615,88.6142578125,1
1739,9.233494363929132,8.889694041867942,102.01783752441406,1
1740,9.528180354267297,9.184380032206105,107.55512237548828,1
1741,9.82286634460546,9.528180354267297,122.52574920654297,1
1742,10.314009661835733,9.921095008051514,134.76475524902344,1
1743,10.706924315619952,10.166666666666652,137.08868408203125,1
1744,11.148953301127198,10.461352657004815,142.10403442382812,1
1745,11.590982286634443,10.706924315619952,144.79364013671875,1
1746,12.082125603864716,10.90338164251206,149.50997924804688,1
1747,12.57326892109499,11.09983896940417,154.9567413330078,1
1748,13.211755233494344,11.198067632850226,161.4932098388672,1
1749,13.752012882447644,11.148953301127198,175.8489227294922,1
1750,14.19404186795489,11.050724637681142,7.1057257652282715,1
1751,14.783413848631218,10.854267310789034,15.225170135498047,1
1752,15.323671497584519,10.510466988727842,27.668609619140625,1
1753,15.618357487922681,10.215780998389679,45.093135833740234,1
1754,15.962157809983873,9.82286634460546,48.274696350097656,1
1755,16.158615136875984,9.331723027375187,62.8045768737793,1
1756,16.20772946859901,8.791465378421886,72.8152847290039,1
1757,16.355072463768092,8.251207729468586,87.75405883789062,1
1758,16.355072463768092,7.760064412238314,91.97480010986328,1
1759,16.256843800322038,7.170692431561986,97.06269073486328,1
1760,16.06038647342993,6.532206119162631,102.29316711425781,1
1761,15.814814814814792,5.991948470209331,107.26228332519531,1
1762,15.520128824476627,5.500805152979058,117.11788940429688,1
1763,15.176328502415437,5.1078904991948395,124.72980499267578,1
1764,14.832528180354245,4.813204508856676,132.93072509765625,1
1765,14.439613526570026,4.567632850241539,142.78274536132812,1
1766,14.046698872785809,4.37117552334943,145.84268188476562,1
1767,13.457326892109482,4.076489533011266,153.16627502441406,1
1768,13.015297906602235,3.880032206119157,163.20970153808594,1
1769,12.425925925925908,3.880032206119157,176.48260498046875,1
1770,12.131239935587743,3.9782608695652115,11.237555503845215,1
1771,11.689210950080497,4.174718196457321,22.069927215576172,1
1772,11.29629629629628,4.420289855072457,44.213348388671875,1
1773,11.001610305958115,4.7149758454106205,52.15151596069336,1
1774,10.805152979066007,5.157004830917867,70.93834686279297,1
1775,10.559581320450869,5.64814814814814,68.46271514892578,1
1776,10.412238325281788,6.139291465378412,68.12342834472656,1
1777,10.264895330112706,6.630434782608686,72.06959533691406,1
1778,10.166666666666652,7.170692431561986,73.13671875,1
1779,10.117552334943625,7.710950080515286,75.01438903808594,1
1780,10.01932367149757,8.251207729468586,77.60258483886719,1
1781,10.01932367149757,8.791465378421886,82.96660614013672,1
1782,10.068438003220598,9.331723027375187,84.88782501220703,1
1783,10.215780998389679,9.871980676328487,85.59801483154297,1
1784,10.314009661835733,10.36312399355876,92.9803237915039,1
1785,10.559581320450869,10.75603864734298,108.478759765625,1
1786,10.854267310789034,11.247181964573253,114.3392562866211,1
1787,11.247181964573253,11.541867954911416,126.5181655883789,1
1788,11.590982286634443,11.738325281803526,140.8720245361328,1
1789,12.033011272141689,11.934782608695635,167.10902404785156,1
1790,12.524154589371962,11.934782608695635,178.53858947753906,1
1791,13.015297906602235,11.83655394524958,16.603219985961914,1
1792,13.457326892109482,11.492753623188388,33.0311393737793,1
1793,13.801127214170672,11.148953301127198,48.63882827758789,1
1794,14.19404186795489,10.657809983896925,63.56996154785156,1
1795,14.439613526570026,10.117552334943625,68.57552337646484,1
1796,14.636070853462137,9.577294685990324,68.01527404785156,1
1797,14.783413848631218,9.037037037037024,72.44178771972656,1
1798,14.832528180354245,8.54589371980675,73.92909240722656,1
1799,14.832528180354245,8.054750402576477,82.63616943359375,1
1800,14.734299516908191,7.661835748792259,88.17826843261719,1
1801,14.636070853462137,7.121578099838959,100.68131256103516,1
1802,14.390499194847,6.679549114331713,107.6610107421875,1
1803,14.095813204508836,6.139291465378412,115.309814453125,1
1804,13.702898550724617,5.795491143317221,125.8497543334961,1
1805,13.260869565217371,5.402576489533003,138.34176635742188,1
1806,12.917069243156181,5.206119162640894,150.15342712402344,1
1807,12.425925925925908,5.1078904991948395,157.0444793701172,1
1808,12.033011272141689,5.009661835748785,167.73951721191406,1
1809,11.64009661835747,5.009661835748785,175.40277099609375,1
1810,11.247181964573253,5.058776167471812,179.14584350585938,1
1811,10.854267310789034,5.157004830917867,10.682519912719727,1
1812,10.412238325281788,5.353462157809976,19.59670639038086,1
1813,10.01932367149757,5.64814814814814,37.845272064208984,1
1814,9.82286634460546,5.991948470209331,54.805789947509766,1
1815,9.626409017713351,6.433977455716577,65.86964416503906,1
1816,9.429951690821241,7.0233494363929045,69.04955291748047,1
1817,9.47906602254427,7.46537842190015,86.30489349365234,1
1818,9.626409017713351,7.907407407407396,88.29503631591797,1
1819,9.773752012882433,8.349436392914642,113.53515625,1
1820,10.166666666666652,8.791465378421886,132.375732421875,1
1821,10.608695652173898,8.987922705313997,156.85316467285156,1
1822,11.050724637681142,9.037037037037024,177.3085479736328,1
1823,11.541867954911416,8.987922705313997,10.308104515075684,1
1824,11.934782608695635,8.840579710144914,30.66184425354004,1
1825,12.37681159420288,8.54589371980675,45.002262115478516,1
1826,12.72061191626407,8.103864734299504,54.011512756347656,1
1827,13.015297906602235,7.661835748792259,65.14471435546875,1
1828,13.309983896940398,7.170692431561986,70.74598693847656,1
1829,13.408212560386453,6.728663446054741,83.48872375488281,1
1830,13.309983896940398,6.139291465378412,96.7398452758789,1
1831,13.162640901771317,5.697262479871167,114.16679382324219,1
1832,12.917069243156181,5.353462157809976,126.98778533935547,1
1833,12.57326892109499,5.009661835748785,142.91671752929688,1
1834,12.131239935587743,4.7149758454106205,158.90589904785156,1
1835,11.689210950080497,4.616747181964566,172.7515106201172,1
1836,11.29629629629628,4.469404186795485,4.175047874450684,1
1837,10.854267310789034,4.567632850241539,11.549349784851074,1
1838,10.510466988727842,4.7149758454106205,30.15669059753418,1
1839,10.166666666666652,5.009661835748785,44.81626510620117,1
1840,9.921095008051514,5.45169082125603,54.242801666259766,1
1841,9.82286634460546,5.8446054750402485,62.42293167114258,1
1842,9.773752012882433,6.18840579710144,72.19697570800781,1
1843,9.773752012882433,6.679549114331713,83.8521499633789,1
1844,9.921095008051514,7.170692431561986,92.40039825439453,1
1845,10.068438003220598,7.710950080515286,99.006103515625,1
1846,10.36312399355876,8.152979066022532,113.98684692382812,1
1847,10.75603864734298,8.644122383252805,121.51008605957031,1
1848,11.198067632850226,8.987922705313997,133.05699157714844,1
1849,11.590982286634443,9.184380032206105,144.15371704101562,1
1850,12.033011272141689,9.331723027375187,159.3288116455078,1
1851,12.57326892109499,9.380837359098214,164.26571655273438,1
1852,13.162640901771317,9.380837359098214,178.1182098388672,1
1853,13.702898550724617,9.233494363929132,12.454780578613281,1
1854,14.19404186795489,9.086151368760051,24.004568099975586,1
1855,14.685185185185164,8.74235104669886,40.250911712646484,1
1856,15.127214170692408,8.349436392914642,65.2548828125,1
1857,15.323671497584519,7.858293075684369,74.65635681152344,1
1858,15.4710144927536,7.3671497584540955,85.78665161132812,1
1859,15.4710144927536,6.826892109500795,92.55233001708984,1
1860,15.421900161030573,6.286634460547495,103.92729949951172,1
1861,15.274557165861491,5.893719806763277,107.18572998046875,1
1862,15.028985507246354,5.599033816425113,119.54805755615234,1
1863,14.685185185185164,5.157004830917867,128.01620483398438,1
1864,14.292270531400945,4.813204508856676,134.5032958984375,1
1865,13.752012882447644,4.469404186795485,145.3434295654297,1
1866,13.309983896940398,4.272946859903375,152.13259887695312,1
1867,12.818840579710125,4.027375201288239,158.15892028808594,1
1868,12.327697262479854,3.9291465378421844,168.27883911132812,1
1869,11.934782608695635,4.027375201288239,1.3733761310577393,1
1870,11.443639291465361,4.125603864734293,12.137441635131836,1
1871,11.050724637681142,4.420289855072457,28.1558837890625,1
1872,10.706924315619952,4.7149758454106205,40.5781364440918,1
1873,10.412238325281788,5.1078904991948395,46.80305099487305,1
1874,10.068438003220598,5.500805152979058,55.00812530517578,1
1875,9.871980676328487,5.893719806763277,57.433860778808594,1
1876,9.626409017713351,6.335748792270522,67.21143341064453,1
1877,9.47906602254427,6.728663446054741,70.65705108642578,1
1878,9.380837359098214,7.219806763285013,75.93650817871094,1
1879,9.380837359098214,7.661835748792259,78.69707489013672,1
1880,9.429951690821241,8.202093397745559,88.16287994384766,1
1881,9.528180354267297,8.840579710144914,97.23915100097656,1
1882,9.724637681159406,9.380837359098214,98.51698303222656,1
1883,10.01932367149757,9.871980676328487,102.03169250488281,1
1884,10.264895330112706,10.215780998389679,105.3354263305664,1
1885,10.510466988727842,10.657809983896925,107.717041015625,1
1886,10.805152979066007,11.09983896940417,109.71420288085938,1
1887,11.148953301127198,11.443639291465361,113.2764663696289,1
1888,11.590982286634443,11.83655394524958,120.63829040527344,1
1889,12.033011272141689,12.18035426731077,129.3697052001953,1
1890,12.475040257648935,12.475040257648935,138.15786743164062,1
1891,12.966183574879208,12.671497584541044,148.7447967529297,1
1892,13.506441223832509,12.818840579710125,161.16693115234375,1
1893,13.948470209339753,12.769726247987098,173.92449951171875,1
1894,14.58695652173911,12.622383252818016,2.324601173400879,1
1895,14.979871175523327,12.425925925925908,14.459053993225098,1
1896,15.274557165861491,12.082125603864716,39.48457717895508,1
1897,15.520128824476627,11.689210950080497,60.257225036621094,1
1898,15.667471819645709,11.198067632850226,75.14278411865234,1
1899,15.716586151368737,10.75603864734298,89.67605590820312,1
1900,15.618357487922681,10.215780998389679,103.2465591430664,1
1901,15.421900161030573,9.724637681159406,109.47007751464844,1
1902,15.078099838969381,9.184380032206105,118.30411529541016,1
1903,14.832528180354245,8.74235104669886,127.08538818359375,1
1904,14.488727858293053,8.349436392914642,133.75851440429688,1
1905,14.046698872785809,7.956521739130423,141.22120666503906,1
1906,13.555555555555536,7.612721417069232,146.8403778076172,1
1907,13.11352657004829,7.3671497584540955,145.867431640625,1
1908,12.671497584541044,7.170692431561986,154.7457733154297,1
1909,12.278582930756825,7.072463768115932,166.4826202392578,1
1910,11.689210950080497,7.121578099838959,177.23025512695312,1
1911,11.29629629629628,7.170692431561986,7.267374515533447,1
1912,10.854267310789034,7.26892109500804,21.748437881469727,1
1913,10.412238325281788,7.514492753623177,36.727962493896484,1
1914,10.01932367149757,7.956521739130423,45.177310943603516,1
1915,9.577294685990324,8.39855072463767,54.539424896240234,1
1916,9.28260869565216,8.889694041867942,59.1517219543457,1
1917,9.086151368760051,9.380837359098214,59.478248596191406,1
1918,8.889694041867942,9.82286634460546,63.35801315307617,1
1919,8.93880837359097,10.264895330112706,73.8743896484375,1
1920,8.987922705313997,10.805152979066007,86.04670715332031,1
1921,9.135265700483078,11.198067632850226,99.52643585205078,1
1922,9.429951690821241,11.590982286634443,116.67838287353516,1
1923,9.773752012882433,11.983896940418662,129.34683227539062,1
1924,10.264895330112706,12.327697262479854,142.80010986328125,1
1925,10.854267310789034,12.524154589371962,156.940673828125,1
1926,11.29629629629628,12.72061191626407,165.58856201171875,1
1927,11.885668276972607,12.769726247987098,177.8535614013672,1
1928,12.37681159420288,12.671497584541044,9.073619842529297,1
1929,12.818840579710125,12.524154589371962,29.188213348388672,1
1930,13.211755233494344,12.229468599033797,35.621856689453125,1
1931,13.555555555555536,11.83655394524958,38.367740631103516,1
1932,13.99758454106278,11.345410628019307,40.22043228149414,1
1933,14.292270531400945,10.90338164251206,50.43991470336914,1
1934,14.636070853462137,10.36312399355876,53.971927642822266,1
1935,14.881642512077272,9.871980676328487,58.33967590332031,1
1936,15.127214170692408,9.380837359098214,62.99937438964844,1
1937,15.323671497584519,8.791465378421886,67.10881805419922,1
1938,15.520128824476627,8.202093397745559,66.8919448852539,1
1939,15.765700483091765,7.416264090177123,73.19577026367188,1
1940,15.913043478260846,6.679549114331713,76.96308898925781,1
1941,16.0112721417069,6.090177133655385,78.73391723632812,1
1942,16.158615136875984,5.45169082125603,77.95858001708984,1
1943,16.305958132045063,4.862318840579703,75.31867980957031,1
1944,16.355072463768092,4.3220611916264025,79.5430679321289,1
1945,16.453301127214147,3.8309178743961296,75.86354064941406,1
1946,16.5515297906602,3.3397745571658564,72.02738952636719,1
1947,16.698872785829284,2.603059581320447,76.49008178710938,1
1948,16.74798711755231,2.1610305958132012,80.06934356689453,1
1949,16.74798711755231,2.308373590982283,79.99626159667969,1
1950,16.79710144927534,2.1610305958132012,80.97566223144531,1
1951,16.944444444444418,2.111916264090174,71.48529052734375,1
1952,17.140901771336527,2.2101449275362284,53.020912170410156,1
1953,17.48470209339772,1.9154589371980648,43.33210754394531,1
1954,17.730273752012856,1.6698872785829282,43.53934860229492,1
1955,17.779388083735885,1.620772946859901,32.253074645996094,1
1956,18.172302737520102,1.6698872785829282,15.310029983520508,1
1957,18.56521739130432,1.81723027375201,2.9365665912628174,1
1958,18.95813204508854,1.9154589371980648,0.06746316701173782,1
1959,19.44927536231881,1.9154589371980648,172.40260314941406,1
1960,19.940418679549083,1.9154589371980648,176.7991180419922,1
1961,20.529790660225412,1.9154589371980648,173.99069213867188,1
1962,21.168276972624767,1.9154589371980648,176.44778442382812,1
1963,21.80676328502412,1.9154589371980648,179.30056762695312,1
1964,22.494363929146505,1.8663446054750374,173.1470489501953,1
1965,23.13285024154586,1.81723027375201,171.8121337890625,1
1966,23.771336553945215,1.768115942028983,174.93359375,1
1967,24.36070853462154,1.7190016103059556,174.835205078125,1
1968,24.999194847020895,1.6698872785829282,178.5738525390625,1
1969,25.588566827697225,1.5716586151368737,2.4760665893554688,1
1970,26.128824476650525,1.4734299516908191,8.66925048828125,1
1971,26.669082125603826,1.3260869565217372,13.373477935791016,1
1972,27.25845410628015,1.129629629629628,11.487001419067383,1
1973,27.79871175523345,0.9822866344605461,7.3297505378723145,1
1974,27.700483091787397,0.8349436392914641,17.159767150878906,1
1975,27.651368760064372,0.7858293075684368,9.244933128356934,1
1976,27.749597423510426,0.8349436392914641,179.02542114257812,1
1977,28.04428341384859,0.8349436392914641,173.47396850585938,1
1978,28.04428341384859,0.8349436392914641,164.37713623046875,1
1979,28.240740740740698,0.9331723027375187,161.48406982421875,1
1980,28.38808373590978,1.0805152979066006,143.3824462890625,1
1981,28.486312399355835,1.2769726247987099,132.34512329101562,1
1982,28.63365539452492,1.5716586151368737,124.3392562866211,1
1983,28.879227053140053,1.9645732689210922,112.84679412841797,1
1984,29.026570048309136,2.3574879227053103,108.681396484375,1
1985,29.17391304347822,2.7012882447665016,111.18820190429688,1
1986,29.272141706924273,3.09420289855072,102.52215576171875,1
1987,29.370370370370328,3.536231884057966,99.88298034667969,1
1988,29.419484702093353,3.9291465378421844,105.22299194335938,1
1989,29.419484702093353,4.272946859903375,95.20905303955078,1
1990,29.468599033816382,4.665861513687593,96.858154296875,1
1991,29.566827697262436,5.157004830917867,98.56145477294922,1
1992,29.61594202898546,5.599033816425113,96.94664764404297,1
1993,29.66505636070849,6.090177133655385,97.15846252441406,1
1994,29.66505636070849,6.335748792270522,91.60028076171875,1
1995,29.714170692431516,6.728663446054741,90.42630767822266,1
1996,29.812399355877574,7.170692431561986,92.30687713623047,1
1997,29.8615136876006,7.563607085346204,92.45860290527344,1
1998,29.714170692431516,7.858293075684369,98.60798645019531,1
1999,29.763285024154545,8.202093397745559,97.58106994628906,1
2000,29.763285024154545,8.496779388083723,96.87195587158203,1
2001,29.763285024154545,8.791465378421886,96.62786102294922,1
2002,29.763285024154545,9.135265700483078,92.40388488769531,1
2003,29.763285024154545,9.429951690821241,95.09812927246094,1
2004,29.714170692431516,9.724637681159406,88.65326690673828,1
2005,29.61594202898546,10.068438003220598,86.46685028076172,1
2006,29.714170692431516,10.559581320450869,87.94377136230469,1
2007,29.8615136876006,10.952495974235088,89.87068176269531,1
2008,29.763285024154545,11.198067632850226,95.51490020751953,1
2009,29.517713365539407,11.541867954911416,87.67449951171875,1
2010,29.370370370370328,11.983896940418662,83.76052856445312,1
2011,29.3212560386473,12.425925925925908,87.82781982421875,1
2012,29.272141706924273,12.917069243156181,87.84391021728516,1
2013,29.272141706924273,13.506441223832509,88.19811248779297,1
2014,29.3212560386473,14.046698872785809,89.96410369873047,1
2015,29.3212560386473,14.832528180354245,83.797607421875,1
2016,29.3212560386473,15.520128824476627,88.20653533935547,1
2017,29.3212560386473,16.305958132045063,83.79438781738281,1
2018,29.370370370370328,17.042673107890472,92.016845703125,1
2019,29.419484702093353,17.681159420289827,96.06488037109375,1
2020,29.61594202898546,18.270531400966156,109.15170288085938,1
2021,29.61594202898546,18.761674718196428,101.91051483154297,1
2022,29.66505636070849,19.252818035426703,101.7264633178711,1
2023,29.812399355877574,19.64573268921092,104.34905242919922,1
2024,29.8615136876006,19.989533011272112,104.25711822509766,1
2025,29.959742351046653,20.284219001610275,105.35874938964844,1
2026,30.057971014492708,20.677133655394496,100.80677032470703,1
2027,30.156199677938762,21.020933977455684,104.62705993652344,1
2028,30.156199677938762,21.31561996779385,100.8075180053711,1
2029,30.254428341384816,21.708534621578067,101.15315246582031,1
2030,30.303542673107845,22.00322061191623,100.04634094238281,1
2031,30.352657004830874,22.347020933977422,102.0112533569336,1
2032,30.4017713365539,22.690821256038614,99.21997833251953,1
2033,30.4017713365539,22.985507246376777,97.95452880859375,1
2034,30.45088566827693,23.32930756843797,100.74417114257812,1
2035,30.499999999999954,23.62399355877613,97.66241455078125,1
2036,30.549114331722983,23.918679549114295,97.05178833007812,1
2037,30.598228663446008,24.164251207729432,96.20442962646484,1
2038,30.598228663446008,24.508051529790624,101.23760986328125,1
2039,30.598228663446008,24.802737520128787,95.18158721923828,1
2040,30.696457326892062,25.14653784218998,102.47541809082031,1
2041,30.647342995169037,25.392109500805116,94.89568328857422,1
2042,30.696457326892062,25.735909822866308,92.6595687866211,1
2043,30.696457326892062,26.128824476650525,95.99247741699219,1
2044,30.696457326892062,26.423510466988688,98.75504302978516,1
2045,30.74557165861509,26.71819645732685,95.98110961914062,1
2046,30.74557165861509,26.914653784218963,91.93858337402344,1
2047,30.794685990338117,27.209339774557126,98.64446258544922,1
2048,30.74557165861509,27.454911433172263,95.46723937988281,1
2049,30.794685990338117,27.749597423510426,93.3390121459961,1
2050,30.9420289855072,28.142512077294644,99.2698974609375,1
2051,30.696457326892062,28.240740740740698,89.29657745361328,1
2052,30.647342995169037,28.437198067632806,84.98788452148438,1
2053,30.696457326892062,28.731884057970973,92.31604766845703,1
2054,30.843800322061146,28.780998389694,100.29994201660156,1
2055,30.892914653784175,28.830112721417027,98.57909393310547,1
2056,30.843800322061146,28.830112721417027,101.40082550048828,1
2057,30.843800322061146,28.830112721417027,101.97694396972656,1
2058,30.74557165861509,28.780998389694,103.45036315917969,1
2059,30.74557165861509,28.780998389694,104.67974853515625,1
2060,30.843800322061146,28.830112721417027,106.43464660644531,1
2061,30.794685990338117,28.830112721417027,100.86351776123047,1
2062,30.696457326892062,28.682769726247944,97.9737319946289,1
2063,30.843800322061146,28.879227053140053,103.54161834716797,1
2064,30.794685990338117,28.780998389694,101.25708770751953,1
2065,30.696457326892062,28.731884057970973,96.0019302368164,1
2066,30.843800322061146,28.879227053140053,99.797607421875,1
2067,30.892914653784175,28.830112721417027,101.43456268310547,1
2068,30.794685990338117,28.830112721417027,101.60197448730469,1
2069,30.794685990338117,28.731884057970973,103.48533630371094,1
2070,30.794685990338117,28.830112721417027,104.95954132080078,1
2071,30.794685990338117,28.830112721417027,102.99916076660156,1
2072,30.794685990338117,28.830112721417027,100.97138977050781,1
2073,30.74557165861509,28.830112721417027,105.38492584228516,1
2074,30.74557165861509,28.879227053140053,106.71097564697266,1
2075,30.696457326892062,28.879227053140053,103.38702392578125,1
2076,30.647342995169037,28.879227053140053,105.82877349853516,1
2077,30.647342995169037,28.879227053140053,110.12457275390625,1
2078,30.499999999999954,28.830112721417027,104.83451843261719,1
2079,30.4017713365539,28.780998389694,99.37931823730469,1
2080,30.4017713365539,28.63365539452492,101.04900360107422,1
2081,30.598228663446008,28.780998389694,108.64154815673828,1
2082,30.549114331722983,28.780998389694,105.10527801513672,1
2083,30.499999999999954,28.731884057970973,99.80609130859375,1
2084,30.549114331722983,28.731884057970973,103.78900146484375,1
2085,30.794685990338117,28.879227053140053,105.80670928955078,1
2086,30.74557165861509,28.879227053140053,106.4586410522461,1
2087,30.74557165861509,28.92834138486308,104.09257507324219,1
2088,30.647342995169037,28.830112721417027,106.16046905517578,1
2089,30.696457326892062,28.92834138486308,103.82181549072266,1
2090,30.549114331722983,28.780998389694,103.47984313964844,1
2091,30.647342995169037,28.92834138486308,105.6240005493164,1
2092,30.598228663446008,28.879227053140053,107.05464172363281,1
2093,30.598228663446008,28.92834138486308,107.4423828125,1
2094,30.549114331722983,28.879227053140053,108.36015319824219,1
2095,30.499999999999954,28.92834138486308,112.53105926513672,1
2096,30.499999999999954,28.92834138486308,112.89128112792969,1
2097,30.499999999999954,28.92834138486308,109.58436584472656,1
2098,30.499999999999954,28.92834138486308,111.21951293945312,1
2099,30.499999999999954,28.92834138486308,112.54988861083984,1
2100,30.499999999999954,28.879227053140053,108.30548858642578,1
2101,30.499999999999954,28.879227053140053,109.1353759765625,1
2102,30.549114331722983,28.830112721417027,108.29236602783203,1
2103,30.549114331722983,28.780998389694,104.64470672607422,1
2104,30.549114331722983,28.780998389694,105.94469451904297,1
2105,30.549114331722983,28.780998389694,106.34960174560547,1
2106,30.549114331722983,28.780998389694,106.21720123291016,1
2107,30.549114331722983,28.780998389694,105.57582092285156,1
2108,30.499999999999954,28.830112721417027,107.27645111083984,1
2109,30.4017713365539,28.830112721417027,109.8777847290039,1
2110,30.20531400966179,28.58454106280189,105.37915802001953,1
2111,30.156199677938762,28.63365539452492,103.9124755859375,1
2112,30.107085346215737,28.830112721417027,106.72673797607422,1
2113,29.8615136876006,28.58454106280189,102.28919219970703,1
2114,29.910628019323628,28.780998389694,114.14691162109375,1
2115,29.763285024154545,28.682769726247944,107.70780181884766,1
2116,29.714170692431516,28.682769726247944,112.00035095214844,1
2117,29.66505636070849,28.682769726247944,112.6844253540039,1
2118,29.66505636070849,28.731884057970973,115.91822052001953,1
2119,29.66505636070849,28.731884057970973,112.0849380493164,1
2120,29.66505636070849,28.780998389694,115.1388168334961,1
2121,29.66505636070849,28.63365539452492,111.70348358154297,1
2122,29.61594202898546,28.486312399355835,105.3259048461914,1
2123,29.566827697262436,28.437198067632806,102.00277709960938,1
2124,29.61594202898546,28.437198067632806,101.66108703613281,1
2125,29.66505636070849,28.38808373590978,94.19918060302734,1
2126,29.61594202898546,28.38808373590978,100.80413818359375,1
2127,29.566827697262436,28.191626409017672,96.71831512451172,1
2128,29.714170692431516,28.289855072463727,91.61491394042969,1
2129,29.66505636070849,28.240740740740698,86.23278045654297,1
2130,29.566827697262436,28.338969404186752,101.82186889648438,1
2131,29.517713365539407,28.38808373590978,104.26207733154297,1
2132,29.468599033816382,28.437198067632806,108.1962661743164,1
2133,29.468599033816382,28.486312399355835,107.47572326660156,1
2134,29.468599033816382,28.53542673107886,107.48666381835938,1
2135,29.468599033816382,28.58454106280189,108.4388656616211,1
2136,29.468599033816382,28.58454106280189,108.04195404052734,1
2137,29.468599033816382,28.53542673107886,106.98412322998047,1
2138,29.419484702093353,28.38808373590978,104.08011627197266,1
2139,29.419484702093353,28.289855072463727,100.49976348876953,1
2140,29.419484702093353,28.338969404186752,102.2014389038086,1
2141,29.419484702093353,28.338969404186752,101.06157684326172,1
2142,29.468599033816382,28.289855072463727,101.58973693847656,1
2143,29.419484702093353,28.289855072463727,101.22535705566406,1
2144,29.419484702093353,28.289855072463727,101.415771484375,1
2145,29.370370370370328,28.240740740740698,101.30326080322266,1
2146,29.419484702093353,28.38808373590978,99.5263671875,1
2147,29.517713365539407,28.486312399355835,102.15606689453125,1
2148,29.370370370370328,28.04428341384859,97.71571350097656,1
2149,29.517713365539407,28.437198067632806,97.19855499267578,1
2150,29.468599033816382,28.38808373590978,97.13388061523438,1
2151,29.3212560386473,28.191626409017672,101.39556121826172,1
2152,29.370370370370328,28.38808373590978,99.80585479736328,1
2153,29.370370370370328,28.240740740740698,95.96385955810547,1
2154,29.468599033816382,28.240740740740698,83.59789276123047,1
2155,29.517713365539407,28.191626409017672,82.614501953125,1
2156,29.566827697262436,28.58454106280189,97.15164947509766,1
2157,29.419484702093353,28.191626409017672,92.4079360961914,1
2158,29.419484702093353,28.191626409017672,90.99283599853516,1
2159,29.370370370370328,28.437198067632806,105.23350524902344,1
2160,29.3212560386473,28.53542673107886,105.93352508544922,1
2161,29.272141706924273,28.53542673107886,106.08905792236328,1
2162,29.272141706924273,28.63365539452492,106.67193603515625,1
2163,29.272141706924273,28.58454106280189,107.70652770996094,1
2164,29.272141706924273,28.58454106280189,106.85433197021484,1
2165,29.272141706924273,28.58454106280189,105.361083984375,1
2166,29.272141706924273,28.38808373590978,100.95879364013672,1
2167,29.272141706924273,28.38808373590978,102.64653778076172,1
2168,29.272141706924273,28.338969404186752,101.03369903564453,1
2169,29.272141706924273,28.338969404186752,101.52938079833984,1
2170,29.272141706924273,28.338969404186752,96.5777587890625,1
2171,29.272141706924273,28.289855072463727,98.44750213623047,1
2172,29.223027375201244,28.289855072463727,99.17621612548828,1
2173,29.223027375201244,28.289855072463727,99.18685150146484,1
2174,29.223027375201244,28.289855072463727,100.28141021728516,1
2175,29.17391304347822,28.437198067632806,110.79209899902344,1
2176,29.223027375201244,28.437198067632806,112.02355194091797,1
2177,29.223027375201244,28.38808373590978,109.80493927001953,1
2178,29.272141706924273,28.53542673107886,103.21605682373047,1
2179,,,,0
2180,,,,0
2181,,,,0
2182,,,,0
2183,,,,0
2184,,,,0
2185,,,,0
2186,,,,0
2187,,,,0
2188,,,,0
2189,,,,0
2190,,,,0
2191,,,,0
2192,,,,0
2193,,,,0
2194,,,,0
2195,,,,0
2196,29.12479871175519,28.58454106280189,116.55023193359375,1
2197,29.17391304347822,28.682769726247944,117.19568634033203,1
2198,,,,0
2199,,,,0
2200,,,,0
2201,,,,0
2202,,,,0
2203,,,,0
2204,,,,0
2205,,,,0
2206,,,,0
2207,,,,0
2208,,,,0
2209,,,,0
2210,,,,0
2211,,,,0
2212,,,,0
2213,,,,0
2214,,,,0
2215,,,,0
2216,,,,0
2217,,,,0
2218,,,,0
2219,,,,0
2220,,,,0
2221,,,,0
2222,,,,0
2223,,,,0
2224,29.07568438003216,28.437198067632806,107.45669555664062,1
2225,29.3212560386473,28.92834138486308,110.67613983154297,1
2226,29.07568438003216,28.38808373590978,105.27499389648438,1
2227,29.07568438003216,28.093397745571618,87.50255584716797,1
2228,29.12479871175519,27.896940418679506,74.85795593261719,1
2229,,,,0
2230,,,,0
2231,,,,0
2232,,,,0
2233,,,,0
2234,,,,0
2235,,,,0
2236,,,,0
2237,,,,0
2238,,,,0
2239,,,,0
2240,,,,0
2241,,,,0
2242,,,,0
2243,,,,0
2244,,,,0
2245,,,,0
2246,,,,0
2247,,,,0
2248,29.07568438003216,28.38808373590978,97.78117370605469,1
2249,29.07568438003216,28.58454106280189,110.46563720703125,1
2250,28.977455716586107,28.58454106280189,115.17101287841797,1
2251,29.07568438003216,28.879227053140053,120.34276580810547,1
2252,29.07568438003216,28.977455716586107,119.08384704589844,1
2253,29.07568438003216,28.92834138486308,120.0295181274414,1
2254,29.07568438003216,28.92834138486308,121.93971252441406,1
2255,29.07568438003216,28.879227053140053,119.7046890258789,1
2256,29.07568438003216,28.92834138486308,121.49176788330078,1
2257,29.12479871175519,28.977455716586107,119.08448028564453,1
2258,29.12479871175519,28.977455716586107,120.93010711669922,1
2259,29.12479871175519,28.92834138486308,118.69305419921875,1
2260,29.17391304347822,28.92834138486308,118.11642456054688,1
2261,29.12479871175519,28.780998389694,114.99374389648438,1
2262,29.12479871175519,28.731884057970973,112.58771514892578,1
2263,,,,0
2264,,,,0
2265,30.647342995169037,27.79871175523345,124.14895629882812,1
2266,30.74557165861509,27.79871175523345,121.01231384277344,1
2267,30.696457326892062,27.749597423510426,120.1611328125,1
2268,30.696457326892062,27.700483091787397,119.45104217529297,1
2269,30.74557165861509,27.79871175523345,118.63803100585938,1
2270,30.696457326892062,27.749597423510426,122.38690185546875,1
2271,30.647342995169037,27.700483091787397,124.48860931396484,1
2272,30.549114331722983,27.700483091787397,129.9629669189453,1
2273,,,,0
2274,30.20531400966179,27.30756843800318,169.6656951904297,1
2275,30.45088566827693,27.553140096618318,136.1247100830078,1
2276,30.499999999999954,27.602254428341343,136.10011291503906,1
2277,30.499999999999954,27.553140096618318,131.20272827148438,1
2278,30.4017713365539,27.50402576489529,135.84996032714844,1
2279,,,,0
2280,,,,0
2281,,,,0
2282,,,,0
2283,,,,0
2284,,,,0
2285,,,,0
2286,,,,0
2287,,,,0
2288,,,,0
2289,,,,0
2290,29.026570048309136,28.486312399355835,103.2744369506836,1
2291,29.07568438003216,28.486312399355835,106.06051635742188,1
2292,29.07568438003216,28.53542673107886,107.57959747314453,1
2293,,,,0
2294,,,,0
2295,,,,0
2296,,,,0
2297,28.977455716586107,28.142512077294644,91.8741226196289,1
2298,29.07568438003216,28.58454106280189,104.26235961914062,1
2299,29.07568438003216,28.63365539452492,105.60208129882812,1
2300,29.07568438003216,28.53542673107886,104.23582458496094,1
2301,29.07568438003216,28.58454106280189,107.46795654296875,1
2302,,,,0
2303,,,,0
2304,,,,0
2305,,,,0
2306,,,,0
2307,,,,0
2308,,,,0
2309,,,,0
2310,,,,0
2311,,,,0
2312,,,,0
2313,,,,0
2314,29.026570048309136,28.437198067632806,101.40322875976562,1
2315,29.07568438003216,28.682769726247944,107.6884536743164,1
2316,29.026570048309136,28.58454106280189,108.3392562866211,1
2317,,,,0
2318,,,,0
2319,,,,0
2320,,,,0
2321,,,,0
2322,,,,0
2323,,,,0
2324,,,,0
2325,,,,0
