frame,x_cm,y_cm,theta,detected
305,28.627625201938606,1.97092084006462,32.473289489746094,1
306,28.430533117932143,2.19264943457189,19.644575595855713,1
307,28.36483575659666,2.2665589660743133,15.096153205082265,0
308,28.331987075928915,2.303513731825525,12.891932207223917,0
309,28.31227786752827,2.325686591276252,11.605777468966446,0
310,28.233441033925683,2.41437802907916,6.815861701965332,0
311,28.233441033925683,2.41437802907916,6.815861701965332,0
312,28.233441033925683,2.41437802907916,6.815861701965332,0
313,28.233441033925683,2.41437802907916,6.815861701965332,0
314,28.233441033925683,2.41437802907916,6.815861701965332,0
315,28.233441033925683,2.41437802907916,6.815861701965332,0
316,28.233441033925683,2.41437802907916,6.815861701965332,0
317,28.233441033925683,2.41437802907916,6.815861701965332,0
318,28.233441033925683,2.41437802907916,6.815861701965332,0
319,28.233441033925683,2.41437802907916,6.815861701965332,0
320,28.233441033925683,2.41437802907916,6.815861701965332,0
321,28.233441033925683,2.41437802907916,6.815861701965332,0
322,28.233441033925683,2.41437802907916,6.815861701965332,0
323,28.233441033925683,2.41437802907916,6.815861701965332,0
324,28.233441033925683,2.41437802907916,6.815861701965332,0
325,28.233441033925683,2.41437802907916,6.815861701965332,0
326,28.164458804523417,1.9512116316639745,10.495333769440101,1
327,28.065912762520192,1.5077544426494347,14.891142325849906,1
328,27.937802907915987,1.074151857835218,19.520181134963284,1
329,27.809693053311786,0.6405492730210016,24.06840085426037,0
330,27.681583198707585,0.2069466882067851,28.324960150965943,0
331,27.622455573505647,0.23651050080775443,28.953438873093226,0
332,27.59289176090468,0.2463651050080775,29.050264358520508,0
333,27.59289176090468,0.2463651050080775,29.050264358520508,0
334,27.59289176090468,0.2463651050080775,29.050264358520508,0
335,27.59289176090468,0.2463651050080775,29.050264358520508,0
336,27.59289176090468,0.2463651050080775,29.050264358520508,0
337,27.59289176090468,0.2463651050080775,29.050264358520508,0
338,27.59289176090468,0.2463651050080775,29.050264358520508,0
339,27.59289176090468,0.2463651050080775,29.050264358520508,0
340,27.59289176090468,0.2463651050080775,29.050264358520508,0
341,27.59289176090468,0.2463651050080775,29.050264358520508,0
342,27.59289176090468,0.2463651050080775,29.050264358520508,0
343,27.59289176090468,0.2463651050080775,29.050264358520508,0
344,27.59289176090468,0.2463651050080775,29.050264358520508,0
345,27.59289176090468,0.2463651050080775,29.050264358520508,0
346,27.59289176090468,0.2463651050080775,29.050264358520508,0
347,27.59289176090468,0.2463651050080775,29.050264358520508,0
348,27.59289176090468,0.2463651050080775,29.050264358520508,0
349,27.59289176090468,0.2463651050080775,29.050264358520508,0
350,27.59289176090468,0.2463651050080775,29.050264358520508,0
351,27.59289176090468,0.2463651050080775,29.050264358520508,0
352,27.59289176090468,0.2463651050080775,29.050264358520508,0
353,27.59289176090468,0.2463651050080775,29.050264358520508,0
354,27.59289176090468,0.2463651050080775,29.050264358520508,0
355,27.59289176090468,0.2463651050080775,29.050264358520508,0
356,27.59289176090468,0.2463651050080775,29.050264358520508,0
357,27.59289176090468,0.2463651050080775,29.050264358520508,0
358,27.59289176090468,0.2463651050080775,29.050264358520508,0
359,27.59289176090468,0.2463651050080775,29.050264358520508,0
360,27.59289176090468,0.2463651050080775,29.050264358520508,0
361,27.59289176090468,0.2463651050080775,29.050264358520508,0
362,27.888529886914377,0.6602584814216477,31.87355694104841,1
363,28.213731825525038,1.0741518578352178,36.19920153152649,1
364,28.558642972536347,1.4880452342487878,41.92704929960691,1
365,28.933117932148622,1.9019386106623581,48.33723960150379,1
366,29.327302100161546,2.286268174474959,54.67120611675861,1
367,29.425848142164778,2.25670436187399,57.686309773623414,1
368,29.49483037156704,2.2271405492730203,59.88096977993411,1
369,29.544103392568655,2.2271405492730203,60.55175560549668,1
370,29.55395799676898,2.25670436187399,60.693753474283355,1
371,29.50468497576736,2.3059773828756054,59.497475498614975,1
372,29.475121163166392,2.335541195476575,57.92870713017912,1
373,29.425848142164778,2.374959612277867,56.96406581310923,1
374,29.36672051696284,2.3848142164781905,57.01453963392133,1
375,29.287883683360256,2.424232633279483,55.91362065997529,1
376,29.21890145395799,2.453796445880452,53.94474082639792,1
377,29.08093699515347,2.572051696284329,51.8091371314872,1
378,28.952827140549267,2.660743134087237,45.91444884777605,1
379,28.824717285945063,2.749434571890145,38.75334233602354,1
380,28.755735056542807,2.7691437802907912,29.46061246639056,1
381,28.696607431340862,2.8184168012924067,19.096486730024886,1
382,28.686752827140545,2.8085621970920833,9.850661406601091,1
383,28.676898222940217,2.8184168012924067,8.97077538074832,1
384,28.6670436187399,2.8085621970920833,0.5785484728690008,1
385,28.627625201938606,2.8085621970920833,175.61592658640748,0
386,28.60791599353796,2.79870759289176,173.83409633512778,0
387,28.60791599353796,2.7789983844911137,165.8659626768248,1
388,28.676898222940217,2.759289176090468,164.00383699386825,1
389,28.7951534733441,2.788852988691437,171.12157130742816,1
390,28.972536348949916,2.788852988691437,3.67064380858328,1
391,29.159773828756055,2.7888529886914375,30.081353642942556,1
392,29.356865912762515,2.7987075928917604,42.36978334361388,1
393,29.494830371567037,2.8085621970920833,53.49827789655242,1
394,29.583521809369948,2.8085621970920838,60.73984998279534,1
395,29.603231017770593,2.8578352180936992,58.8849972551414,1
396,29.583521809369948,2.936672051696284,59.19301712350973,1
397,29.622940226171238,2.3158319870759287,60.4819776109331,1
398,29.642649434571883,1.7147011308562194,63.62736759088655,1
399,29.652504038772207,1.1135702746365104,64.21012851487386,1
400,29.642649434571887,0.5222940226171243,66.27614568477645,1
401,29.120355411954762,-0.019709208400646182,73.42952770073342,1
402,28.391114701130853,0.1281098546042003,84.19664306770242,1
403,27.622455573505647,0.3153473344103392,158.14849353572993,1
404,26.81437802907916,0.5222940226171243,164.60669534733404,1
405,25.98659127625201,0.7390953150242325,167.20298731338428,1
406,25.59240710823909,0.9164781906300483,178.84464845910662,1
407,25.208077544426487,1.1332794830371564,7.148818955018553,1
408,24.754765751211625,1.3303715670436185,12.508150855086347,1
409,24.232471728594504,1.5471728594507268,14.102824552989247,1
410,23.65105008077544,1.7738287560581583,13.743595097446091,1
411,23.069628432956378,2.0004846526655893,13.724195606915979,1
412,22.468497576736667,2.2271405492730207,13.562007782494465,1
413,21.837802907915993,2.463651050080775,13.074282190627663,1
414,21.177544426494343,2.7001615508885295,13.749089737970538,1
415,20.448303715670434,2.946526655896607,12.958853000061497,1
416,19.64022617124394,3.202746365105008,11.981373665156458,1
417,18.792730210016153,3.478675282714055,11.252042431968924,1
418,17.945234248788363,3.754604200323101,10.907352306549926,1
419,17.18642972536349,4.030533117932148,14.531284949355342,1
420,16.536025848142163,4.306462035541195,19.609158981185328,1
421,16.003877221324718,4.611954765751211,27.140288823302654,1
422,15.580129240710821,4.947011308562197,37.59007458515322,1
423,15.264781906300481,5.311631663974151,47.10993754515274,1
424,14.978998384491112,5.715670436187398,54.03854390695813,1
425,14.732633279483034,6.149273021001614,60.56745928084989,1
426,14.535541195476572,6.602584814216476,66.31758278722857,1
427,14.387722132471726,7.075605815831986,70.59177268885466,1
428,14.27932148626817,7.56833602584814,75.31821379812915,1
429,14.210339256865911,8.08077544426494,78.19192356975402,1
430,14.17092084006462,8.61292407108239,80.79826923948781,1
431,14.141357027463647,9.184491114701128,81.83286717559704,1
432,14.111793214862677,9.765912762520191,81.87001736045512,1
433,14.101938610662355,10.357189014539577,81.93410713137172,1
434,14.101938610662355,10.918901453957996,82.78115079349811,1
435,14.101938610662355,11.470759289176089,83.22182981336496,1
436,14.111793214862677,11.98319870759289,83.84261690133002,1
437,14.131502423263324,12.475928917609044,84.53663363933295,1
438,14.151211631663973,12.968659127625198,86.58319330439596,1
439,14.170920840064616,13.481098546042,89.08198643101372,1
440,14.220193861066235,13.983683360258478,90.251584598023,1
441,14.318739903069465,14.476413570274634,92.86203228136293,1
442,14.486268174474958,14.949434571890142,97.55767532949093,1
443,14.712924071082389,15.383037156704358,102.77305220305742,1
444,15.018416801292403,15.76736672051696,109.20589606754943,1
445,15.383037156704358,16.102423263327942,118.37090258223263,1
446,15.79693053311793,16.358642972536344,129.20215320410256,1
447,16.24038772213247,16.536025848142163,141.7781678366607,1
448,16.71340872374798,16.614862681744746,156.72109240625153,1
449,17.176575121163165,16.585298869143777,174.1439987678204,1
450,17.629886914378027,16.43747980613893,11.700766336816745,1
451,18.06348949919224,16.191114701130854,27.383197596447836,1
452,18.457673667205164,15.846203554119544,40.93488131168451,1
453,18.773021001615504,15.422455573505653,53.2381319556004,1
454,19.029240710823906,14.949434571890142,63.668657336919594,1
455,19.186914378029076,14.456704361873989,74.13647717969474,1
456,19.216478190630045,13.973828756058158,85.70184323378516,1
457,19.117932148626814,13.500807754442647,97.73513395531504,1
458,18.930694668820678,13.057350565428106,111.42566007732296,1
459,18.63505654281098,12.673021001615506,126.75221623713837,1
460,18.270436187399028,12.357673667205168,142.0368602383907,1
461,17.856542810985456,12.121163166397412,155.6235991850077,1
462,17.422940226171242,11.98319870759289,167.42327893801036,1
463,16.959773828756056,11.943780290791597,174.80392426486506,1
464,16.45718901453958,11.943780290791597,179.55443472417323,1
465,15.915185783521807,11.993053311793213,2.1365933431035313,1
466,15.392891760904684,12.071890145395798,5.960478671783396,1
467,14.880452342487882,12.190145395799675,10.77075393588941,1
468,14.397576736672047,12.347819063004845,19.032059584530867,1
469,13.9935379644588,12.584329563812599,28.6187975749664,1
470,13.678190630048462,12.87996768982229,40.67640818523,1
471,13.41211631663974,13.244588045234243,53.1189074294636,1
472,13.2248788368336,13.658481421647815,64.46439821838744,1
473,13.136187399030693,14.09208400646203,73.84070896922715,1
474,13.136187399030693,14.525686591276246,83.49758208040255,1
475,13.2248788368336,14.96914378029079,91.9303435386944,1
476,13.41211631663974,15.402746365105006,98.81808289796439,1
477,13.678190630048462,15.816639741518577,106.2443367669157,1
478,14.003392568659127,16.220678513731823,114.99251465358907,1
479,14.368012924071078,16.5951534733441,123.01878185553466,1
480,14.78190630048465,16.920355411954763,128.84903798526238,1
481,15.215508885298865,17.176575121163165,135.7840100388003,1
482,15.658966074313406,17.373667205169625,142.8301784811414,1
483,16.12213247172859,17.501777059773826,148.9846615894844,1
484,16.614862681744746,17.56090468497576,157.05846090182132,1
485,17.117447495961223,17.551050080775443,168.38838661760448,1
486,17.64959612277867,17.472213247172856,1.0585020003003358,1
487,18.20145395799677,17.314539579967686,15.145603866041343,1
488,18.743457189014535,17.087883683360253,27.910273099817193,1
489,19.275605815831984,16.802100161550886,37.395577395910024,1
490,19.807754442649433,16.447334410339252,44.007399988027956,1
491,20.320193861066233,16.043295638126004,47.32928990906395,1
492,20.822778675282713,15.599838449111468,49.76887747156801,1
493,21.29579967689822,15.126817447495958,52.55609408085513,1
494,21.719547657512113,14.634087237479804,56.91780232269889,1
495,22.094022617124388,14.131502423263324,60.8893215535667,1
496,22.409369951534728,13.609208400646201,65.60724730595693,1
497,22.655735056542806,13.086914378029075,70.27448508153769,1
498,22.872536348949914,12.535056542810983,74.52473283651149,1
499,23.04006462035541,11.95363489499192,78.15706978902148,1
500,23.128756058158316,11.362358642972534,82.91127919106833,1
501,23.148465266558965,10.761227786752826,89.14485857617909,1
502,23.09919224555735,10.14038772213247,95.34242013582137,1
503,22.9513731825525,9.529402261712438,102.43477550885517,1
504,22.744426494345714,8.947980613893375,108.74986834092881,1
505,22.488206785137315,8.376413570274634,114.03145112550304,1
506,22.1827140549273,7.794991922455571,116.8637316735617,1
507,21.827948303715665,7.233279483037156,119.34782267121247,1
508,21.43376413570274,6.7011308562197085,120.52686037808712,1
509,20.9903069466882,6.188691437802907,123.47795635039937,1
510,20.517285945072693,5.695961227786752,127.23194444509745,1
511,20.014701130856213,5.272213247172859,131.2467681068967,1
512,19.472697899838444,4.868174474959612,135.0794494275207,1
513,18.901130856219705,4.483844911147011,138.9436056097544,1
514,18.319709208400642,4.109369951534733,141.39025707789693,1
515,17.728432956381255,3.764458804523424,142.92874492624352,1
516,17.12730210016155,3.429402261712439,146.07205601446506,1
517,16.545880452342487,3.143618739903069,150.0039778644965,1
518,15.984168012924068,2.9071082390953142,156.41241771463243,1
519,15.442164781906296,2.7395799676898216,163.6951923191697,1
520,14.900161550888527,2.660743134087237,173.33091331156962,1
521,14.358158319870757,2.690306946688206,4.454465260595211,1
522,13.835864297253632,2.8085621970920838,17.8252138208219,1
523,13.343134087237477,3.0253634894991914,32.35110210807419,1
524,12.87011308562197,3.360420032310177,48.20922788598662,1
525,12.466074313408722,3.764458804523424,62.53391292027458,1
526,12.190145395799675,4.19806138933764,75.42488369189485,1
527,12.032471728594505,4.651373182552503,86.37474713858562,1
528,12.022617124394182,5.114539579967689,97.35345185123221,1
529,12.170436187399028,5.518578352180937,108.38702711842282,1
530,12.466074313408722,5.883198707592891,121.11698446681618,1
531,12.860258481421647,6.208400646203553,134.09689219138295,1
532,13.323424878836828,6.4744749596122775,146.15101815045227,1
533,13.826009693053308,6.651857835218093,155.67975179258084,1
534,14.368012924071081,6.7504038772213235,165.4355396097041,1
535,14.90016155088853,6.7504038772213235,174.28684988600108,1
536,15.422455573505653,6.64200323101777,4.512633155716671,1
537,15.92504038772213,6.444911147011308,16.484150733733237,1
538,16.388206785137317,6.159127625201938,29.475909033569526,1
539,16.79224555735056,5.804361873990306,40.227772940053455,1
540,17.16672051696284,5.37075928917609,48.79868807647917,1
541,17.51163166397415,4.897738287560581,54.307575590432755,1
542,17.856542810985456,4.35573505654281,57.985390049619156,1
543,18.22116316639741,3.774313408723747,59.00071209958086,1
544,18.615347334410338,3.143618739903069,60.03079644146481,1
545,18.999676898222937,2.5523424878836827,59.50934605689547,1
546,19.403715670436185,2.1285945072697894,53.29868159860404,1
547,19.847172859450723,1.9117932148626813,43.3221499487031,1
548,20.300484652665585,1.882229402261712,28.620217705235124,1
549,20.80306946688206,2.039903069466882,9.897270049713565,1
550,21.374636510500803,2.325686591276251,175.7814645175001,1
551,21.956058158319866,2.5819063004846523,167.0896098588044,1
552,22.52762520193861,2.788852988691437,163.10616608993263,1
553,23.109046849757668,2.95638126009693,161.39310630997403,1
554,23.690468497576735,3.104200323101776,161.54999389569323,1
555,24.25218093699515,3.2224555735056533,161.91351515372892,1
556,24.863166397415178,3.3702746365105,160.54688295444734,1
557,25.513570274636503,3.5673667205169624,157.39063574223047,1
558,26.213247172859447,3.813731825525039,155.37423644367942,1
559,26.92277867528271,4.0995153473344095,155.44157179401466,1
560,27.4746365105008,4.395153473344102,154.26193748315444,1
561,27.888529886914377,4.680936995153472,152.3592121576056,1
562,28.17431340872374,4.947011308562196,149.99712633605085,1
563,28.381260096930525,5.222940226171243,145.45504305225035,1
564,28.47980613893376,5.4890145395799665,138.48441479144384,1
565,28.6670436187399,5.7945072697899835,134.08164618857126,1
566,28.86413570274636,6.119709208400645,127.18384970778597,1
567,29.061227786752823,6.45476575121163,121.23912526713383,1
568,29.20904684975767,6.770113085621969,116.16144784082158,1
569,29.317447495961222,7.065751211631662,110.75060622005458,1
570,29.40613893376413,7.351534733441032,105.51400713109048,1
571,29.50468497576736,7.6373182552504035,104.40496536310116,1
572,29.60323101777059,7.932956381260095,102.92216708842075,1
573,29.6919224555735,8.268012924071082,100.99350551007211,1
574,29.800323101777053,8.632633279483034,99.689701578015,1
575,29.88901453957996,9.007108239095313,97.97737730826685,1
576,29.948142164781906,9.401292407108238,95.47776336140525,1
577,30.01712439418416,9.815185783521807,93.75091501917356,1
578,30.036833602584814,10.199515347334408,93.0286269207114,1
579,29.997415185783517,10.603554119547656,92.63894094407246,1
580,29.967851373182548,11.027302100161549,93.09096616204342,1
581,29.928432956381254,11.500323101777058,93.83966683489508,1
582,29.85945072697899,12.022617124394182,93.39106465810544,1
583,29.8200323101777,12.613893376413568,91.94322141388488,1
584,29.839741518578347,13.264297253634894,90.75135459438256,1
585,29.869305331179316,13.954119547657509,90.70070066302839,1
586,29.93828756058158,14.643941841680126,92.23627888045363,1
587,30.007269789983837,15.274636510500807,93.76999685481178,1
588,30.10581583198707,15.86591276252019,96.70632254541032,1
589,30.21421647819063,16.388206785137317,98.4879318109305,1
590,30.29305331179321,16.861227786752824,98.46964612460464,1
591,30.34232633279483,17.275121163166393,96.80662771763149,1
592,30.391599353796444,17.67915993537964,97.66225848865788,1
593,30.411308562197085,18.043780290791595,97.14502848002513,1
594,30.391599353796444,18.388691437802905,96.37577697372451,1
595,30.381744749596116,18.723747980613894,95.90939784002293,1
596,30.391599353796444,19.048949919224555,96.33569158052681,1
597,30.40145395799676,19.35444264943457,95.04406416616558,1
598,30.421163166397413,19.650080775444263,94.76403848052409,1
599,30.470436187399024,19.975282714054924,96.87409371023107,1
600,30.529563812600962,20.31033925686591,97.8302628971468,1
601,30.56898222940226,20.62568659127625,98.37567653178682,1
602,30.61825525040387,20.950888529886907,99.84830046251659,1
603,30.64781906300484,21.29579967689822,100.57838533045398,1
604,30.64781906300484,21.601292407108236,99.12270615235565,1
605,30.657673667205167,21.90678513731825,99.34463560329223,1
606,30.64781906300484,22.212277867528265,100.05149237333275,1
607,30.637964458804515,22.52762520193861,99.81978146963169,1
608,30.64781906300484,22.842972536348945,99.85949265752342,1
609,30.66752827140549,23.16817447495961,100.10617441283324,1
610,30.677382875605808,23.48352180936995,98.87675251282212,1
611,30.716801292407105,23.798869143780287,97.50733635097298,1
612,30.766074313408716,24.104361873990303,96.69144477731678,1
613,30.805492730210013,24.390145395799674,96.61969557823708,1
614,30.854765751211623,24.66607431340872,97.3007683742009,1
615,30.91389337641357,24.932148626817444,97.91516732754536,1
616,30.963166397415183,25.198222940226167,98.58028792517896,1
617,30.992730210016152,25.45444264943457,98.43500203020027,1
618,31.02229402261712,25.71066235864297,96.85670734386179,1
619,31.032148626817445,25.966882067851365,96.176996218936,1
620,31.02229402261712,26.22310177705977,96.65873828480534,1
621,30.963166397415183,26.47932148626817,95.57968232981845,1
622,30.89418416801292,26.745395799676892,94.61695874128593,1
623,30.825201938610654,27.02132471728594,94.08615714725467,1
624,30.795638126009685,27.326817447495955,94.33355795903056,1
625,30.795638126009685,27.66187399030694,94.613172669503,1
626,30.83505654281098,27.977221324717277,95.11079704956688,1
627,30.91389337641356,28.243295638126007,97.04842033019494,1
628,30.963166397415176,28.43053311793214,96.34096261018286,1
629,30.982875605815828,28.548788368336016,94.16036741938863,1
630,30.94345718901453,28.58820678513731,91.05647132922182,1
631,30.874474959612268,28.58820678513731,89.81795088182643,1
632,30.766074313408716,28.598061389337637,87.56901839379891,1
633,30.677382875605808,28.637479806138924,87.36418558261735,1
634,30.5886914378029,28.676898222940217,85.4556825873002,1
635,30.50985460420032,28.716316639741514,83.43297755756525,1
636,30.460581583198707,28.765589660743125,80.0533601114039,1
637,30.411308562197085,28.824717285945063,76.13584800420162,1
638,30.371890145395792,28.854281098546032,73.31943402884934,1
639,30.29305331179321,28.86413570274636,70.47712259930383,1
640,30.184652665589653,28.89369951534733,66.7262511116542,1
641,30.036833602584807,28.96268174474959,61.78629970796386,1
642,29.84959612277867,29.002100161550878,55.733076218697526,1
643,29.613085621970914,29.090791599353793,49.63895855533203,1
644,29.386429725363485,29.199192245557345,44.595320137311326,1
645,29.169628432956376,29.287883683360253,40.073277153007986,1
646,28.933117932148622,29.36672051696284,37.93716148223238,1
647,28.696607431340862,29.475121163166392,36.15569711822506,1
648,28.46009693053311,29.583521809369945,34.63992495702673,1
649,28.17431340872374,29.72148626817447,32.216431049760395,1
650,27.858966074313408,29.87915993537964,30.460229994308722,1
651,27.543618739903064,30.026978998384486,26.419750019589454,1
652,27.218416801292403,30.164943457189008,22.376265779147698,1
653,26.873505654281097,30.273344103392567,18.57299882437001,1
654,26.548303715670432,30.362035541195475,16.504868738780267,1
655,26.242810985460416,30.421163166397413,14.979491451526998,1
656,25.95702746365105,30.460581583198707,13.74474305372115,1
657,25.69095315024232,30.48029079159935,13.278488094844827,1
658,25.444588045234244,30.50985460420032,10.734932426363557,1
659,25.198222940226167,30.519709208400645,7.648211148758144,1
660,24.942003231017765,30.519709208400638,5.563708656498502,1
661,24.675928917609042,30.519709208400638,4.449614506856765,1
662,24.39014539579967,30.519709208400645,5.49847957466112,1
663,24.08465266558966,30.50985460420032,6.230661918230165,1
664,23.779159935379642,30.499999999999996,8.677569761680893,1
665,23.48352180936995,30.499999999999996,8.31768134211695,1
666,23.18788368336026,30.499999999999996,9.842375142466354,1
667,22.902100161550887,30.499999999999996,9.010891816236498,1
668,22.62617124394184,30.50985460420032,8.399665479433219,1
669,22.360096930533114,30.519709208400645,6.8521922888187765,1
670,22.084168012924067,30.519709208400638,4.947801965214384,1
671,21.808239095315024,30.50985460420032,2.944131615487649,1
672,21.51260096930533,30.50985460420032,4.752516063607081,1
673,21.207108239095312,30.499999999999993,4.427193011398229,1
674,20.911470113085617,30.470436187399024,3.3746316166012322,1
675,20.63554119547657,30.411308562197085,1.54664620862233,1
676,20.3497576736672,30.31276252019386,175.91498830010354,1
677,20.06397415185783,30.174798061389332,165.5066716619963,1
678,19.758481421647815,29.987560581583192,161.02317526932234,1
679,19.433279483037154,29.800323101777053,158.19084625697093,1
680,19.0686591276252,29.622940226171238,156.37847207954292,1
681,18.69418416801292,29.455411954765747,155.37269220803373,1
682,18.309854604200318,29.268174474959608,156.39575388532137,1
683,17.915670436187394,29.071082390953144,154.0879501369213,1
684,17.48206785137318,28.844426494345715,153.60829121821004,1
685,17.03861066235864,28.627625201938606,155.29890063709334,1
686,16.585298869143777,28.430533117932146,159.95693637897477,1
687,16.122132471728587,28.282714054927293,165.54102848709323,1
688,15.668820678513729,28.194022617124393,173.43248267549555,1
689,15.245072697899834,28.194022617124386,1.8674791467222613,1
690,14.841033925686588,28.26300484652665,12.52272428912981,1
691,14.456704361873989,28.410823909531494,23.356699177780033,1
692,14.111793214862681,28.607915993537954,33.38590748094112,1
693,13.806300484652663,28.85428109854604,41.2740756245333,1
694,13.500807754442647,29.110500807754438,45.65012409468173,1
695,13.224878836833602,29.317447495961222,46.076450977295266,1
696,12.978513731825524,29.475121163166392,44.56683613380802,1
697,12.732148626817445,29.603231017770593,42.22866489502939,1
698,12.475928917609044,29.682067851373183,38.38690984371733,1
699,12.229563812600967,29.731340872374794,34.87837555211275,1
700,11.943780290791597,29.820032310177698,34.13389922810092,1
701,11.648142164781904,29.87915993537964,31.029552632761977,1
702,11.332794830371565,29.928432956381254,27.541830059059723,1
703,10.968174474959609,30.04668820678513,28.520053485084595,1
704,10.603554119547656,30.145234248788363,29.250931820945592,1
705,10.258642972536347,30.21421647819062,26.734989433662992,1
706,9.88416801292407,30.302907915993536,28.89622551838923,1
707,9.519547657512115,30.391599353796444,29.846440079389453,1
708,9.204200323101777,30.40145395799676,28.025331275693762,1
709,8.86914378029079,30.43101777059773,25.787876228337375,1
710,8.504523424878835,30.460581583198707,25.912383207131132,1
711,8.149757673667203,30.499999999999993,24.949801383889852,1
712,7.7851373182552495,30.53941841680129,24.887428533919067,1
713,7.420516962843294,30.59854604200323,24.266949720203833,1
714,7.065751211631662,30.62810985460419,25.028351851395932,1
715,6.730694668820678,30.657673667205167,25.58355741567787,1
716,6.435056542810985,30.64781906300484,22.682343812551217,1
717,6.129563812600969,30.64781906300484,21.082054796188125,1
718,5.824071082390952,30.637964458804515,19.37188931623703,1
719,5.528432956381259,30.64781906300484,17.132405939718574,1
720,5.232794830371566,30.64781906300484,15.325553780830802,1
721,4.907592891760904,30.68723747980613,15.395399566865411,1
722,4.602100161550888,30.697092084006453,15.631400359935549,1
723,4.3064620355411956,30.697092084006453,13.999439206670369,1
724,4.010823909531502,30.697092084006453,11.971360520369112,1
725,3.784168012924071,30.667528271405484,7.835383389190386,1
726,3.5969305331179315,30.578836833602576,4.407800842569512,1
727,3.468820678513731,30.4605815831987,179.82734468890297,1
728,3.3505654281098542,30.3324717285945,176.91614810363637,1
729,3.3111470113085617,30.145234248788363,171.07625513841842,1
730,3.2126009693053303,29.9481421647819,164.44206830349106,1
731,3.123909531502423,29.770759289176084,154.663891878446,1
732,3.0056542810985456,29.573667205169624,142.63093918216447,1
733,2.8873990306946684,29.356865912762515,132.09576174085754,1
734,2.739579967689822,29.120355411954762,123.08843352919348,1
735,2.621324717285945,28.88384491114701,115.91237461745769,1
736,2.4636510500807747,28.617770597738286,112.38119740773108,1
737,2.325686591276251,28.351696284329556,109.62214372540666,1
738,2.1975767366720516,28.056058158319864,106.3802133978807,1
739,2.069466882067851,27.789983844911138,103.24400784052958,1
740,1.961066235864297,27.49434571890145,100.18777921030697,1
741,1.8428109854604195,27.198707592891754,96.80185521958616,1
742,1.6949919224555732,26.903069466882062,94.24774289110591,1
743,1.5668820678513729,26.58772213247172,90.75795723799384,1
744,1.4289176090468494,26.25266558966074,89.62784979153632,1
745,1.300807754442649,25.937318255250396,89.02660737703272,1
746,1.2318255250403876,25.63182552504038,88.57322627166413,1
747,1.2121163166397413,25.33618739903069,88.12023169285972,1
748,1.2121163166397413,25.040549273020996,89.02023302456483,1
749,1.2219709208400644,24.73505654281098,89.49049932496284,1
750,1.2318255250403876,24.41970920840064,89.59619605960393,1
751,1.2515347334410336,24.104361873990303,89.09648749088885,1
752,1.2613893376413567,23.75945072697899,89.7321693177771,1
753,1.2416801292407107,23.43424878836833,89.19302964870812,1
754,1.2022617124394182,23.109046849757668,89.23880018969689,1
755,1.182552504038772,22.783844911147007,89.44938179901646,1
756,1.1529886914378027,22.438933764135697,88.65141046436604,1
757,1.1135702746365101,22.103877221324712,86.81426214358675,1
758,1.084006462035541,21.7589660743134,86.52618045974076,1
759,1.074151857835218,21.39434571890145,86.09327239530253,1
760,1.0445880452342486,21.01987075928917,86.2165375351579,1
761,1.0544426494345718,20.66510500807754,86.47911976447382,1
762,1.152988691437803,20.29063004846526,85.72917383593264,1
763,1.2909531502423262,19.906300484652665,85.9591123057854,1
764,1.4387722132471725,19.54168012924071,85.69174376742063,1
765,1.5865912762520191,19.167205169628428,85.43966144254615,1
766,1.6752827140549271,18.743457189014535,86.98837009488915,1
767,1.675282714054927,18.309854604200318,89.39254549251518,1
768,1.6358642972536344,17.83683360258481,88.83281416750816,1
769,1.5865912762520191,17.324394184168007,88.44990007114704,1
770,1.5373182552504037,16.772536348949917,88.26407988853724,1
771,1.4880452342487882,16.19111470113085,87.96394713142334,1
772,1.39935379644588,15.599838449111468,90.08548670044902,1
773,1.3303715670436187,15.057835218093695,90.86842727711087,1
774,1.281098546042003,14.545395799676893,91.37211103428197,1
775,1.2318255250403873,14.062520193861062,91.93966171170757,1
776,1.1529886914378027,13.638772213247169,94.30818050656154,1
777,1.1135702746365104,13.26429725363489,93.0773542215851,1
778,1.0544426494345718,12.919386106623582,95.48791729582288,1
779,0.98546042003231,12.594184168012921,96.87185519549953,1
780,0.8967689822294022,12.278836833602583,97.94358818447358,1
781,0.877059773828756,11.983198707592889,95.9142979150862,1
782,0.877059773828756,11.687560581583195,95.302179115662,1
783,0.8672051696284327,11.391922455573503,94.30699697860808,1
784,0.8672051696284327,11.096284329563812,93.42679693272038,1
785,0.8770597738287558,10.800646203554118,92.82400101845192,1
786,0.8573505654281096,10.465589660743131,93.55505044206528,1
787,0.8179321486268172,10.120678513731823,93.57600572857942,1
788,0.7982229402261711,9.756058158319869,93.56048250102701,1
789,0.7785137318255249,9.401292407108237,93.44906006926449,1
790,0.7686591276252018,9.076090468497574,92.38310271336574,1
791,0.7390953150242325,8.780452342487882,91.96361070666227,1
792,0.7390953150242325,8.49466882067851,90.99385798057222,1
793,0.7193861066235863,8.218739903069466,89.92200770630659,1
794,0.689822294022617,7.932956381260095,90.90657067975235,1
795,0.6602584814216478,7.637318255250402,91.12201758327161,1
796,0.6405492730210016,7.341680129240709,90.8541348426393,1
797,0.591276252019386,7.046042003231017,91.70395345193641,1
798,0.5617124394184166,6.7504038772213235,91.88888942253601,1
799,0.5321486268174475,6.45476575121163,91.00349073651759,1
800,0.492730210016155,6.159127625201938,91.44035046477951,1
801,0.47302100161550886,5.873344103392567,91.93008900158166,1
802,0.4631663974151857,5.5875605815831975,91.82971986083314,1
803,0.4533117932148626,5.3116316639741505,91.72961443823742,1
804,0.4434571890145395,5.025848142164781,92.33180896750423,1
805,0.4434571890145395,4.749919224555734,91.83823270272816,1
806,0.4434571890145395,4.464135702746364,91.13627551509337,1
807,0.4631663974151857,4.207915993537964,90.4200552137591,1
808,0.4927302100161549,3.961550888529886,89.59274137483142,1
809,0.5222940226171243,3.7348949919224546,88.51705266718018,1
810,0.5518578352180935,3.468820678513731,89.26263831460341,1
811,0.6109854604200321,3.232310177705977,89.28517506064463,1
812,0.6996768982229401,2.9760904684975764,89.06071419365183,1
813,0.788368336025848,2.749434571890145,88.41539111086618,1
814,0.8967689822294019,2.572051696284329,87.2482013461693,1
815,1.0150242326332795,2.463651050080775,84.51538250558933,1
816,1.1234248788368333,2.4045234248788367,81.25541157663906,1
817,1.2416801292407107,2.3749596122778676,76.43166969029286,1
818,1.4092084006462033,2.3256865912762517,71.49188340203635,1
819,1.6358642972536344,2.2369951534733437,65.2764914592485,1
820,1.9019386106623581,2.158158319870759,58.02104608361062,1
821,2.2271405492730207,2.0497576736672047,50.5311927737853,1
822,2.572051696284329,1.9413570274636505,45.09774528696029,1
823,2.9366720516962834,1.8329563812600966,40.015428775526104,1
824,3.3111470113085617,1.7344103392568655,36.25653664610412,1
825,3.6954765751211625,1.675282714054927,31.509695447445964,1
826,4.089660743134086,1.645718901453958,26.13781137328871,1
827,4.5035541195476565,1.6358642972536348,19.875852627967245,1
828,4.947011308562196,1.6457189014539577,14.51713501990937,1
829,5.400323101777059,1.6555735056542809,11.80440857019469,1
830,5.902907915993537,1.5865912762520191,13.462203989768053,1
831,6.385783521809369,1.5077544426494343,16.467927287089935,1
832,6.858804523424878,1.4387722132471725,16.76494169737027,1
833,7.321970920840063,1.379644588045234,15.350856882453373,1
834,7.765428109854602,1.3205169628432953,13.464414805916604,1
835,8.179321486268172,1.281098546042003,11.101859202830623,1
836,8.622778675282712,1.2318255250403876,8.871697806891971,1
837,9.066235864297251,1.172697899838449,8.952909734628758,1
838,9.509693053311791,1.093861066235864,9.35346748082017,1
839,9.972859450726977,1.0051696284329563,8.787787286790056,1
840,10.426171243941841,0.9164781906300483,6.78742534505729,1
841,10.849919224555734,0.8376413570274635,5.0806907206395,1
842,11.273667205169627,0.7489499192245556,3.7485614677381394,1
843,11.66785137318255,0.6602584814216478,3.5798887400050967,1
844,12.022617124394182,0.6109854604200322,2.688599533795036,1
845,12.367528271405492,0.591276252019386,2.254384719770764,1
846,12.712439418416798,0.5518578352180936,2.785581057822933,1
847,13.027786752827136,0.5321486268174473,2.947586453014061,1
848,13.343134087237477,0.5321486268174473,2.8984875875495497,1
849,13.66833602584814,0.5222940226171243,3.4208730882128706,1
850,13.9935379644588,0.5124394184168012,2.891793908792369,1
851,14.318739903069462,0.5124394184168012,1.3654413056731596,1
852,14.673505654281096,0.47302100161550875,1.365882674155364,1
853,15.057835218093697,0.4237479806138933,1.3794838778116125,1
854,15.471728594507265,0.394184168012924,1.0151721801627949,1
855,15.92504038772213,0.3646203554119547,1.539202695876604,1
856,16.427625201938604,0.32520193861066227,2.143291390080888,1
857,16.969628432956377,0.30549273021001605,3.526329544621551,1
858,17.531340872374795,0.28578352180936983,3.237979314112774,1
859,18.093053311793213,0.24636510500807746,2.5139741456082616,1
860,18.664620355411948,0.20694668820678505,2.1080119036468266,1
861,19.20662358642972,0.19709208400646197,3.0210900466464334,1
862,19.699353796445877,0.20694668820678502,1.6203443539237319,1
863,20.192084006462032,0.21680129240710816,3.677718190196418,1
864,20.704523424878836,0.21680129240710816,4.383939846852994,1
865,21.226817447495957,0.197092084006462,4.141638519140089,1
866,21.768820678513727,0.14781906300484646,2.46299731236275,1
867,22.32067851373182,0.07883683360258478,2.3852101673940744,1
868,22.842972536348945,0.03941841680129238,1.508801202116127,1
869,23.315993537964452,0.039418416801292384,1.4299425066183302,1
870,23.769305331179318,0.06898222940226169,1.1820245314213012,1
871,24.212762520193856,0.1084006462035541,1.1659792443221084,1
872,24.626655896607424,0.15767366720516957,1.6417848220602576,1
873,25.040549273020996,0.17738287560581575,1.6407068928016966,1
874,25.474151857835214,0.16752827140549267,1.348217116706571,1
875,25.89789983844911,0.14781906300484648,0.5025637484928327,1
876,26.292084006462034,0.12810985460420027,179.64988371209614,1
877,26.705977382875602,0.10840064620355408,176.97925802281668,1
878,27.041033925686587,0.098546042003231,174.39907312394854,1
879,27.27754442649434,0.0886914378029079,172.69152910832577,1
880,27.425363489499187,0.05912762520193861,172.07649234542924,1
881,27.504200323101777,0.059127625201938594,170.38971844335128,1
882,27.454927302100156,0.09854604200323099,174.95004011381303,1
883,27.395799676898218,0.15767366720516957,2.0596971940900097,1
884,27.36623586429725,0.24636510500807746,12.607000420090246,1
885,27.33667205169628,0.3449111470113085,22.151807247900603,1
886,27.30710823909531,0.4237479806138933,30.118404505995503,1
887,27.3465266558966,0.4631663974151857,35.0093040717436,1
888,27.385945072697893,0.48287560581583194,36.71753279129669,0
889,27.494345718901446,0.8080775444264943,29.007023897307633,1
890,27.622455573505647,1.0445880452342486,36.50737823753837,1
891,27.84911147011308,1.4092084006462033,37.236307677522404,1
892,28.115185783521802,1.7639741518578347,35.98908701824586,1
893,28.430533117932146,2.1187399030694665,38.43772828868959,1
894,28.716316639741514,2.1187399030694665,55.19360033790238,1
895,29.02180936995153,2.2271405492730203,50.53399770216114,1
896,29.248465266558963,2.2074313408723745,58.58870700559067,1
897,29.425848142164778,2.197576736672051,66.30905017166832,1
898,29.5638126009693,2.1877221324717278,71.06837581297269,1
899,29.642649434571883,2.197576736672051,69.63692747696896,1
900,29.672213247172856,2.2074313408723745,71.21806240831535,1
901,29.66235864297253,2.2074313408723745,71.05518226324801,1
902,29.632794830371562,2.197576736672051,69.7155870877134,1
903,29.573667205169624,2.197576736672051,67.48715017013544,1
904,29.484975767366716,2.2172859450726974,65.33467814054578,1
905,29.386429725363485,2.2271405492730203,61.82332983526516,1
906,29.3075928917609,2.2271405492730203,58.8630822487012,1
907,29.228756058158314,2.2369951534733437,54.34291153191486,1
908,29.15977382875605,2.2468497576736666,51.58839017701153,1
909,29.149919224555724,2.2468497576736666,49.924318825172186,1
910,29.15977382875605,2.2369951534733437,49.304729948555035,1
911,29.15977382875605,2.25670436187399,50.32403474568152,1
912,29.169628432956376,2.296122778675282,52.983584924582935,1
913,29.18933764135702,2.296122778675282,54.86292725042211,1
914,29.15977382875605,2.3158319870759287,54.40097496403376,1
915,29.140064620355407,2.3355411954765746,54.800673720543415,1
916,29.149919224555724,2.335541195476575,52.799149813328434,1
917,29.1794830371567,2.2862681744749596,52.536719716322885,1
918,29.199192245557345,2.286268174474959,52.233579975189514,1
919,29.218901453957994,2.2764135702746358,52.21383531205106,1
920,29.20904684975767,2.2764135702746358,51.10105049773067,1
921,29.15977382875605,2.276413570274636,51.67588869195993,1
922,29.100646203554117,2.296122778675282,50.16556746277599,1
923,29.0513731825525,2.305977382875605,47.88684994945304,1
924,29.041518578352175,2.296122778675282,48.73219339742686,1
925,29.071082390953144,2.296122778675282,51.25830774196242,1
926,29.130210016155083,2.305977382875605,50.871146545856995,1
927,29.169628432956376,2.335541195476575,52.115190886583655,1
928,29.199192245557345,2.345395799676898,53.76073705309649,1
929,29.199192245557345,2.365105008077544,52.438576119585335,1
930,29.189337641357024,2.3848142164781905,50.839689298838735,1
931,29.189337641357024,2.4045234248788363,52.33226804875326,1
932,29.20904684975767,2.4143780290791597,53.010407983529504,1
933,29.248465266558963,2.434087237479806,54.95955080148259,1
934,29.317447495961222,2.463651050080775,57.87873326436243,1
935,29.36672051696284,2.4833602584814214,60.52561049991459,1
936,29.39628432956381,2.4932148626817443,61.396856586413925,1
937,29.40613893376413,2.5030694668820677,61.6911806805091,1
938,29.386429725363485,2.503069466882067,60.05649309157031,1
939,29.307592891760898,2.4932148626817443,56.382941978864196,1
940,29.1794830371567,2.532633279483037,47.13292534058725,1
941,29.031663974151854,2.5621970920840065,32.77748413334037,1
942,28.89369951534733,2.601615508885298,12.784760716309087,1
943,28.844426494345715,2.621324717285945,11.903253078529172,1
944,28.795153473344094,2.680452342487883,0.8260679216728124,1
945,28.785298869143777,2.680452342487883,173.52151800941664,1
946,28.775444264943452,2.700161550888529,173.32381241229976,1
947,28.745880452342483,2.7001615508885295,172.55484056000284,1
948,28.627625201938606,2.7100161550888524,164.63992183939294,1
949,28.548788368336016,2.6804523424878828,160.16799402430948,1
950,28.52907915993537,2.680452342487883,158.97612417824456,1
951,28.58820678513731,2.7001615508885295,162.39089693737526,1
952,28.706462035541186,2.6804523424878828,171.50905316440915,1
953,28.85428109854604,2.6607431340872365,7.6185618722535295,1
954,29.02180936995153,2.650888529886914,29.10178871857179,1
955,29.14991922455573,2.6410339256865907,39.596522748545475,1
956,29.23861066235864,2.572051696284329,47.215184453772785,1
957,29.258319870759284,2.5917609046849757,48.49458904888829,1
958,29.258319870759284,2.621324717285945,47.516105943569634,1
959,29.18933764135702,2.660743134087237,41.05820402578774,1
960,29.100646203554113,2.690306946688206,27.410380650775668,1
961,28.99224555735056,2.749434571890145,4.192276037696099,1
962,28.9232633279483,2.778998384491114,173.5296143388424,1
963,28.844426494345715,2.8184168012924067,165.84385630824266,1
964,28.80500807754442,2.8381260096930525,162.87492827346983,1
965,28.785298869143777,2.838126009693053,161.8035276257318,1
966,28.775444264943452,2.857835218093699,162.2219352403833,1
967,28.745880452342483,2.847980613893376,157.4503064833889,1
968,28.745880452342483,2.867689822294022,159.11048091268918,1
969,28.745880452342483,2.8873990306946684,161.4707709415146,1
970,28.745880452342483,2.9169628432956376,163.51498307548337,1
971,28.676898222940217,2.8972536348949918,159.91818653975383,1
972,28.61777059773828,2.8972536348949918,159.96495627621667,1
973,28.548788368336023,2.847980613893376,152.42319825175838,1
974,28.509369951534723,2.7987075928917604,144.5301579524613,1
975,28.47980613893376,2.749434571890145,135.92111032455244,1
976,28.509369951534723,2.739579967689822,132.77196602244118,1
977,28.647334410339248,2.700161550888529,123.42986888262428,1
978,28.686752827140545,2.759289176090468,130.46683859068764,1
979,28.69660743134087,2.8184168012924067,131.4309272285918,1
980,28.647334410339248,2.838126009693053,136.52472287770723,1
981,28.55864297253634,2.7888529886914375,140.35806065231947,1
982,28.361550888529884,2.7691437802907912,140.5623468940118,1
983,28.25315024232633,2.680452342487883,136.58169850461303,1
984,28.18416801292407,2.4932148626817443,132.42121030783892,1
985,28.164458804523424,2.345395799676898,125.271525761807,0
986,28.391114701130853,2.3355411954765746,115.79382753528499,1
987,28.6670436187399,2.3256865912762517,87.41652177339209,1
988,28.96268174474959,2.305977382875606,66.04708512131981,1
989,29.23861066235864,2.3946688206785134,55.67821704738358,1
990,29.52439418416801,2.4735056542810985,49.488810057065926,1
991,29.59337641357027,2.4833602584814214,50.84869138594361,1
992,29.622940226171238,2.4932148626817443,53.61760618556086,1
993,29.622940226171238,2.4932148626817443,58.06279975798286,1
994,29.652504038772207,2.5227786752827135,60.1238934913371,1
995,29.682067851373176,2.572051696284329,62.60031666671202,1
996,29.72148626817447,2.6311793214862678,66.19964713774272,1
997,29.701777059773825,2.650888529886914,74.93408373085714,1
998,29.72148626817447,2.7100161550888524,66.75521793499699,1
999,29.39628432956381,2.266558966074313,77.15322164250858,1
1000,28.972536348949916,1.8132471728594504,95.28922929166511,1
1001,28.469951534733433,1.3402261712439416,120.4812544929901,1
1002,27.977221324717284,0.9854604200323098,132.48254823877005,1
1003,27.33667205169628,0.6405492730210015,132.48235367297573,1
1004,26.942487883683356,0.8277867528271404,146.5490214123574,1
1005,26.52859450726978,1.0642972536348947,160.14895946762613,1
1006,26.09499192245557,1.3599353796445877,172.17168954120876,1
1007,25.592407108239094,1.6457189014539577,7.429119905604086,1
1008,25.09967689822293,1.961066235864297,19.14869648551927,1
1009,24.567528271405486,2.286268174474959,26.402842954746685,1
1010,24.045234248788365,2.6410339256865907,31.014387807012703,1
1011,23.513085621970912,3.0352180936995143,35.92381430091536,1
1012,23.000646203554112,3.4589660743134076,40.371251579560635,1
1013,22.547334410339253,3.922132471728594,46.98086421343312,1
1014,22.14329563812601,4.434571890145395,54.64254680598152,1
1015,21.7983844911147,4.986429725363489,62.96697243711522,1
1016,21.532310177705977,5.548142164781905,70.24188646061668,1
1017,21.335218093699513,6.129563812600968,76.21306984553091,1
1018,21.17754442649434,6.720840064620354,79.32274265039035,1
1019,21.069143780290783,7.312116316639741,82.14106611967931,1
1020,21.010016155088845,7.91324717285945,84.63518952920013,1
1021,21.000161550888524,8.524232633279482,85.7177421804712,1
1022,21.029725363489497,9.115508885298867,87.29517546389289,1
1023,21.118416801292405,9.69693053311793,90.0532269477485,1
1024,21.26623586429725,10.258642972536347,93.61195678189102,1
1025,21.46332794830371,10.81050080775444,98.01668726201798,1
1026,21.699838449111464,11.332794830371565,103.49452260695742,1
1027,21.99547657512116,11.845234248788366,108.92106823306717,1
1028,22.330533117932145,12.328109854604197,114.84798959060899,1
1029,22.6951534733441,12.751857835218091,121.7528413581256,1
1030,23.099192245557344,13.106623586429723,129.41470373790563,1
1031,23.552504038772206,13.392407108239093,137.62100497827842,1
1032,24.04523424878836,13.609208400646201,146.4276307236073,1
1033,24.577382875605814,13.747172859450723,154.7898787076041,1
1034,25.129240710823904,13.835864297253632,162.44616381648717,1
1035,25.671243941841674,13.855573505654277,169.84536482927686,1
1036,26.193537964458802,13.806300484652663,178.73652947524496,1
1037,26.676413570274633,13.678190630048462,9.840239964436966,1
1038,27.110016155088847,13.461389337641355,23.58377158344155,1
1039,27.484491114701125,13.146042003231013,37.78882012383342,1
1040,27.799838449111462,12.761712439418414,51.55039183696802,1
1041,28.04620355411954,12.318255250403874,63.372051400975565,1
1042,28.194022617124393,11.845234248788367,72.79619707576124,1
1043,28.243295638126007,11.372213247172857,80.50959838320615,1
1044,28.20387722132471,10.899192245557348,88.38824095082454,1
1045,28.085621970920833,10.416316639741517,94.30924024354786,1
1046,27.898384491114694,9.963004846526655,99.02392240449521,1
1047,27.671728594507265,9.489983844911146,103.2661224433133,1
1048,27.415508885298863,8.99725363489499,105.76152522626865,1
1049,27.14943457189014,8.504523424878837,106.85621520078695,1
1050,26.873505654281097,8.011793214862681,107.7106817710574,1
1051,26.5778675282714,7.479644588045234,109.85140341808963,1
1052,26.262520193861064,6.986914378029079,112.61258712461054,1
1053,25.92746365105008,6.553311793214862,118.8324729871937,1
1054,25.533279483037152,6.149273021001615,127.34292937273577,1
1055,25.089822294022614,5.8142164781906285,137.1325360482461,1
1056,24.597092084006455,5.557996768982228,146.20190326245873,1
1057,24.055088852988685,5.351050080775443,154.76750502140408,1
1058,23.463812600969298,5.163812600969305,162.02846809510416,1
1059,22.85282714054927,5.05541195476575,168.36129639365421,1
1060,22.231987075928913,4.986429725363489,173.7005802394437,1
1061,21.601292407108236,4.986429725363489,177.9296190090648,1
1062,20.950888529886907,5.025848142164781,1.2132136379714402,1
1063,20.28077544426494,5.094830371567043,3.986083568942131,1
1064,19.581098546042,5.153957996768981,5.732578494708565,1
1065,18.86171243941841,5.222940226171243,8.399330975341247,1
1066,18.122617124394182,5.301777059773828,11.42777537030193,1
1067,17.413085621970914,5.410177705977382,15.194555200864883,1
1068,16.772536348949917,5.567851373182552,19.146399867566227,1
1069,16.220678513731823,5.784652665589659,24.856223769445428,1
1070,15.757512116316637,6.060581583198706,31.58494116376481,1
1071,15.412600969305327,6.366074313408722,40.979909959717034,1
1072,15.166235864297253,6.7011308562197085,51.40501259859729,1
1073,14.988852988691434,7.065751211631662,62.11496708667523,1
1074,14.880452342487882,7.450080775444263,71.27670670410068,1
1075,14.841033925686588,7.873828756058157,79.2402595584305,1
1076,14.860743134087235,8.327140549273018,84.95148954033492,1
1077,14.93957996768982,8.81001615508885,89.65771892714821,1
1078,15.06768982229402,9.322455573505652,94.04373630616058,1
1079,15.245072697899834,9.844749596122778,98.5865506261092,1
1080,15.452019386106622,10.347334410339254,101.74365822032144,1
1081,15.678675282714053,10.859773828756056,104.8750371111924,1
1082,15.934894991922453,11.372213247172857,107.60062513411023,1
1083,16.2108239095315,11.845234248788367,109.73444880166748,1
1084,16.506462035541194,12.308400646203552,111.73631994721791,1
1085,16.831663974151855,12.781421647819062,113.94809582670578,1
1086,17.17657512116316,13.2248788368336,117.23072570254257,1
1087,17.54119547657512,13.648626817447493,119.33106995249685,1
1088,17.935379644588043,14.092084006462034,121.0331380853093,1
1089,18.349273021001615,14.52568659127625,123.71856450991672,1
1090,18.79273021001615,14.900161550888527,128.25222195207823,1
1091,19.25589660743134,15.225363489499188,133.72127975791062,1
1092,19.728917609046846,15.471728594507265,142.45836012603732,1
1093,20.231502423263326,15.63925686591276,153.86811129411586,1
1094,20.783360258481416,15.747657512116314,164.96944406410066,1
1095,21.345072697899834,15.806785137318252,173.75027064979284,1
1096,21.946203554119542,15.816639741518575,178.69148055545563,1
1097,22.576898222940223,15.796930533117926,4.074188489181504,1
1098,23.227302100161545,15.747657512116314,5.078215370729009,1
1099,23.857996768982225,15.658966074313403,6.732830966208732,1
1100,24.478836833602582,15.52100161550888,8.755483406613664,1
1101,25.060258481421645,15.343618739903064,13.50743994774275,1
1102,25.612116316639735,15.10710823909531,18.184055966061827,1
1103,26.09499192245557,14.821324717285941,26.1283156664833,1
1104,26.518739903069463,14.476413570274634,34.9446327888064,1
1105,26.88336025848141,14.072374798061386,45.96090002864156,1
1106,27.198707592891754,13.628917609046846,56.42242459833065,1
1107,27.425363489499187,13.15589660743134,65.78048409035264,1
1108,27.573182552504033,12.633602584814216,74.15300716138512,1
1109,27.642164781906295,12.08174474959612,81.39385855065845,1
1110,27.63231017770597,11.53974151857835,87.89253532774747,1
1111,27.514054927302094,10.987883683360257,95.20327926508531,1
1112,27.326817447495955,10.495153473344102,103.73435901681451,1
1113,27.070597738287557,10.061550888529885,113.2557184424132,1
1114,26.745395799676896,9.706785137318255,124.34062446854256,1
1115,26.351211631663972,9.430856219709208,135.93955155598408,1
1116,25.917609046849755,9.263327948303715,147.16784098782782,1
1117,25.45444264943457,9.164781906300481,156.9930481826176,1
1118,24.961712439418413,9.154927302100159,166.65862193314166,1
1119,24.459127625201933,9.214054927302097,176.77540222415323,1
1120,23.96639741518578,9.342164781906298,6.329496157920905,1
1121,23.493376413570267,9.529402261712438,15.756685262319783,1
1122,22.99079159935379,9.765912762520191,23.945259465649883,1
1123,22.488206785137315,10.051696284329562,30.642669430798264,1
1124,21.97576736672051,10.386752827140546,34.03374223665156,1
1125,21.46332794830371,10.761227786752826,37.379206983803705,1
1126,20.96074313408723,11.15541195476575,39.79714074399143,1
1127,20.497576736672045,11.56930533117932,42.59027741953208,1
1128,20.073828756058152,12.002907915993537,46.10906109563472,1
1129,19.7092084006462,12.446365105008075,50.76643873106221,1
1130,19.413570274636506,12.889822294022613,57.12024452861469,1
1131,19.1967689822294,13.343134087237479,64.83415069309417,1
1132,19.078513731825524,13.796445880452339,74.01449973839739,1
1133,19.0686591276252,14.230048465266554,83.90464624186937,1
1134,19.186914378029076,14.643941841680126,95.1445207570967,1
1135,19.413570274636506,15.028271405492728,106.80493292627874,1
1136,19.738772213247167,15.373182552504037,119.25938369254757,1
1137,20.162520193861063,15.66882067851373,131.67711697830873,1
1138,20.655250403877215,15.905331179321484,142.98824908028035,1
1139,21.16768982229402,16.092568659127625,151.80039184629925,1
1140,21.70969305331179,16.24038772213247,157.90931057851526,1
1141,22.29111470113085,16.358642972536348,160.96906992759853,1
1142,22.882390953150242,16.447334410339256,163.21242379547854,1
1143,23.473667205169626,16.51631663974151,165.41358266320168,1
1144,24.074798061389334,16.53602584814216,170.13666601815368,1
1145,24.646365105008076,16.506462035541194,175.74565500971462,1
1146,25.17851373182552,16.407915993537962,4.298813611902552,1
1147,25.631825525040387,16.240387722132468,15.160336365853539,1
1148,26.026009693053304,15.98416801292407,27.77077168836552,1
1149,26.351211631663965,15.658966074313406,41.06451162240877,1
1150,26.597576736672046,15.264781906300481,55.75787319602786,1
1151,26.73554119547657,14.821324717285943,69.09696532509146,1
1152,26.79466882067851,14.318739903069465,79.96497582309856,1
1153,26.77495961227786,13.806300484652661,90.22557744945216,1
1154,26.656704361873985,13.293861066235863,99.37257388490463,1
1155,26.43990306946688,12.801130856219709,109.48429411582698,1
1156,26.163974151857833,12.387237479806137,120.75904739885948,1
1157,25.81906300484652,12.081744749596123,133.6176460310815,1
1158,25.415024232633275,11.884652665589659,146.7932806648273,1
1159,24.971567043618734,11.815670436187396,160.99903417437866,1
1160,24.55767366720516,11.884652665589659,176.1129644756725,1
1161,24.153634894991917,12.042326332794827,12.542873244958,1
1162,23.798869143780287,12.318255250403874,30.07357689503991,1
1163,23.503231017770595,12.673021001615506,46.86119253153245,1
1164,23.315993537964452,13.096768982229401,61.506448494517734,1
1165,23.18788368336025,13.56978998384491,73.56479690562918,1
1166,23.128756058158316,14.101938610662355,83.35423258778492,1
1167,23.168174474959606,14.643941841680128,90.2337605596354,1
1168,23.27657512116316,15.195799676898218,95.78525280960878,1
1169,23.42439418416801,15.737802907915992,99.35003137331707,1
1170,23.631340872374796,16.25024232633279,103.11759380217953,1
1171,23.887560581583195,16.69369951534733,106.93174881826415,1
1172,24.173344103392562,17.107592891760902,111.35923637898675,1
1173,24.498546042003223,17.4919224555735,116.20712605023698,1
1174,24.86316639741518,17.856542810985456,122.15521889736272,1
1175,25.257350565428105,18.19159935379644,127.6251571129209,1
1176,25.69095315024232,18.50694668820678,133.9079744083638,1
1177,26.15411954765751,18.753311793214856,141.62476468898348,1
1178,26.646849757673664,18.940549273021,148.68464952427996,1
1179,27.14943457189014,19.058804523424875,156.0437313053523,1
1180,27.642164781906292,19.10807754442649,164.13726673760266,1
1181,28.036348949919216,19.10807754442649,172.3352284091856,1
1182,28.322132471728587,19.068659127625196,0.47098136931819795,1
1183,28.5389337641357,18.970113085621968,9.027983466007097,1
1184,28.696607431340862,18.792730210016153,19.60959893480443,1
1185,28.81486268174474,18.566074313408723,30.78770831059191,1
1186,28.952827140549267,18.270436187399028,42.37762108515954,1
1187,29.110500807754438,17.89596122778675,52.84772758595634,1
1188,29.228756058158314,17.462358642972532,62.71921715401985,1
1189,29.287883683360253,17.028756058158315,70.63439842578516,1
1190,29.287883683360253,16.555735056542808,78.37974536563097,1
1191,29.218901453957994,16.0827140549273,85.92248887862385,1
1192,29.071082390953144,15.60969305331179,94.03564915762965,1
1193,28.83457189014539,15.146526655896603,102.93417346788289,1
1194,28.519224555735054,14.703069466882065,111.93820762296623,1
1195,28.134894991922447,14.328594507269788,120.56868297583549,1
1196,27.711147011308555,13.9935379644588,130.21290643686916,1
1197,27.238126009693048,13.747172859450725,140.5107351174335,1
1198,26.755250403877216,13.599353796445877,150.90385892837287,1
1199,26.272374798061385,13.51066235864297,159.75133438416353,1
1200,25.75993537964458,13.481098546042,168.80651392734163,1
1201,25.24749596122778,13.520516962843294,177.35044671354802,1
1202,24.7449111470113,13.609208400646201,5.61461574116318,1
1203,24.271890145395794,13.757027463651047,13.883421132892849,1
1204,23.838287560581577,13.963974151857832,23.5019849359779,1
1205,23.493376413570267,14.220193861066232,32.98124085537185,1
1206,23.207592891760903,14.535541195476572,42.115380093945234,1
1207,22.99079159935379,14.91001615508885,52.06271035489042,1
1208,22.8232633279483,15.333764135702745,61.83109779668709,1
1209,22.714862681744744,15.787075928917606,71.28031653839382,1
1210,22.645880452342485,16.289660743134085,79.53120052483187,1
1211,22.65573505654281,16.782390953150237,88.05470157778149,1
1212,22.764135702746362,17.255411954765748,97.1266058376629,1
1213,22.971082390953146,17.67915993537964,107.79147043352157,1
1214,23.27657512116316,18.05363489499192,120.33622473581013,1
1215,23.660904684975762,18.339418416801287,134.29650820074806,1
1216,24.124071082390948,18.56607431340872,146.9903912655659,1
1217,24.616801292407104,18.72374798061389,157.9097720379301,1
1218,25.168659127625197,18.82229402261712,166.16452329053715,1
1219,25.720516962843295,18.871567043618736,172.49961032275723,1
1220,26.272374798061385,18.88142164781906,176.87830866329108,1
1221,26.784814216478186,18.85185783521809,179.0379527503896,1
1222,27.27754442649434,18.782875605815825,1.9361139145001767,1
1223,27.711147011308555,18.654765751211627,8.441510177758362,1
1224,28.095476575121154,18.47738287560581,17.702591616571862,1
1225,28.440387722132463,18.201453957996765,31.369744942560676,1
1226,28.716316639741514,17.84668820678513,49.35917029266527,1
1227,28.903554119547653,17.432794830371563,65.35209462570853,1
1228,28.982390953150237,16.9794830371567,78.81602743366878,1
1229,28.96268174474959,16.486752827140545,90.70906877612296,1
1230,28.824717285945063,16.033441033925687,101.94273393551356,1
1231,28.578352180936985,15.60969305331179,111.84322469278483,1
1232,28.243295638126007,15.205654281098543,121.59833171676263,1
1233,27.858966074313408,14.860743134087235,130.34982209857964,1
1234,27.43521809369951,14.59466882067851,137.95842389402506,1
1235,26.972051696284325,14.377867528271404,144.5926250481734,1
1236,26.49903069466881,14.220193861066232,151.4198149789674,1
1237,26.006300484652662,14.131502423263324,158.49293731121335,1
1238,25.484006462035538,14.101938610662355,164.88494072556347,1
1239,24.95185783521809,14.121647819063003,171.4470699800073,1
1240,24.41970920840064,14.190630048465263,177.55262570663365,1
1241,23.887560581583195,14.30888529886914,3.25427890205687,1
1242,23.36526655896607,14.486268174474954,8.52715938570735,1
1243,22.852827140549266,14.68336025848142,14.620295354389743,1
1244,22.33053311793214,14.910016155088849,18.75010463046778,1
1245,21.827948303715665,15.16623586429725,22.41842511574406,1
1246,21.345072697899834,15.461873990306941,26.634186480274202,1
1247,20.91147011308562,15.777221324717283,31.383741353865084,1
1248,20.517285945072693,16.131987075928915,36.048860507930705,1
1249,20.182229402261708,16.516316639741515,41.73627942332685,1
1250,19.876736672051695,16.930210016155087,47.221450948636864,1
1251,19.590953150242324,17.363812600969304,52.72569573298893,1
1252,19.324878836833598,17.817124394184162,57.25709745881139,1
1253,19.088368336025844,18.28029079159935,61.38299122505103,1
1254,18.881421647819064,18.763166397415183,65.67833928354521,1
1255,18.723747980613886,19.255896607431335,70.48220908609977,1
1256,18.615347334410334,19.748626817447494,74.49336980557563,1
1257,18.556219709208396,20.27092084006462,78.64386333972288,1
1258,18.536510500807747,20.803069466882064,82.21926532607017,1
1259,18.54636510500807,21.354927302100158,86.6253102494563,1
1260,18.59563812600969,21.916639741518573,88.90351314867652,1
1261,18.684329563812597,22.47835218093699,91.0679694773102,1
1262,18.812439418416794,23.010500807754436,93.65038753638918,1
1263,18.999676898222937,23.513085621970916,98.691105167868,1
1264,19.246042003231015,23.946688206785133,104.66528766126844,1
1265,19.56138933764135,24.32116316639741,114.09278305861473,1
1266,19.955573505654275,24.626655896607428,126.4601621836752,1
1267,20.408885298869137,24.843457189014536,141.11923584975912,1
1268,20.911470113085617,24.981421647819058,157.36663223569033,1
1269,21.453473344103386,25.02084006462035,174.10903005647944,1
1270,21.98562197092084,24.95185783521809,10.31559134372559,1
1271,22.49806138933764,24.77447495961227,25.24555976134935,1
1272,22.971082390953146,24.4886914378029,38.61550717672993,1
1273,23.36526655896607,24.11421647819062,51.746385615249395,1
1274,23.670759289176083,23.680613893376407,63.91421238671788,1
1275,23.87770597738287,23.207592891760903,75.7497004574932,1
1276,23.956542810985457,22.714862681744744,87.14920224466381,1
1277,23.917124394184164,22.25169628432956,98.96044040261565,1
1278,23.779159935379642,21.81809369951534,109.44952710446951,1
1279,23.55250403877221,21.443618739903066,119.45999731657187,1
1280,23.256865912762514,21.138126009693053,128.93011015683317,1
1281,22.902100161550884,20.91147011308562,138.59733222684892,1
1282,22.498061389337636,20.753796445880447,147.94424287951625,1
1283,22.084168012924067,20.674959612277867,158.03882181419374,1
1284,21.65056542810985,20.645395799676894,167.44549130099423,1
1285,21.207108239095312,20.65525040387722,174.36646373466095,1
1286,20.753796445880447,20.69466882067851,179.0707388999887,1
1287,20.28077544426494,20.753796445880447,1.8638272640445748,1
1288,19.77819063004846,20.822778675282713,3.369882167130518,1
1289,19.26575121163166,20.92132471728594,5.367386873575734,1
1290,18.763166397415183,21.04943457189014,7.900391012588079,1
1291,18.290145395799673,21.216962843295637,13.020755379448028,1
1292,17.856542810985456,21.43376413570274,20.305750430776147,1
1293,17.472213247172856,21.719547657512113,29.506177303807423,1
1294,17.15686591276252,22.044749596122774,40.0556618703805,1
1295,16.900646203554118,22.419224555735052,52.64436883229172,1
1296,16.693699515347333,22.842972536348945,64.19372582527294,1
1297,16.555735056542808,23.315993537964452,74.01696917730817,1
1298,16.476898222940225,23.808723747980608,82.56845749092993,1
1299,16.457189014539576,24.311308562197087,89.49468546711205,1
1300,16.506462035541194,24.823747980613888,95.599323739032,1
1301,16.66413570274636,25.2967689822294,103.99618244231011,1
1302,16.920355411954763,25.69095315024232,114.68021130422757,1
1303,17.275121163166396,25.996445880452335,127.36329907702108,1
1304,17.70872374798061,26.22310177705977,142.3817697952008,1
1305,18.181744749596117,26.31179321486268,158.19412817546973,1
1306,18.654765751211627,26.28222940226171,174.32799482962102,1
1307,19.10807754442649,26.14426494345718,10.797190929840374,1
1308,19.502261712439413,25.907754442649427,26.95883442039558,1
1309,19.80775444264943,25.572697899838445,42.84679140598668,1
1310,20.044264943457183,25.17851373182552,57.65746065543218,1
1311,20.192084006462032,24.735056542810984,70.03948798320883,1
1312,20.270920840064615,24.271890145395794,79.2366912790388,1
1313,20.28077544426494,23.789014539579966,86.52561600006068,1
1314,20.241357027463646,23.32584814216478,91.95445285682315,1
1315,20.142810985460414,22.89224555735056,97.03438353326051,1
1316,19.985137318255248,22.498061389337636,103.66705678347674,1
1317,19.758481421647815,22.143295638126006,112.74346171455467,1
1318,19.472697899838444,21.857512116316634,122.84449025333976,1
1319,19.137641357027455,21.62100161550888,133.41836357913672,1
1320,18.733602584814214,21.43376413570274,144.727286683557,1
1321,18.299999999999994,21.335218093699513,156.5190401109609,1
1322,17.83683360258481,21.305654281098544,167.4207477118273,1
1323,17.334248788368335,21.32536348949919,178.32646469060384,1
1324,16.811954765751207,21.374636510500803,7.615003945664907,1
1325,16.289660743134085,21.463327948303714,13.018304145344443,1
1326,15.76736672051696,21.561873990306943,15.169676861152878,1
1327,15.274636510500807,21.689983844911144,17.97265644556879,1
1328,14.850888529886912,21.847657512116314,21.30690102911438,1
1329,14.49612277867528,22.064458804523422,27.442962533902122,1
1330,14.23990306946688,22.35024232633279,38.642468580374214,1
1331,14.082229402261708,22.685298869143775,53.77381537783962,1
1332,14.003392568659127,23.069628432956375,69.04404872266426,1
1333,14.013247172859447,23.49337641357027,83.43431798070695,1
1334,14.111793214862681,23.926978998384488,96.46589809074187,1
1335,14.299030694668819,24.340872374798057,109.97801090857286,1
1336,14.574959612277866,24.715347334410335,124.41578330389146,1
1337,14.929725363489496,25.001130856219707,139.8982773955059,1
1338,15.343618739903068,25.17851373182552,153.52790895068185,1
1339,15.787075928917606,25.24749596122778,166.74343991656522,1
1340,16.240387722132468,25.198222940226167,178.81772619745473,1
1341,16.68384491114701,25.040549273020993,11.059094762782147,1
1342,17.107592891760902,24.79418416801292,23.433955479704146,1
1343,17.4919224555735,24.47883683360258,35.439119100799914,1
1344,17.846688206785135,24.07479806138933,45.716235611629095,1
1345,18.162035541195472,23.611631663974148,55.10658315190404,1
1346,18.41825525040387,23.109046849757668,63.577743057753246,1
1347,18.615347334410338,22.576898222940223,71.04577427426322,1
1348,18.743457189014535,22.025040387722125,78.46365055604738,1
1349,18.802584814216473,21.48303715670436,85.70070066862931,1
1350,18.773021001615504,20.96074313408723,93.11646736366785,1
1351,18.674474959612276,20.43844911147011,100.42616630738424,1
1352,18.497092084006457,19.90630048465266,108.03173125102957,1
1353,18.260581583198704,19.39386106623586,115.26705397803427,1
1354,17.964943457189012,18.91098546042003,123.24503744922899,1
1355,17.629886914378027,18.457673667205164,131.0447039882399,1
1356,17.255411954765748,18.06348949919224,139.03608165115335,1
1357,16.88093699515347,17.757996768982228,147.6760554265333,1
1358,16.476898222940225,17.521486268174474,157.14094255089967,1
1359,16.033441033925683,17.344103392568655,165.66162277999547,1
1360,15.560420032310173,17.22584814216478,173.6691761074412,1
1361,15.077544426494342,17.16672051696284,2.126470055616751,1
1362,14.574959612277862,17.186429725363485,11.158437882400426,1
1363,14.09208400646203,17.26526655896607,19.664788737261667,1
1364,13.638772213247169,17.422940226171242,28.06168125574266,1
1365,13.23473344103392,17.63974151857835,36.66037589179727,1
1366,12.87996768982229,17.915670436187394,45.20411959299265,1
1367,12.584329563812599,18.23101777059773,52.51295298755519,1
1368,12.328109854604199,18.60549273021001,60.402002638423326,1
1369,12.11130856219709,19.04894991922455,67.61441243854037,1
1370,11.933925686591275,19.541680129240707,73.6417537092519,1
1371,11.805815831987076,20.044264943457186,78.37561501390961,1
1372,11.736833602584813,20.546849757673662,83.59684283077878,1
1373,11.746688206785135,21.029725363489497,89.46643036012846,1
1374,11.85508885298869,21.46332794830371,96.84340977299235,1
1375,12.062035541195474,21.83780290791599,105.91835243110407,1
1376,12.347819063004845,22.172859450726975,116.7948091491536,1
1377,12.702584814216475,22.429079159935377,129.31314186518173,1
1378,13.096768982229401,22.576898222940223,143.0552661006468,1
1379,13.510662358642971,22.606462035541192,159.199826227389,1
1380,13.934410339256862,22.50791599353796,178.61325376073793,1
1381,14.358158319870757,22.29111470113085,22.007351423460875,1
1382,14.742487883683358,21.95605815831987,40.21243618902964,1
1383,15.10710823909531,21.542164781906298,52.72633922307506,1
1384,15.452019386106622,21.03957996768982,61.096649182823825,1
1385,15.747657512116314,20.507431340872373,65.91883022221508,1
1386,15.994022617124392,19.916155088852985,70.7963980204276,1
1387,16.200969305331178,19.315024232633277,74.72856097530537,1
1388,16.358642972536348,18.704038772213245,77.62856764207653,1
1389,16.476898222940225,18.09305331179321,79.54319684843858,1
1390,16.565589660743132,17.472213247172856,80.94919300921016,1
1391,16.644426494345716,16.861227786752824,81.91696537885575,1
1392,16.703554119547654,16.230533117932147,82.72152638363337,1
1393,16.742972536348947,15.599838449111465,83.90399145437094,1
1394,16.733117932148623,14.988852988691434,87.08981033429463,1
1395,16.68384491114701,14.387722132471726,90.8433931051773,1
1396,16.575444264943453,13.816155088852986,94.85385258337737,1
1397,16.417770597738286,13.284006462035538,97.98891807560953,1
1398,16.2108239095315,12.78142164781906,101.99788276094985,1
1399,15.964458804523423,12.278836833602583,105.51769161269365,1
1400,15.688529886914376,11.82552504038772,109.70003756528126,1
1401,15.363327948303711,11.401777059773826,116.08256352481476,1
1402,14.978998384491112,11.027302100161549,125.91341676464069,1
1403,14.555250403877219,10.71195476575121,138.08386193637278,1
1404,14.082229402261708,10.514862681744749,152.5398037319436,1
1405,13.589499192245555,10.396607431340872,166.71918498026417,1
1406,13.096768982229397,10.396607431340872,179.91012736733535,1
1407,12.643457189014537,10.505008077544426,13.065374231734225,1
1408,12.229563812600968,10.702100161550884,24.338566525414038,1
1409,11.894507269789981,10.968174474959609,34.6956684611824,1
1410,11.59886914378029,11.28352180936995,43.55336321928241,1
1411,11.372213247172857,11.628432956381257,52.10482412081858,1
1412,11.194830371567042,12.022617124394182,59.75431758770926,1
1413,11.076575121163163,12.4562197092084,67.9571770115164,1
1414,11.017447495961225,12.899676898222939,77.0550381988651,1
1415,11.037156704361871,13.352988691437801,86.57678553950255,1
1416,11.135702746365101,13.806300484652663,95.67708320084688,1
1417,11.32294022617124,14.220193861066232,105.67183389197501,1
1418,11.598869143780288,14.59466882067851,115.5345513372501,1
1419,11.95363489499192,14.929725363489496,125.11873780937911,1
1420,12.367528271405492,15.215508885298869,134.436160683112,1
1421,12.840549273021,15.442164781906296,143.28714004999,1
1422,13.323424878836832,15.599838449111468,150.57768702787865,1
1423,13.83586429725363,15.688529886914376,158.2273207687954,1
1424,14.358158319870757,15.718093699515345,166.34895718467553,1
1425,14.890306946688204,15.688529886914376,173.69830393328849,1
1426,15.402746365105006,15.599838449111468,1.3978479699504853,1
1427,15.905331179321484,15.452019386106622,10.680678064487756,1
1428,16.3389337641357,15.235218093699512,21.33042467688325,1
1429,16.693699515347333,14.949434571890142,33.59644148196061,1
1430,16.969628432956377,14.594668820678512,48.13448153135447,1
1431,17.147011308562195,14.180775444264942,61.81490032290151,1
1432,17.26526655896607,13.717609046849756,73.40262044970294,1
1433,17.334248788368335,13.234733441033924,82.60173381511528,1
1434,17.35395799676898,12.7124394184168,88.90842056943659,1
1435,17.32439418416801,12.180290791599353,93.34034626573346,1
1436,17.265266558966072,11.648142164781905,96.44538129625634,1
1437,17.15686591276252,11.135702746365103,99.06614662025002,1
1438,17.018901453957994,10.642972536348948,101.42589416372667,1
1439,16.84151857835218,10.169951534733439,104.28439780722809,1
1440,16.634571890145395,9.69693053311793,106.56006535087694,1
1441,16.398061389337638,9.204200323101775,108.6504122598509,1
1442,16.15169628432956,8.68190630048465,109.82254909755534,1
1443,15.885621970920834,8.11033925686591,110.05075190764867,1
1444,15.629402261712437,7.519063004846525,110.07471058809038,1
1445,15.373182552504034,6.917932148626816,110.5683550026965,1
1446,15.116962843295635,6.316801292407107,110.99055888018948,1
1447,14.841033925686588,5.735379644588044,111.16140663436029,1
1448,14.55525040387722,5.193376413570273,113.08932370940947,1
1449,14.259612277867527,4.671082390953149,114.02769984704905,1
1450,13.954119547657509,4.188206785137317,114.48561761572552,1
1451,13.63877221324717,3.754604200323101,116.61520669047471,1
1452,13.333279483037154,3.3702746365105,120.92874289869928,1
1453,13.027786752827136,3.025363489499192,124.42473530784821,1
1454,12.702584814216475,2.7198707592891758,128.00900070659407,1
1455,12.377382875605813,2.4537964458804518,131.24546761721996,1
1456,12.052180936995152,2.2074313408723745,134.39069368151684,1
1457,11.717124394184165,1.9709208400646197,138.0802815147566,1
1458,11.362358642972534,1.7639741518578347,144.38724528108548,1
1459,10.978029079159933,1.6260096930533117,153.7063232226783,1
1460,10.593699515347334,1.5471728594507268,166.22017699450075,1
1461,10.209369951534732,1.5668820678513729,0.645166641533217,1
1462,9.834894991922454,1.6949919224555732,15.765203252632404,1
1463,9.499838449111468,1.9216478190630046,31.362880141123398,1
1464,9.223909531502422,2.2468497576736666,47.33784323343764,1
1465,8.967689822294021,2.680452342487883,60.909172264894416,1
1466,8.750888529886913,3.2126009693053303,70.6365527531523,1
1467,8.573505654281096,3.7940226171243934,77.85688638244268,1
1468,8.445395799676897,4.424717285945072,83.73110161297443,1
1469,8.386268174474958,5.035702746365104,88.08301839372899,1
1470,8.405977382875603,5.62697899838449,93.80362001983701,1
1471,8.514378029079158,6.178836833602584,99.88783226377996,1
1472,8.701615508885299,6.701130856219708,106.48250064368855,1
1473,8.957835218093699,7.1741518578352155,112.80914571523849,1
1474,9.273182552504037,7.617609046849756,118.98848988158178,1
1475,9.637802907915994,8.021647819063002,124.09476699029219,1
1476,10.031987075928916,8.386268174474958,129.2378233117321,1
1477,10.475444264943455,8.721324717285942,134.09504936530135,1
1478,10.938610662358641,9.016962843295637,138.81783123043053,1
1479,11.421486268174473,9.263327948303715,144.13745358718995,1
1480,11.904361873990306,9.450565428109854,150.13816632666718,1
1481,12.406946688206784,9.578675282714054,157.2924563880068,1
1482,12.919386106623586,9.647657512116316,164.49225397527601,1
1483,13.441680129240709,9.667366720516963,170.55562622419532,1
1484,13.9935379644588,9.637802907915994,177.43021762498435,1
1485,14.555250403877215,9.549111470113084,4.316247141483644,1
1486,15.126817447495958,9.391437802907916,10.728164024479103,1
1487,15.708239095315019,9.164781906300485,17.851457151555337,1
1488,16.27980613893376,8.859289176090467,26.43123125630461,1
1489,16.79224555735056,8.48481421647819,35.04664673506705,1
1490,17.245557350565427,8.061066235864295,44.86538292603718,1
1491,17.610177705977378,7.607754442649434,55.850139195308,1
1492,17.86639741518578,7.095315024232631,67.30806700451177,1
1493,18.02407108239095,6.533602584814216,77.62965089164652,1
1494,18.102907915993534,5.962035541195475,85.08992198882326,1
1495,18.122617124394182,5.331340872374797,90.82278717061489,1
1496,18.102907915993534,4.6316639741518575,94.66060357085287,1
1497,18.033925686591274,3.922132471728594,97.07463471872171,1
1498,17.935379644588043,3.232310177705977,98.11362676053461,1
1499,17.86639741518578,2.680452342487883,98.66945560100581,1
1500,17.83683360258481,2.286268174474959,97.19670374026465,1
1501,17.83683360258481,2.0201938610662356,94.76669462499467,1
1502,17.86639741518578,1.872374798061389,92.06797715869752,1
1503,17.905815831987073,1.852665589660743,90.7083242163703,1
1504,17.915670436187394,1.8428109854604198,90.04619554586547,1
1505,17.86639741518578,1.8231017770597735,91.06151088856119,1
1506,17.777705977382873,1.8329563812600966,93.33066213342669,1
1507,17.66930533117932,1.8231017770597735,95.51935663847556,1
1508,17.54119547657512,1.8231017770597735,100.54104716950528,1
1509,17.344103392568655,1.7639741518578351,108.08511697104962,1
1510,17.09773828756058,1.6752827140549271,117.02966648734423,1
1511,16.78239095315024,1.5668820678513729,127.03945508230798,1
1512,16.398061389337638,1.4880452342487882,137.56145395124852,1
1513,15.974313408723745,1.3993537964458802,146.8784197511032,1
1514,15.530856219709207,1.3500807754442647,156.3943380474442,1
1515,15.087399030694666,1.3599353796445879,166.18354179891313,1
1516,14.634087237479804,1.4190630048465263,177.17761427981824,1
1517,14.210339256865911,1.5274636510500805,8.208625414296758,1
1518,13.806300484652663,1.6949919224555732,20.39417053368891,1
1519,13.451534733441031,1.9216478190630046,33.80839609292706,1
1520,13.15589660743134,2.2271405492730207,47.75307895832718,1
1521,12.939095315024229,2.591760904684975,60.0542914817803,1
1522,12.781421647819062,3.0155088852988685,71.14798392840223,1
1523,12.702584814216475,3.458966074313408,79.41344828158522,1
1524,12.722294022617122,3.931987075928917,86.33493998478892,1
1525,12.830694668820675,4.365589660743133,94.23020136539101,1
1526,13.047495961227785,4.76962843295638,103.59737920654516,1
1527,13.362843295638124,5.104684975767365,115.44183754567034,1
1528,13.747172859450725,5.37075928917609,130.52870197254987,1
1529,14.200484652665589,5.548142164781906,146.58216768714456,1
1530,14.722778675282711,5.6663974151857825,159.36763611738664,1
1531,15.29434571890145,5.725525040387721,168.8108928588635,1
1532,15.905331179321484,5.75508885298869,175.51592471699627,1
1533,16.565589660743132,5.745234248788368,179.2417416698042,1
1534,17.215993537964458,5.705815831987075,1.9982414435121654,1
1535,17.846688206785135,5.62697899838449,4.321277186086527,1
1536,18.428109854604195,5.49886914378029,7.054221057970164,1
1537,18.979967689822292,5.311631663974151,9.309430540009389,1
1538,19.492407108239092,5.094830371567044,13.866003642139894,1
1539,20.014701130856217,4.838610662358642,16.10708684857381,1
1540,20.546849757673662,4.562681744749596,18.414091205067397,1
1541,21.118416801292405,4.267043618739902,20.011077346170357,1
1542,21.709693053311792,3.961550888529886,20.35349495770625,1
1543,22.330533117932145,3.646203554119547,19.171196498106504,1
1544,22.97108239095315,3.3210016155088846,19.355574565926446,1
1545,23.611631663974144,2.9859450726978993,19.296357343087685,1
1546,24.262035541195473,2.650888529886914,19.25823692593097,1
1547,24.922294022617116,2.3158319870759283,19.1885942748356,1
1548,25.582552504038766,1.9709208400646197,19.091079121462993,1
1549,26.232956381260088,1.6260096930533117,18.367583729585988,1
1550,26.853796445880448,1.2909531502423262,18.849803937042314,1
1551,27.376090468497573,1.0150242326332792,20.250666044647765,1
1552,27.78998384491114,0.8474959612277866,20.846976932290058,1
1553,28.04620355411954,0.7686591276252018,23.94034493480539,1
1554,28.20387722132471,0.7785137318255249,29.132115098918188,1
1555,28.282714054927293,0.8573505654281097,34.054931376433345,1
1556,28.31227786752827,0.9460420032310177,36.433727560162104,1
1557,28.312277867528262,1.0051696284329563,41.38270157345511,1
1558,28.351696284329556,1.0544426494345716,44.05673314355692,1
1559,28.381260096930525,1.093861066235864,45.48469851912632,1
1560,28.420678513731822,1.1332794830371564,47.67285616060665,1
1561,28.489660743134085,1.192407108239095,51.42806800687316,1
1562,28.558642972536347,1.290953150242326,54.318826206948685,1
1563,28.647334410339248,1.4190630048465265,56.76320748163755,1
1564,28.765589660743125,1.5668820678513729,60.59210997649609,1
1565,28.91340872374797,1.7147011308562194,65.17423402154145,1
1566,29.08093699515347,1.8231017770597735,69.7710375689277,1
1567,29.268174474959608,1.882229402261712,73.67306259457123,1
1568,29.425848142164778,1.892084006462035,77.29136489946765,1
1569,29.534248788368338,1.8920840064620355,78.26505379117914,1
1570,29.59337641357027,1.8625201938610658,78.16596539582254,1
1571,29.603231017770593,1.872374798061389,78.27754260832444,1
1572,29.583521809369948,1.8625201938610658,77.63348189764599,1
1573,29.573667205169624,1.8428109854604195,75.94326107458488,1
1574,29.544103392568655,1.882229402261712,76.99672246847199,1
1575,29.514539579967686,1.892084006462035,77.30129325088079,1
1576,29.494830371567037,1.8625201938610658,75.24586646580268,1
1577,29.465266558966068,1.892084006462035,75.18090456859784,1
1578,29.425848142164774,1.961066235864297,76.40764583889045,1
1579,29.386429725363485,1.8920840064620355,77.25735612741256,1
1580,29.33715670436187,1.9413570274636505,74.74286336902989,1
1581,29.268174474959608,1.9216478190630046,77.46491536499455,1
1582,29.23861066235864,1.882229402261712,75.28656504339587,1
1583,29.14991922455573,1.8428109854604198,77.73188264245864,1
1584,29.08093699515347,1.8428109854604198,78.14237301554687,1
1585,29.011954765751206,1.8132471728594504,80.90926174701208,1
1586,28.972536348949916,1.7935379644588043,78.51106425363724,1
1587,28.903554119547653,1.7442649434571886,79.46233201742135,1
1588,28.873990306946684,1.7048465266558963,75.95681152491339,1
1589,28.854281098546032,1.7048465266558963,69.60032242585996,1
1590,28.814862681744746,1.68513731825525,64.58885787838987,1
1591,28.785298869143777,1.7639741518578347,61.4700354657744,1
1592,28.765589660743125,1.8625201938610658,58.832535117628886,1
1593,28.785298869143777,1.9315024232633278,57.58586415178433,1
1594,28.81486268174474,1.9906300484652664,58.01971620268366,1
1595,28.883844911147,2.030048465266559,57.210981870548174,1
1596,28.96268174474959,2.039903069466882,56.280275604160934,1
1597,29.0513731825525,2.059612277867528,56.19524038899339,1
1598,29.130210016155083,2.0891760904684973,55.96606337527194,1
1599,29.18933764135702,2.1187399030694665,57.82061771846769,1
1600,29.23861066235864,2.1384491114701127,59.71513669692742,1
1601,29.248465266558963,2.1778675282714053,61.36781713209225,1
1602,29.24846526655896,2.197576736672051,61.17511424904392,1
1603,29.23861066235864,2.197576736672051,64.9309133093384,1
1604,29.228756058158314,2.2567043618739904,66.40441438648661,1
1605,29.169628432956376,2.2172859450726974,72.26607839763525,1
1606,29.08093699515347,2.1384491114701127,80.8067092247548,1
1607,28.952827140549267,2.039903069466882,91.3706786436573,1
1608,28.755735056542807,1.892084006462035,99.55992363994488,1
1609,28.45024232633279,1.6260096930533117,112.03128483159936,1
1610,28.095476575121154,1.4387722132471725,123.73951150173782,1
1611,27.69143780290791,1.281098546042003,135.4087191980309,1
1612,27.20856219709208,1.1431340872374798,146.27515379690374,1
1613,26.63699515347334,1.0544426494345718,155.146589588092,1
1614,26.006300484652662,1.0051696284329563,160.66265743723062,1
1615,25.316478190630043,0.9756058158319869,163.99428426882753,1
1616,24.57738287560581,0.9361873990306945,166.40177837742914,1
1617,23.808723747980608,0.8967689822294019,168.74954996170047,1
1618,23.04991922455573,0.8770597738287558,171.26501338545765,1
1619,22.3108239095315,0.8869143780290789,175.8792179156996,1
1620,21.61114701130856,0.9361873990306945,1.0528502807288018,1
1621,20.931179321486265,1.0347334410339255,7.046914809400939,1
1622,20.27092084006462,1.2022617124394182,13.498017414127967,1
1623,19.659935379644587,1.4289176090468496,20.745704271574407,1
1624,19.10807754442649,1.7147011308562194,27.512269319684385,1
1625,18.58578352180937,2.069466882067851,34.341281299394005,1
1626,18.102907915993534,2.473505654281098,40.396709683951364,1
1627,17.659450726978992,2.9366720516962843,45.64250329235577,1
1628,17.255411954765748,3.439256865912762,50.72335445161737,1
1629,16.87108239095315,3.9812600969305323,54.82496688868505,1
1630,16.52617124394184,4.542972536348949,58.55089900850304,1
1631,16.250242326332792,5.114539579967689,62.8599721662123,1
1632,16.063004846526656,5.656542810985459,68.09181793788181,1
1633,15.934894991922453,6.178836833602584,73.11453635304579,1
1634,15.905331179321484,6.691276252019385,79.76531396251134,1
1635,15.974313408723745,7.184006462035541,86.76320554902489,1
1636,16.102423263327942,7.676736672051694,92.28044234043995,1
1637,16.289660743134085,8.16946688206785,97.62152139415933,1
1638,16.536025848142163,8.68190630048465,101.81367990668814,1
1639,16.82180936995153,9.194345718901452,104.13454405327701,1
1640,17.12730210016155,9.7264943457189,105.58112856749214,1
1641,17.442649434571887,10.258642972536347,106.13605575330463,1
1642,17.76785137318255,10.780936995153471,107.19126644919189,1
1643,18.122617124394182,11.28352180936995,109.29786578151119,1
1644,18.49709208400646,11.736833602584811,113.26577145814541,1
1645,18.891276252019384,12.101453957996767,120.56673154925022,1
1646,19.334733441033926,12.377382875605813,131.81404214568792,1
1647,19.807754442649433,12.544911147011307,144.16577427732545,1
1648,20.270920840064615,12.584329563812599,159.38038656175505,1
1649,20.7340872374798,12.505492730210014,175.06000763937467,1
1650,21.207108239095312,12.357673667205168,9.68127515596201,1
1651,21.6702746365105,12.14087237479806,20.166351626094293,1
1652,22.113731825525036,11.894507269789981,26.590382973869556,1
1653,22.596607431340868,11.618578352180934,28.116282425572898,1
1654,23.118901453957996,11.332794830371565,30.034281097138944,1
1655,23.660904684975765,11.007592891760904,29.518165761000198,1
1656,24.212762520193856,10.672536348949917,28.56672052251253,1
1657,24.784329563812598,10.317770597738285,29.284800048235468,1
1658,25.355896607431337,9.953150242326332,30.76886223134046,1
1659,25.878190630048458,9.568820678513731,32.06747973712146,1
1660,26.351211631663972,9.174636510500807,34.87708691670079,1
1661,26.774959612277865,8.77059773828756,39.729896764312755,1
1662,27.14943457189014,8.327140549273022,45.78128497809701,1
1663,27.445072697899832,7.854119547657511,53.921860745681265,1
1664,27.671728594507265,7.341680129240709,61.33587391990985,1
1665,27.839256865912756,6.819386106623585,67.87567620425948,1
1666,27.937802907915987,6.277382875605815,74.31934646924259,1
1667,27.967366720516956,5.745234248788368,80.7349925279967,1
1668,27.927948303715663,5.222940226171243,86.23277645097788,1
1669,27.82940226171244,4.720355411954765,92.17857120237296,1
1670,27.66187399030694,4.2276252019386105,97.81424832519599,1
1671,27.425363489499187,3.6954765751211625,104.05649198280803,1
1672,27.11987075928917,3.1731825525040387,110.19758465464687,1
1673,26.745395799676892,2.6705977382875603,115.71464686049957,1
1674,26.301938610662354,2.187722132471728,123.63380666655704,1
1675,25.809208400646195,1.754119547657512,133.73548188210736,1
1676,25.257350565428105,1.4190630048465265,144.8434846573734,1
1677,24.675928917609042,1.172697899838449,154.62460645074276,1
1678,24.045234248788365,0.9953150242326331,164.10724265651808,1
1679,23.42439418416801,0.9066235864297252,171.3008782403647,1
1680,22.783844911147007,0.8573505654281096,176.02306690483212,1
1681,22.172859450726975,0.877059773828756,0.17790991710816972,1
1682,21.581583198707587,0.9263327948303713,4.422388282196451,1
1683,21.01987075928917,1.0248788368336024,7.742859251191538,1
1684,20.448303715670434,1.1628432956381256,10.459882941050562,1
1685,19.857027463651047,1.3402261712439416,13.011889566426339,1
1686,19.216478190630045,1.5373182552504037,12.829335059709807,1
1687,18.52665589660743,1.7639741518578347,12.027689923717817,1
1688,17.826978998384487,2.0004846526655893,11.66629536887425,1
1689,17.12730210016155,2.25670436187399,13.267504706481025,1
1690,16.486752827140545,2.5424878836833598,15.44382808719233,1
1691,15.944749596122776,2.838126009693053,21.499939857650634,1
1692,15.491437802907914,3.1436187399030695,29.748660018593256,1
1693,15.116962843295635,3.478675282714055,38.603457231321045,1
1694,14.831179321486266,3.8531502423263317,47.288524207555,1
1695,14.634087237479804,4.237479806138933,56.56304946278804,1
1696,14.505977382875603,4.64151857835218,64.31072481620491,1
1697,14.456704361873989,5.075121163166396,72.07682795299628,1
1698,14.476413570274634,5.538287560581582,79.40310474969992,1
1699,14.545395799676896,5.9915993537964445,84.77257575413303,1
1700,14.634087237479804,6.4744749596122775,89.08644584835734,1
1701,14.75234248788368,6.9770597738287545,91.90288035380074,1
1702,14.890306946688204,7.489499192245556,93.70860032654367,1
1703,15.047980613893376,8.001938610662357,95.468103716919,1
1704,15.245072697899834,8.514378029079158,98.5125117519096,1
1705,15.491437802907914,9.007108239095313,102.00257532033164,1
1706,15.757512116316637,9.480129240710824,107.51616386699423,1
1707,16.063004846526653,9.913731825525039,113.59811022608945,1
1708,16.427625201938604,10.298061389337638,120.2192619005335,1
1709,16.82180936995153,10.633117932148625,127.59888173483492,1
1710,17.26526655896607,10.928756058158317,135.44735669633582,1
1711,17.748142164781903,11.15541195476575,143.99354036950143,1
1712,18.260581583198707,11.293376413570272,153.95794094445228,1
1713,18.75331179321486,11.342649434571888,165.89586226880954,1
1714,19.26575121163166,11.303231017770596,179.79799202012487,1
1715,19.778190630048464,11.145557350565426,15.53580042251721,1
1716,20.290630048465268,10.899192245557348,30.101196267820427,1
1717,20.75379644588045,10.59369951534733,42.29316369751171,1
1718,21.197253634894988,10.229079159935377,52.34981794403556,1
1719,21.59143780290791,9.79547657512116,59.85587131915814,1
1720,21.90678513731825,9.302746365105007,65.24893908964194,1
1721,22.182714054927295,8.760743134087235,69.98995899095307,1
1722,22.438933764135697,8.179321486268174,72.28742960980516,1
1723,22.66558966074313,7.56833602584814,73.34668917485763,1
1724,22.86268174474959,6.937641357027462,75.33252185846787,1
1725,23.02035541195476,6.316801292407107,78.1186172028395,1
1726,23.109046849757668,5.676252019386106,80.9581311852092,1
1727,23.138610662358637,5.0357027463651045,85.29407514391208,1
1728,23.109046849757668,4.395153473344103,89.67800163993458,1
1729,23.01050080775444,3.744749596122778,93.15203394052853,1
1730,22.872536348949914,3.094345718901453,95.2858300264411,1
1731,22.73457189014539,2.581906300484652,95.12610449652308,1
1732,22.645880452342485,2.1975767366720516,92.24789227777485,1
1733,22.616316639741516,1.9216478190630046,86.10962890270577,1
1734,22.66558966074313,1.754119547657512,77.22412936355825,1
1735,22.823263327948304,1.6457189014539577,66.22156686173493,1
1736,23.059773828756057,1.4683360258481417,54.55392175102051,1
1737,23.29628432956381,1.3205169628432953,41.9902917561195,1
1738,23.542649434571885,1.2219709208400644,28.906295243566785,1
1739,23.818578352180936,1.192407108239095,15.39245777523019,1
1740,24.104361873990303,1.2613893376413567,3.5191998549098265,1
1741,24.40985460420032,1.4486268174474957,173.99517102321494,1
1742,24.774474959612274,1.6358642972536344,166.3161591799039,1
1743,25.21793214862681,1.8329563812600966,160.36628979645755,1
1744,25.71066235864297,2.039903069466882,157.21200696540035,1
1745,26.25266558966074,2.2468497576736666,156.07513293757793,1
1746,26.814378029079155,2.453796445880452,155.96075901498818,1
1747,27.356381260096924,2.650888529886914,157.99879036882137,1
1748,27.71114701130856,2.8184168012924067,158.36832884667854,1
1749,27.937802907915987,3.0056542810985456,154.12292327022593,1
1750,28.056058158319864,3.2520193861066224,146.31946313812787,1
1751,28.09547657512116,3.5279483037156694,136.91769663291612,1
1752,28.12504038772213,3.8630048465266547,128.0478306179399,1
1753,28.292568659127618,4.247334410339256,123.07970934401348,1
1754,28.489660743134078,4.64151857835218,120.05818841922422,1
1755,28.686752827140545,4.996284329563812,118.78820900912899,1
1756,28.88384491114701,5.341195476575121,117.05941683001642,1
1757,29.0513731825525,5.6663974151857825,114.65054996414884,1
1758,29.140064620355407,5.971890145395799,110.32288633225602,1
1759,29.228756058158314,6.277382875605815,107.34884154271114,1
1760,29.327302100161546,6.582875605815831,105.78883452553795,1
1761,29.386429725363485,6.888368336025846,103.32225986640293,1
1762,29.425848142164778,7.21357027463651,100.41927152075633,1
1763,29.484975767366716,7.597899838449111,98.93560097700231,1
1764,29.534248788368338,8.011793214862681,97.43236480063663,1
1765,29.573667205169624,8.45525040387722,95.10439763472421,1
1766,29.652504038772207,8.957835218093699,96.12900666205032,1
1767,29.672213247172852,9.421001615508883,95.87767046891115,1
1768,29.642649434571883,9.8546042003231,93.20968493980546,1
1769,29.553957996768975,10.288206785137316,90.00545215073824,1
1770,29.39628432956381,10.751373182552502,84.83038565347852,1
1771,29.159773828756055,11.194830371567042,77.6291844216892,1
1772,28.913408723747978,11.677705977382875,72.75052261483502,1
1773,28.63747980613893,12.190145395799673,68.18368416683911,1
1774,28.34184168012923,12.732148626817445,65.02131046421299,1
1775,28.056058158319864,13.26429725363489,64.70923565049056,1
1776,27.78998384491114,13.816155088852986,66.1271333468525,1
1777,27.56332794830371,14.387722132471726,68.84785354256246,1
1778,27.395799676898218,14.96914378029079,73.62963781347345,1
1779,27.287399030694665,15.54071082390953,78.83254223282441,1
1780,27.228271405492723,16.102423263327942,83.49036883791891,1
1781,27.228271405492727,16.65428109854604,87.88782446517668,1
1782,27.27754442649434,17.196284329563806,91.91000583395841,1
1783,27.395799676898218,17.718578352180934,96.83147679574746,1
1784,27.573182552504033,18.201453957996762,102.27755263881444,1
1785,27.809693053311786,18.684329563812593,108.62557154346383,1
1786,28.085621970920833,19.10807754442649,116.58124120200836,1
1787,28.391114701130853,19.472697899838444,125.18133270566672,1
1788,28.657189014539576,19.797899838449105,130.67475935927612,1
1789,28.89369951534733,20.10339256865912,133.9133730738829,1
1790,29.100646203554113,20.379321486268168,134.83956209492808,1
1791,29.268174474959608,20.684814216478184,130.78716813722542,1
1792,29.40613893376413,21.01001615508885,124.48566796592931,1
1793,29.5638126009693,21.335218093699513,119.70393359866299,1
1794,29.711631663974146,21.6702746365105,114.66131680354066,1
1795,29.84959612277867,21.985621970920835,110.15094163758849,1
1796,29.967851373182548,22.29111470113085,108.0762715428498,1
1797,30.0762520193861,22.626171243941837,106.0189645867731,1
1798,30.155088852988683,22.971082390953146,104.51032515210657,1
1799,30.24378029079159,23.306138933764128,103.36344728057803,1
1800,30.302907915993536,23.660904684975762,102.46182048702518,1
1801,30.381744749596116,24.015670436187392,103.14713177879979,1
1802,30.440872374798055,24.350726978998377,103.5344152191349,1
1803,30.529563812600962,24.685783521809366,103.54115291341174,1
1804,30.59854604200323,25.02084006462035,104.33055226104172,1
1805,30.667528271405484,25.35589660743134,104.92253522583654,1
1806,30.68723747980613,25.681098546042,103.32273237736128,1
1807,30.736510500807746,26.006300484652662,102.98157159557654,1
1808,30.726655896607422,26.301938610662354,101.28586745972407,1
1809,30.706946688206777,26.597576736672046,98.47598872630633,1
1810,30.69709208400646,26.873505654281097,97.52814524038416,1
1811,30.736510500807746,27.169143780290785,97.88889464190152,1
1812,30.697092084006453,27.415508885298863,95.74167951324115,1
1813,30.637964458804515,27.671728594507265,93.80872327052364,1
1814,30.578836833602576,27.927948303715663,92.22837986300792,1
1815,30.49014539579967,28.17431340872374,88.37960293125505,1
1816,30.352180936995147,28.351696284329556,82.40346324173001,1
1817,30.23392568659127,28.5389337641357,77.26321817113968,1
1818,30.115670436187393,28.676898222940217,71.39458809791209,1
1819,29.957996768982223,28.78529886914377,64.2239407147486,1
1820,29.780613893376408,28.903554119547653,58.509786247198825,1
1821,29.583521809369948,29.02180936995153,52.7545087954359,1
1822,29.37657512116316,29.120355411954755,47.80810620583736,1
1823,29.15977382875605,29.24846526655896,44.75963309766769,1
1824,28.96268174474959,29.356865912762515,42.142008952519426,1
1825,28.745880452342483,29.445557350565423,38.15789238194366,1
1826,28.50936995153473,29.544103392568655,34.259968444262654,1
1827,28.243295638126007,29.66235864297253,30.267950901795885,1
1828,27.957512116316632,29.741195476575115,23.70321262734096,1
1829,27.622455573505647,29.8200323101777,16.936031852120127,1
1830,27.267689822294017,29.869305331179316,10.385242982144884,1
1831,26.893214862681738,29.90872374798061,6.276390377573987,1
1832,26.52859450726978,29.997415185783517,3.033154496478373,1
1833,26.163974151857825,30.086106623586424,3.3803135868786494,1
1834,25.828917609046847,30.164943457189008,4.531177857803071,1
1835,25.503715670436183,30.24378029079159,8.815682571269077,1
1836,25.188368336025842,30.302907915993536,11.61091065780416,1
1837,24.873021001615502,30.27334410339256,12.033063723669624,1
1838,24.557673667205165,30.273344103392567,13.211309653468444,1
1839,24.22261712439418,30.283198707592884,14.757954168249885,1
1840,23.907269789983843,30.29305331179321,13.948919413269868,1
1841,23.601777059773827,30.322617124394178,12.622312013717247,1
1842,23.315993537964456,30.362035541195475,13.778672486226577,1
1843,23.030210016155085,30.371890145395792,15.545699146630975,1
1844,22.773990306946686,30.381744749596116,13.262410910114175,1
1845,22.50791599353796,30.391599353796444,13.046257969790053,1
1846,22.261550888529882,30.391599353796444,13.25028577872699,1
1847,22.00533117932148,30.381744749596116,11.478006911926586,1
1848,21.768820678513727,30.381744749596116,6.451440492523712,1
1849,21.492891760904676,30.381744749596116,6.842263479308323,1
1850,21.216962843295637,30.40145395799676,5.499500359149413,1
1851,20.911470113085617,30.43101777059773,5.801164154362773,1
1852,20.6059773828756,30.48029079159935,8.005979051010378,1
1853,20.28077544426494,30.519709208400638,9.013245631651362,1
1854,19.97528271405492,30.55912762520193,8.434023806125658,1
1855,19.659935379644583,30.529563812600962,6.72761583510547,1
1856,19.39386106623586,30.470436187399024,179.43198533691773,1
1857,19.098222940226165,30.3324717285945,170.25848732534223,1
1858,18.782875605815825,30.145234248788363,162.56837999451201,1
1859,18.447819063004843,29.898869143780285,157.97250077614788,1
1860,18.112762520193858,29.672213247172852,153.6009208356214,1
1861,17.70872374798061,29.445557350565423,156.41230145991364,1
1862,17.304684975767366,29.27802907915993,160.9737551633939,1
1863,16.91050080775444,29.159773828756055,167.57234343493076,1
1864,16.506462035541194,29.08093699515347,173.11292646954828,1
1865,16.092568659127622,29.04151857835218,0.5580534572024445,1
1866,15.67867528271405,29.031663974151854,6.314696984347062,1
1867,15.274636510500804,29.0513731825525,11.808564473099056,1
1868,14.88045234248788,29.120355411954762,17.18889605671087,1
1869,14.49612277867528,29.228756058158314,23.42519531608282,1
1870,14.101938610662355,29.37657512116316,28.719161715660793,1
1871,13.747172859450723,29.484975767366716,32.0577005264297,1
1872,13.402261712439415,29.583521809369948,33.96508546909528,1
1873,13.077059773828754,29.66235864297253,35.1152564755663,1
1874,12.771567043618736,29.73134087237479,34.749758663354996,1
1875,12.515347334410336,29.75105008077544,32.75688588744455,1
1876,12.229563812600967,29.820032310177698,32.654155888023,1
1877,11.953634894991922,29.869305331179316,32.09302275130126,1
1878,11.657996768982228,29.91857835218093,30.021626825451214,1
1879,11.342649434571888,29.997415185783517,30.211043590915814,1
1880,10.99773828756058,30.056542810985455,29.763617445974994,1
1881,10.662681744749595,30.13537964458804,29.83176281716021,1
1882,10.327625201938607,30.21421647819062,31.0324967161534,1
1883,10.002423263327945,30.29305331179321,32.388310680309374,1
1884,9.69693053311793,30.283198707592884,29.80718559087521,1
1885,9.361873990306943,30.352180936995147,29.137789238629992,1
1886,9.026817447495958,30.371890145395792,29.505989012013263,1
1887,8.681906300484652,30.391599353796444,27.334460224046854,1
1888,8.32714054927302,30.411308562197085,27.407244760535647,1
1889,7.952665589660742,30.470436187399024,28.29690693814791,1
1890,7.607754442649433,30.411308562197085,25.527576046682256,1
1891,7.252988691437802,30.362035541195475,20.852826243120315,1
1892,6.898222940226171,30.3324717285945,18.955175799252583,1
1893,6.533602584814216,30.302907915993536,17.251309069212986,1
1894,6.178836833602584,30.26348949919224,14.266649744450934,1
1895,5.8142164781906285,30.312762520193854,16.121558677777244,1
1896,5.479159935379644,30.342326332794823,15.374001756471463,1
1897,5.144103392568658,30.362035541195468,15.504996276865818,1
1898,4.828756058158318,30.371890145395792,14.22117362491172,1
1899,4.523263327948302,30.381744749596116,13.638624441234203,1
1900,4.217770597738287,30.381744749596116,12.074274475054791,1
1901,3.912277867528271,30.391599353796444,13.601093743148782,1
1902,3.675767366720516,30.411308562197085,15.911078794159359,1
1903,3.478675282714055,30.421163166397413,17.03798379043778,1
1904,3.3505654281098542,30.440872374798055,18.143619182609758,1
1905,3.2914378029079154,30.450726978998382,19.8919079453531,1
1906,3.2717285945072687,30.48029079159935,20.826365333645985,1
1907,3.2520193861066233,30.49014539579967,19.84985269481343,1
1908,3.2520193861066224,30.499999999999993,19.31397175251123,1
1909,3.2421647819062995,30.50985460420032,19.93370625576513,1
1910,3.2421647819062995,30.50985460420032,19.601777939912072,1
1911,3.252019386106623,30.499999999999996,18.94823649973478,1
1912,3.2717285945072687,30.470436187399024,16.384648880985157,1
1913,3.2815831987075925,30.440872374798055,15.107790063434242,1
1914,3.2815831987075916,30.431017770597737,14.539997830025786,1
1915,3.2914378029079154,30.411308562197085,13.737124727277731,1
1916,3.301292407108238,30.371890145395792,11.861399604886001,1
1917,3.2717285945072687,30.40145395799676,14.773130568408769,1
1918,3.2520193861066224,30.440872374798055,17.084890900159785,1
1919,3.2520193861066224,30.470436187399024,17.618647579470085,1
1920,3.2520193861066224,30.48029079159935,16.45930762316402,1
1921,3.232310177705977,30.529563812600962,18.529607447482963,1
1922,3.232310177705977,30.53941841680129,18.17592155459121,1
1923,3.232310177705977,30.53941841680129,17.604849962764646,1
1924,3.232310177705977,30.529563812600962,18.83981849730556,1
1925,3.2126009693053303,30.53941841680129,20.947887540314877,1
1926,3.2224555735056533,30.53941841680129,21.991916377334935,1
1927,3.2421647819062995,30.529563812600962,21.736771764160306,1
1928,3.2520193861066233,30.529563812600962,22.165147437127484,1
1929,3.2520193861066233,30.50985460420032,21.513382273819833,1
1930,3.2618739903069462,30.48029079159935,22.749488356527642,1
1931,3.2520193861066224,30.440872374798055,22.571516517795075,1
1932,3.232310177705977,30.40145395799676,23.32988615049917,1
1933,3.222455573505654,30.342326332794823,23.17810193799038,1
1934,3.2126009693053303,30.302907915993536,24.347207007307986,1
1935,3.2027463651050074,30.27334410339256,24.796087747652255,1
1936,3.2027463651050074,30.243780290791598,26.109726082757124,1
1937,3.192891760904684,30.224071082390946,28.33308287200138,1
1938,3.192891760904684,30.194507269789977,29.8547525831014,1
1939,3.183037156704361,30.164943457189008,31.004487563663307,1
1940,3.1731825525040387,30.125525040387714,32.671966977354565,1
1941,3.1731825525040382,30.066397415185776,34.811230467287785,1
1942,3.1928917609046845,29.967851373182544,34.36257103720616,1
1943,3.173182552504038,29.91857835218093,37.37044949296881,1
1944,3.143618739903069,29.85945072697899,39.55107580033428,1
1945,3.1140549273021,29.800323101777053,41.43676018485707,1
1946,3.0844911147011302,29.73134087237479,43.01163671907758,1
1947,3.0450726978998377,29.6919224555735,46.413255182734545,1
1948,3.035218093699515,29.632794830371562,46.56214884865327,1
1949,3.0450726978998377,29.613085621970917,45.59431198144776,1
1950,3.0844911147011302,29.622940226171238,42.775459920025895,1
1951,3.1140549273020994,29.6919224555735,40.110291447475184,1
1952,3.153473344103392,29.780613893376408,36.46564808893501,1
1953,3.192891760904684,29.869305331179316,31.98223144244072,1
1954,3.2421647819062995,29.928432956381254,29.53340782094693,1
1955,3.2618739903069462,29.967851373182548,27.54760483024354,1
1956,3.2815831987075925,29.97770597738287,25.439651284756252,1
1957,3.3111470113085617,29.957996768982223,25.60868378657942,1
1958,3.360420032310177,29.898869143780285,27.944665549470223,1
1959,3.3998384491114693,29.820032310177698,28.504180191588162,1
1960,3.429402261712439,29.731340872374794,30.30101721963723,1
1961,3.458966074313408,29.622940226171238,32.594212197977534,1
1962,3.468820678513731,29.514539579967686,33.61388978989299,1
1963,3.4885298869143773,29.386429725363485,30.396631385110055,1
1964,3.468820678513731,29.297738287560577,31.969013350226955,1
1965,3.458966074313408,29.199192245557345,32.76149232265585,1
1966,3.4096930533117926,29.130210016155083,33.56824636423348,1
1967,3.3702746365105,29.071082390953144,33.8798625047926,1
1968,3.301292407108238,29.061227786752823,37.35820767110161,1
1969,3.2618739903069462,29.031663974151854,38.06785512727304,1
1970,3.2224555735056533,29.02180936995153,39.20447726588262,1
1971,3.2126009693053303,29.002100161550878,39.383313327564935,1
1972,3.183037156704361,28.99224555735056,40.43973984127066,1
1973,3.143618739903069,28.972536348949916,41.45523805590243,1
1974,3.1042003231017765,28.96268174474959,41.07941579573141,1
1975,3.0844911147011307,28.952827140549267,41.11255610185991,1
1976,3.0647819063004844,28.94297253634894,40.760611461739906,1
1977,3.054927302100161,28.933117932148622,40.75705484609439,1
1978,3.0844911147011302,28.933117932148622,39.59141579541709,1
1979,3.123909531502423,28.933117932148622,38.53827530962133,1
1980,3.2126009693053303,28.96268174474959,33.074674264899734,1
1981,3.3702746365105,29.011954765751206,25.304966006219928,1
1982,3.577221324717285,29.071082390953144,17.76613148533811,1
1983,3.744749596122778,29.130210016155083,8.77247423653538,1
1984,3.9024232633279476,29.18933764135702,3.2645483709761702,1
1985,3.9714054927302094,29.218901453957994,179.4428153959664,1
1986,4.010823909531501,29.21890145395799,1.8981052854358254,1
1987,3.9714054927302094,29.199192245557345,179.12099420247108,1
1988,3.9418416801292393,29.1794830371567,3.395725847306354,1
1989,3.922132471728594,29.120355411954762,3.14517493292564,1
1990,3.9024232633279476,29.061227786752816,8.028930835572673,1
1991,3.8531502423263317,29.002100161550885,7.19237106808243,1
1992,3.8235864297253626,28.952827140549267,11.557236448563255,1
1993,3.784168012924071,28.89369951534733,12.580815775297271,1
1994,3.7250403877221316,28.86413570274636,16.013806836646687,1
1995,3.6560581583198704,28.83457189014539,16.9323550341203,1
1996,3.577221324717285,28.80500807754442,20.966830828790073,1
1997,3.508239095315024,28.765589660743125,23.39351811358615,1
1998,3.4491114701130856,28.745880452342483,25.72374513527403,1
1999,3.3998384491114693,28.716316639741514,28.63079287442359,1
2000,3.330856219709208,28.706462035541186,32.75655163569838,1
2001,3.2717285945072687,28.706462035541186,34.4599703684865,1
2002,3.2224555735056533,28.72617124394183,34.823081031624,1
2003,3.183037156704361,28.716316639741514,35.600789375705304,1
2004,3.143618739903069,28.726171243941838,34.505347616730816,1
2005,3.163327948303715,28.726171243941838,32.04025511554649,1
2006,3.183037156704361,28.726171243941838,31.599035550395364,1
2007,3.183037156704361,28.716316639741514,30.857976679526463,1
2008,3.183037156704361,28.69660743134087,30.308069860881375,1
2009,3.202746365105008,28.63747980613893,32.09254074288045,1
2010,3.202746365105008,28.598061389337637,39.22219524475925,1
2011,3.1436187399030686,28.60791599353796,42.53807907880159,1
2012,3.0943457189014536,28.578352180936985,47.099281294402175,1
2013,3.0253634894991914,28.548788368336023,50.22016827379365,1
2014,2.9268174474959605,28.548788368336023,51.924295499260644,1
2015,2.8381260096930525,28.50936995153473,49.438122878505936,1
2016,2.788852988691437,28.430533117932146,51.25767788987602,1
2017,2.7297253634894987,28.381260096930525,53.071495772065006,1
2018,2.67059773828756,28.381260096930525,55.13201440705953,1
2019,2.601615508885298,28.391114701130853,57.627039224864085,1
2020,2.5227786752827135,28.410823909531494,58.70374900367606,1
2021,2.434087237479806,28.440387722132463,60.53726213062075,1
2022,2.365105008077544,28.45024232633279,62.7533885463271,1
2023,2.276413570274636,28.489660743134085,65.78026709017195,1
2024,2.2074313408723745,28.489660743134085,67.63586626643529,1
2025,2.1285945072697894,28.519224555735047,70.34442857670045,1
2026,2.0891760904684973,28.50936995153473,73.51070580363088,1
2027,2.030048465266559,28.548788368336023,75.82428389464316,1
2028,1.9906300484652664,28.52907915993537,76.53093258696235,1
2029,1.961066235864297,28.55864297253634,80.0645452579916,1
2030,1.9413570274636505,28.58820678513731,85.72778914435887,1
2031,1.9512116316639738,28.647334410339248,90.9820649244931,1
2032,2.020193861066235,28.706462035541186,99.66610728973467,1
2033,2.1581583198707586,28.83457189014539,109.89621550516385,1
2034,2.345395799676898,28.98239095315024,119.68830855101649,1
2035,2.6114701130856215,29.130210016155083,130.51705259490865,1
2036,2.9859450726978993,29.297738287560577,144.31728346127912,1
2037,3.468820678513731,29.415993537964454,158.06471370297197,1
2038,3.912277867528271,29.445557350565423,173.79995763598745,1
2039,4.336025848142165,29.34701130856219,10.20526224491398,1
2040,4.690791599353796,29.14991922455573,27.300366761673963,1
2041,4.878029079159935,28.86413570274636,43.84927524887806,1
2042,4.887883683360258,28.52907915993537,57.73673802377341,1
2043,4.858319870759288,28.14474959612277,68.49763091830515,1
2044,4.76962843295638,27.78998384491114,77.39664424770845,1
2045,4.61195476575121,27.43521809369951,86.81258598254448,1
2046,4.38529886914378,27.070597738287557,98.05084022354416,1
2047,4.079806138933763,26.715831987075923,110.8156804880813,1
2048,3.6954765751211625,26.400484652665586,126.69370978981814,1
2049,3.330856219709207,26.104846526655887,139.9011728139014,1
2050,3.0155088852988685,25.868336025848134,148.5770764306926,1
2051,2.778998384491114,25.671243941841674,152.524870852551,1
2052,2.6114701130856215,25.513570274636503,151.68919929795587,1
2053,2.5523424878836827,25.346042003231013,142.27411640724728,1
2054,2.463651050080775,25.13909531502423,132.23482962235968,1
2055,2.365105008077544,24.89273021001615,121.29347581175378,1
2056,2.227140549273021,24.616801292407104,114.6145639274897,1
2057,2.0891760904684973,24.301453957996763,107.4356153901224,1
2058,1.9216478190630046,23.976252019386102,104.95624761981578,1
2059,1.7935379644588043,23.660904684975762,103.26790955388876,1
2060,1.6752827140549271,23.3357027463651,101.14891211597362,1
2061,1.576736672051696,23.01050080775444,95.63854604869748,1
2062,1.468336025848142,22.685298869143775,92.57202076683016,1
2063,1.3599353796445879,22.330533117932145,89.08996886655038,1
2064,1.2318255250403873,21.975767366720515,87.69258256897935,1
2065,1.1135702746365104,21.61114701130856,86.71974851457914,1
2066,1.0347334410339255,21.246526655896606,87.90807467711642,1
2067,1.0051696284329563,20.901615508885296,89.14762621940478,1
2068,1.0051696284329563,20.56655896607431,90.65749378558341,1
2069,1.0248788368336021,20.28077544426494,90.9927953977501,1
2070,1.1037156704361872,20.004846526655893,90.60647775851133,1
2071,1.182552504038772,19.728917609046846,90.0469022855764,1
2072,1.2318255250403876,19.4529886914378,89.90946939590211,1
2073,1.2219709208400644,19.186914378029076,90.17025640260877,1
2074,1.2121163166397415,18.901130856219705,89.41864442338044,1
2075,1.1628432956381258,18.60549273021001,89.74656897057272,1
2076,1.0840064620355412,18.290145395799673,89.87916222233386,1
2077,1.0248788368336024,17.92552504038772,88.53393752160082,1
2078,1.0248788368336024,17.521486268174474,88.17307858141574,1
2079,1.0741518578352178,17.087883683360253,89.94954156496375,1
2080,1.1628432956381256,16.62471728594507,90.60309772643065,1
2081,1.290953150242326,16.15169628432956,90.20679886288292,1
2082,1.4289176090468494,15.688529886914376,90.80130460174887,1
2083,1.5373182552504034,15.274636510500804,91.44578225867441,1
2084,1.5668820678513726,14.860743134087233,92.14702992751778,1
2085,1.5471728594507268,14.49612277867528,93.89244515879628,1
2086,1.5176090468497574,14.151211631663973,95.2249261796942,1
2087,1.478190630048465,13.835864297253632,96.1647226027509,1
2088,1.4387722132471725,13.490953150242325,96.9839387951068,1
2089,1.3993537964458802,13.12633279483037,99.18782951311391,1
2090,1.3599353796445879,12.742003231017767,100.58865396611064,1
2091,1.3008077544426493,12.357673667205166,101.34972717325631,1
2092,1.2121163166397413,11.973344103392566,102.9079466466956,1
2093,1.1431340872374798,11.618578352180936,102.99490168117727,1
2094,1.1234248788368333,11.28352180936995,100.25586033844895,1
2095,1.093861066235864,10.96817447495961,98.93060917149239,1
2096,1.084006462035541,10.662681744749595,98.93312721367995,1
2097,1.1234248788368333,10.347334410339254,97.10368280335898,1
2098,1.1628432956381256,10.012277867528269,95.86042843849927,1
2099,1.1628432956381258,9.657512116316637,96.15700708774142,1
2100,1.1529886914378027,9.292891760904682,96.62645945400264,1
2101,1.1431340872374796,8.898707592891759,97.31752957836125,1
2102,1.1037156704361872,8.52423263327948,99.093779559301,1
2103,1.0445880452342486,8.159612277867527,100.78263276016533,1
2104,0.9953150242326331,7.824555735056542,101.80682736823701,1
2105,0.9460420032310177,7.499353796445879,100.63915546306222,1
2106,0.8672051696284327,7.233279483037156,100.53696533914066,1
2107,0.788368336025848,6.947495961227785,98.5536827581837,1
2108,0.7292407108239094,6.671567043618739,96.65839361898693,1
2109,0.6701130856219708,6.375928917609047,94.56729392579439,1
2110,0.6109854604200322,6.090145395799675,92.72964559376916,1
2111,0.5617124394184166,5.7649434571890135,90.26629410065613,1
2112,0.5222940226171243,5.4397415185783515,90.12093406653672,1
2113,0.47302100161550875,5.104684975767365,90.11091412426975,1
2114,0.44345718901453945,4.809046849757673,89.56885609036654,1
2115,0.4336025848142164,4.523263327948302,90.28973175892274,1
2116,0.4533117932148626,4.267043618739903,89.83514922984615,1
2117,0.5124394184168012,4.030533117932148,87.6763222872292,1
2118,0.6109854604200322,3.8038772213247163,85.63245325730716,1
2119,0.6996768982229401,3.5575121163166394,85.66711611687181,1
2120,0.778513731825525,3.301292407108238,86.72884803715452,1
2121,0.8474959612277866,3.0647819063004844,88.48346336634408,1
2122,0.9164781906300483,2.8184168012924067,89.93718576144167,1
2123,0.9460420032310175,2.641033925686591,92.14913957253574,1
2124,0.9558966074313406,2.5129240710823906,93.28757775253494,1
2125,0.9657512116316637,2.424232633279483,93.69559447322237,1
2126,0.9756058158319869,2.345395799676898,94.35782364454376,1
2127,0.9558966074313406,2.335541195476575,95.99628513201878,1
2128,0.9460420032310177,2.3256865912762517,95.93918155118696,1
2129,0.9657512116316639,2.3256865912762517,96.404647577951,1
2130,0.9854604200323098,2.3355411954765746,97.36807619083599,1
2131,0.98546042003231,2.345395799676898,97.85612537198263,1
2132,0.9756058158319869,2.335541195476575,98.84706646931825,1
2133,0.9854604200323098,2.325686591276251,99.55711823891079,1
2134,1.0150242326332792,2.335541195476575,97.9506906231749,1
2135,1.0741518578352178,2.335541195476575,95.82012812651493,1
2136,1.1332794830371564,2.335541195476575,95.48361826421761,1
2137,1.172697899838449,2.345395799676898,97.44044202705132,1
2138,1.2022617124394182,2.335541195476575,98.54000025037172,1
2139,1.2022617124394182,2.296122778675282,101.7993906583326,1
2140,1.2022617124394182,2.2567043618739895,104.71726903218486,1
2141,1.2318255250403876,2.2074313408723745,107.49880595459389,1
2142,1.300807754442649,2.158158319870759,108.85485459066891,1
2143,1.389499192245557,2.1187399030694665,112.50399173994968,1
2144,1.4978998384491113,2.09903069466882,115.81956053210688,1
2145,1.5865912762520193,2.0891760904684973,117.62116509450102,1
2146,1.6457189014539577,2.09903069466882,118.57699501190598,1
2147,1.6752827140549271,2.1483037156704357,119.33189737412206,1
2148,1.665428109854604,2.2074313408723745,118.07201660536282,1
2149,1.6358642972536348,2.2271405492730207,116.01832161934959,1
2150,1.596445880452342,2.2369951534733437,116.28984937114168,1
2151,1.5668820678513729,2.2369951534733437,116.7968269113154,1
2152,1.5570274636510497,2.1778675282714053,115.83760161226525,1
2153,1.5570274636510497,2.118739903069467,117.20262913127885,1
2154,1.5570274636510497,2.1088852988691436,118.30482258302237,1
2155,1.5668820678513729,2.1088852988691436,117.65475169869111,1
2156,1.576736672051696,2.1384491114701127,116.73480046912647,1
2157,1.576736672051696,2.168012924071082,116.29441710416481,1
2158,1.5668820678513729,2.177867528271405,115.7770313297747,1
2159,1.5668820678513729,2.177867528271405,114.69371177965259,1
2160,1.5570274636510497,2.168012924071082,116.08895827129273,1
2161,1.5570274636510497,2.1384491114701127,117.73253658098662,1
2162,1.5570274636510497,2.1285945072697894,118.61705617909129,1
2163,1.5570274636510497,2.1088852988691436,119.2504126289567,1
2164,1.5570274636510497,2.0891760904684977,120.65932282146628,1
2165,1.5570274636510497,2.0891760904684973,119.40478700528627,1
2166,1.5373182552504034,2.0793214862681744,119.01126477590066,1
2167,1.5274636510500803,2.069466882067851,119.55550308799775,1
2168,1.5274636510500805,2.0793214862681744,119.94668728665181,1
2169,1.5373182552504034,2.0891760904684973,119.1702102632058,1
2170,1.5471728594507266,2.079321486268174,121.09638516894124,1
2171,1.5668820678513729,2.069466882067851,121.44056557630064,1
2172,1.5865912762520191,2.059612277867528,122.4331024722214,1
2173,1.6358642972536344,2.0793214862681744,122.52712745686088,1
2174,1.675282714054927,2.09903069466882,123.6207999881251,1
2175,1.7245557350565424,2.1088852988691436,123.97324799640074,1
2176,1.7935379644588039,2.118739903069467,125.2164930316103,1
2177,1.872374798061389,2.1285945072697894,126.42004150579054,1
2178,1.9315024232633278,2.09903069466882,129.4877987929048,1
2179,1.9807754442649432,2.030048465266559,132.6808491122377,1
2180,2.030048465266559,1.9906300484652664,135.55721313534352,1
2181,2.069466882067851,1.9807754442649432,137.8884444768336,1
2182,2.079321486268174,1.951211631663974,138.00985970936108,1
2183,2.079321486268174,1.9216478190630046,137.23449000657536,1
2184,2.09903069466882,1.9315024232633278,136.6873965065058,1
2185,2.1285945072697894,1.951211631663974,136.3517003468743,1
2186,2.1483037156704357,1.9216478190630046,135.17855863021452,1
2187,2.187722132471728,1.9216478190630046,135.6879264750413,1
2188,2.2271405492730203,1.9315024232633278,135.19794199418195,1
2189,2.2567043618739895,1.9216478190630046,134.85888765683305,1
2190,2.276413570274636,1.892084006462035,134.91053357382623,1
2191,2.3059773828756054,1.8526655896607427,136.19026411946643,1
2192,2.3355411954765746,1.7639741518578347,139.2143966378014,1
2193,2.4045234248788363,1.6555735056542809,142.18706862727797,1
2194,2.473505654281098,1.5373182552504034,148.50085137934235,1
2195,2.562197092084006,1.4092084006462033,155.36895477536655,1
2196,2.621324717285945,1.3106623586429724,161.52689288950296,1
2197,2.6705977382875603,1.2515347334410336,164.44571465371266,1
2198,2.7001615508885295,1.2219709208400644,165.717868494826,1
2199,2.7198707592891753,1.2318255250403876,167.08005526486002,1
2200,2.7395799676898216,1.2416801292407107,164.40384694678076,1
2201,2.769143780290791,1.2613893376413567,161.96533039935738,1
2202,2.8282714054927296,1.300807754442649,162.667586831973,1
2203,2.8282714054927296,1.3500807754442647,169.1184074992784,1
2204,2.8184168012924067,1.389499192245557,172.34762891684656,1
2205,2.749434571890145,1.4880452342487882,0.25432277625558847,1
2206,2.6410339256865907,1.645718901453958,10.558908134218637,1
2207,2.4340872374798055,1.872374798061389,21.059921680784147,1
2208,2.2271405492730203,2.158158319870759,29.759091478851783,1
2209,2.0004846526655893,2.5129240710823906,40.096233342255495,1
2210,1.7935379644588039,2.8972536348949918,49.44385518600253,1
2211,1.6358642972536348,3.3111470113085617,58.20389363371135,1
2212,1.5668820678513729,3.7151857835218087,66.7317789421276,1
2213,1.5668820678513729,4.138933764135702,74.88746994896698,1
2214,1.6358642972536344,4.542972536348949,83.00734709280461,1
2215,1.7836833602584812,4.9568659127625185,92.69028766914754,1
2216,2.0201938610662356,5.37075928917609,102.9685177774486,1
2217,2.345395799676898,5.774798061389336,115.5309530793356,1
2218,2.769143780290791,6.1,131.56018048284756,1
2219,3.2520193861066233,6.366074313408722,150.80264622375438,1
2220,3.754604200323101,6.513893376413568,171.26532445742438,1
2221,4.257189014539579,6.5237479806138925,9.912306087081147,1
2222,4.720355411954765,6.3956381260096915,26.783188453202154,1
2223,5.1342487883683345,6.159127625201937,41.877295911588284,1
2224,5.49886914378029,5.833925686591275,55.193824676991966,1
2225,5.824071082390953,5.4397415185783515,65.89210822883805,1
2226,6.080290791599353,4.996284329563812,74.14075633762393,1
2227,6.277382875605815,4.5035541195476565,79.98760442171759,1
2228,6.385783521809369,4.010823909531502,85.13479007260538,1
2229,6.435056542810985,3.508239095315024,89.21040720840882,1
2230,6.425201938610661,3.054927302100161,94.64517091611286,1
2231,6.356219709208399,2.6607431340872365,102.45625656843465,1
2232,6.2281098546042,2.345395799676898,114.06786071656633,1
2233,6.04087237479806,2.09903069466882,127.57131256058469,1
2234,5.784652665589659,1.9315024232633278,141.53198417747973,1
2235,5.449596122778674,1.8132471728594504,154.37727638708122,1
2236,5.05541195476575,1.7344103392568655,165.29092282747254,1
2237,4.611954765751211,1.7245557350565424,173.47006763418756,1
2238,4.168497576736671,1.7738287560581578,2.3708883172716293,1
2239,3.744749596122778,1.9019386106623581,12.704090245670242,1
2240,3.3702746365105,2.1187399030694665,24.32028780663863,1
2241,3.074636510500807,2.4143780290791597,38.00584164614674,1
2242,2.8972536348949913,2.7592891760904683,53.25326986121343,1
2243,2.8085621970920838,3.163327948303715,66.76387337321331,1
2244,2.8184168012924067,3.606785137318255,77.83022196484818,1
2245,2.9169628432956376,4.0502423263327945,86.81548179534124,1
2246,3.094345718901453,4.493699515347334,96.41649633889493,1
2247,3.340710823909531,4.917447495961227,107.31660855521406,1
2248,3.6856219709208395,5.301777059773828,121.18994198500287,1
2249,4.0995153473344095,5.617124394184167,138.19184342323217,1
2250,4.602100161550888,5.853634894991922,155.58430590895478,1
2251,5.153957996768982,6.001453957996768,169.52803016961178,1
2252,5.725525040387721,6.07043618739903,1.305082973206744,1
2253,6.277382875605815,6.050726978998384,11.721340520778767,1
2254,6.819386106623585,5.9423263327948295,21.164184614899195,1
2255,7.31211631663974,5.745234248788367,31.360719499560158,1
2256,7.75557350565428,5.46930533117932,42.607580953859966,1
2257,8.13990306946688,5.114539579967689,52.56594480539829,1
2258,8.445395799676898,4.720355411954765,61.50650150670714,1
2259,8.68190630048465,4.267043618739903,68.05414693980435,1
2260,8.86914378029079,3.78416801292407,73.78934355990756,1
2261,9.007108239095313,3.3111470113085617,78.76684125593474,1
2262,9.115508885298867,2.916962843295637,81.98793591398989,1
2263,9.214054927302097,2.621324717285945,81.94934878597006,1
2264,9.31260096930533,2.3946688206785134,80.98488345410398,1
2265,9.421001615508882,2.2369951534733437,77.3270602669126,1
2266,9.568820678513728,2.158158319870759,69.75052477856222,1
2267,9.765912762520191,2.059612277867528,61.969499386761214,1
2268,10.012277867528269,1.892084006462035,54.59290894763762,1
2269,10.288206785137316,1.754119547657512,46.77006660670161,1
2270,10.593699515347332,1.6457189014539577,39.03950144566396,1
2271,10.909046849757672,1.5176090468497574,34.120010762681815,1
2272,11.214539579967688,1.3993537964458802,30.933043995587393,1
2273,11.559450726978998,1.3303715670436185,26.812432136094063,1
2274,11.924071082390949,1.2810985460420032,22.83964877142994,1
2275,12.29854604200323,1.2219709208400644,20.477464407394518,1
2276,12.673021001615506,1.1628432956381256,18.91277777329231,1
2277,13.047495961227785,1.1135702746365104,16.81255472061896,1
2278,13.392407108239093,1.0445880452342486,16.66488252141172,1
2279,13.727463651050078,0.9558966074313406,17.278415046610625,1
2280,14.062520193861065,0.8869143780290789,16.58961518006759,1
2281,14.39757673667205,0.8179321486268172,14.41126890017298,1
2282,14.762197092084005,0.7489499192245557,12.549055210383449,1
2283,15.126817447495958,0.6701130856219708,10.274471441639337,1
2284,15.521001615508883,0.6109854604200322,7.00345482292212,1
2285,15.92504038772213,0.5617124394184166,4.171990088060655,1
2286,16.388206785137317,0.5321486268174473,0.05397372790220305,1
2287,16.88093699515347,0.5321486268174475,175.5728877173813,1
2288,17.432794830371563,0.5617124394184166,172.7805384864196,1
2289,17.99450726978998,0.5715670436187399,173.03776985303685,1
2290,18.575928917609044,0.5420032310177705,175.49543175539117,1
2291,19.088368336025844,0.5715670436187399,177.72914152659092,1
2292,19.56138933764135,0.6799676898222938,175.9929435543094,1
2293,19.9654281098546,0.8573505654281096,171.38006909672492,1
2294,20.32019386106623,1.1332794830371564,162.9783601809028,1
2295,20.63554119547657,1.4978998384491111,152.96170736879384,1
2296,20.9903069466882,1.872374798061389,143.79906366918095,1
2297,21.364781906300482,2.2468497576736666,139.1393803115218,1
2298,21.77867528271405,2.6311793214862673,136.10589944202476,1
2299,22.241841680129237,3.0253634894991914,134.82570434649472,1
2300,22.744426494345717,3.4294022617124384,133.88152742388002,1
2301,23.247011308562193,3.8334410339256855,135.31421148754697,1
2302,23.769305331179318,4.217770597738286,137.6537840904638,1
2303,24.301453957996763,4.562681744749595,141.84051211878852,1
2304,24.843457189014536,4.8583198707592885,146.02732672925805,1
2305,25.395315024232627,5.114539579967689,150.91822044969643,1
2306,25.986591276252017,5.321486268174474,155.15401812324183,1
2307,26.587722132471725,5.479159935379643,158.7728557477591,1
2308,27.16914378029079,5.597415185783521,161.17492134972517,1
2309,27.592891760904685,5.676252019386105,160.79300188613996,1
2310,27.8983844911147,5.75508885298869,157.4481822982097,1
2311,28.085621970920833,5.853634894991922,151.4287008877485,1
2312,28.18416801292407,6.001453957996768,142.30074442544517,1
2313,28.243295638126007,6.218255250403876,132.9403977616014,1
2314,28.410823909531494,6.504038772213247,126.0851676060555,1
2315,28.60791599353796,6.829240710823908,120.07350768182076,1
2316,28.80500807754442,7.174151857835217,114.6867268871185,1
2317,28.99224555735056,7.528917609046848,110.44538221060981,1
2318,29.159773828756055,7.873828756058157,107.13046183031756,1
2319,29.278029079159932,8.208885298869143,104.77434718460233,1
2320,29.36672051696284,8.524232633279482,102.01673630822702,1
2321,29.46526655896607,8.849434571890143,102.47989747968923,1
2322,29.544103392568655,9.154927302100159,102.92159692906945,1
2323,29.573667205169624,9.44071082390953,101.00082308703085,1
2324,29.573667205169624,9.756058158319869,97.87609530822004,1
2325,29.544103392568655,10.091114701130854,95.2523969766198,1
2326,29.455411954765747,10.455735056542808,90.31160225921786,1
2327,29.317447495961222,10.869628432956379,84.85718218024599,1
2328,29.14991922455573,11.342649434571888,78.22393491291909,1
2329,28.942972536348947,11.86494345718901,72.86832885211567,1
2330,28.706462035541186,12.446365105008075,69.94869924695253,1
2331,28.45024232633279,13.047495961227785,67.27390485542587,1
2332,28.194022617124386,13.648626817447493,66.76623918870132,1
2333,27.957512116316632,14.249757673667204,69.93187076286134,1
2334,27.760420032310172,14.841033925686588,73.77031995142654,1
2335,27.622455573505647,15.392891760904684,79.05259090794233,1
2336,27.573182552504033,15.934894991922453,86.40681889010155,1
2337,27.592891760904678,16.447334410339256,94.91233520247354,1
2338,27.72100161550888,16.94006462035541,104.87578132894009,1
2339,27.927948303715663,17.363812600969304,115.53944651855048,1
2340,28.21373182552503,17.73828756058158,126.1978117142266,1
2341,28.469951534733433,18.053634894991923,132.98441105377492,1
2342,28.726171243941838,18.368982229402256,135.29164447267192,1
2343,28.942972536348947,18.63505654281098,134.72058069607186,1
2344,29.120355411954762,18.901130856219705,131.16470931232598,1
2345,29.23861066235864,19.186914378029076,125.3555650173856,1
2346,29.37657512116316,19.472697899838444,121.17973399118185,1
2347,29.50468497576736,19.728917609046846,118.05323269008059,1
2348,29.603231017770593,19.99499192245557,115.52837311625682,1
2349,29.6919224555735,20.26106623586429,113.22028361198949,1
