frame,x_cm,y_cm,theta,detected
300,2.221288515406157,2.563025210084028,110.02197265625,0
301,2.221288515406157,2.563025210084028,110.02197265625,0
302,2.221288515406157,2.563025210084028,110.02197265625,0
303,2.221288515406157,2.563025210084028,110.02197265625,0
304,2.221288515406157,2.563025210084028,110.02197265625,0
305,2.221288515406157,2.563025210084028,110.02197265625,0
306,2.246918767506997,2.605742296918762,110.02197265625,0
307,2.2725490196078377,2.6228291316526553,110.02197265625,1
308,2.3152661064425715,2.639915966386549,100.12062072753906,1
309,2.363475390156057,2.6490696278511345,108.55258178710938,1
310,2.417176870748294,2.6502901160464125,113.97466278076172,1
311,2.450740296118442,2.6008603441376494,116.38896015712194,0
312,2.4897959183673413,2.569127651060419,118.80325753348214,0
313,2.5172569027610985,2.52946178471388,121.21755490984236,0
314,2.544717887154856,2.4897959183673413,123.63185228620256,0
315,2.5721788715486134,2.450130052020803,126.04614966256278,0
316,2.599639855942371,2.4104641856742646,128.46044703892298,0
317,2.6271008403361287,2.370798319327726,130.8747444152832,0
318,2.654561824729886,2.3311324529811874,133.28904179164343,0
319,2.6820228091236435,2.2914665866346486,135.70333916800362,0
320,2.7094837935174008,2.2518007202881103,138.11763654436385,0
321,2.736944777911158,2.2121348539415715,140.53193392072404,0
322,2.7644057623049156,2.172468987595033,142.94623129708427,0
323,2.7778311324529747,2.1236494597839086,145.36052867344446,0
324,2.7857643057222825,2.057132853141252,147.7748260498047,1
325,2.788205282112839,1.9643757503001158,135.40385437011722,1
326,2.7766106442576968,1.8453781512605,131.38778686523438,1
327,2.785154061624643,1.7428571428571389,140.59019470214844,1
328,2.836414565826324,1.6659663865546182,146.0011749267578,1
329,2.9303921568627382,1.631792717086831,133.3985137939453,1
330,3.0670868347338867,1.6488795518207247,134.39974975585938,1
331,3.19870885854341,1.6998730742296881,129.92796325683594,1
332,3.291084558823522,1.7420561974789877,85.36207580566406,1
333,3.3356705182072752,1.7754289215686234,87.65377855300903,0
334,3.323923319327723,1.7914478291316485,89.945481300354,0
335,3.255842962184866,1.7901129201680632,92.23718404769897,0
336,3.187762605042009,1.7887780112044775,94.52888679504395,0
337,3.1196822478991524,1.7874431022408923,96.82058954238892,0
338,3.0516018907562956,1.7861081932773069,99.11229228973389,0
339,2.9835215336134384,1.7847732843137212,101.40399503707886,0
340,2.915441176470581,1.783438375350136,103.69569778442383,0
341,2.8473608193277244,1.7821034663865505,105.9874005317688,0
342,2.7792804621848672,1.7807685574229652,108.27910327911377,0
343,2.7112001050420105,1.7794336484593796,110.57080602645874,0
344,2.6431197478991537,1.7780987394957943,112.86250877380371,0
345,2.575039390756296,1.7767638305322087,115.1542115211487,0
346,2.5069590336134397,1.7754289215686234,117.44591426849365,0
347,2.4388786764705825,1.774094012605038,119.73761701583862,0
348,2.3707983193277253,1.7727591036414523,122.02931976318358,0
349,2.3027179621848686,1.771424194677867,124.32102251052856,0
350,2.234637605042012,1.7700892857142816,126.61272525787355,0
351,2.1665572478991546,1.7687543767506964,128.9044280052185,0
352,2.0984768907562974,1.7674194677871107,131.19613075256348,0
353,2.0303965336134406,1.7660845588235254,133.48783349990845,0
354,1.9623161764705839,1.7647496498599398,135.77953624725342,0
355,1.8942358193277269,1.7634147408963545,138.0712389945984,0
356,1.8261554621848695,1.762079831932769,140.36294174194336,0
357,1.758075105042013,1.7607449229691834,142.65464448928833,0
358,1.689994747899156,1.7594100140055982,144.9463472366333,0
359,1.6219143907562987,1.7580751050420127,147.23804998397827,0
360,1.5538340336134422,1.7567401960784275,149.52975273132324,0
361,1.4857536764705848,1.7554052871148422,151.8214554786682,0
362,1.417673319327728,1.7540703781512565,154.11315822601318,0
363,1.3926363600995924,1.7738863600995913,156.40486097335815,0
364,1.410642798786178,1.8148532329598468,158.69656372070312,1
365,1.471692635387485,1.8769709967320218,158.97761705186633,0
366,1.5757858699035137,1.9602396514161176,159.2586703830295,0
367,1.7229225023342636,2.0646591970121335,159.53972371419272,0
368,1.8700591347650133,2.1690787426081495,159.8207770453559,0
369,2.017195767195763,2.2734982882041654,160.1018303765191,0
370,2.1643323996265122,2.377917833800182,160.38288370768228,0
371,2.3114690320572624,2.4823373793961974,160.6639370388455,0
372,2.4690476190476134,2.4804388422035424,160.9449903700087,0
373,2.6370681605975665,2.372222222222217,161.22604370117188,1
374,2.8155306567071205,2.1576875194522205,160.5290273030599,0
375,2.921848739495792,1.879551820728287,159.83201090494794,0
376,3.0158263305322057,1.5976190476190442,159.13499450683594,1
377,3.138281979458443,1.452380952380949,155.13140869140625,1
378,3.1696078431372476,1.3925770308123218,137.23446655273438,1
379,3.1661904761904696,1.4711764705882318,142.61749267578125,1
380,3.210616246498592,1.6454621848739457,144.45046997070312,1
381,3.2430812324929894,1.8556302521008363,128.8520538330078,0
382,3.212324929971982,2.0675070028011158,113.25363769531249,0
383,3.2379551820728216,2.3323529411764654,97.6552215576172,0
384,3.181568627450973,2.3221008403361294,82.05680541992187,0
385,3.1371428571428503,2.2759663865546167,66.45838928222656,1
386,3.079047619047612,2.176862745098034,141.16278076171875,1
387,3.0182673069227626,2.0174669867947133,136.09596252441406,1
388,2.954801920768301,1.797779111644654,141.89974975585938,1
389,2.9706682673069165,1.7928971588635414,142.43342372349332,0
390,2.9718887555021944,1.7636054421768665,142.96709769112724,0
391,2.9840936374549756,1.7269907963185234,143.50077165876118,0
392,2.9962985194077563,1.6903761504601804,144.0344456263951,0
393,3.0085034013605374,1.653761504601837,144.568119594029,0
394,3.0207082833133185,1.6171468587434936,145.10179356166296,0
395,3.0329131652660997,1.5805322128851504,145.63546752929688,0
396,3.045118047218881,1.543917567026807,146.16914149693082,0
397,3.057322929171662,1.5073029211684639,146.70281546456474,0
398,3.0695278111244426,1.470688275310121,147.23648943219865,0
399,3.0817326930772238,1.4340736294517773,147.7701633998326,0
400,3.0939375750300053,1.3974589835934341,148.3038373674665,0
401,3.07807122849139,1.3681672669067597,148.83751133510046,0
402,3.102480992396951,1.3205682272909134,149.37118530273438,1
403,3.1500800320127977,1.2973789515806293,123.3363265991211,1
404,3.2037815126050346,1.281512605042014,148.40603637695312,1
405,3.246498599439769,1.2729691876750673,152.8924560546875,1
406,3.280672268907556,1.2985994397759075,65.83586120605469,1
407,2.7936974789915903,1.7428571428571389,77.36053466796875,1
408,2.2981792717086784,2.2640056022408914,87.31892395019531,1
409,1.8624649859943936,2.8620448179271647,38.87271881103516,1
410,1.5036414565826297,3.4942577030812245,52.7386589050293,1
411,1.2387955182072798,4.177731092436966,74.03241729736328,1
412,1.5036414565826295,4.53655462184873,59.91658782958983,1
413,1.8026610644257661,4.827030812324919,92.24610137939452,1
414,2.1187675070027963,5.0833333333333215,102.48970794677734,1
415,2.4690476190476134,5.356722689075618,127.29322052001953,1
416,2.8620448179271643,5.570308123249288,139.2261962890625,1
417,3.3233893557422896,5.7240896358543285,158.56231689453125,1
418,3.8530812324929884,5.835154061624637,4.796823024749756,1
419,4.416946778711474,5.860784313725477,12.834208488464355,1
420,4.972268907563014,5.77535014005601,24.795698165893555,1
421,5.501960784313712,5.578851540616234,38.05226135253906,1
422,5.9633053221288375,5.27128851540615,49.914058685302734,1
423,6.322128851540602,4.886834733893546,65.0319747924805,1
424,6.569887955182058,4.434033613445369,74.79875183105472,1
425,6.706582633053206,3.9214285714285624,86.1400375366211,1
426,6.757843137254888,3.434453781512597,97.48033142089844,1
427,6.706582633053206,3.015826330532206,103.20594787597656,1
428,6.569887955182058,2.708263305322123,114.57183074951172,1
429,6.347759103641442,2.520308123249294,129.5832977294922,1
430,6.082913165266093,2.4690476190476134,152.0977783203125,1
431,5.741176470588222,2.4946778711484536,157.74777221679688,1
432,5.322549019607831,2.6142857142857086,2.3596837520599365,1
433,4.869747899159653,2.7936974789915903,8.068357467651367,1
434,4.434033613445368,3.0414565826330464,34.37384033203125,1
435,4.00686274509803,3.3917366946778635,46.15827941894531,1
436,3.6309523809523725,3.844537815126041,55.91396713256836,1
437,3.3746498599439696,4.331512605042007,62.86025619506836,1
438,3.229411764705875,4.8441176470588125,70.09576416015625,1
439,3.161064425770301,5.373809523809512,79.96643829345703,1
440,3.1781512605041944,5.87787114845937,86.4170913696289,1
441,3.280672268907556,6.347759103641443,87.77913665771484,1
442,3.468627450980384,6.809103641456568,93.80534362792969,1
443,3.7420168067226802,7.227731092436959,106.7284927368164,1
444,4.109383753501391,7.612184873949562,122.65107727050776,1
445,4.53655462184873,7.928291316526594,136.63641357421875,1
446,5.023529411764694,8.141876750700263,159.7297821044922,1
447,5.5361344537815,8.227310924369728,1.653956413269043,1
448,6.040196078431359,8.201680672268889,14.976698875427246,1
449,6.48445378151259,8.047899159663846,37.12466812133789,1
450,6.868907563025195,7.7830532212884975,57.326725006103516,1
451,7.159383753501385,7.449859943977574,64.9298324584961,1
452,7.330252100840321,7.06540616246497,77.97252655029297,1
453,7.398599439775893,6.638235294117632,86.54303741455078,1
454,7.372969187675054,6.1939775910364006,95.31956481933594,1
455,7.261904761904745,5.741176470588222,97.92826080322266,1
456,7.0739495798319165,5.288375350140044,103.57628631591797,1
457,6.834733893557408,4.8782913165265995,108.87444305419922,1
458,6.518627450980377,4.5109243697478885,121.1105422973634,1
459,6.176890756302507,4.220448179271699,129.0609588623047,1
460,5.818067226890743,3.998319327731083,146.31500244140625,1
461,5.407983193277298,3.8530812324929884,163.8219757080078,1
462,4.95518207282912,3.759103641456574,173.36761474609375,1
463,4.502380952380942,3.7505602240896274,3.780160665512085,1
464,4.041036414565817,3.8018207282913075,10.909494400024414,1
465,3.5711484593837453,3.9897759103641364,29.919174194335938,1
466,3.178151260504195,4.280252100840326,41.2268180847168,1
467,2.8791316526610577,4.690336134453771,59.633949279785156,1
468,2.682633053221282,5.14313725490195,71.34532928466797,1
469,2.5886554621848683,5.647198879551808,77.2215347290039,1
470,2.614285714285708,6.14271708683472,86.37342071533203,1
471,2.7424369747899093,6.638235294117632,94.2724380493164,1
472,2.9474789915966317,7.0739495798319165,104.18473052978516,1
473,3.280672268907556,7.509663865546202,121.39283752441406,1
474,3.7078431372548932,7.885574229691859,145.15931701660156,1
475,4.211904761904752,8.17605042016805,159.857177734375,1
476,4.7757703081232386,8.355462184873932,179.46006774902344,1
477,5.356722689075618,8.43235294117645,16.45340347290039,1
478,5.877871148459371,8.381092436974772,29.58482360839855,1
479,6.313585434173655,8.210224089635835,44.508213043213004,1
480,6.638235294117632,7.979551820728274,59.80563354492199,1
481,6.826190476190462,7.620728291316508,69.1892852783202,1
482,6.903081232492982,7.219187675070012,81.50529479980469,1
483,6.843277310924354,6.792016806722674,95.88878631591797,1
484,6.689495798319312,6.407563025210069,109.64212799072277,1
485,6.441736694677857,6.023109243697465,121.63783264160156,1
486,6.099999999999986,5.775350140056009,145.9876708984375,1
487,5.6899159663865415,5.638655462184862,162.4197998046875,1
488,5.262745098039204,5.630112044817915,3.543386459350586,1
489,4.8099439775910255,5.724089635854329,15.805665016174316,1
490,4.391316526610635,5.937675070027998,32.632667541503906,1
491,4.041036414565817,6.236694677871134,40.140869140625,1
492,3.7420168067226802,6.638235294117632,48.19065475463867,1
493,3.5113445378151176,7.108123249299704,61.731258392333984,1
494,3.3917366946778635,7.62072829131651,77.39946746826172,1
495,3.3746498599439696,8.167507002801102,91.06094360351562,1
496,3.4771708683473306,8.722829131652642,106.00362396240234,1
497,3.724929971988787,9.209803921568607,126.65557861328125,1
498,4.1008403361344445,9.619887955182051,143.08995056152344,1
499,4.570728291316516,9.918907563025188,162.22357177734375,1
500,5.100420168067215,10.09831932773107,178.25413513183594,1
501,5.630112044817915,10.166666666666643,6.452420234680176,1
502,6.151260504201666,10.115406162464964,9.202465057373047,1
503,6.621148459383738,9.953081232492975,19.961660385131836,1
504,7.03977591036413,9.705322128851519,30.353851318359375,1
505,7.390056022408947,9.372128851540596,42.57279968261719,1
506,7.689075630252082,8.96204481792715,54.253639221191406,1
507,7.928291316526592,8.543417366946759,69.13858795166016,1
508,8.107703081232476,8.099159663865528,79.03773498535156,1
509,8.193137254901943,7.629271708683457,90.74698638916016,1
510,8.176050420168048,7.125210084033597,98.49884796142578,1
511,8.056442577030795,6.646778711484579,102.17349243164062,1
512,7.817226890756285,6.176890756302507,117.67507934570312,1
513,7.475490196078414,5.77535014005601,133.5072479248047,1
514,7.099579831932758,5.476330532212873,150.49452209472656,1
515,6.69803921568626,5.322549019607831,173.72975158691406,1
516,6.279411764705868,5.288375350140045,4.823019027709961,1
517,5.894957983193264,5.382352941176459,18.942888259887695,1
518,5.561764705882341,5.578851540616233,34.3548583984375,1
519,5.262745098039204,5.886414565826318,46.319190979003906,1
520,5.049159663865535,6.2623249299719745,58.9980354309082,1
521,4.963725490196067,6.715126050420153,77.53348541259766,1
522,5.006442577030801,7.193557422969173,87.71598052978516,1
523,5.177310924369737,7.6463585434173496,109.8028564453125,1
524,5.493417366946766,8.030812324929954,128.2522735595703,1
525,5.920588235294105,8.329831932773091,149.59115600585938,1
526,6.433193277310909,8.475070028011185,172.42919921875,1
527,6.9714285714285555,8.475070028011185,8.948729515075684,1
528,7.466946778711469,8.406722689075611,22.493629455566406,1
529,7.936834733893539,8.184593837534994,40.57770538330078,1
530,8.364005602240876,7.868487394957965,49.010581970214844,1
531,8.722829131652642,7.458403361344521,62.1828727722168,1
532,9.013305322128831,6.9714285714285555,69.26651763916016,1
533,9.25252100840334,6.390476190476176,78.1670913696289,1
534,9.380672268907542,5.869327731092424,87.35079956054688,1
535,9.372128851540596,5.314005602240885,101.44221496582031,1
536,9.226890756302499,4.80140056022408,116.56917572021484,1
537,8.996218487394938,4.391316526610634,124.6089096069336,1
538,8.688655462184855,4.058123249299711,137.55299377441406,1
539,8.295658263305304,3.7676470588235205,150.85597229003906,1
540,7.868487394957965,3.605322128851532,166.65684509277344,1
541,7.4156862745097865,3.5540616246498518,175.22921752929688,1
542,6.920168067226875,3.5626050420167985,177.78848266601562,1
543,6.416106442577016,3.6480392156862664,9.806296348571777,1
544,5.920588235294104,3.8359943977590945,26.470149993896484,1
545,5.442156862745085,4.126470588235284,33.64556884765625,1
546,5.023529411764695,4.485294117647049,48.01253890991211,1
547,4.681792717086824,4.921008403361334,60.229999542236555,1
548,4.416946778711475,5.425070028011192,70.32795715332031,1
549,4.24607843137254,5.937675070027998,76.95024871826195,1
550,4.186274509803911,6.450280112044803,83.87928771972656,1
551,4.211904761904752,6.945798319327716,89.6270751953125,1
552,4.3400560224089535,7.4156862745097865,101.07890319824196,1
553,4.5792717086834624,7.8514005602240715,114.25748443603516,1
554,4.92955182072828,8.244397759103624,124.70664978027344,1
555,5.365266106442565,8.560504201680654,136.09872436523415,1
556,5.877871148459371,8.791176470588216,158.87496948242188,1
557,6.399019607843123,8.893697478991577,177.5541839599607,1
558,6.911624649859929,8.85952380952379,16.333345413208008,1
559,7.347338935574214,8.722829131652642,39.25999450683594,1
560,7.72324929971987,8.432352941176452,54.35990905761673,1
561,7.979551820728273,8.09915966386553,60.141521453857195,1
562,8.141876750700261,7.663445378151243,73.42460632324219,1
563,8.17605042016805,7.193557422969173,88.06526184081986,1
564,8.116246498599422,6.680952380952365,97.56651306152344,1
565,7.919747899159647,6.236694677871134,113.54147338867188,1
566,7.629271708683456,5.80098039215685,133.28053283691406,1
567,7.261904761904745,5.501960784313713,155.0501708984375,1
568,6.843277310924354,5.331092436974778,173.1151733398433,1
569,6.3990196078431225,5.314005602240885,13.569910049438477,1
570,5.971848739495785,5.442156862745086,32.92124557495117,1
571,5.595938375350127,5.6899159663865415,49.006103515625,1
572,5.254201680672257,6.057282913165253,57.50981903076172,1
573,4.963725490196067,6.492997198879538,57.47090148925781,1
574,4.724509803921558,6.9714285714285555,57.283443450927734,1
575,4.536554621848729,7.449859943977574,57.04444885253906,1
576,4.365686274509794,7.953921568627433,64.12284851074219,1
577,4.228991596638646,8.457983193277292,64.54943084716797,1
578,4.126470588235285,8.970588235294098,70.20484924316406,1
579,4.075210084033604,9.474649859943955,71.95702362060547,1
580,4.092296918767498,9.99579831932771,77.95098114013672,1
581,4.211904761904752,10.499859943977567,93.70513153076172,1
582,4.451120448179262,10.969747899159639,106.49398040771484,1
583,4.792857142857132,11.379831932773083,125.5962142944336,1
584,5.237114845938363,11.747198879551794,138.89532470703125,1
585,5.741176470588222,12.037675070027984,150.09417724609375,1
586,6.2623249299719745,12.251260504201653,165.50241088867188,1
587,6.792016806722674,12.370868347338908,171.0166473388672,1
588,7.296078431372533,12.405042016806695,177.59222412109375,1
589,7.7830532212884975,12.328151260504175,2.568800926208496,1
590,8.244397759103624,12.140196078431345,18.320739746094205,1
591,8.663025210084013,11.86680672268905,32.944000244140625,1
592,9.021848739495777,11.507983193277287,51.064392089844205,1
593,9.346498599439755,11.04663865546216,65.95665740966797,1
594,9.560084033613425,10.542577030812302,76.22071075439453,1
595,9.671148459383732,10.029971988795497,88.65418243408203,1
596,9.679691876750677,9.508823529411742,101.12992095947266,1
597,9.568627450980369,9.004761904761883,109.4256362915039,1
598,9.355042016806703,8.569047619047598,123.56657409668014,1
599,9.064565826330512,8.193137254901941,126.42127227783203,1
600,8.697198879551802,7.894117647058806,134.30833435058594,1
601,8.304201680672252,7.680532212885137,146.5615081787114,1
602,7.885574229691859,7.586554621848722,161.81068420410202,1
603,7.458403361344521,7.586554621848722,173.8395233154297,1
604,7.022689075630237,7.671988795518191,7.490043163300015,1
605,6.595518207282898,7.8514005602240715,19.808925628662564,1
606,6.185434173669455,8.11624649859942,33.29734420776413,1
607,5.8266106442576895,8.423809523809505,42.60039520263717,1
608,5.5190476190476065,8.765546218487374,50.00535583496139,1
609,5.271288515406151,9.209803921568605,59.3167343139653,1
610,5.091876750700268,9.696778711484573,67.95990753173874,1
611,4.972268907563015,10.20084033613443,75.28355407714889,1
612,4.921008403361332,10.739075630252078,82.15215301513717,1
613,4.92955182072828,11.328571428571404,86.50007629394531,1
614,5.023529411764695,11.875350140055996,88.74239349365234,1
615,5.19439775910363,12.379411764705853,89.77708435058639,1
616,5.459243697478979,12.849299719887927,95.91902160644577,1
617,5.792436974789903,13.250840336134425,111.63986968994186,1
618,6.176890756302507,13.558403361344507,129.1891937255864,1
619,6.629691876750686,13.763445378151228,152.31787109375045,1
620,7.1422969187674905,13.883053221288483,176.26831054687545,1
621,7.671988795518189,13.908683473389326,2.8204219341282624,1
622,8.201680672268889,13.857422969187644,6.383430957794644,1
623,8.757002801120429,13.746358543417335,12.83802986145065,1
624,9.269607843137234,13.584033613445348,13.31693172454925,1
625,9.77366946778709,13.36190476190473,18.268341064454034,1
626,10.226470588235271,13.088515406162438,23.729322433472134,1
627,10.636554621848715,12.763865546218458,33.440135955811,1
628,10.969747899159639,12.387955182072801,46.92458724975677,1
629,11.251680672268881,11.952240896358518,57.21560287475677,1
630,11.431092436974765,11.482352941176446,66.82368469238327,1
631,11.559243697478966,10.995378151260478,78.47840118408294,1
632,11.601960784313698,10.474229691876728,89.27413940429733,1
633,11.55070028011202,9.978711484593815,103.4968872070317,1
634,11.379831932773083,9.51736694677869,114.3089218139653,1
635,11.09789915966384,9.12436974789914,133.40933227539108,1
636,10.721988795518183,8.816806722689055,161.5043945312509,1
637,10.277731092436952,8.64593837535012,177.7178344726567,1
638,9.80784313725488,8.586134453781494,6.507612228394464,1
639,9.355042016806701,8.663025210084015,21.05811882019134,1
640,8.96204481792715,8.825350140056003,31.841394424439386,1
641,8.577591036414546,9.090196078431351,41.72206497192474,1
642,8.244397759103624,9.457563025210064,50.445560455323175,1
643,7.945378151260487,9.893277310924349,58.406898498536066,1
644,7.69761904761903,10.371708683473367,59.78477096557708,1
645,7.466946778711469,10.927030812324904,68.68984222412155,1
646,7.313165266106426,11.490896358543392,73.70860290527435,1
647,7.219187675070012,12.04621848739493,75.48687744140716,1
648,7.193557422969171,12.567366946778682,77.16871643066497,1
649,7.219187675070012,13.088515406162434,84.35373687744232,1
650,7.30462184873948,13.592577030812294,91.57404327392669,1
651,7.432773109243681,14.122268907562994,95.29813385009857,1
652,7.603641456582617,14.643417366946746,97.283348083497,1
653,7.834313725490179,15.164565826330499,102.8589324951181,1
654,8.11624649859942,15.625910364145625,105.42900848388763,1
655,8.46652661064424,16.02745098039212,121.46305084228607,1
656,8.876610644257681,16.335014005602204,137.8721160888681,1
657,9.363585434173647,16.565686274509765,154.53819274902435,1
658,9.876190476190455,16.71946778711481,173.52505493164108,1
659,10.4144257703081,16.804901960784274,0.5679803490647828,1
660,10.952661064425746,16.787815126050383,6.964473724366599,1
661,11.490896358543392,16.65966386554618,9.381692886353449,1
662,11.960784313725464,16.43753501400557,16.109844207765036,1
663,12.353781512605014,16.129971988795482,36.2262420654306,1
664,12.669887955182045,15.73697478991593,55.89656066894622,1
665,12.883473389355714,15.326890756302486,68.89127349853607,1
666,12.968907563025184,14.848459383753468,79.58857727050872,1
667,12.95182072829129,14.361484593837503,93.64316558838027,1
668,12.840756302520981,13.848879551820698,105.39981079101653,1
669,12.618627450980364,13.37044817927168,115.73115539550872,1
670,12.302521008403334,12.89201680672266,125.5920639038095,1
671,11.91806722689073,12.524649859943949,137.7613525390634,1
672,11.431092436974762,12.217086834733866,153.66172790527435,1
673,10.927030812324904,12.029131652661038,165.96301269531386,1
674,10.405882352941152,11.952240896358516,4.485235214234763,1
675,9.876190476190454,11.986414565826305,17.81386756897109,1
676,9.372128851540594,12.114565826330505,25.143262863160544,1
677,8.96204481792715,12.345238095238068,32.85859680175918,1
678,8.603221288515387,12.661344537815099,47.638767242433005,1
679,8.321288515406144,13.037254901960756,62.164821624757224,1
680,8.133333333333315,13.472969187675039,72.57254028320449,1
681,8.01372549019606,13.951400560224059,78.72453308105605,1
682,7.953921568627433,14.455462184873918,83.25117492675872,1
683,7.936834733893539,14.97661064425767,87.63420104980605,1
684,7.96246498599438,15.523389355742262,85.32199096679778,1
685,8.022268907563006,16.078711484593804,91.88729095459075,1
686,8.116246498599422,16.625490196078395,93.23042297363418,1
687,8.235854341736674,17.146638655462148,94.11395263672011,1
688,8.398179271708663,17.65924369747895,97.65973663330215,1
689,8.59467787114844,18.129131652661023,97.75878143310683,1
690,8.842436974789896,18.547759103641418,100.29223632812636,1
691,9.132913165266086,18.93221288515402,110.16265869140761,1
692,9.483193277310901,19.299579831932732,120.50294494628997,1
693,9.8847338935574,19.59859943977587,129.43649291992324,1
694,10.328991596638632,19.83781512605038,137.39685058593886,1
695,10.798879551820704,20.00868347338931,142.04704284668105,1
696,11.302941176470563,20.102661064425725,159.58580017089935,1
697,11.832633053221262,20.085574229691833,173.22787475586074,1
698,12.362324929971962,19.95742296918763,9.133602142335349,1
699,12.874929971988767,19.726750700280064,26.958312988282614,1
700,13.344817927170837,19.40210084033609,44.6380577087416,1
701,13.754901960784284,18.99201680672265,52.31888198852721,1
702,14.1051820728291,18.513585434173628,57.771327972413474,1
703,14.412745098039181,17.97535014005598,64.03402709961074,1
704,14.677591036414531,17.402941176470552,70.27874755859511,1
705,14.899719887955149,16.856162464985957,73.19644927978652,1
706,15.096218487394925,16.258123249299683,70.64687347412246,1
707,15.207282913165233,15.66008403361341,73.22643280029433,1
708,15.24145658263302,15.138935574229658,82.64405822754043,1
709,15.164565826330499,14.575070028011172,92.80423736572402,1
710,14.985154061624618,13.994117647058792,107.16045379638808,1
711,14.68613445378148,13.507142857142828,127.19075012207213,1
712,14.310224089635824,13.097058823529384,148.01727294922011,1
713,13.848879551820698,12.755322128851512,171.3305969238295,1
714,13.378991596638624,12.592997198879525,6.116840362550192,1
715,12.909103641456554,12.567366946778682,24.406642913819724,1
716,12.464845938375323,12.652801120448151,29.139596939088733,1
717,12.063305322128825,12.857843137254871,36.90663528442565,1
718,11.721568627450955,13.122689075630223,44.11714172363463,1
719,11.431092436974765,13.472969187675039,53.30095672607558,1
720,11.217507002801096,13.874509803921535,65.95383453369323,1
721,11.080812324929948,14.31022408963582,76.17910003662291,1
722,11.038095238095215,14.73739495798316,89.12477111816588,1
723,11.089355742296895,15.164565826330497,96.10466003418105,1
724,11.251680672268883,15.549019607843102,105.19799804687636,1
725,11.507983193277287,15.899299719887917,122.85743713379043,1
726,11.866806722689049,16.223949579831896,132.30393981933776,1
727,12.319607843137229,16.53151260504198,143.08947753906386,1
728,12.832212885154032,16.787815126050383,152.75978088379043,1
729,13.387535014005573,17.001400560224052,153.41976928711074,1
730,13.985574229691846,17.155182072829096,163.88742065429824,1
731,14.600700280112013,17.223529411764666,168.93682861328307,1
732,15.198739495798284,17.206442577030774,0.26426345110121474,1
733,15.788235294117612,17.12100840336131,8.060938835145862,1
734,16.30938375350136,16.967226890756262,14.651960372926624,1
735,16.79635854341733,16.702380952380913,25.10866355896178,1
736,17.223529411764666,16.36918767506999,41.71660614013899,1
737,17.58235294117643,15.9505602240896,53.676639556886585,1
738,17.881372549019567,15.463585434173634,64.3265228271498,1
739,18.171848739495754,14.891176470588203,70.97879791259948,1
740,18.39397759103637,14.301680672268876,76.23719787597793,1
741,18.55630252100836,13.67801120448176,76.53415679931868,1
742,18.667366946778667,13.062885154061595,79.5024261474623,1
743,18.710084033613406,12.464845938375323,87.37430572509948,1
744,18.675910364145615,11.909523809523781,89.8279724121112,1
745,18.573389355742258,11.396918767506977,96.37192535400573,1
746,18.402521008403323,10.918487394957959,102.31935882568587,1
747,18.163305322128814,10.448599439775885,106.17413330078307,1
748,17.872829131652622,10.012885154061602,115.29413604736465,1
749,17.522549019607805,9.59425770308121,125.43853759765761,1
750,17.103921568627413,9.17563025210082,129.05624389648665,1
751,16.651120448179235,8.765546218487374,127.85774993896621,1
752,16.172689075630217,8.389635854341716,133.79321289062636,1
753,15.668627450980358,8.01372549019606,133.49777221679915,1
754,15.156022408963551,7.654901960784296,135.42413330078352,1
755,14.660504201680638,7.3473389355742125,137.15017700195494,1
756,14.173529411764672,7.091036414565811,144.03088378906432,1
757,13.703641456582602,6.894537815126036,152.43615722656432,1
758,13.242296918767476,6.77492997198878,160.05206298828352,1
759,12.798039215686247,6.749299719887941,168.1193695068373,1
760,12.345238095238068,6.809103641456568,177.5434417724632,1
761,11.909523809523781,6.96288515406161,10.111540794374832,1
762,11.499439775910338,7.193557422969171,24.25130271911803,1
763,11.140616246498572,7.509663865546202,41.17180252075423,1
764,10.841596638655437,7.894117647058806,59.260295867922196,1
765,10.645098039215663,8.295658263305302,71.99653625488509,1
766,10.542577030812302,8.748459383753481,82.48711395263854,1
767,10.55112044817925,9.209803921568605,93.34215545654479,1
768,10.662184873949556,9.636974789915945,99.78584289550963,1
769,10.901400560224065,10.021428571428547,108.29498291015852,1
770,11.243137254901935,10.371708683473367,125.31740570068541,1
771,11.653221288515379,10.619467787114822,144.2540740966815,1
772,12.148739495798292,10.764705882352917,163.06848144531432,1
773,12.67843137254899,10.80742296918765,5.614517211916791,1
774,13.165406162464956,10.739075630252078,21.40644836425963,1
775,13.60966386554619,10.559663865546195,37.4218330383319,1
776,14.011204481792685,10.2862745098039,42.73946762085143,1
777,14.310224089635824,9.94453781512603,49.791534423829944,1
778,14.532352941176438,9.525910364145636,60.42794418335143,1
779,14.694677871148428,9.064565826330512,71.8005065917996,1
780,14.79719887955179,8.586134453781494,80.54016113281432,1
781,14.814285714285683,8.056442577030793,92.47911071777526,1
782,14.737394957983161,7.475490196078414,98.84941864013854,1
783,14.575070028011172,6.928711484593822,112.19278717041288,1
784,14.335854341736663,6.407563025210069,125.54766845703398,1
785,14.011204481792685,5.920588235294105,132.24688720703398,1
786,13.635294117647026,5.5361344537815,146.8365631103543,1
787,13.233753501400532,5.27128851540615,153.85557556152526,1
788,12.815126050420139,5.100420168067215,161.0964508056668,1
789,12.387955182072801,5.023529411764694,171.18840026855742,1
790,11.94369747899157,5.040616246498588,171.71931457519804,1
791,11.499439775910338,5.160224089635842,6.725502491000043,1
792,11.09789915966384,5.348179271708672,30.174169540408002,1
793,10.747619047619022,5.604481792717074,42.62082290649687,1
794,10.448599439775887,5.929131652661051,51.67924499511901,1
795,10.243557422969165,6.313585434173655,63.59006881714049,1
796,10.141036414565804,6.732212885154047,71.6493377685565,1
797,10.12394957983191,7.185014005602224,86.00531005859648,1
798,10.209383753501378,7.62072829131651,93.7740173339871,1
799,10.4144257703081,8.022268907563006,105.0403747558621,1
800,10.73053221288513,8.381092436974772,119.32627868652526,1
801,11.12352941176468,8.663025210084013,132.74639892578307,1
802,11.593417366946753,8.91078431372547,148.56854248047057,1
803,12.123109243697453,9.132913165266086,152.42564392090117,1
804,12.669887955182045,9.312324929971968,155.27947998047148,1
805,13.216666666666637,9.423389355742275,163.22422790527617,1
806,13.789075630252068,9.491736694677849,172.28007507324492,1
807,14.33585434173666,9.46610644257701,2.1600596904781924,1
808,14.848459383753468,9.346498599439755,4.371639251711713,1
809,15.343977591036381,9.12436974789914,16.020702362063275,1
810,15.813865546218452,8.825350140056003,33.91725540161406,1
811,16.232492997198843,8.449439775910346,50.90584564209257,1
812,16.625490196078395,7.988095238095221,58.78166961670195,1
813,16.967226890756265,7.449859943977574,66.6658630371112,1
814,17.257703081232457,6.843277310924354,68.91641235351835,1
815,17.488375350140018,6.211064425770294,76.23775482178007,1
816,17.650700280112005,5.5361344537815,81.69073486328307,1
817,17.727591036414527,4.8441176470588125,86.81748199463073,1
818,17.73613445378147,4.194817927170858,86.67317962646757,1
819,17.65924369747895,3.6053221288515322,94.72640228271757,1
820,17.5225490196078,3.092717086834727,99.82553863525663,1
821,17.334593837534975,2.674089635854336,109.44634246826354,1
822,17.086834733893518,2.3408963585434117,123.58387756347929,1
823,16.753641456582596,2.0504201680672223,134.1466217041043,1
824,16.37773109243694,1.8282913165266066,151.77087402344023,1
825,15.959103641456547,1.6232492997198844,161.69213867187773,1
826,15.489215686274473,1.452380952380949,168.05999755859648,1
827,15.010784313725457,1.3413165266106413,169.20495605469023,1
828,14.532352941176438,1.2815126050420138,171.90222167969023,1
829,14.028291316526577,1.2558823529411736,174.2862701416043,1
830,13.532773109243667,1.2815126050420138,172.58410644531523,1
831,13.054341736694647,1.3584033613445345,179.24919128418242,1
832,12.567366946778684,1.4865546218487362,2.530979394915448,1
833,12.131652661064399,1.665966386554618,13.900416374209271,1
834,11.781372549019583,1.8966386554621806,27.63446807861692,1
835,11.465266106442552,2.1956582633053174,43.00601196289335,1
836,11.217507002801096,2.5373949579831874,53.132179260256635,1
837,11.046638655462159,2.921848739495792,61.35491561890012,1
838,10.944117647058798,3.34901960784313,73.59332275390898,1
839,10.901400560224065,3.827450980392148,83.53326416015898,1
840,10.9441176470588,4.314425770308114,90.6090011596707,1
841,11.055182072829107,4.8099439775910255,94.50160980224882,1
842,11.243137254901935,5.288375350140044,99.51422882080351,1
843,11.507983193277287,5.7582633053221155,106.11015319824492,1
844,11.841176470588207,6.1939775910364006,112.07387542724882,1
845,12.225630252100812,6.586974789915952,117.4644699096707,1
846,12.661344537815097,6.9372549019607685,119.63626098633085,1
847,13.148319327731063,7.227731092436959,133.53422546386992,1
848,13.669467787114815,7.424229691876734,148.33380126953398,1
849,14.190616246498568,7.518207282913148,165.51431274414335,1
850,14.720308123249264,7.492577030812308,0.36443376541410544,1
851,15.207282913165233,7.364425770308107,16.194076538089575,1
852,15.668627450980358,7.082492997198864,27.828447341921674,1
853,16.053081232492964,6.69803921568626,51.897777557375775,1
854,16.360644257703044,6.245238095238081,68.19564056396757,1
855,16.557142857142818,5.732633053221276,84.9093933105496,1
856,16.659663865546182,5.151680672268896,90.66717529297239,1
857,16.625490196078395,4.604901960784304,97.01118469238645,1
858,16.488795518207244,4.092296918767498,107.39974212646848,1
859,16.283753501400522,3.605322128851533,119.00341796875273,1
860,16.018907563025174,3.152521008403354,121.72760772705351,1
861,15.728431372548986,2.802240896358537,122.51776885986692,1
862,15.4208683473389,2.571568627450975,123.6805801391638,1
863,15.05350140056019,2.40070028011204,134.34863281250364,1
864,14.643417366946746,2.306722689075625,154.9482574462918,1
865,14.216246498599407,2.3238095238095187,164.56066894531614,1
866,13.789075630252071,2.392156862745093,170.68615722656523,1
867,13.37044817927168,2.4861344537815073,6.67037248611723,1
868,12.96890756302518,2.6826330532212825,17.307865142825904,1
869,12.610084033613417,2.9303921568627382,32.083133697513404,1
870,12.293977591036386,3.2550420168067156,44.73551559448515,1
871,12.02058823529409,3.6480392156862664,57.04243469238645,1
872,11.807002801120422,4.1008403361344445,65.78855133057004,1
873,11.713025210084007,4.545098039215676,74.0363693237332,1
874,11.721568627450953,5.032072829131641,84.89395904541288,1
875,11.849719887955155,5.527591036414553,93.8561172485388,1
876,12.097478991596612,5.9974789915966245,108.68316650390989,1
877,12.447759103641427,6.407563025210069,121.83408355713163,1
878,12.89201680672266,6.766386554621834,142.40423583984648,1
879,13.39607843137252,7.01414565826329,157.66499328613554,1
880,13.917226890756272,7.108123249299704,176.76646423340117,1
881,14.438375350140024,7.0739495798319165,8.50345706940061,1
882,14.942436974789882,6.9372549019607685,18.27863311767942,1
883,15.4208683473389,6.680952380952367,25.775972366335736,1
884,15.848039215686239,6.322128851540602,41.69675064087278,1
885,16.223949579831896,5.920588235294104,55.833271026614966,1
886,16.540056022408926,5.467787114845926,68.26740264892942,1
887,16.787815126050383,4.980812324929961,71.63050079346067,1
888,16.941596638655422,4.4767507002801015,76.56836700439817,1
889,17.018487394957944,3.981232492997189,81.3561172485388,1
890,17.027030812324888,3.5113445378151185,91.76569366455442,1
891,16.95014005602237,3.1098039215686204,94.56389617920286,1
892,16.804901960784274,2.7766106442576968,105.88031005859739,1
893,16.55714285714282,2.4946778711484536,123.12576293945676,1
894,16.21540616246495,2.2896358543417317,145.544036865238,1
895,15.79677871148456,2.144397759103637,157.87324523926145,1
896,15.326890756302486,2.0504201680672223,179.25296020508176,1
897,14.839915966386522,2.0162464985994353,7.356899738315406,1
898,14.421288515406129,2.0931372549019565,14.082387924197974,1
899,14.062464985994367,2.272549019607838,31.39306068420774,1
900,13.789075630252068,2.5544817927170813,52.940082550052466,1
901,13.62675070028008,2.921848739495792,78.37577819824583,1
902,13.575490196078402,3.3233893557422896,96.40704345703489,1
903,13.63529411764703,3.7420168067226802,103.21656036377317,1
904,13.848879551820696,4.143557422969179,115.44887542724973,1
905,14.182072829131622,4.4767507002801015,129.92893981933958,1
906,14.592156862745066,4.690336134453771,149.57495117187864,1
907,15.070588235294085,4.784313725490185,172.49809265137083,1
908,15.55756302521005,4.750140056022398,11.70866012573697,1
909,15.993277310924332,4.5792717086834624,30.346815109256568,1
910,16.37773109243694,4.280252100840327,43.883258819583716,1
911,16.685294117647025,3.887254901960776,57.65535736084348,1
912,16.90742296918764,3.4686274509803843,70.94122314453489,1
913,17.078291316526574,3.152521008403354,84.70101928711301,1
914,17.172268907562987,2.887675070028005,94.96578979492551,1
915,17.18935574229688,2.7168067226890695,104.22207641601926,1
916,17.1380952380952,2.6228291316526553,115.11590576172239,1
917,16.992857142857105,2.5715686274509744,115.60144805908567,1
918,16.762184873949543,2.443417366946773,123.21330261230833,1
919,16.4802521008403,2.306722689075625,127.09425354004361,1
920,16.095798319327695,2.1358543417366898,133.3097534179724,1
921,15.651540616246464,1.9735294117647015,144.54429626465208,1
922,15.173109243697445,1.8453781512605,154.40757751465208,1
923,14.651960784313696,1.7684873949579791,160.44992065430142,1
924,14.122268907562994,1.7599439775910324,169.06852722168423,1
925,13.62675070028008,1.8368347338935536,177.2122955322302,1
926,13.18249299719885,1.9991596638655416,19.62189483642942,1
927,12.772408963585406,2.2469187675069975,34.172367095950904,1
928,12.422128851540588,2.5544817927170813,43.185531616215485,1
929,12.131652661064397,2.921848739495792,63.44887542725064,1
930,11.935154061624623,3.3319327731092363,79.75038909912473,1
931,11.824089635854316,3.7847338935574144,89.57351684570767,1
932,11.84117647058821,4.24607843137254,99.86618804932095,1
933,11.960784313725464,4.707422969187665,107.67085266113736,1
934,12.182913165266081,5.14313725490195,115.79866790771848,1
935,12.507563025210057,5.570308123249288,121.57114410400845,1
936,12.9176470588235,5.963305322128838,124.55376434326627,1
937,13.37044817927168,6.2964985994397615,129.83255004883176,1
938,13.86596638655459,6.561344537815112,142.43753051758267,1
939,14.378571428571396,6.749299719887939,149.83352661133176,1
940,14.882633053221255,6.82619047619046,161.7110748291052,1
941,15.36960784313722,6.77492997198878,173.95010375976926,1
942,15.865126050420134,6.586974789915952,13.270718574527564,1
943,16.32647058823526,6.296498599439762,33.85226821899869,1
944,16.745098039215648,5.903501400560211,52.4776000976608,1
945,17.095378151260466,5.416526610644246,65.88455200195767,1
946,17.351680672268866,4.903921568627441,77.95997619629361,1
947,17.47983193277307,4.365686274509794,85.83657836914426,1
948,17.50546218487391,3.810364145658254,97.46621704102017,1
949,17.445658263305283,3.2892156862745026,113.40443420410611,1
950,17.334593837534975,2.921848739495792,115.20455932617642,1
951,17.146638655462148,2.6484593837534955,126.81410980224973,1
952,16.84761904761901,2.494677871148453,143.58763122559048,1
953,16.488795518207247,2.4690476190476134,160.9583129882849,1
954,16.05308123249296,2.5544817927170813,175.38667297363645,1
955,15.55756302521005,2.6570028011204423,2.748576402668732,1
956,15.062044817927136,2.8107843137254838,16.446634292607087,1
957,14.617787114845905,3.041456582633047,32.15663146973111,1
958,14.207703081232461,3.3575630252100765,41.82085800171353,1
959,13.891596638655429,3.7334733893557344,61.73550796509244,1
960,13.652380952380923,4.1691876750700185,72.27067565918423,1
961,13.515686274509772,4.639075630252091,81.22849273682095,1
962,13.490056022408933,5.134593837535002,87.2163696289108,1
963,13.592577030812294,5.630112044817915,92.35897064209439,1
964,13.789075630252068,6.125630252100827,100.43556976318814,1
965,14.088095238095207,6.561344537815112,110.48924255371458,1
966,14.464005602240864,6.9372549019607685,124.8356323242233,1
967,14.899719887955149,7.2106442577030645,135.14489746094205,1
968,15.378151260504165,7.35588235294116,152.64030456543423,1
969,15.882212885154027,7.35588235294116,169.76823425293333,1
970,16.386274509803883,7.236274509803906,7.353127002720612,1
971,16.881792717086796,6.997058823529396,24.79358863831021,1
972,17.351680672268866,6.655322128851525,37.232536315922516,1
973,17.761764705882314,6.2281512605041875,51.88515853882291,1
974,18.103501400560184,5.732633053221276,59.37237930298306,1
975,18.35126050420164,5.185854341736683,67.98526000977017,1
976,18.50504201680668,4.630532212885143,79.27619934082486,1
977,18.573389355742258,4.092296918767498,90.44451141357877,1
978,18.55630252100836,3.5796918767506924,92.9192504882858,1
979,18.470868347338897,3.2037815126050346,94.26835632324673,1
980,18.308543417366906,2.8962184873949512,94.62795257568814,1
981,18.043697478991554,2.6313725490196016,107.45117187500455,1
982,17.676330532212845,2.4007002801120394,120.92589569092252,1
983,17.24061624649856,2.2212885154061572,133.90246582031705,1
984,16.719467787114805,1.9991596638655416,151.2788238525436,1
985,16.172689075630213,1.8282913165266064,159.79606628418423,1
986,15.617366946778677,1.7172268907562986,166.85238647461392,1
987,15.087675070027979,1.7001400560224051,174.31567382812955,1
988,14.575070028011172,1.7599439775910326,7.384420394902008,1
989,14.1051820728291,1.8966386554621806,19.84997749329068,1
990,13.669467787114815,2.1102240896358495,28.230438232426422,1
991,13.28501400560221,2.409243697478986,39.64367675781705,1
992,12.951820728291286,2.750980392156857,46.39023971558072,1
993,12.67843137254899,3.161064425770301,56.26373672485806,1
994,12.490476190476162,3.6309523809523725,69.97331237793423,1
995,12.396498599439749,4.109383753501391,82.82065582275845,1
996,12.41358543417364,4.596358543417357,90.63171386719205,1
997,12.558823529411736,5.100420168067215,100.70558166504361,1
998,12.815126050420139,5.544677871148447,109.79281616211483,1
999,13.15686274509801,5.903501400560211,126.23397827148892,1
1000,13.609663865546187,6.176890756302507,149.29989624023892,1
1001,14.13081232492994,6.339215686274494,172.58743286133267,1
1002,14.694677871148425,6.373389355742282,5.9944376945550175,1
1003,15.318347338935542,6.296498599439762,15.097788810735437,1
1004,15.993277310924336,6.11708683473388,22.925054550176355,1
1005,16.642577030812287,5.852240896358531,24.35717201233365,1
1006,17.24061624649856,5.51050420168066,31.90868568420956,1
1007,17.753221288515366,5.108963585434163,39.306495666508454,1
1008,18.129131652661023,4.673249299719877,54.96460342407681,1
1009,18.368347338935532,4.2033613445378055,64.14198303223202,1
1010,18.48795518207279,3.7163865546218404,73.86068725586483,1
1011,18.564845938375306,3.3063025210083956,83.81856536865689,1
1012,18.61610644257699,2.9987394957983122,93.83497619629452,1
1013,18.658823529411723,2.76806722689075,92.28134155273983,1
1014,18.71862745098035,2.6570028011204423,89.33264923096158,1
1015,18.838235294117606,2.605742296918762,92.5282592773492,1
1016,19.026190476190433,2.4605042016806666,81.93403625488736,1
1017,19.29957983193273,2.2298319327731044,59.808090209966394,1
1018,19.684033613445333,1.9308123249299676,41.38364028931119,1
1019,20.153921568627403,1.5805322128851504,22.97246170044491,1
1020,20.63235294117643,1.2644257703081203,14.466191291814539,1
1021,21.076610644257656,1.0593837535013981,4.598055839544031,1
1022,21.478151260504156,0.9226890756302499,5.420464515691492,1
1023,21.82843137254897,0.9141456582633033,4.184786796574372,1
1024,22.144537815126,0.9739495798319305,4.476595878605622,1
1025,22.494817927170818,1.0764705882352916,179.05728149414517,1
1026,22.896358543417314,1.204621848739493,168.01489257813046,1
1027,23.332072829131597,1.3584033613445348,162.5551605224664,1
1028,23.81050420168062,1.4780112044817895,157.8430328369186,1
1029,24.314565826330472,1.5805322128851507,158.0421752929742,1
1030,24.83571428571423,1.640336134453778,166.33387756348202,1
1031,25.348319327731037,1.6659663865546182,173.27507019043423,1
1032,25.878011204481737,1.6659663865546182,175.78088378906796,1
1033,26.407703081232434,1.631792717086831,179.23039245605923,1
1034,26.91176470588229,1.5634453781512572,3.8680870533034977,1
1035,27.356022408963526,1.4950980392156832,1.6419134140060123,1
1036,27.723389355742235,1.4438375350140025,10.692335128789637,1
1037,27.96260504201674,1.4182072829131622,13.289057731633875,1
1038,28.116386554621783,1.4438375350140025,13.671431541448328,1
1039,28.218907563025148,1.495098039215683,19.378673553472254,1
1040,28.26162464985988,1.563445378151257,18.709011077886316,1
1041,28.270168067226827,1.6147058823529377,27.0523357391412,1
1042,28.287254901960715,1.640336134453778,27.25740814209439,1
1043,28.295798319327663,1.6317927170868312,24.755159378057215,1
1044,28.253081232492935,1.6232492997198844,22.874652862554285,1
1045,28.244537815125984,1.606162464985991,19.92173385620572,1
1046,28.235994397759036,1.5805322128851504,19.50749015808651,1
1047,28.227450980392092,1.5634453781512572,22.314552307134363,1
1048,28.210364145658197,1.563445378151257,18.55192184448697,1
1049,28.235994397759036,1.563445378151257,21.374135971074793,1
1050,28.218907563025148,1.571988795518204,19.927034378057215,1
1051,28.210364145658197,1.5976190476190442,21.40332984924862,1
1052,28.244537815125984,1.6147058823529374,26.50316810608456,1
1053,28.26162464985988,1.6317927170868312,23.081825256352204,1
1054,28.26162464985988,1.6488795518207247,24.259717941288727,1
1055,28.270168067226827,1.6574229691876714,26.173507690434235,1
1056,28.287254901960715,1.6574229691876714,30.371063232427332,1
1057,28.270168067226827,1.6830532212885116,29.07449150085904,1
1058,28.270168067226827,1.7001400560224051,32.88867568970272,1
1059,28.295798319327666,1.7172268907562986,31.992034912114832,1
1060,28.32997198879545,1.7514005602240856,37.992477416997644,1
1061,28.355602240896292,1.7855742296918726,36.27954101562955,1
1062,28.372689075630184,1.7941176470588194,39.933509826664704,1
1063,28.38977591036408,1.7855742296918726,40.58185195923306,1
1064,28.364145658263237,1.7514005602240856,42.611782073980066,1
1065,28.3385154061624,1.6830532212885114,35.00137710571835,1
1066,28.295798319327666,1.6147058823529377,25.8567733764703,1
1067,28.26162464985988,1.5463585434173635,24.510383605962488,1
1068,28.227450980392092,1.495098039215683,24.562635421757477,1
1069,28.210364145658197,1.4694677871148425,21.760715484623688,1
1070,28.193277310924305,1.4694677871148425,22.590568542485926,1
1071,28.218907563025148,1.4780112044817895,24.06821250916073,1
1072,28.244537815125984,1.5121848739495765,20.110460281377527,1
1073,28.270168067226827,1.563445378151257,20.558238983159754,1
1074,28.312885154061558,1.640336134453778,21.58473777771451,1
1075,28.347058823529345,1.7428571428571389,32.40164184570858,1
1076,28.406862745097975,1.8453781512605,38.27997207642147,1
1077,28.458123249299653,1.9393557422969145,45.89603805542447,1
1078,28.535014005602175,2.0162464985994353,42.732406616216394,1
1079,28.603361344537753,2.1016806722689028,47.93186569214413,1
1080,28.70588235294111,2.1785714285714235,48.70686340332577,1
1081,28.774229691876684,2.2554621848739442,53.142440795903894,1
1082,28.885294117646993,2.3152661064425724,65.39551544189999,1
1083,28.987815126050357,2.392156862745092,73.41347503662655,1
1084,29.081792717086774,2.45196078431372,67.60156250000546,1
1085,29.15868347338929,2.47759103641456,73.2093887329147,1
1086,29.209943977590974,2.5032212885154004,71.53910064697811,1
1087,29.227030812324863,2.5373949579831874,76.3294067382867,1
1088,29.21848739495792,2.563025210084028,80.39069366455533,1
1089,29.201400560224023,2.571568627450975,82.00119781494595,1
1090,29.158683473389296,2.580112044817922,86.09907531738827,1
1091,29.090336134453718,2.580112044817922,88.30179595947811,1
1092,28.962184873949514,2.537394957983188,93.90907287598202,1
1093,28.76568627450974,2.434873949579827,104.09700012207577,1
1094,28.517927170868283,2.306722689075625,122.89506530762173,1
1095,28.193277310924305,2.1614845938375304,132.09512329102108,1
1096,27.81736694677865,1.999159663865542,138.50170898437955,1
1097,27.390196078431313,1.8795518207282869,148.47494506836483,1
1098,26.920308123249242,1.8282913165266064,158.20520019531796,1
1099,26.399159663865486,1.8282913165266066,165.83531188965298,1
1100,25.87801120448173,1.905182072829127,172.38577270508267,1
1101,25.33977591036409,2.0504201680672223,178.52737426758267,1
1102,24.80154061624644,2.2554621848739442,7.9346842765862675,1
1103,24.271848739495745,2.511764705882347,14.25030708313534,1
1104,23.742156862745045,2.8278711484593773,20.027700424199793,1
1105,23.212464985994345,3.178151260504195,18.686576843267176,1
1106,22.708403361344487,3.5626050420167985,23.589239120488855,1
1107,22.221428571428522,3.98123249299719,36.68362426758358,1
1108,21.760084033613396,4.416946778711475,35.12615966797421,1
1109,21.307282913165217,4.869747899159653,38.1065292358453,1
1110,20.837394957983143,5.348179271708672,34.67238616943905,1
1111,20.35042016806718,5.843697478991584,36.304950714115876,1
1112,19.897619047619003,6.339215686274495,37.71459579468319,1
1113,19.48753501400556,6.851820728291301,40.53181457520077,1
1114,19.13725490196074,7.372969187675054,52.22729873657772,1
1115,18.86386554621844,7.894117647058806,65.0573348999078,1
1116,18.675910364145615,8.432352941176452,73.25109100342343,1
1117,18.56484593837531,8.996218487394938,81.1072845459039,1
1118,18.539215686274467,9.551540616246479,89.8093872070367,1
1119,18.63319327731088,10.072689075630231,100.62602233887264,1
1120,18.846778711484554,10.534033613445356,110.11137390137264,1
1121,19.154341736694633,10.918487394957959,128.33113098145077,1
1122,19.555882352941133,11.208963585434148,141.5309448242242,1
1123,20.03431372549015,11.414005602240872,157.04162597656796,1
1124,20.538375350140008,11.533613445378126,179.48242187500546,1
1125,21.076610644257652,11.57633053221286,6.570720672612879,1
1126,21.640476190476143,11.55070028011202,13.117139816289637,1
1127,22.221428571428522,11.456722689075605,6.5385565757806035,1
1128,22.793837535013957,11.294397759103614,7.6963653564507695,1
1129,23.349159663865496,11.063725490196052,10.611076354985926,1
1130,23.84467787114841,10.773249299719865,19.981674194341394,1
1131,24.271848739495745,10.422969187675047,37.956954956060144,1
1132,24.59649859943972,10.004341736694656,55.523666381841394,1
1133,24.801540616246445,9.534453781512585,70.92446136475155,1
1134,24.88697478991591,9.047478991596618,80.58834838867733,1
1135,24.852801120448124,8.551960784313707,95.29323577881405,1
1136,24.70756302521003,8.073529411764687,116.67522430420468,1
1137,24.45980392156857,7.637815126050404,124.96565246582577,1
1138,24.109523809523758,7.244817927170852,139.92916870117733,1
1139,23.656722689075576,6.903081232492982,149.89611816406796,1
1140,23.161204481792662,6.629691876750686,158.52174377441952,1
1141,22.622969187675018,6.407563025210069,168.63830566406796,1
1142,22.03347338935569,6.245238095238081,168.9083862304742,1
1143,21.409803921568578,6.134173669467772,170.2317962646539,1
1144,20.794677871148412,6.057282913165253,172.3748168945367,1
1145,20.13683473389351,5.988935574229679,171.32315063477108,1
1146,19.444817927170824,5.937675070027998,166.63420104981014,1
1147,18.769887955182032,5.903501400560211,169.1105346679742,1
1148,18.120588235294075,5.912044817927158,174.7981567382867,1
1149,17.488375350140018,5.988935574229679,3.1592578887994023,1
1150,16.92450980392153,6.151260504201667,14.517113685613367,1
1151,16.454621848739457,6.381932773109229,30.49420356751034,1
1152,16.044537815126013,6.715126050420153,47.264389038091394,1
1153,15.73697478991593,7.133753501400544,62.543258666997644,1
1154,15.540476190476156,7.586554621848722,72.20907592774074,1
1155,15.455042016806686,8.047899159663848,84.7986907959039,1
1156,15.489215686274473,8.51778711484592,99.37664031982968,1
1157,15.642997198879517,8.953501400560203,107.56670379639218,1
1158,15.916386554621813,9.363585434173649,121.50471496582577,1
1159,16.300840336134417,9.756582633053199,138.22099304199855,1
1160,16.779271708683435,10.14957983193275,147.257720947272,1
1161,17.308963585434135,10.499859943977567,153.9996185302789,1
1162,17.889915966386514,10.815966386554598,159.74037170410793,1
1163,18.496498599439736,11.055182072829108,160.35885620117824,1
1164,19.12016806722685,11.226050420168042,160.90939331055324,1
1165,19.726750700280068,11.311484593837509,164.5876770019595,1
1166,20.31624649859939,11.328571428571404,170.10273742676236,1
1167,20.88011204481788,11.268767507002776,6.1451697349612004,1
1168,21.409803921568578,11.140616246498576,5.323897838598896,1
1169,21.90532212885149,10.9441176470588,13.99680137634823,1
1170,22.37521008403356,10.670728291316502,23.824115753179285,1
1171,22.81092436974785,10.346078431372526,37.32099151611874,1
1172,23.19537815126045,9.961624649859923,41.79622650147121,1
1173,23.511484593837483,9.54299719887953,51.36346817017238,1
1174,23.742156862745045,9.081652661064405,57.3064804077203,1
1175,23.895938375350084,8.603221288515389,74.08937835693905,1
1176,23.96428571428566,8.099159663865528,82.4710311889703,1
1177,23.94719887955177,7.595098039215669,89.48464202881405,1
1178,23.83613445378146,7.0739495798319165,105.80534362793605,1
1179,23.64817927170863,6.578431372549005,112.32948303223293,1
1180,23.349159663865496,6.09145658263304,121.17980194092343,1
1181,22.964705882352888,5.647198879551809,126.98670959473293,1
1182,22.520448179271657,5.254201680672257,128.174468994147,1
1183,22.050560224089587,4.9466386554621735,138.3008117675845,1
1184,21.51232492997194,4.7074229691876655,152.85519409180324,1
1185,20.974089635854295,4.604901960784304,168.2691497802798,1
1186,20.4273109243697,4.604901960784304,6.74343919754574,1
1187,19.871988795518163,4.7074229691876655,23.976234436039704,1
1188,19.308123249299676,4.921008403361333,36.24725723267056,1
1189,18.786974789915924,5.245658263305311,50.105800628667566,1
1190,18.291456582633014,5.638655462184862,61.91241073608944,1
1191,17.84719887955178,6.11708683473388,68.34541320801236,1
1192,17.488375350140018,6.638235294117632,77.32491302490689,1
1193,17.214985994397722,7.202100840336118,84.96911621094296,1
1194,17.02703081232489,7.7830532212884975,88.77980804443814,1
1195,16.92450980392153,8.398179271708665,89.55164337158749,1
1196,16.890336134453744,9.030392156862725,88.68128204346249,1
1197,16.90742296918764,9.705322128851519,91.94109344482877,1
1198,16.984313725490157,10.371708683473367,92.68949890137264,1
1199,17.146638655462144,11.02100840336132,98.80155944824673,1
1200,17.37731092436971,11.6019607843137,108.33853912354152,1
1201,17.69341736694674,12.114565826330505,125.15836334229061,1
1202,18.094957983193236,12.533193277310897,137.24063110352108,1
1203,18.573389355742258,12.86638655462182,147.2900238037164,1
1204,19.09453781512601,13.122689075630223,155.5173950195367,1
1205,19.65840336134449,13.310644257703052,165.04389953613918,1
1206,20.24789915966382,13.42170868347336,172.73318481445858,1
1207,20.837394957983143,13.438795518207252,1.1132844686553653,1
1208,21.409803921568578,13.378991596638627,5.1802086830184635,1
1209,21.939495798319278,13.225210084033582,11.141553878789637,1
1210,22.4008403361344,12.985994397759075,31.704980850224274,1
1211,22.768207282913117,12.678431372548992,43.75555038452603,1
1212,23.024509803921514,12.28543417366944,63.08057022095181,1
1213,23.15266106442572,11.84117647058821,72.19086456299283,1
1214,23.161204481792662,11.371288515406139,87.34684753418333,1
1215,23.04159663865541,10.901400560224065,107.06276702881314,1
1216,22.8023809523809,10.448599439775887,120.60852813721158,1
1217,22.46064425770303,10.072689075630228,137.5679321289117,1
1218,22.050560224089583,9.748039215686251,148.11679077148983,1
1219,21.57212885154057,9.46610644257701,155.22256469727017,1
1220,21.050980392156816,9.20126050420166,149.69343566895077,1
1221,20.52128851540612,8.927871148459364,147.6024780273483,1
1222,19.99159663865542,8.645938375350122,146.82015991211483,1
1223,19.444817927170824,8.355462184873932,140.5818023681677,1
1224,18.898039215686232,8.073529411764687,142.2186889648483,1
1225,18.37689075630248,7.842857142857125,143.96301269531796,1
1226,17.838655462184832,7.697619047619031,157.39277648926327,1
1227,17.308963585434135,7.6463585434173496,169.0891723632867,1
1228,16.804901960784274,7.7147058823529235,6.262561321262183,1
1229,16.360644257703047,7.894117647058806,23.688941955570954,1
1230,15.976190476190443,8.17605042016805,41.7869262695358,1
1231,15.702801120448147,8.526330532212866,58.51693725586301,1
1232,15.531932773109208,8.910784313725468,81.73306274414426,1
1233,15.514845938375313,9.337955182072808,91.91928100586301,1
1234,15.625910364145621,9.78221288515404,105.96327972412564,1
1235,15.856582633053184,10.183753501400536,119.05513763428098,1
1236,16.18123249299716,10.534033613445356,132.02426147461392,1
1237,16.616946778711444,10.858683473389332,138.01248168945676,1
1238,17.103921568627413,11.097899159663841,147.2365417480505,1
1239,17.616526610644218,11.251680672268881,151.58903503418423,1
1240,18.163305322128814,11.337114845938348,171.24900817871548,1
1241,18.71862745098035,11.345658263305296,3.163681745532813,1
1242,19.239775910364102,11.243137254901935,16.690259933474408,1
1243,19.70112044817923,11.021008403361318,25.668632507327857,1
1244,20.094117647058777,10.704901960784289,52.50251007080351,1
1245,20.37605042016802,10.328991596638634,68.1192550659216,1
1246,20.555462184873903,9.876190476190455,78.56858062744413,1
1247,20.632352941176425,9.397759103641436,85.0884704589871,1
1248,20.598179271708638,8.91078431372547,93.67766571045286,1
1249,20.495658263305273,8.43235294117645,101.35227203369323,1
1250,20.31624649859939,7.877030812324913,103.10861968994504,1
1251,20.068487394957938,7.287535014005586,115.39054870605833,1
1252,19.74383753501396,6.663865546218473,113.76141357422239,1
1253,19.359383753501355,6.023109243697466,114.90381622314817,1
1254,18.906582633053183,5.373809523809511,118.26044464111692,1
1255,18.41106442577027,4.801400560224079,121.5931777954138,1
1256,17.881372549019567,4.3400560224089535,133.59130859375364,1
1257,17.343137254901922,3.9726890756302433,144.03222656250364,1
1258,16.79635854341733,3.7163865546218404,152.04487609863645,1
1259,16.23249299719884,3.5455182072829055,166.84692382812864,1
1260,15.677170868347304,3.4600840336134375,165.24620056152708,1
1261,15.138935574229658,3.4344537815125973,169.58226013183958,1
1262,14.600700280112012,3.4771708683473306,176.30203247070494,1
1263,14.088095238095207,3.5711484593837453,4.21499443054563,1
1264,13.62675070028008,3.724929971988787,16.039325714114966,1
1265,13.208123249299689,3.9385154061624563,24.260353088382544,1
1266,12.815126050420139,4.211904761904752,36.39333343506041,1
1267,12.464845938375323,4.562184873949569,40.06482696533385,1
1268,12.174369747899132,4.980812324929961,47.97430419922239,1
1269,11.926610644257675,5.450700280112033,64.76610565185729,1
1270,11.747198879551794,5.980392156862732,75.51898193359557,1
1271,11.65322128851538,6.544257703081217,85.71789550781614,1
1272,11.644677871148435,7.099579831932758,93.55642700195676,1
1273,11.695938375350114,7.6463585434173496,97.76275634765989,1
1274,11.798459383753475,8.193137254901943,100.06832122803098,1
1275,11.935154061624623,8.722829131652642,98.46984863281614,1
1276,12.106022408963558,9.278151260504181,98.15435791015989,1
1277,12.302521008403334,9.816386554621825,97.92351531982604,1
1278,12.533193277310897,10.346078431372526,95.7310485839862,1
1279,12.806582633053193,10.85868347338933,101.925827026369,1
1280,13.139775910364117,11.354201680672244,108.47944641113463,1
1281,13.524229691876721,11.789915966386527,118.69863891601744,1
1282,13.951400560224059,12.199999999999973,131.61425781250364,1
1283,14.421288515406129,12.541736694677843,144.0238952636737,1
1284,14.925350140055988,12.815126050420139,149.67089843750182,1
1285,15.429411764705847,12.994537815126023,158.57804870605833,1
1286,15.92492997198876,13.079971988795489,164.75686645507994,1
1287,16.42044817927167,13.071428571428545,170.51199340820676,1
1288,16.890336134453744,12.985994397759075,177.9600982666052,1
1289,17.351680672268866,12.823669467787088,4.726163864137561,1
1290,17.7959383753501,12.592997198879525,10.353262901307971,1
1291,18.214565826330492,12.302521008403334,25.99011230468932,1
1292,18.581932773109205,11.960784313725464,37.04246520996276,1
1293,18.92366946778707,11.559243697478966,48.542385101322,1
1294,19.214145658263266,11.097899159663841,60.29347610473815,1
1295,19.436274509803876,10.585294117647035,72.35629272461301,1
1296,19.598599439775864,10.047058823529389,79.34400177002135,1
1297,19.69257703081228,9.457563025210064,86.35925292968932,1
1298,19.709663865546172,8.893697478991578,91.20263671875182,1
1299,19.63277310924365,8.35546218487393,97.45610809326354,1
1300,19.45336134453777,7.8514005602240715,107.10166931152526,1
1301,19.154341736694636,7.372969187675054,115.58682250976744,1
1302,18.769887955182032,6.997058823529396,129.27456665039244,1
1303,18.29145658263301,6.689495798319312,151.333053588869,1
1304,17.753221288515366,6.48445378151259,169.55781555175963,1
1305,17.197899159663827,6.3990196078431225,177.2721405029315,1
1306,16.66820728291313,6.43319327731091,8.378955841066272,1
1307,16.18977591036411,6.561344537815112,24.255611419679553,1
1308,15.762605042016773,6.809103641456568,34.8174629211444,1
1309,15.412324929971954,7.1422969187674905,49.22435760498047,1
1310,15.147478991596605,7.535294117647043,66.28152465820312,1
1311,14.950980392156831,7.988095238095221,79.3832702636737,1
1312,14.831372549019573,8.509243697478972,84.75234222412291,1
1313,14.79719887955179,9.038935574229672,87.43614959716979,1
1314,14.839915966386522,9.56862745098037,94.4375686645526,1
1315,14.942436974789882,10.089775910364123,99.18418884277526,1
1316,15.121848739495764,10.60238095238093,105.27197265625182,1
1317,15.36960784313722,11.063725490196052,108.76799774169922,1
1318,15.702801120448147,11.482352941176446,121.69195556640807,1
1319,16.104341736694643,11.866806722689049,129.14375305175963,1
1320,16.599859943977556,12.225630252100812,137.481246948244,1
1321,17.146638655462148,12.516106442577001,155.77725219726744,1
1322,17.727591036414527,12.746778711484566,168.97499084472838,1
1323,18.317086834733853,12.900560224089606,176.01751708984557,1
1324,18.898039215686232,12.97745098039213,179.75166320800963,1
1325,19.461904761904716,12.951820728291286,7.900112152101428,1
1326,20.017226890756255,12.849299719887927,10.755912780761719,1
1327,20.52983193277306,12.644257703081204,16.848539352416992,1
1328,20.991176470588186,12.362324929971962,32.23826217651367,1
1329,21.38417366946774,11.994957983193249,48.28608322143555,1
1330,21.657563025210035,11.567787114845911,65.900924682619,1
1331,21.819887955182022,11.089355742296894,73.1139373779315,1
1332,21.871148459383704,10.585294117647035,87.97982025146666,1
1333,21.811344537815078,10.072689075630231,99.12932586669922,1
1334,21.649019607843087,9.577170868347318,109.08946990966979,1
1335,21.401260504201634,9.081652661064405,118.86833190917969,1
1336,21.076610644257656,8.59467787114844,124.5018310546875,1
1337,20.69215686274505,8.12478991596637,126.1344451904315,1
1338,20.264985994397712,7.663445378151243,125.9207763671875,1
1339,19.778011204481746,7.167927170868332,128.27720642090026,1
1340,19.239775910364102,6.6724089635854185,130.22290039062682,1
1341,18.658823529411723,6.176890756302507,137.73410034179688,1
1342,18.052240896358505,5.707002801120436,142.00988769531432,1
1343,17.40294117647055,5.245658263305311,135.38636779785156,1
1344,16.753641456582596,4.835574229691867,136.31874084472656,1
1345,16.13851540616243,4.493837535013995,147.24295043945494,1
1346,15.549019607843103,4.24607843137254,146.00250244140625,1
1347,15.00224089635851,4.083753501400551,155.52865600585938,1
1348,14.49817927170865,4.0324929971988706,169.16383361816588,1
1349,14.071008403361313,4.109383753501391,5.510958194732666,1
1350,13.695098039215656,4.288795518207274,23.119224548341663,1
1351,13.378991596638627,4.56218487394957,33.81348419189453,1
1352,13.105602240896328,4.90392156862744,44.15852355957031,1
1353,12.900560224089606,5.331092436974778,60.4484748840332,1
1354,12.755322128851512,5.8266106442576895,71.40054321289062,1
1355,12.695518207282884,6.356302521008389,87.39305877685547,1
1356,12.755322128851512,6.87745098039214,99.52291870117188,1
1357,12.94327731092434,7.381512605042,112.3431625366211,1
1358,13.250840336134422,7.82577030812323,126.15179443359375,1
1359,13.643837535013976,8.176050420168048,136.86517333984375,1
1360,14.113725490196046,8.423809523809505,145.55566406250182,1
1361,14.617787114845905,8.569047619047598,160.11660766601562,1
1362,15.130392156862712,8.59467787114844,2.6165592670440674,1
1363,15.63445378151257,8.483613445378133,16.932737350463867,1
1364,16.104341736694643,8.235854341736674,34.14877700805664,1
1365,16.50588235294114,7.894117647058804,49.50642013549623,1
1366,16.813445378151222,7.432773109243681,68.93949890136719,1
1367,17.001400560224052,6.911624649859928,84.62165832519531,1
1368,17.078291316526574,6.3648459383753355,98.12004089355469,1
1369,17.03557422969184,5.80098039215685,105.93431854248047,1
1370,16.890336134453744,5.262745098039204,115.12620544433594,1
1371,16.651120448179235,4.8099439775910255,126.74383544921693,1
1372,16.34355742296915,4.4425770308123145,135.648681640625,1
1373,15.9505602240896,4.152100840336125,152.22415161132812,1
1374,15.540476190476156,3.9726890756302433,163.02365112304688,1
1375,15.07913165266103,3.887254901960776,167.58229064941224,1
1376,14.592156862745066,3.895798319327722,176.7199249267578,1
1377,14.122268907562994,3.98123249299719,13.179908752439587,1
1378,13.720728291316496,4.152100840336125,28.55554199218568,1
1379,13.353361344537785,4.416946778711474,38.47570037841615,1
1380,13.079971988795489,4.741596638655452,51.72505187988281,1
1381,12.900560224089608,5.108963585434163,60.913814544675915,1
1382,12.806582633053193,5.51050420168066,72.89012145996094,1
1383,12.798039215686247,5.9291316526610505,82.87862396240234,1
1384,12.883473389355714,6.364845938375336,92.71153259277344,1
1385,13.054341736694647,6.809103641456568,97.3931884765625,1
1386,13.319187675069998,7.2704481792716935,103.13487243652344,1
1387,13.65238095238092,7.714705882352925,111.13710021972656,1
1388,14.045378151260474,8.133333333333315,117.88020324707031,1
1389,14.489635854341703,8.475070028011185,127.0007095336914,1
1390,14.968067226890721,8.748459383753481,141.10685729980287,1
1391,15.463585434173634,8.927871148459364,146.31777954101562,1
1392,15.984733893557387,9.030392156862726,153.96974182128906,1
1393,16.514425770308087,9.064565826330512,165.67550659179688,1
1394,17.06120448179268,9.064565826330513,172.7731170654297,1
1395,17.625070028011162,9.021848739495779,174.25979614257812,1
1396,18.214565826330492,8.953501400560205,179.9243927001953,1
1397,18.821148459383714,8.85952380952379,176.7439422607422,1
1398,19.444817927170824,8.748459383753481,178.8056640625,1
1399,20.05994397759099,8.594677871148438,176.87179565429688,1
1400,20.649439775910317,8.398179271708665,3.982088804244995,1
1401,21.19621848739491,8.141876750700261,13.070857048032849,1
1402,21.67464985994393,7.825770308123232,25.512243270872204,1
1403,22.076190476190426,7.432773109243681,42.318695068357556,1
1404,22.4008403361344,6.971428571428556,52.46644592284974,1
1405,22.640056022408913,6.458823529411751,67.44921112060547,1
1406,22.77675070028006,5.920588235294105,81.96646881103334,1
1407,22.8023809523809,5.373809523809512,92.3528137207013,1
1408,22.708403361344487,4.835574229691866,100.78881835937318,1
1409,22.494817927170818,4.322969187675061,114.08026885986146,1
1410,22.170168067226843,3.844537815126042,124.99114227294922,1
1411,21.75154061624645,3.4259103641456505,132.85142517089662,1
1412,21.264565826330482,3.092717086834727,149.6185760498047,1
1413,20.734873949579786,2.8791316526610577,160.51536560058412,1
1414,20.205182072829086,2.7936974789915903,175.06425476074037,1
1415,19.67549019607839,2.8535014005602175,8.206059455869763,1
1416,19.188515406162423,3.00728291316526,26.029521942136853,1
1417,18.735714285714245,3.2892156862745026,47.01155471801576,1
1418,18.342717086834693,3.656582633053213,57.76606369018373,1
1419,18.000980392156823,4.092296918767498,70.18666076659974,1
1420,17.770308123249258,4.570728291316516,82.31391143798646,1
1421,17.642156862745058,5.0833333333333215,90.6562805175763,1
1422,17.65924369747895,5.578851540616233,99.40898895263308,1
1423,17.7959383753501,6.048739495798306,105.17466735839662,1
1424,18.060784313725453,6.492997198879538,118.33049011230287,1
1425,18.42815126050416,6.903081232492982,127.1862411498987,1
1426,18.872408963585393,7.287535014005586,132.24809265136537,1
1427,19.376470588235254,7.6121848739495634,137.0216369628888,1
1428,19.940336134453737,7.885574229691859,145.08229064941224,1
1429,20.521288515406116,8.082072829131635,151.8638000488263,1
1430,21.0851540616246,8.17605042016805,167.46754455566224,1
1431,21.631932773109195,8.167507002801102,175.4143371582013,1
1432,22.153081232492948,8.073529411764687,5.302703380582898,1
1433,22.65714285714281,7.894117647058806,12.87846088409242,1
1434,23.161204481792666,7.637815126050404,18.535640716549096,1
1435,23.673809523809474,7.338795518207266,24.978265762327283,1
1436,24.17787114845933,6.997058823529396,27.54196357726687,1
1437,24.65630252100835,6.612605042016791,34.03562927245912,1
1438,25.109103641456525,6.176890756302507,37.45853424071902,1
1439,25.502100840336077,5.707002801120436,41.175498962400525,1
1440,25.82675070028005,5.202941176470576,52.57393264770326,1
1441,26.091596638655403,4.681792717086824,59.87036895751771,1
1442,26.288095238095178,4.152100840336126,62.672630310056775,1
1443,26.399159663865486,3.6394957983193192,68.09799957275209,1
1444,26.44187675070022,3.246498599439769,78.68712615966433,1
1445,26.390616246498542,2.947478991596632,83.58956146240052,1
1446,26.2368347338935,2.708263305322123,89.28459167480105,1
1447,26.006162464985938,2.5203081232492943,105.66690826415834,1
1448,25.664425770308064,2.3750700280111987,119.21407318115052,1
1449,25.21162464985989,2.1700280112044767,130.27325439452943,1
1450,24.65630252100835,1.913725490196074,137.746978759762,1
1451,24.049719887955128,1.6659663865546182,155.02690124511537,1
1452,23.38333333333328,1.4523809523809492,168.25782775878724,1
1453,22.691316526610596,1.2900560224089606,166.41894531249636,1
1454,21.990756302520957,1.1704481792717059,172.2604064941388,1
1455,21.324369747899112,1.1191876750700254,178.14300537109193,1
1456,20.649439775910317,1.1106442577030786,0.38736072182291537,1
1457,19.983053221288472,1.1362745098039189,178.36491394042605,1
1458,19.308123249299676,1.1789915966386528,176.5148010253888,1
1459,18.61610644257699,1.2644257703081203,176.97142028808412,1
1460,17.88137254901957,1.3754901960784285,179.05297851562136,1
1461,17.146638655462148,1.537815126050417,1.335186481472192,1
1462,16.446078431372513,1.734313725490192,6.753113269804089,1
1463,15.813865546218452,1.9906162464985946,20.09262847900027,1
1464,15.292717086834699,2.2896358543417312,32.363914489742456,1
1465,14.91680672268904,2.665546218487389,56.862285614010034,1
1466,14.677591036414535,3.0756302521008334,73.71715545654115,1
1467,14.557983193277277,3.554061624649852,89.94082641601199,1
1468,14.566526610644223,4.0666666666666575,100.80218505859011,1
1469,14.68613445378148,4.604901960784304,110.13947296142214,1
1470,14.891176470588203,5.100420168067215,118.84452056884584,1
1471,15.207282913165233,5.595938375350128,123.35096740722292,1
1472,15.625910364145621,6.040196078431359,139.57812499999636,1
1473,16.104341736694643,6.407563025210069,140.5870208740198,1
1474,16.625490196078395,6.689495798319314,146.30158996581667,1
1475,17.197899159663827,6.911624649859928,158.4083862304651,1
1476,17.77885154061621,7.048319327731076,163.0465698242151,1
1477,18.35126050420164,7.11666666666665,167.57873535155886,1
1478,18.93221288515402,7.16792717086833,170.0244445800763,1
1479,19.547338935574185,7.2106442577030645,171.53480529784792,1
1480,20.1710084033613,7.270448179271692,167.41105651855105,1
1481,20.794677871148412,7.330252100840321,160.14079284667605,1
1482,21.40126050420163,7.398599439775893,152.99333190917605,1
1483,21.990756302520957,7.441316526610628,152.51066589355105,1
1484,22.554621848739444,7.458403361344521,160.57238769530886,1
1485,23.11848739495793,7.4156862745097865,173.10282897948855,1
1486,23.690896358543363,7.338795518207266,3.096173048013952,1
1487,24.280392156862693,7.2106442577030645,4.761492729183374,1
1488,24.878431372548967,7.03977591036413,6.521200656887231,1
1489,25.459383753501346,6.817647058823513,5.630790710445581,1
1490,25.99761904761899,6.544257703081217,12.62820339202517,1
1491,26.467507002801064,6.219607843137242,23.651889801021753,1
1492,26.860504201680612,5.852240896358531,35.04310226440066,1
1493,27.176610644257643,5.425070028011192,52.41289520263308,1
1494,27.39873949579826,4.963725490196067,57.65774917602175,1
1495,27.526890756302457,4.476750700280102,72.86208343505496,1
1496,27.56960784313719,3.964145658263297,85.70289611816042,1
1497,27.543977591036356,3.451540616246491,94.8448562622034,1
1498,27.424369747899096,2.9987394957983127,99.14640808105105,1
1499,27.21078431372543,2.6228291316526553,110.4167098998987,1
1500,26.8946778711484,2.323809523809518,129.7933197021448,1
1501,26.458963585434116,2.127310924369743,139.57711791991824,1
1502,25.903641456582573,2.024789915966382,155.33195495605105,1
1503,25.27997198879546,1.982072829131648,168.7230072021448,1
1504,24.605042016806667,1.9735294117647015,174.61262512206667,1
1505,23.90448179271703,1.9991596638655416,2.7103464603387692,1
1506,23.212464985994345,2.0162464985994353,179.4732513427698,1
1507,22.503361344537762,2.0333333333333288,173.50117492675417,1
1508,21.75154061624645,2.0333333333333288,172.33190917968386,1
1509,20.974089635854295,2.0077030812324885,168.15559387206667,1
1510,20.179551820728246,1.956442577030808,163.0431518554651,1
1511,19.35084033613441,1.9051820728291275,163.1635131835901,1
1512,18.530672268907523,1.8282913165266064,159.2134857177698,1
1513,17.74467787114842,1.7599439775910324,158.67521667480105,1
1514,16.984313725490157,1.7257703081232454,160.3512573242151,1
1515,16.283753501400522,1.7599439775910324,169.62178039550417,1
1516,15.68571428571425,1.8453781512605,176.95368957519167,1
1517,15.173109243697445,2.0333333333333288,21.85274696349734,1
1518,14.763025210084,2.306722689075625,37.602703094478784,1
1519,14.472549019607811,2.6570028011204423,52.04468917846316,1
1520,14.29313725490193,3.049999999999993,66.48421478270939,1
1521,14.216246498599409,3.5113445378151185,83.2833633422797,1
1522,14.267507002801088,3.964145658263296,91.25119781493777,1
1523,14.429831932773078,4.408403361344528,106.29251861571902,1
1524,14.70322128851537,4.792857142857132,121.7017669677698,1
1525,15.07913165266103,5.1175070028011085,137.4605102539026,1
1526,15.540476190476156,5.339635854341725,153.7532043456995,1
1527,16.0787114845938,5.450700280112033,172.45603942870548,1
1528,16.642577030812287,5.43361344537814,7.100508689874914,1
1529,17.197899159663827,5.322549019607831,21.628683090204504,1
1530,17.71904761904758,5.091876750700268,39.28503417968204,1
1531,18.197478991596597,4.758683473389345,45.10914230346134,1
1532,18.607563025210045,4.3400560224089535,47.748733520504175,1
1533,18.974929971988754,3.853081232492989,52.7832298278754,1
1534,19.29103641456578,3.366106442577023,59.40394973754337,1
1535,19.59005602240892,2.9645658263305257,68.31044769286564,1
1536,19.880532212885107,2.639915966386549,70.25722503661564,1
1537,20.196638655462138,2.3921568627450926,57.7004661560004,1
1538,20.555462184873903,2.2469187675069975,34.7362327575629,1
1539,21.00826330532208,2.1187675070027963,20.857110977169214,1
1540,21.555042016806674,1.9564425770308076,10.58101558684757,1
1541,22.17016806722684,1.7684873949579791,6.3909687995856075,1
1542,22.75112044817922,1.5890756302520974,179.73252868651798,1
1543,23.289355742296866,1.4438375350140025,6.923406124109533,1
1544,23.78487394957978,1.349859943977588,10.472271919245031,1
1545,24.194957983193223,1.315686274509801,5.372469425195959,1
1546,24.562324929971936,1.3413165266106413,0.11836069076707645,1
1547,24.980952380952328,1.426750700280109,176.55404663085392,1
1548,25.450840336134398,1.5378151260504167,169.04008483886355,1
1549,25.97198879551815,1.6915966386554584,167.50613403319767,1
1550,26.561484593837474,1.8966386554621806,160.5564575195258,1
1551,27.13389355742291,2.127310924369743,153.36152648925236,1
1552,27.5525210084033,2.383613445378146,150.96957397460392,1
1553,27.842997198879488,2.674089635854336,147.7108764648401,1
1554,28.005322128851475,3.0072829131652594,134.3751831054633,1
1555,28.065126050420105,3.3746498599439705,122.34831237792423,1
1556,28.09929971988789,3.8018207282913083,114.35891723632267,1
1557,28.20182072829125,4.254621848739487,115.74868011474246,1
1558,28.321428571428505,4.707422969187665,120.6173248290961,1
1559,28.45812324929965,5.160224089635843,123.31699371337527,1
1560,28.586274509803854,5.595938375350128,112.86659240722292,1
1561,28.68879551820722,5.997478991596625,112.36462402343386,1
1562,28.774229691876684,6.390476190476176,112.15422058105105,1
1563,28.885294117646993,6.783473389355727,106.22090911864689,1
1564,28.97072829131646,7.150840336134438,107.21562194823673,1
1565,29.04761904761898,7.518207282913148,108.68331909179142,1
1566,29.115966386554554,7.894117647058806,101.1484527587836,1
1567,29.15868347338929,8.252941176470568,101.06568908691042,1
1568,29.167226890756233,8.603221288515387,105.42468261718204,1
1569,29.209943977590974,8.970588235294096,94.90087127685183,1
1570,29.209943977590967,9.30378151260502,94.94345855712345,1
1571,29.16722689075624,9.619887955182051,104.29657745360782,1
1572,29.1245098039215,9.978711484593816,96.14210510253542,1
1573,29.064705882352875,10.371708683473367,91.64105224609011,1
1574,28.945098039215623,10.781792717086812,87.6460113525336,1
1575,28.834033613445314,11.251680672268883,86.31117248534792,1
1576,28.722969187675005,11.781372549019583,80.72661590575808,1
1577,28.62044817927164,12.345238095238066,79.77098846435001,1
1578,28.52647058823523,12.934733893557393,78.1441802978461,1
1579,28.458123249299653,13.524229691876721,83.8817214965784,1
1580,28.406862745097975,14.113725490196046,87.07921600341433,1
1581,28.38977591036408,14.71176470588232,90.64680480956667,1
1582,28.38977591036408,15.309803921568593,92.33188629149845,1
1583,28.432492997198814,15.899299719887921,92.44631958007267,1
1584,28.517927170868283,16.488795518207247,95.44110870360964,1
1585,28.646078431372484,17.044117647058783,98.92971038817996,1
1586,28.782773109243628,17.54817927170864,101.70075988769167,1
1587,28.91946778711478,18.009523809523774,106.9472503662073,1
1588,29.04761904761898,18.42815126050416,107.4532852172797,1
1589,29.15868347338929,18.821148459383714,102.54885101317814,1
1590,29.227030812324863,19.214145658263263,103.0223007202112,1
1591,29.29537815126044,19.624229691876707,106.45552062987917,1
1592,29.36372549019601,20.025770308123207,102.39662933349064,1
1593,29.42352941176464,20.427310924369703,103.89199066161746,1
1594,29.46624649859937,20.837394957983143,104.78918457030704,1
1595,29.50042016806716,21.24747899159659,108.08711242675417,1
1596,29.551680672268844,21.65756302521003,103.48245239257267,1
1597,29.585854341736628,22.059103641456534,101.43981170653933,1
1598,29.620028011204415,22.469187675069975,101.71969604491824,1
1599,29.64565826330525,22.862184873949527,102.56967926025027,1
1600,29.679831932773045,23.25518207282908,103.45539093017214,1
1601,29.696918767506936,23.65672268907558,104.34618377685001,1
1602,29.739635854341667,24.049719887955128,102.15358734130314,1
1603,29.790896358543353,24.451260504201628,101.42650604247683,1
1604,29.850700280111976,24.86134453781507,99.91081237792423,1
1605,29.910504201680606,25.262885154061568,101.84635162353152,1
1606,29.944677871148393,25.630252100840277,98.61519622802189,1
1607,29.970308123249236,26.006162464985938,99.86478424071902,1
1608,29.961764705882285,26.356442577030755,99.00240325927189,1
1609,29.961764705882285,26.72380952380946,98.60613250731876,1
1610,29.944677871148393,27.07408963585428,95.9251556396448,1
1611,29.919047619047547,27.39873949579826,99.3018875122034,1
1612,29.884873949579763,27.723389355742235,97.61799621581486,1
1613,29.87633053221282,28.03949579831927,91.93500518798282,1
1614,29.89341736694671,28.38123249299714,92.3217391967737,1
1615,29.89341736694671,28.71442577030806,95.51966094970157,1
1616,29.89341736694671,28.97927170868341,102.03905487060001,1
1617,29.89341736694671,29.192857142857076,90.50791931151798,1
1618,29.89341736694671,29.329551820728227,93.24311828612736,1
1619,29.859243697478924,29.363725490196014,93.65290832519167,1
1620,29.89341736694671,29.35518207282907,97.12304687499636,1
1621,29.93613445378145,29.363725490196014,98.8353881835883,1
1622,30.01302521008397,29.355182072829063,102.56998443603152,1
1623,30.072829131652593,29.38935574229685,97.62131500243777,1
1624,30.098459383753436,29.38935574229685,99.32736206054324,1
1625,30.115546218487328,29.40644257703075,95.6412429809534,1
1626,30.149719887955115,29.432072829131585,96.82395172118777,1
1627,30.12408963585428,29.44915966386548,98.61158752441042,1
1628,30.072829131652593,29.432072829131585,98.04528045653751,1
1629,30.047198879551757,29.432072829131585,99.62878417968204,1
1630,29.987394957983128,29.42352941176464,101.26094818114689,1
1631,29.910504201680606,29.414985994397693,101.89019775390261,1
1632,29.850700280111976,29.42352941176464,105.91886901855105,1
1633,29.81652661064419,29.440616246498536,107.56405639648074,1
1634,29.782352941176402,29.46624649859937,110.95263671874454,1
1635,29.748179271708615,29.48333333333327,111.0375595092737,1
1636,29.722549019607776,29.50042016806716,112.38285064696902,1
1637,29.70546218487388,29.508963585434106,111.2233963012659,1
1638,29.68837535013999,29.526050420168,110.8072128295862,1
1639,29.671288515406093,29.53459383753495,114.84948730468204,1
1640,29.662745098039146,29.543137254901893,114.21379852294558,1
1641,29.645658263305258,29.56022408963579,114.14893341063907,1
1642,29.62857142857136,29.57731092436968,114.01176452636173,1
1643,29.62857142857136,29.57731092436968,116.46056365966251,1
1644,29.63711484593831,29.57731092436968,115.9860687255823,1
1645,29.645658263305258,29.568767507002736,116.02197265624454,1
1646,29.662745098039146,29.56022408963579,114.02391815185001,1
1647,29.671288515406093,29.551680672268837,113.63651275634402,1
1648,29.679831932773045,29.56022408963579,117.2283096313422,1
1649,29.68837535013999,29.56022408963579,116.93388366698673,1
1650,29.70546218487388,29.56022408963579,117.43820953368777,1
1651,29.739635854341667,29.491876750700214,115.23004913329714,1
1652,29.782352941176406,29.40644257703075,114.35767364501407,1
1653,29.807983193277245,29.312464985994332,91.75063323974064,1
1654,29.825070028011133,29.23557422969181,92.5834808349573,1
1655,29.83361344537808,29.15868347338929,89.46442413329714,1
1656,29.842156862745032,29.133053221288453,92.7276992797797,1
1657,29.867787114845868,29.115966386554554,92.64379119872683,1
1658,29.89341736694671,29.098879551820666,92.72963714599064,1
1659,29.927591036414498,29.073249299719823,91.24576568603152,1
1660,29.961764705882285,29.05616246498593,91.18610382079714,1
1661,29.978851540616176,29.047619047618984,92.86837768554324,1
1662,29.978851540616176,29.05616246498593,91.0745697021448,1
1663,29.978851540616176,29.04761904761898,90.94262695311954,1
1664,29.961764705882285,29.04761904761898,90.89040374755314,1
1665,29.944677871148393,29.05616246498593,89.96358489989689,1
1666,29.910504201680606,29.115966386554554,87.67187499999454,1
1667,29.850700280111976,29.209943977590974,91.20414733886173,1
1668,29.799439775910297,29.33809523809517,97.4723052978461,1
1669,29.748179271708615,29.44915966386548,118.06414031981876,1
1670,29.679831932773045,29.56022408963579,116.72086334228152,1
1671,29.594397759103572,29.611484593837467,117.60818481444949,1
1672,29.508963585434106,29.611484593837467,124.54135131835392,1
1673,29.432072829131585,29.602941176470523,127.35517883300417,1
1674,29.36372549019601,29.585854341736628,126.79328918456667,1
1675,25.16890756302515,23.10140056022404,125.43489074706667,1
1676,20.999719887955134,16.625490196078395,122.43027496337527,1
1677,16.864705882352904,10.158123249299695,179.93962097167423,1
1678,12.721148459383723,3.6822128851540534,179.93891906737917,1
1679,8.124789915966367,-2.76806722689075,179.96064758300236,1
1680,7.671988795518191,-2.7595238095238033,179.96780395507267,1
1681,7.219187675070012,-2.7509803921568565,179.5728149414008,1
1682,6.817647058823513,4.041036414565817,179.61051940917605,1
1683,6.236694677871134,10.833053221288491,179.6622161865198,1
1684,10.815966386554598,17.103921568627413,178.689117431637,1
1685,15.412324929971954,23.38333333333328,178.60523986816042,1
1686,19.98305322128847,29.671288515406097,105.98613739013126,1
1687,24.51106442577025,29.18431372549013,121.25540924071902,1
1688,29.261204481792653,28.68025210084027,86.83610534667605,1
1689,29.312464985994335,28.68879551820722,149.66105651855105,1
1690,29.34663865546212,28.697338935574162,136.18405151366824,1
1691,29.363725490196014,28.697338935574162,148.35995483397892,1
1692,29.27829131652654,28.71442577030806,143.8110656738245,1
1693,29.141596638655397,28.748599439775848,21.59449386596134,1
1694,28.987815126050357,28.80840336134447,92.30120086669376,1
1695,28.816946778711422,28.85112044817921,88.19828796386355,1
1696,28.705882352941114,28.893837535013937,95.31951141356876,1
1697,28.68879551820722,28.902380952380888,107.10370635985964,1
1698,23.443137254901906,29.37226890756296,108.15326690673282,1
1699,18.094957983193233,23.050140056022354,91.71554565429142,1
1700,12.755322128851512,16.736554621848704,177.17893981933048,1
1701,7.509663865546202,17.18935574229688,179.0539703369086,1
1702,2.246918767506998,17.650700280112005,179.06225585937136,1
1703,2.2298319327731044,17.64215686274506,176.95297241210392,1
1704,3.143977591036408,24.425630252100785,176.8852691650336,1
1705,3.9385154061624563,31.20910364145651,176.67414855956667,1
1706,4.630532212885145,31.226190476190403,179.99374389648074,1
1707,4.980812324929961,31.226190476190403,179.62785339354923,1
1708,4.921008403361333,24.468347338935516,179.53770446776798,1
1709,4.80140056022408,24.468347338935512,178.1763763427698,1
1710,4.8099439775910255,24.468347338935516,179.43290710448673,1
1711,4.023949579831924,24.442717086834676,179.70893859862736,1
1712,3.5711484593837453,24.434173669467732,179.82946777343204,1
1713,3.5028011204481713,31.192016806722613,176.02731323241642,1
1714,2.674089635854336,31.157843137254833,176.73046874999454,1
1715,1.8368347338935531,31.123669467787046,174.97709655761173,1
1716,1.7855742296918726,31.1151260504201,174.9026489257758,1
1717,7.108123249299704,30.73921568627444,174.85960388183048,1
1718,12.439215686274483,30.371848739495725,175.29244995116642,1
1719,17.787394957983153,30.013025210083963,121.59178924560001,1
1720,18.539215686274467,30.04719887955175,128.09902954101017,1
1721,24.25476190476185,29.568767507002736,120.98781585692814,1
1722,24.553781512604985,29.42352941176464,1.2284488677923946,1
1723,24.88697478991591,29.303921568627384,114.1036758422797,1
1724,25.211624649859885,29.192857142857076,110.9500885009711,1
1725,30.14117647058817,28.70588235294111,120.28781890868595,1
1726,30.10700280112038,28.67170868347332,113.0136337280237,1
1727,30.10700280112038,28.67170868347332,111.82783508300236,1
1728,30.10700280112038,28.663165266106375,121.0880737304633,1
1729,30.115546218487328,28.63753501400554,119.2669830322211,1
1730,30.098459383753436,28.62044817927164,114.04460906981876,1
1731,30.06428571428565,28.63753501400554,119.36913299560001,1
1732,30.14117647058817,28.73151260504195,133.48738098143986,1
1733,30.149719887955115,28.774229691876684,140.65188598632267,1
1734,30.243697478991532,28.953641456582567,119.76353454589298,1
1735,30.367577030812253,29.115966386554554,133.52941894530704,1
1736,30.521358543417296,29.312464985994335,115.76905059813907,1
1737,30.581162464985926,29.42352941176464,118.30002975463321,0
1738,30.658053221288448,29.50042016806716,120.83100891112917,1
1739,30.606792717086762,29.40644257703075,123.13251495360782,1
1740,30.55126050420161,29.29537815126044,119.43269348143986,1
1741,30.491456582632985,29.18431372549013,122.48637390136173,1
1742,30.499999999999932,29.18431372549013,122.06192016601017,1
1743,30.465826330532146,29.1245098039215,123.50400543212345,1
1744,30.465826330532146,29.10742296918761,121.63041687011173,1
1745,30.465826330532146,29.10742296918761,119.63693237304324,1
1746,30.465826330532146,29.090336134453718,120.96437835692996,1
1747,30.406022408963516,28.97072829131646,121.65948486327761,1
1748,30.414565826330463,28.96788048552748,119.61504364013126,1
1749,30.414565826330463,28.962184873949514,120.5051879882758,1
1750,30.414565826330463,28.945098039215623,120.14130655924055,0
1751,30.337675070027945,28.893837535013937,119.77742513020348,0
1752,30.25224089635848,28.834033613445314,119.41354370116642,1
1753,30.17535014005595,28.777077497665665,138.76182556151798,1
1754,30.02156862745091,28.663165266106375,138.30313110351017,1
1755,29.89341736694671,28.57773109243691,140.22280883788517,1
1756,29.87633053221282,28.543557422969126,161.76303100585392,1
1757,29.833613445378084,28.44957983193271,155.91548156737736,1
1758,29.782352941176402,28.38977591036408,136.69546508788517,1
1759,29.82507002801114,28.432492997198814,119.3483047485297,1
1760,29.850700280111976,28.451288515406098,136.45846557616642,1
1761,29.850700280111976,28.463249299719827,140.08068847655704,1
1762,29.89341736694671,28.54526610644251,138.33399353026834,0
1763,29.944677871148393,28.594817927170805,136.58729858397965,0
1764,29.987394957983128,28.603361344537753,134.84060363769095,0
1765,30.030112044817862,28.60165266106436,133.09390869140043,0
1766,30.072829131652593,28.589691876750635,131.34721374511173,1
1767,30.115546218487328,28.58456582633047,111.14986419677189,1
1768,30.14117647058817,28.569187675069962,108.1209793090784,1
1769,30.16680672268901,28.569187675069962,106.28056335448673,1
1770,30.175350140055958,28.56064425770301,109.1968383789008,1
1771,30.16680672268901,28.552100840336067,104.52940368651798,1
1772,30.149719887955115,28.52647058823523,106.0835037231409,1
1773,30.14117647058817,28.526470588235224,109.71163177489689,1
1774,30.10700280112038,28.535014005602175,120.11505889892032,1
1775,30.08649859943971,28.562352941176407,125.31759643554142,1
1776,30.07966386554615,28.59994397759097,141.89208984374454,1
1777,30.07795518207276,28.647787114845876,140.88540191649918,0
1778,30.08137254901954,28.68025210084027,139.878713989252,0
1779,30.10700280112038,28.68879551820722,138.8720260620048,0
1780,30.13263305322122,28.69733893557417,137.86533813475944,0
1781,30.15826330532206,28.705882352941114,136.85865020751407,0
1782,30.1838935574229,28.71442577030806,135.8519622802687,0
1783,30.209523809523738,28.722969187675005,134.84527435302334,0
1784,30.23515406162458,28.73151260504195,133.83858642577434,0
1785,30.260784313725424,28.740056022408897,132.83189849852897,0
1786,30.28641456582626,28.748599439775848,131.8252105712836,0
1787,30.312044817927102,28.757142857142792,130.81852264403824,0
1788,30.337675070027938,28.76568627450974,129.81183471679287,0
1789,30.36330532212878,28.77422969187669,128.8051467895457,0
1790,30.315462184873883,28.721260504201616,127.7984588622985,0
1791,30.27103641456576,28.666582633053157,126.79177093505314,1
1792,30.28983193277304,28.669999999999938,126.7285537719672,1
1793,30.301602863367503,28.66886087768434,126.36952972411564,1
1794,30.306349206349143,28.663165266106382,124.41598510741642,1
1795,30.3775443510737,28.71442577030806,124.10808224147695,0
1796,30.438297541238654,28.76283846872076,123.80017937553748,0
1797,30.428804855275377,28.74859943977584,123.49227650959801,0
1798,30.419312169312104,28.734360410830938,123.18437364365855,0
1799,30.409819483348826,28.720121381886024,122.87647077771908,0
1800,30.400326797385553,28.705882352941114,122.56856791177961,0
1801,30.390834111422283,28.691643323996203,122.26066504584014,0
1802,30.33197945844998,28.646078431372484,121.95276217990067,0
1803,30.28356676003728,28.611904761904697,121.6448593139612,1
1804,30.237052598817236,28.580578898225887,127.08512878417423,1
1805,30.19243697478985,28.552100840336067,124.29909515380314,1
1806,30.149719887955115,28.526470588235224,131.803863525387,1
1807,30.149719887955115,28.543557422969123,129.6014556884711,1
1808,30.21806722689069,28.586274509803854,127.9058990478461,1
1809,30.25224089635848,28.57773109243691,142.71159362792423,1
1810,30.2163585434173,28.60507002801114,118.10690307616642,1
1811,30.11042016806716,28.668291316526545,138.7636871337836,1
1812,29.942969187675004,28.758851540616185,137.13143920898074,0
1813,29.628571428571366,28.85112044817921,135.49919128417423,0
1814,29.27829131652655,29.03053221288509,133.86694335937136,0
1815,28.97243697478985,29.13134453781506,132.23469543456486,0
1816,28.76226890756296,29.25607843137248,130.602447509762,1
1817,28.613613445378085,29.336386554621782,115.14408874511173,1
1818,28.552100840336074,29.389355742296857,126.01442718505314,1
1819,28.62044817927164,29.38935574229685,118.79015350341251,1
1820,28.637535014005532,29.47478991596632,122.56918334960392,1
1821,28.62899159663859,29.526050420168,137.15518188476017,1
1822,28.62044817927164,29.602941176470523,121.95549011229923,1
1823,28.5948179271708,29.679831932773045,123.4152984619086,1
1824,28.500840336134388,29.773809523809454,123.79140472411564,1
1825,28.492296918767444,29.83361344537808,127.93954467772892,1
1826,28.535014005602175,29.859243697478924,125.4632720947211,1
1827,28.569187675069962,29.901960784313655,128.64535522460392,1
1828,28.594817927170805,29.961764705882285,131.47264099120548,1
1829,28.63753501400554,30.030112044817862,148.52954101561954,1
1830,28.671708683473327,30.098459383753436,157.78051757811954,1
1831,28.65462184873943,30.183893557422902,147.8574829101508,1
1832,28.654621848739435,30.23515406162458,147.1903686523383,1
1833,28.65462184873943,30.24369747899153,148.66886901854923,1
1834,28.646078431372484,30.23515406162458,147.68919372558048,1
1835,28.65462184873943,30.226610644257637,143.56779479980105,1
1836,28.65462184873943,30.19243697478985,146.9039916992151,1
1837,28.65462184873943,30.149719887955115,145.11141967772892,1
1838,28.663165266106375,30.10700280112038,145.61161804198673,1
1839,28.671708683473327,30.06428571428565,142.06321716308048,1
1840,28.66316526610638,30.01302521008397,141.62004089354923,1
1841,28.671708683473327,29.961764705882285,138.2835845947211,1
1842,28.68025210084027,29.927591036414498,138.16418457030704,1
1843,28.646078431372484,29.936134453781442,133.9470367431586,1
1844,28.65462184873943,29.919047619047554,132.3867340087836,1
1845,28.663165266106375,29.901960784313655,130.91305541991642,1
1846,28.65462184873943,29.910504201680606,129.88244628905886,1
1847,28.646078431372484,29.927591036414498,136.45564270018986,1
1848,28.663165266106375,29.927591036414498,147.91555786132267,1
1849,28.63753501400554,29.970308123249232,135.56460571288517,1
1850,28.603361344537753,30.013025210083963,138.8223266601508,1
1851,28.57773109243691,30.04719887955175,143.40336608886173,1
1852,28.569187675069962,30.08137254901954,155.41491699218204,1
1853,28.569187675069962,30.115546218487328,164.5462036132758,1
1854,28.569187675069962,30.149719887955115,147.22836303710574,1
1855,28.57773109243691,30.200980392156794,141.54173278808048,1
1856,28.57773109243691,30.243697478991532,150.75251770018986,1
1857,28.552100840336067,30.260784313725424,153.6349029540961,1
1858,28.535014005602175,30.25224089635848,151.8571166992133,1
1859,28.509383753501332,30.226610644257637,153.43284606933048,1
1860,28.492296918767444,30.183893557422902,147.56932067870548,1
1861,28.492296918767444,30.13263305322122,131.64176940917423,1
1862,28.492296918767444,30.072829131652593,133.23339843749454,1
1863,28.500840336134388,30.01302521008397,147.69908142089298,1
1864,28.51792717086828,29.936134453781442,142.38574218749636,1
1865,28.526470588235224,29.859243697478924,140.25820922851017,1
1866,28.526470588235224,29.81652661064419,143.66531372069767,1
1867,28.51792717086828,29.790896358543346,146.93359374999454,1
1868,28.509383753501332,29.790896358543353,138.85917663573673,1
1869,28.492296918767444,29.807983193277245,122.76372528075626,1
1870,28.483753501400496,29.81652661064419,148.42160034179142,1
1871,28.475210084033552,29.807983193277245,140.66516113280704,1
1872,28.441036414565765,29.81652661064419,147.14253234862736,1
1873,28.406862745097975,29.825070028011133,143.38790893554142,1
1874,28.364145658263244,29.859243697478924,117.13921356200808,1
1875,28.304341736694614,29.884873949579763,116.7621459960883,1
1876,28.218907563025148,29.87633053221282,121.93982696532657,1
1877,28.16764705882347,29.825070028011133,123.09548950194949,1
1878,28.116386554621783,29.748179271708615,111.55576324462527,1
1879,28.082212885153996,29.645658263305258,112.1880493164008,1
1880,28.065126050420105,29.58585434173663,106.33659362792423,1
1881,28.065126050420105,29.56022408963579,109.29223632811954,1
1882,28.082212885154,29.611484593837467,109.12626647948673,1
1883,28.065126050420105,29.6542016806722,109.90815734862917,1
1884,28.05658263305316,29.731092436974723,127.6758193969672,1
1885,28.04803921568621,29.790896358543353,107.22568511962345,1
1886,28.030952380952318,29.850700280111976,100.79143524169558,1
1887,27.996778711484534,29.83361344537808,104.06932067870548,1
1888,28.013865546218426,29.825070028011133,87.65576934813907,1
1889,28.02240896358537,29.790896358543353,93.1340713500922,1
1890,27.99677871148453,29.773809523809454,76.96697235106876,1
1891,28.005322128851482,29.76526610644251,60.48226928710392,1
1892,27.97114845938369,29.884873949579763,43.25259399413517,1
1893,27.91988795518201,30.02156862745091,77.77829742431095,1
1894,27.860084033613383,30.15826330532206,124.74462890624454,1
1895,27.939822595704886,30.189589169000868,124.65817260741642,1
1896,28.116386554621783,30.13263305322122,127.11705017089298,1
1897,28.458123249299653,29.89341736694671,135.36352539062136,0
1898,28.758092125739118,29.68837535013999,143.6100006103461,0
1899,29.033380018674073,29.517507002801057,151.85647583007267,1
1900,29.16153127917827,29.460550887021405,150.69668070474836,0
1901,29.142545907251723,29.517507002801057,149.53688557942223,0
1902,28.976423902894425,29.68837535013999,148.3770904540961,0
1903,28.810301898537126,29.859243697478924,147.2172953287718,0
1904,28.644179894179832,30.030112044817862,146.05750020344567,0
1905,28.47805788982253,30.200980392156794,144.89770507811954,0
1906,28.31193588546524,30.371848739495732,143.73790995279523,0
1907,28.19612511671329,30.499999999999932,142.5781148274691,0
1908,28.147712418300593,30.628151260504133,141.41831970214298,1
1909,28.175241207594087,30.73921568627444,145.46369934081486,1
1910,28.124929971988735,30.77338935574223,153.51596069335392,1
1911,28.090756302520948,30.76484593837528,155.3904418945258,1
1912,28.287254901960722,30.87591036414559,149.75859069823855,1
1913,28.210364145658197,30.85028011204475,147.53491210936954,1
1914,28.092892156862682,30.811834733893487,164.8764038085883,1
1915,28.08862044817921,30.820378151260435,148.70512390136173,1
1916,28.103571428571364,30.841736694677802,150.86859512328556,0
1917,27.872899159663802,30.75630252100833,153.0320663452094,0
1918,27.936974789915904,30.799019607843064,155.19553756713321,0
1919,28.054446778711423,30.863095238095166,157.35900878905704,1
1920,28.15269607843131,30.914355742296845,158.41655731200626,0
1921,28.240266106442515,30.95280112044811,159.47410583495548,1
1922,28.328516791331857,30.982843906793413,160.23616027831667,1
1923,28.36405177455591,30.9831255579154,160.85754394530704,1
1924,28.34687105611469,30.95364607381407,160.76775418794386,0
1925,28.349593683627234,30.928579123957206,160.67796443058432,0
1926,28.363676239726594,30.907924708344808,160.58817467322115,0
1927,28.37775879582596,30.88727029273241,160.4983849158598,0
1928,28.391841351925326,30.86661587712001,160.40859515849843,0
1929,28.405923908024686,30.845961461507606,160.31880540113525,0
1930,28.42000646412405,30.825307045895208,160.2290156437739,0
1931,28.43408902022341,30.80465263028281,160.13922588641253,0
1932,28.44817157632277,30.78399821467041,160.04943612905117,0
1933,28.462254132422135,30.763343799058013,159.959646371688,0
1934,28.476336688521496,30.742689383445615,159.86985661432846,0
1935,28.490419244620863,30.722034967833213,159.78006685696528,0
1936,28.504501800720227,30.70138055222082,159.6902770996021,0
1937,28.518584356819588,30.680726136608417,159.60048734224256,0
1938,28.53266691291895,30.660071720996022,159.51069758487938,0
1939,28.546749469018312,30.63941730538362,159.42090782751802,0
1940,28.56083202511768,30.618762889771222,159.33111807015666,0
1941,28.574914581217037,30.598108474158824,159.2413283127953,0
1942,28.588997137316404,30.577454058546426,159.15153855543213,0
1943,28.603079693415765,30.556799642934028,159.06174879807077,0
1944,28.617162249515125,30.53614522732163,158.9719590407094,0
1945,28.63124480561449,30.51549081170923,158.88216928334623,0
1946,28.64532736171385,30.494836396096833,158.7923795259867,0
1947,28.659409917813218,30.474181980484435,158.7025897686235,0
1948,28.67349247391258,30.45352756487203,158.61280001126397,0
1949,28.687575030011942,30.43287314925964,158.5230102539008,0
1950,28.701657586111303,30.412218733647233,158.43322049653761,0
1951,28.715740142210667,30.391564318034842,158.34343073917807,0
1952,28.729822698310027,30.370909902422436,158.2536409818149,0
1953,28.74390525440939,30.35025548681004,158.16385122445354,0
1954,28.75798781050876,30.32960107119764,158.07406146709218,0
1955,28.77207036660812,30.308946655585242,157.98427170973082,0
1956,28.78615292270748,30.288292239972844,157.89448195236764,0
1957,28.800235478806844,30.267637824360445,157.80469219500628,0
1958,28.814318034906204,30.246983408748044,157.71490243764492,0
1959,28.828400591005572,30.22632899313565,157.62511268028175,0
1960,28.842483147104936,30.205674577523247,157.5353229229222,0
1961,28.856565703204296,30.18502016191085,157.44553316555903,0
1962,28.870648259303657,30.16436574629845,157.35574340819767,0
1963,28.88473081540302,30.143711330686052,157.2659536508363,0
1964,28.89881337150238,30.123056915073654,157.17616389347313,0
1965,28.912895927601745,30.102402499461256,157.08637413611177,0
1966,28.926978483701113,30.081748083848858,156.9965843787504,0
1967,28.941061039800474,30.06109366823646,156.90679462138905,0
1968,28.955143595899834,30.04043925262406,156.81700486402588,0
1969,28.969226151999198,30.019784837011663,156.72721510666634,0
1970,28.98330870809856,29.999130421399265,156.63742534930316,0
1971,28.997391264197923,29.978476005786867,156.5476355919418,0
1972,29.011473820297283,29.95782159017447,156.45784583458044,0
1973,29.02555637639665,29.937167174562063,156.36805607721726,0
1974,29.03963893249601,29.916512758949665,156.2782663198559,0
1975,29.053721488595375,29.895858343337267,156.18847656249454,0
1976,29.067804044694736,29.87520392772487,156.09868680513318,0
1977,29.0818866007941,29.85454951211247,156.00889704777,0
1978,29.095969156893467,29.833895096500072,155.91910729040865,0
1979,29.110051712992828,29.813240680887674,155.8293175330473,0
1980,29.12413426909219,29.79258626527527,155.7395277756841,0
1981,29.138216825191552,29.77193184966287,155.64973801832457,0
1982,29.152299381290913,29.751277434050472,155.5599482609614,0
1983,29.166381937390277,29.730623018438074,155.47015850360003,0
1984,29.180464493489637,29.709968602825676,155.38036874623867,0
1985,29.194547049589005,29.689314187213277,155.2905789888755,0
1986,29.208629605688365,29.66865977160088,155.20078923151414,0
1987,29.22271216178773,29.64800535598848,155.11099947415278,0
1988,29.23679471788709,29.627350940376083,155.02120971679142,0
1989,29.250877273986454,29.606696524763684,154.93141995942824,0
1990,29.264959830085814,29.586042109151286,154.8416302020687,0
1991,29.279042386185175,29.565387693538884,154.75184044470552,0
1992,29.293124942284543,29.544733277926486,154.66205068734416,0
1993,29.307207498383907,29.524078862314088,154.5722609299828,0
1994,29.321290054483267,29.50342444670169,154.48247117261963,0
1995,29.33537261058263,29.48277003108929,154.39268141526009,0
1996,29.34945516668199,29.462115615476893,154.3028916578969,0
1997,29.36353772278136,29.441461199864495,154.21310190053555,0
1998,29.377620278880716,29.420806784252097,154.1233121431742,0
1999,29.391702834980084,29.4001523686397,154.033522385811,0
2000,29.405785391079444,29.379497953027293,153.94373262844965,0
2001,29.41986794717881,29.358843537414902,153.8539428710883,0
2002,29.43395050327817,29.338189121802497,153.76415311372693,0
2003,29.44803305937753,29.317534706190106,153.67436335636376,0
2004,29.462115615476897,29.2968802905777,153.58457359900422,0
2005,29.47619817157626,29.276225874965302,153.49478384164104,0
2006,29.49028072767562,29.255571459352904,153.40499408427968,0
2007,29.504363283774985,29.234917043740506,153.31520432691832,0
2008,29.518445839874346,29.214262628128107,153.22541456955514,0
2009,29.532528395973706,29.19360821251571,153.13562481219378,0
2010,29.54661095207307,29.17295379690331,153.04583505483242,0
2011,29.56069350817243,29.152299381290913,152.95604529747106,0
2012,29.574776064271795,29.131644965678515,152.8662555401079,0
2013,29.33828300550983,29.132208267922486,152.77646578274653,0
2014,29.346732539169448,29.119815618555048,152.68667602538517,1
2015,29.326735309508354,29.103010434943144,17.356929779047277,1
2016,29.214215686274446,29.171498599439712,153.0383911132758,1
2017,29.00917366946772,29.325280112044755,151.92471313476017,1
2018,29.05172645981463,29.463453458306333,163.62232208251407,0
2019,28.846355850032257,29.620192307692243,175.31993103026798,1
2020,28.666451195862898,29.78695324283553,175.22680771656087,0
2021,28.57608812755865,29.874030381383257,175.13368440285376,0
2022,28.57526664511952,29.881423723335423,175.040561089143,0
2023,28.574445162680394,29.888817065287583,174.9474377754359,0
2024,28.573623680241262,29.89621040723975,174.8543144617288,0
2025,28.572802197802133,29.903603749191916,174.76119114801986,0
2026,28.571980715363004,29.910997091144083,174.66806783431093,0
2027,28.571159232923872,29.91839043309625,174.574944520602,0
2028,28.570337750484743,29.925783775048416,174.4818212068949,0
2029,28.569516268045618,29.933177117000582,174.38869789318778,0
2030,28.56869478560649,29.94057045895274,174.29557457947885,0
2031,28.567873303167357,29.94796380090491,174.20245126576992,0
2032,28.567051820728228,29.955357142857075,174.1093279520628,0
2033,28.566230338289095,29.962750484809238,174.01620463835388,0
2034,28.565408855849967,29.970143826761408,173.92308132464677,0
2035,28.564587373410838,29.97753716871357,173.82995801093784,0
2036,28.563765890971705,29.984930510665738,173.73683469722891,0
2037,28.562944408532577,29.992323852617904,173.6437113835218,0
2038,28.56212292609345,29.999717194570064,173.55058806981287,0
2039,28.561301443654322,30.00711053652223,173.45746475610576,0
2040,28.56047996121519,30.014503878474397,173.36434144239684,0
2041,28.55965847877606,30.021897220426563,173.2712181286879,0
2042,28.55883699633693,30.02929056237873,173.1780948149808,0
2043,28.558015513897807,30.036683904330896,173.08497150127187,0
2044,28.55719403145867,30.04407724628306,172.99184818756476,0
2045,28.55637254901954,30.051470588235226,172.89872487385583,0
2046,28.555551066580414,30.058863930187393,172.8056015601469,0
2047,28.554729584141285,30.06625727213956,172.7124782464398,0
2048,28.553908101702156,30.073650614091726,172.61935493273268,0
2049,28.553086619263023,30.081043956043885,172.52623161902193,0
2050,28.552265136823895,30.08843729799605,172.43310830531482,0
2051,28.551443654384762,30.09583063994822,172.3399849916077,0
2052,28.550622171945633,30.103223981900385,172.24686167789878,0
2053,28.549800689506508,30.11061732385255,172.15373836419167,0
2054,28.54897920706738,30.118010665804718,172.06061505048092,0
2055,28.548157724628247,30.125404007756885,171.9674917367738,0
2056,28.547336242189118,30.132797349709044,171.8743684230667,0
2057,28.54651475974999,30.14019069166121,171.78124510935777,0
2058,28.545693277310857,30.147584033613377,171.68812179564884,0
2059,28.544871794871728,30.15497737556554,171.59499848194173,0
2060,28.544050312432603,30.162370717517707,171.5018751682328,0
2061,28.543228829993474,30.169764059469873,171.4087518545257,0
2062,28.54240734755434,30.17715740142204,171.31562854081676,0
2063,28.541585865115213,30.1845507433742,171.22250522710783,0
2064,28.54076438267608,30.191944085326373,171.12938191340072,0
2065,28.53994290023695,30.199337427278532,171.0362585996918,0
2066,28.539121417797823,30.2067307692307,170.94313528598468,0
2067,28.538299935358697,30.214124111182866,170.85001197227757,0
2068,28.537478452919565,30.221517453135032,170.75688865856682,0
2069,28.536656970480436,30.2289107950872,170.6637653448597,0
2070,28.535835488041307,30.23630413703936,170.57064203115078,0
2071,28.535014005602175,30.243697478991532,170.47751871744367,0
2072,28.534192523163046,30.251090820943695,170.38439540373474,0
2073,28.533371040723914,30.25848416289586,170.2912720900258,0
2074,28.532549558284792,30.265877504848028,170.1981487763187,0
2075,28.53172807584566,30.273270846800187,170.1050254626116,0
2076,28.53090659340653,30.280664188752354,170.01190214890266,0
2077,28.5300851109674,30.28805753070452,169.91877883519373,0
2078,28.52926362852827,30.295450872656687,169.8256555214848,0
2079,28.52844214608914,30.302844214608854,169.7325322077777,0
2080,28.52762066365001,30.31023755656102,169.63940889407058,0
2081,28.52679918121088,30.317630898513187,169.54628558035984,0
2082,28.525977698771754,30.325024240465346,169.45316226665273,0
2083,28.52515621633262,30.332417582417513,169.36003895294562,0
2084,28.524334733893493,30.33981092436968,169.2669156392367,0
2085,28.523513251454364,30.347204266321842,169.17379232552958,0
2086,28.522691769015232,30.354597608274013,169.08066901182065,0
2087,28.52187028657611,30.361990950226176,168.98754569811172,0
2088,28.521048804136974,30.369384292178342,168.8944223844046,0
2089,28.520227321697842,30.37677763413051,168.80129907069568,0
2090,28.519405839258713,30.384170976082668,168.70817575698857,0
2091,28.518584356819588,30.391564318034835,168.61505244327964,0
2092,28.51776287438046,30.398957659987,168.5219291295707,0
2093,28.516941391941327,30.406351001939168,168.4288058158636,0
2094,28.516119909502198,30.413744343891334,168.33568250215467,0
2095,28.515298427063065,30.4211376858435,168.24255918844574,0
2096,28.514476944623944,30.428531027795664,168.14943587473863,0
2097,28.513655462184808,30.43592436974783,168.0563125610297,0
2098,28.512833979745675,30.443317711699997,167.9631892473226,0
2099,28.51201249730655,30.450711053652164,167.87006593361548,0
2100,28.51119101486742,30.45810439560433,167.77694261990473,0
2101,28.510369532428292,30.46549773755649,167.68381930619762,0
2102,28.50954804998916,30.472891079508656,167.5906959924887,0
2103,28.50872656755003,30.480284421460823,167.49757267878158,0
2104,28.507905085110906,30.48767776341299,167.40444936507265,0
2105,28.507083602671777,30.495071105365156,167.31132605136372,0
2106,28.506262120232645,30.502464447317323,167.2182027376566,0
2107,28.505440637793516,30.50985778926949,167.1250794239495,0
2108,28.504619155354384,30.51725113122165,167.03195611024057,0
2109,28.503797672915255,30.524644473173815,166.93883279653164,0
2110,28.502976190476126,30.53203781512598,166.84570948282453,0
2111,28.502154708036993,30.539431157078145,166.7525861691156,0
2112,28.501333225597868,30.54682449903031,166.6594628554085,0
2113,28.50051174315874,30.554217840982478,166.56633954169956,0
2114,28.49969026071961,30.561611182934644,166.47321622799063,0
2115,28.498868778280478,30.569004524886804,166.38009291428352,0
2116,28.49804729584135,30.576397866838978,166.2869696005746,0
2117,28.497225813402217,30.583791208791137,166.19384628686748,0
2118,28.496404330963088,30.591184550743304,166.10072297315855,0
2119,28.495582848523963,30.59857789269547,166.00759965944962,0
2120,28.494761366084834,30.605971234647637,165.91447634574251,0
2121,28.4939398836457,30.613364576599803,165.82135303203358,0
2122,28.493118401206573,30.620757918551966,165.72822971832647,0
2123,28.492296918767444,30.628151260504136,165.63510640461755,0
2124,28.49147543632831,30.6355446024563,165.54198309090862,0
2125,28.490653953889183,30.642937944408466,165.4488597772015,0
2126,28.48983247145005,30.650331286360633,165.3557364634944,0
2127,28.48901098901093,30.657724628312792,165.26261314978365,0
2128,28.488189506571796,30.66511797026496,165.16948983607654,0
2129,28.487368024132667,30.672511312217125,165.0763665223676,0
2130,28.486546541693535,30.67990465416929,164.9832432086605,0
2131,28.485725059254406,30.68729799612146,164.8901198949534,0
2132,28.484903576815277,30.694691338073625,164.79699658124264,0
2133,28.484082094376152,30.70208468002579,164.70387326753553,0
2134,28.48326061193702,30.70947802197795,164.61074995382842,0
2135,28.48243912949789,30.716871363930117,164.5176266401195,0
2136,28.481617647058762,30.724264705882284,164.42450332641238,0
2137,28.48079616461963,30.731658047834447,164.33138001270163,0
2138,28.4799746821805,30.739051389786617,164.23825669899452,0
2139,28.47915319974137,30.74644473173878,164.1451333852874,0
2140,28.47833171730224,30.753838073690947,164.05201007157848,0
2141,28.477510234863114,30.761231415643113,163.95888675786955,0
2142,28.476688752423986,30.768624757595273,163.86576344416244,0
2143,28.475867269984853,30.77601809954744,163.7726401304535,0
2144,28.475045787545724,30.783411441499606,163.6795168167464,0
2145,28.474224305106596,30.790804783451772,163.58639350303747,0
2146,28.473402822667463,30.79819812540394,163.49327018932854,0
2147,28.472581340228334,30.805591467356106,163.40014687562143,0
2148,28.471759857789202,30.81298480930827,163.3070235619125,0
2149,28.47093837535008,30.820378151260435,163.2139002482054,0
2150,28.470116892910948,30.8277714932126,163.12077693449646,0
2151,28.46929541047182,30.83516483516477,163.02765362078753,0
2152,28.468473928032687,30.842558177116935,162.93453030708042,0
2153,28.467652445593558,30.849951519069094,162.8414069933715,0
2154,28.46683096315443,30.85734486102126,162.74828367966438,0
2155,28.466009480715297,30.864738202973427,162.65516036595545,0
2156,28.465187998276168,30.872131544925594,162.56203705224652,0
2157,28.464366515837042,30.87952488687776,162.4689137385394,0
2158,28.463545033397907,30.886918228829927,162.3757904248323,0
2159,28.46272355095878,30.894311570782094,162.28266711112155,0
2160,28.461902068519652,30.901704912734253,162.18954379741444,0
2161,28.46108058608052,30.90909825468642,162.09642048370733,0
2162,28.46025910364139,30.916491596638586,162.0032971699984,0
2163,28.459437621202262,30.92388493859075,161.9101738562913,0
2164,28.45861613876313,30.931278280542916,161.81705054258055,0
2165,28.457794656324005,30.938671622495082,161.72392722887344,0
2166,28.456973173884876,30.94606496444725,161.63080391516633,0
2167,28.456151691445747,30.95345830639941,161.5376806014574,0
2168,28.455330209006615,30.960851648351582,161.44455728775029,0
2169,28.454508726567486,30.96824499030374,161.35143397404136,0
2170,28.453687244128353,30.975638332255908,161.25831066033243,0
2171,28.452865761689225,30.983031674208075,161.16518734662532,0
2172,28.4520442792501,30.99042501616024,161.0720640329164,0
2173,28.45122279681097,30.997818358112408,160.97894071920746,0
2174,28.459109028226614,31.01227644904109,160.88581740550035,0
2175,28.4158990519284,30.982538784744598,160.79269409179142,1
2176,28.424113876319694,30.994039538892412,157.97581481933048,1
2177,28.483753501400496,31.029691876750633,143.24807739257267,1
2178,28.466666666666605,31.038235294117577,159.25090026854923,1
2179,28.381232492997135,30.986974789915898,160.1221313476508,1
2180,28.321428571428505,30.978431372548947,160.10202026366642,1
2181,28.184733893557357,30.910084033613373,149.7161254882776,1
2182,27.97969187675064,30.790476190476124,155.09948730468204,1
2183,27.842997198879488,30.67941176470581,143.5718383789008,1
2184,27.774649859943917,30.61106442577024,126.08058929442814,1
2185,28.244537815125987,30.34621848739489,124.70128631591251,1
2186,28.71442577030806,30.072829131652593,110.17951965331486,1
2187,29.209943977590974,29.773809523809454,157.95175170897892,1
2188,29.688375350139996,29.42352941176464,109.07323455810001,1
2189,30.175350140055958,28.9963585434173,171.12556457518986,1
2190,30.132633053221223,28.71442577030806,172.98959350585392,1
2191,30.072829131652593,28.483753501400496,35.9675674438422,1
2192,30.01302521008397,28.227450980392092,54.2165908813422,1
2193,29.978851540616184,27.96260504201674,62.91724777221134,1
2194,29.927591036414498,27.73193277310918,64.9044342040961,1
2195,29.884873949579763,27.467086834733834,73.30286407470157,1
2196,29.867787114845875,27.108263305322065,83.28961944579532,1
2197,29.81652661064419,26.74089635854336,91.7791442871021,1
2198,29.70546218487388,26.356442577030755,100.38353729247501,1
2199,29.526050420168,25.963445378151203,110.2199859619086,1
2200,29.27829131652654,25.596078431372494,119.56720733642032,1
2201,28.953641456582567,25.25434173669462,136.04307556151798,1
2202,28.543557422969126,24.963865546218432,154.45971679686772,1
2203,28.09929971988789,24.775910364145602,165.06042480468204,1
2204,27.637955182072766,24.664845938375294,176.8968658447211,1
2205,27.176610644257643,24.67338935574224,7.286180973045703,1
2206,26.757983193277248,24.792997198879497,21.091854095453527,1
2207,26.42478991596633,25.032212885154003,38.42922210692814,1
2208,26.168487394957925,25.373949579831873,58.65916442870548,1
2209,25.99761904761899,25.809663865546163,77.76429748534429,1
2210,25.912184873949524,26.296638655462125,89.28050231933048,1
2211,25.91218487394952,26.800700280111982,95.95171356200444,1
2212,25.97198879551815,27.26204481792711,102.36216735839298,1
2213,26.117226890756246,27.672128851540556,110.52682495116642,1
2214,26.373529411764643,28.030952380952318,124.08488464354741,1
2215,26.74089635854336,28.304341736694614,141.60629272460392,1
2216,27.176610644257643,28.483753501400496,170.38763427733647,1
2217,27.706302521008343,28.535014005602175,5.481039047233935,1
2218,28.26162464985988,28.432492997198814,25.395401000969287,1
2219,28.73151260504195,28.218907563025148,41.221870422356005,1
2220,29.115966386554554,27.877170868347275,59.127605438225146,1
2221,29.397899159663798,27.47563025210078,65.58042144774663,1
2222,29.526050420167998,27.108263305322065,81.00084686278569,1
2223,29.508963585434106,26.749439775910304,87.07228088378179,1
2224,29.38935574229685,26.3649859943977,102.36730957030522,1
2225,29.15868347338929,26.040336134453725,115.76122283935001,1
2226,28.834033613445314,25.758403361344477,133.3735504150318,1
2227,28.44957983193271,25.51918767506997,153.51028442382085,1
2228,28.013865546218426,25.39957983193272,171.8081970214771,1
2229,27.578151260504136,25.41666666666661,6.176104068747009,1
2230,27.168067226890695,25.561904761904707,26.848800659170593,1
2231,26.826330532212825,25.809663865546163,53.56394958495366,1
2232,26.57002801120442,26.159943977590977,73.71684265135991,1
2233,26.44187675070022,26.544397759103582,87.69790649413335,1
2234,26.42478991596633,26.937394957983134,98.72975158690679,1
2235,26.535854341736638,27.30476190476184,108.83683013915288,1
2236,26.7665266106442,27.66358543417361,124.8755798339771,1
2237,27.09971988795512,27.954061624649796,144.82339477538335,1
2238,27.518347338935513,28.184733893557357,157.0016326904224,1
2239,28.030952380952318,28.312885154061565,0.19907516240164114,1
2240,28.569187675069962,28.32142857142851,14.250275611870165,1
2241,29.04761904761898,28.218907563025148,21.10087394713446,1
2242,29.432072829131585,28.030952380952318,45.10997009276434,1
2243,29.71400560224083,27.800280112044753,54.614421844475146,1
2244,29.850700280111976,27.535434173669405,75.43861389159429,1
2245,29.82507002801114,27.25350140056016,90.68170166014897,1
2246,29.68837535013999,26.980112044817865,110.36413574218022,1
2247,29.457703081232427,26.74089635854336,123.16329193114507,1
2248,29.133053221288446,26.527310924369694,131.1519927978443,1
2249,28.73151260504195,26.399159663865486,151.7784118652271,1
2250,28.312885154061558,26.38207282913159,167.47708129882085,1
2251,27.91134453781506,26.44187675070022,4.822564601889098,1
2252,27.518347338935513,26.59565826330526,20.56003570555731,1
2253,27.159523809523744,26.843417366946717,35.43600463866278,1
2254,26.860504201680612,27.142436974789852,46.82159805297124,1
2255,26.612745098039152,27.501260504201618,63.09574890135809,1
2256,26.433333333333273,27.936974789915904,77.86786651610419,1
2257,26.347899159663804,28.38977591036408,90.11623382567632,1
2258,26.3649859943977,28.834033613445314,101.89170837401434,1
2259,26.484593837534952,29.269747899159597,113.28274536131903,1
2260,26.749439775910304,29.662745098039146,130.43501281737372,1
2261,26.8946778711484,29.961764705882285,142.8565673828034,1
2262,27.08263305322123,30.200980392156794,165.19697570799872,1
2263,27.25350140056016,30.388935574229624,158.4863281249909,1
2264,27.85154061624644,30.166806722689007,131.72480773924872,1
2265,28.372689075630188,29.833613445378084,129.0188446044831,1
2266,29.004901960784245,29.38935574229685,59.50900268553778,1
2267,29.568767507002736,28.851120448179206,34.29884338378179,1
2268,30.072829131652593,28.227450980392092,49.525180816641296,1
2269,30.055742296918698,27.92843137254896,68.35214233397528,1
2270,29.970308123249232,27.646498599439713,76.17981719969794,1
2271,29.83361344537808,27.38165266106436,84.65222930907294,1
2272,29.620028011204415,27.125350140055964,101.77701568602606,1
2273,29.34663865546212,26.903221288515347,118.96875762938726,1
2274,29.03053221288509,26.715266106442517,144.36685180663335,1
2275,28.663165266106375,26.59565826330526,176.17723083495184,1
2276,28.270168067226827,26.604201680672208,17.077293395987,1
2277,27.91134453781506,26.749439775910304,34.05854797362372,1
2278,27.60378151260498,26.988655462184816,54.87739562987372,1
2279,27.347478991596574,27.279131652661004,69.50724029539924,1
2280,27.168067226890695,27.595238095238035,83.59106445311409,1
2281,27.082633053221222,27.91134453781506,92.96435546873909,1
2282,27.082633053221222,28.218907563025148,98.10984039305549,1
2283,27.279131652661004,28.52647058823523,113.62593078612372,1
2284,27.6806722689075,28.774229691876684,128.31178283690497,1
2285,28.27871148459377,28.842577030812258,174.3634033203034,1
2286,28.885294117646993,28.79131652661058,11.781091690054382,1
2287,29.44915966386548,28.62899159663859,175.4050750732331,1
2288,29.842156862745032,28.355602240896292,48.755790710440124,1
2289,30.030112044817862,28.02240896358537,62.38422012328192,1
2290,29.99593837535007,27.757563025210022,75.32587432860237,1
2291,29.919047619047554,27.5525210084033,83.70121002196356,1
2292,29.81652661064419,27.30476190476184,94.84900665282112,1
2293,29.671288515406097,27.031372549019544,99.91239166258674,1
2294,29.46624649859937,26.7665266106442,111.6939697265534,1
2295,29.201400560224023,26.535854341736638,127.23747253417059,1
2296,28.85112044817921,26.30518207282907,145.5675048828034,1
2297,28.44957983193271,26.194117647058768,176.63716125487372,1
2298,28.02240896358537,26.211204481792656,7.9957919120679435,1
2299,27.60378151260498,26.356442577030755,28.07224845885139,1
2300,27.219327731092374,26.61274509803916,45.559371948231274,1
2301,26.903221288515347,26.954481792717026,62.91733551024299,1
2302,26.655462184873887,27.356022408963526,74.0550079345594,1
2303,26.484593837534952,27.783193277310865,81.43640136717659,1
2304,26.407703081232434,28.244537815125987,87.30411529540106,1
2305,26.42478991596633,28.68025210084027,93.46027374266487,1
2306,26.55294117647053,29.10742296918761,107.04947662352606,1
2307,26.775070028011147,29.50042016806716,117.41114044188362,1
2308,27.07408963585428,29.842156862745032,137.0533447265516,1
2309,27.26204481792711,30.14117647058817,149.40992736815315,1
2310,27.484173669467726,30.42310924369741,165.6131591796766,1
2311,28.15056022408957,30.28641456582626,141.40849304198127,1
2312,28.697338935574162,30.01302521008397,136.23341369627997,1
2313,29.064705882352875,29.71400560224083,71.71051788328987,1
2314,29.526050420167998,29.124509803921505,58.80186080931526,1
2315,29.83361344537808,28.458123249299653,65.90248107909065,1
2316,29.57731092436968,28.142016806722626,87.70446014403205,1
2317,29.303921568627384,27.894257703081173,111.54293060301825,1
2318,29.081792717086767,27.62941176470582,126.15541839598518,1
2319,28.76568627450974,27.56960784313719,138.86593627928596,1
2320,28.423949579831866,27.50980392156857,152.01559448241096,1
2321,28.030952380952318,27.43291316526604,163.77476501463752,1
2322,27.612324929971926,27.373109243697417,169.62503051756903,1
2323,27.15952380952375,27.356022408963526,169.15768432616096,1
2324,26.72380952380946,27.390196078431313,177.11174011229377,1
2325,26.31372549019602,27.518347338935513,11.445078849781567,1
2326,25.929271708683416,27.740476190476123,19.611503601063305,1
2327,25.587535014005546,28.030952380952318,36.62083053587776,1
2328,25.305602240896302,28.406862745097975,54.40622711180549,1
2329,25.066386554621793,28.76568627450974,65.4985885620008,1
2330,24.904061624649806,29.04761904761898,86.22547149657112,1
2331,24.83571428571423,29.261204481792653,91.13462829588752,1
2332,24.852801120448124,29.44061624649853,96.77448272703987,1
2333,24.955322128851485,29.551680672268844,108.7263946533094,1
2334,25.151820728291263,29.68837535013999,113.85309600828987,1
2335,25.416666666666607,29.87633053221282,128.22763061522346,1
2336,25.758403361344477,30.055742296918698,142.67204284666877,1
2337,26.04887955182067,30.226610644257637,153.43222045897346,1
2338,26.330812324929912,30.337675070027945,174.70782470702034,1
2339,26.604201680672208,30.388935574229624,174.0556945800672,1
2340,27.031372549019544,30.23515406162458,109.20450592039924,1
2341,27.467086834733834,29.95322128851534,90.72669219969612,1
2342,27.988235294117583,29.46624649859937,44.11567687987008,1
2343,28.44957983193271,28.885294117646993,45.58907318114143,1
2344,28.81694677871142,28.270168067226827,59.60214614866891,1
2345,28.953641456582567,27.783193277310858,77.11960601805549,1
2346,28.93655462184868,27.330392156862683,94.55603027342659,1
2347,28.79131652661058,26.963025210083977,109.8325729370008,1
2348,28.57773109243691,26.638375350139995,120.48305511473518,1
2349,28.304341736694614,26.322268907562965,133.37017822264352,1
2350,27.954061624649796,26.040336134453717,151.18070983885627,1
2351,27.56960784313719,25.869467787114786,172.8620910644422,1
2352,27.150980392156804,25.809663865546163,2.809466361986779,1
2353,26.715266106442517,25.852380952380894,13.619995117174767,1
2354,26.279551820728233,25.980532212885095,10.520070075977856,1
2355,25.835294117647003,26.168487394957925,11.702932357777172,1
2356,25.373949579831876,26.382072829131594,15.02521991728645,1
2357,24.921148459383698,26.638375350140002,21.389051437365197,1
2358,24.493977591036362,26.91176470588229,30.357900619495922,1
2359,24.09243697478986,27.219327731092374,35.30060195921578,1
2360,23.74215686274504,27.543977591036356,39.48300170897164,1
2361,23.451680672268857,27.902801120448117,47.52537155150276,1
2362,23.19537815126045,28.295798319327666,59.37204360960823,1
2363,22.990336134453734,28.722969187675005,65.35205841063362,1
2364,22.819467787114796,29.073249299719823,75.29180145262399,1
2365,22.665686274509756,29.372268907562955,78.31773376463752,1
2366,22.52044817927166,29.611484593837464,71.35104370116096,1
2367,22.37521008403356,29.748179271708615,68.7615509033094,1
2368,22.19579831932768,29.833613445378084,60.70200347899299,1
2369,22.0163865546218,29.919047619047554,52.96641159056344,1
2370,21.811344537815074,29.99593837535007,48.01681518553596,1
2371,21.572128851540565,30.08137254901954,39.09064102171578,1
2372,21.29873949579827,30.22661064425764,33.30374145506539,1
2373,21.03389355742292,30.320588235294046,32.853569030748986,1
2374,20.743417366946733,30.414565826330467,37.70643234251838,1
2375,20.43585434173665,30.508543417366877,23.702011108385705,1
2376,20.119747899159616,30.585434173669398,19.79841613768258,1
2377,19.80364145658259,30.66232492997192,15.563927650438927,1
2378,19.47899159663861,30.73921568627444,13.446947097767406,1
2379,19.154341736694636,30.756302521008337,24.418802261339806,1
2380,18.82969187675066,30.73921568627444,13.70086860655465,1
2381,18.496498599439736,30.67941176470581,8.181366920458458,1
2382,18.16330532212881,30.53417366946772,175.9564514160047,1
2383,17.7959383753501,30.388935574229624,172.4771728515516,1
2384,17.40294117647055,30.303501400560158,168.53439331053414,1
2385,17.00140056022405,30.260784313725424,168.0173645019422,1
2386,16.599859943977556,30.269327731092368,3.9007370471845206,1
2387,16.206862745098004,30.337675070027945,2.1205968856702384,1
2388,15.805322128851504,30.457282913165198,19.33561515806832,1
2389,15.437955182072795,30.517086834733824,21.677850723255688,1
2390,15.070588235294085,30.525630252100775,32.01529312132516,1
2391,14.694677871148425,30.508543417366884,12.963678359972619,1
2392,14.301680672268876,30.48291316526604,3.136538267122887,1
2393,13.900140056022376,30.448739495798254,1.3633627891431388,1
2394,13.472969187675039,30.46582633053215,17.946308135973595,1
2395,13.037254901960756,30.508543417366877,28.063970565784985,1
2396,12.610084033613417,30.559803921568562,23.95621299742561,1
2397,12.191456582633027,30.602521008403293,21.448036193836742,1
2398,11.992822128851515,30.596113445378084,22.499708175648266,1
2399,11.789915966386529,30.599673202614312,27.181770324696117,1
