frame,x_cm,y_cm,theta,detected
300,,,,0
301,,,,0
302,,,,0
303,,,,0
304,,,,0
305,,,,0
306,,,,0
307,2.2212885154061572,2.563025210084028,110.02197265625,1
308,2.349439775910359,2.7766106442576968,100.12062072753906,1
309,2.349439775910359,2.6484593837534955,108.55258178710938,1
310,2.4348739495798264,2.6484593837534955,113.97466278076172,1
311,,,,0
312,,,,0
313,,,,0
314,,,,0
315,,,,0
316,,,,0
317,,,,0
318,,,,0
319,,,,0
320,,,,0
321,,,,0
322,,,,0
323,,,,0
324,2.8193277310924305,2.093137254901956,147.7748260498047,1
325,2.7766106442576968,2.0077030812324885,135.4038543701172,1
326,2.7766106442576968,1.879551820728287,131.38778686523438,1
327,2.7766106442576968,1.708683473389352,140.59019470214844,1
328,2.733893557422963,1.5378151260504167,146.0011749267578,1
329,2.8620448179271643,1.5805322128851504,133.3985137939453,1
330,3.0329131652660997,1.6232492997198844,134.39974975585938,1
331,3.246498599439769,1.708683473389352,129.92796325683594,1
332,3.4600840336134375,1.7941176470588194,85.36207580566406,1
333,,,,0
334,,,,0
335,,,,0
336,,,,0
337,,,,0
338,,,,0
339,,,,0
340,,,,0
341,,,,0
342,,,,0
343,,,,0
344,,,,0
345,,,,0
346,,,,0
347,,,,0
348,,,,0
349,,,,0
350,,,,0
351,,,,0
352,,,,0
353,,,,0
354,,,,0
355,,,,0
356,,,,0
357,,,,0
358,,,,0
359,,,,0
360,,,,0
361,,,,0
362,,,,0
363,,,,0
364,1.281512605042014,1.7514005602240856,158.69656372070312,1
365,,,,0
366,,,,0
367,,,,0
368,,,,0
369,,,,0
370,,,,0
371,,,,0
372,,,,0
373,2.605742296918762,2.6911764705882293,161.22604370117188,1
374,,,,0
375,,,,0
376,3.2037815126050346,1.4096638655462153,159.13499450683594,1
377,2.990196078431366,1.1960784313725463,155.13140869140625,1
378,3.0756302521008334,1.281512605042014,137.23446655273438,1
379,3.417366946778704,1.5378151260504167,142.61749267578125,1
380,3.161064425770301,1.5378151260504167,144.45046997070312,1
381,,,,0
382,,,,0
383,,,,0
384,,,,0
385,3.2892156862745026,2.8620448179271643,66.45838928222656,1
386,2.904761904761898,1.7514005602240856,141.16278076171875,1
387,2.990196078431366,1.8368347338935533,136.09596252441406,1
388,2.947478991596632,1.8368347338935533,141.89974975585938,1
389,,,,0
390,,,,0
391,,,,0
392,,,,0
393,,,,0
394,,,,0
395,,,,0
396,,,,0
397,,,,0
398,,,,0
399,,,,0
400,,,,0
401,,,,0
402,3.118347338935567,1.3242296918767478,149.37118530273438,1
403,2.990196078431366,1.3242296918767478,123.3363265991211,1
404,3.2037815126050346,1.1960784313725463,148.40603637695312,1
405,3.3319327731092363,1.281512605042014,152.8924560546875,1
406,3.37464985994397,1.281512605042014,65.83586120605469,1
407,3.3319327731092363,1.281512605042014,77.36053466796875,1
408,3.161064425770301,1.452380952380949,87.31892395019531,1
409,0.7689075630252084,3.417366946778704,38.872718811035156,1
410,0.854341736694676,3.8872549019607754,52.7386589050293,1
411,1.1960784313725463,4.2717086834733795,74.03241729736328,1
412,1.5378151260504167,4.4425770308123145,59.916587829589844,1
413,1.8368347338935533,4.869747899159653,92.24610137939453,1
414,2.093137254901956,5.211484593837524,102.48970794677734,1
415,2.349439775910359,5.339635854341725,127.29322052001953,1
416,2.7766106442576968,5.5532212885153935,139.2261962890625,1
417,3.2892156862745026,5.809523809523796,158.56231689453125,1
418,3.801820728291308,5.937675070027998,4.796823024749756,1
419,4.399859943977581,5.980392156862732,12.834208488464355,1
420,4.997899159663854,5.894957983193264,24.795698165893555,1
421,5.595938375350127,5.681372549019595,38.05226135253906,1
422,6.065826330532199,5.382352941176459,49.914058685302734,1
423,6.450280112044803,4.95518207282912,65.03197479248047,1
424,6.706582633053206,4.4425770308123145,74.79875183105469,1
425,6.792016806722674,3.9726890756302433,86.1400375366211,1
426,6.834733893557408,3.417366946778704,97.48033142089844,1
427,6.74929971988794,2.8193277310924305,103.20594787597656,1
428,6.706582633053206,2.520308123249294,114.57183074951172,1
429,6.450280112044803,2.349439775910359,129.5832977294922,1
430,6.108543417366933,2.4348739495798264,152.0977783203125,1
431,5.7240896358543285,2.47759103641456,157.74777221679688,1
432,5.425070028011192,2.563025210084028,2.3596837520599365,1
433,4.997899159663854,2.6484593837534955,8.068357467651367,1
434,4.357142857142847,2.947478991596632,34.37384033203125,1
435,3.8445378151260416,3.3319327731092363,46.15827941894531,1
436,3.545518207282905,3.7163865546218404,55.91396713256836,1
437,3.2892156862745026,4.314425770308113,62.86025619506836,1
438,3.118347338935567,4.9124649859943865,70.09576416015625,1
439,3.0756302521008334,5.382352941176459,79.96643829345703,1
440,3.118347338935567,5.894957983193264,86.4170913696289,1
441,3.2037815126050346,6.3648459383753355,87.77913665771484,1
442,3.37464985994397,6.834733893557408,93.80534362792969,1
443,3.630952380952373,7.261904761904746,106.7284927368164,1
444,4.015406162464977,7.689075630252083,122.65107727050781,1
445,4.485294117647049,7.98809523809522,136.63641357421875,1
446,5.040616246498588,8.287114845938357,159.7297821044922,1
447,5.51050420168066,8.415266106442559,1.653956413269043,1
448,6.065826330532199,8.329831932773091,14.976698875427246,1
449,6.578431372549005,8.116246498599422,37.12466812133789,1
450,7.0056022408963425,7.859943977591019,57.326725006103516,1
451,7.261904761904746,7.518207282913148,64.9298324584961,1
452,7.432773109243681,7.09103641456581,77.97252655029297,1
453,7.518207282913148,6.663865546218473,86.54303741455078,1
454,7.432773109243681,6.1939775910364006,95.31956481933594,1
455,7.347338935574213,5.7240896358543285,97.92826080322266,1
456,7.133753501400544,5.296918767506991,103.57628631591797,1
457,6.877450980392141,4.827030812324919,108.87444305419922,1
458,6.578431372549005,4.399859943977581,121.11054229736328,1
459,6.236694677871134,4.143557422969178,129.0609588623047,1
460,5.766806722689062,3.8872549019607754,146.31500244140625,1
461,5.425070028011192,3.8445378151260416,163.8219757080078,1
462,5.0833333333333215,3.7163865546218404,173.36761474609375,1
463,4.528011204481783,3.6736694677871067,3.780160665512085,1
464,3.9726890756302433,3.6736694677871067,10.909494400024414,1
465,3.5028011204481713,3.8445378151260416,29.919174194335938,1
466,3.118347338935567,4.1008403361344445,41.2268180847168,1
467,2.733893557422963,4.656162464985984,59.633949279785156,1
468,2.563025210084028,5.126050420168056,71.34532928466797,1
469,2.47759103641456,5.7240896358543285,77.2215347290039,1
470,2.520308123249294,6.108543417366933,86.37342071533203,1
471,2.6484593837534955,6.621148459383739,94.2724380493164,1
472,2.8620448179271643,7.133753501400544,104.18473052978516,1
473,3.2037815126050346,7.603641456582616,121.39283752441406,1
474,3.5028011204481713,7.902661064425753,145.15931701660156,1
475,4.186274509803912,8.287114845938357,159.857177734375,1
476,4.784313725490185,8.500700280112026,179.46006774902344,1
477,5.382352941176459,8.586134453781494,16.45340347290039,1
478,6.023109243697466,8.500700280112026,29.584823608398438,1
479,6.407563025210069,8.287114845938357,44.50821304321289,1
480,6.792016806722674,8.030812324929954,59.805633544921875,1
481,6.962885154061609,7.6463585434173496,69.18928527832031,1
482,7.0056022408963425,7.432773109243681,81.50529479980469,1
483,6.962885154061609,6.706582633053206,95.88878631591797,1
484,6.792016806722674,6.279411764705868,109.64212799072266,1
485,6.492997198879538,5.894957983193264,121.63783264160156,1
486,6.1939775910364006,5.7240896358543285,145.9876708984375,1
487,5.766806722689062,5.51050420168066,162.4197998046875,1
488,5.254201680672257,5.467787114845926,3.543386459350586,1
489,4.741596638655452,5.595938375350127,15.805665016174316,1
490,4.357142857142847,5.852240896358531,32.632667541503906,1
491,3.9299719887955096,6.1939775910364006,40.140869140625,1
492,3.6736694677871067,6.578431372549005,48.19065475463867,1
493,3.5028011204481713,6.962885154061609,61.731258392333984,1
494,3.246498599439769,7.603641456582616,77.39946746826172,1
495,3.2037815126050346,8.201680672268889,91.06094360351562,1
496,3.3319327731092363,8.757002801120429,106.00362396240234,1
497,3.5882352941176388,9.312324929971968,126.65557861328125,1
498,4.015406162464977,9.739495798319306,143.08995056152344,1
499,4.485294117647049,10.038515406162443,162.22357177734375,1
500,5.0833333333333215,10.252100840336112,178.25413513183594,1
501,5.681372549019595,10.252100840336112,6.452420234680176,1
502,6.236694677871134,10.209383753501378,9.202465057373047,1
503,6.663865546218473,10.081232492997175,19.961660385131836,1
504,7.09103641456581,9.78221288515404,30.353851318359375,1
505,7.432773109243681,9.440476190476168,42.57279968261719,1
506,7.774509803921551,9.013305322128831,54.253639221191406,1
507,7.98809523809522,8.543417366946759,69.13858795166016,1
508,8.158963585434154,8.030812324929954,79.03773498535156,1
509,8.287114845938357,7.689075630252083,90.74698638916016,1
510,8.329831932773091,7.219187675070012,98.49884796142578,1
511,8.201680672268889,6.663865546218473,102.17349243164062,1
512,7.902661064425753,6.023109243697466,117.67507934570312,1
513,7.560924369747882,5.638655462184861,133.5072479248047,1
514,7.09103641456581,5.339635854341725,150.49452209472656,1
515,6.621148459383739,5.211484593837524,173.72975158691406,1
516,6.322128851540602,5.16876750700279,4.823019027709961,1
517,5.894957983193264,5.254201680672257,18.942888259887695,1
518,5.467787114845926,5.467787114845926,34.3548583984375,1
519,5.16876750700279,5.809523809523796,46.319190979003906,1
520,4.95518207282912,6.1939775910364006,58.9980354309082,1
521,4.827030812324919,6.706582633053206,77.53348541259766,1
522,4.827030812324919,7.133753501400544,87.71598052978516,1
523,5.040616246498588,7.731792717086817,109.8028564453125,1
524,5.382352941176459,8.201680672268889,128.2522735595703,1
525,5.809523809523796,8.457983193277292,149.59115600585938,1
526,6.407563025210069,8.628851540616227,172.42919921875,1
527,6.962885154061609,8.628851540616227,8.948729515075684,1
528,7.603641456582616,8.457983193277292,22.493629455566406,1
529,8.073529411764687,8.201680672268889,40.57770538330078,1
530,8.287114845938357,8.116246498599422,49.010581970214844,1
531,8.757002801120429,7.518207282913148,62.1828727722168,1
532,9.098739495798299,7.048319327731076,69.26651763916016,1
533,9.397759103641436,6.407563025210069,78.1670913696289,1
534,9.525910364145636,5.766806722689062,87.35079956054688,1
535,9.483193277310903,5.211484593837524,101.44221496582031,1
536,9.397759103641436,4.9124649859943865,116.56917572021484,1
537,9.056022408963566,4.2717086834733795,124.6089096069336,1
538,8.671568627450961,3.8445378151260416,137.55299377441406,1
539,8.372549019607824,3.7163865546218404,150.85597229003906,1
540,7.945378151260487,3.545518207282905,166.65684509277344,1
541,7.432773109243681,3.4600840336134375,175.22921752929688,1
542,6.920168067226875,3.4600840336134375,177.78848266601562,1
543,6.407563025210069,3.5882352941176388,9.806296348571777,1
544,5.894957983193264,3.759103641456574,26.470149993896484,1
545,5.425070028011192,3.9726890756302433,33.64556884765625,1
546,4.95518207282912,4.399859943977581,48.01253890991211,1
547,4.528011204481783,4.9124649859943865,60.22999954223633,1
548,4.314425770308113,5.382352941176459,70.32795715332031,1
549,4.186274509803912,5.937675070027998,76.95024871826172,1
550,4.1008403361344445,6.492997198879538,83.87928771972656,1
551,4.1008403361344445,6.962885154061609,89.6270751953125,1
552,4.228991596638646,7.475490196078415,101.07890319824219,1
553,4.4425770308123145,7.859943977591019,114.25748443603516,1
554,4.827030812324919,8.287114845938357,124.70664978027344,1
555,5.296918767506991,8.671568627450961,136.09872436523438,1
556,5.852240896358531,8.927871148459364,158.87496948242188,1
557,6.407563025210069,9.056022408963566,177.55418395996094,1
558,7.0056022408963425,9.013305322128831,16.333345413208008,1
559,7.432773109243681,8.799719887955161,39.25999450683594,1
560,7.859943977591019,8.500700280112026,54.35990905761719,1
561,8.030812324929954,8.244397759103624,60.14152145385742,1
562,8.287114845938357,7.603641456582616,73.42460632324219,1
563,8.287114845938357,7.347338935574213,88.06526184082031,1
564,8.244397759103624,6.621148459383739,97.56651306152344,1
565,8.030812324929954,6.151260504201667,113.54147338867188,1
566,7.731792717086817,5.681372549019595,133.28053283691406,1
567,7.30462184873948,5.382352941176459,155.0501708984375,1
568,6.834733893557408,5.16876750700279,173.11517333984375,1
569,6.407563025210069,5.126050420168056,13.569910049438477,1
570,5.937675070027998,5.296918767506991,32.92124557495117,1
571,5.51050420168066,5.595938375350127,49.006103515625,1
572,5.16876750700279,6.023109243697466,57.50981903076172,1
573,4.95518207282912,6.407563025210069,57.47090148925781,1
574,4.698879551820718,6.962885154061609,57.283443450927734,1
575,4.485294117647049,7.475490196078415,57.04444885253906,1
576,4.314425770308113,7.98809523809522,64.12284851074219,1
577,4.228991596638646,8.415266106442559,64.54943084716797,1
578,4.1008403361344445,8.927871148459364,70.20484924316406,1
579,4.015406162464977,9.483193277310903,71.95702362060547,1
580,3.9726890756302433,10.038515406162443,77.95098114013672,1
581,4.058123249299711,10.508403361344515,93.70513153076172,1
582,4.314425770308113,11.02100840336132,106.49398040771484,1
583,4.698879551820718,11.448179271708657,125.5962142944336,1
584,5.211484593837524,11.832633053221262,138.89532470703125,1
585,5.681372549019595,12.088935574229664,150.09417724609375,1
586,6.279411764705868,12.345238095238068,165.50241088867188,1
587,6.834733893557408,12.473389355742269,171.0166473388672,1
588,7.30462184873948,12.516106442577003,177.59222412109375,1
589,7.859943977591019,12.430672268907536,2.568800926208496,1
590,8.201680672268889,12.259803921568599,18.32073974609375,1
591,8.714285714285694,11.960784313725464,32.944000244140625,1
592,9.141456582633033,11.533613445378124,51.06439208984375,1
593,9.397759103641436,11.149159663865522,65.95665740966797,1
594,9.654061624649838,10.636554621848715,76.22071075439453,1
595,9.824929971988773,9.953081232492975,88.65418243408203,1
596,9.78221288515404,9.440476190476168,101.12992095947266,1
597,9.696778711484573,8.970588235294098,109.4256362915039,1
598,9.440476190476168,8.543417366946759,123.56657409667969,1
599,9.098739495798299,8.116246498599422,126.42127227783203,1
600,8.757002801120429,7.774509803921551,134.30833435058594,1
601,8.329831932773091,7.560924369747882,146.56150817871094,1
602,7.859943977591019,7.475490196078415,161.81068420410156,1
603,7.475490196078415,7.475490196078415,173.8395233154297,1
604,7.0056022408963425,7.6463585434173496,7.4900431632995605,1
605,6.621148459383739,7.774509803921551,19.80892562866211,1
606,6.151260504201667,7.98809523809522,33.29734420776367,1
607,5.7240896358543285,8.372549019607824,42.60039520263672,1
608,5.425070028011192,8.799719887955161,50.00535583496094,1
609,5.211484593837524,9.184173669467766,59.316734313964844,1
610,5.0833333333333215,9.483193277310903,67.95990753173828,1
611,4.9124649859943865,10.209383753501378,75.28355407714844,1
612,4.827030812324919,10.80742296918765,82.15215301513672,1
613,4.827030812324919,11.320028011204457,86.50007629394531,1
614,4.95518207282912,11.875350140055996,88.74239349365234,1
615,5.126050420168056,12.430672268907536,89.77708435058594,1
616,5.382352941176459,12.94327731092434,95.91902160644531,1
617,5.681372549019595,13.327731092436945,111.6398696899414,1
618,6.151260504201667,13.669467787114815,129.18919372558594,1
619,6.621148459383739,13.883053221288485,152.31787109375,1
620,7.048319327731076,13.968487394957952,176.268310546875,1
621,7.6463585434173496,13.968487394957952,2.8204219341278076,1
622,8.244397759103624,13.925770308123218,6.3834309577941895,1
623,8.799719887955161,13.797619047619017,12.838029861450195,1
624,9.269607843137234,13.62675070028008,13.31693172454834,1
625,9.824929971988773,13.413165266106413,18.268341064453125,1
626,10.209383753501378,13.15686274509801,23.72932243347168,1
627,10.764705882352917,12.815126050420139,33.44013595581055,1
628,11.063725490196054,12.430672268907536,46.92458724975586,1
629,11.320028011204457,12.003501400560197,57.21560287475586,1
630,11.490896358543392,11.533613445378124,66.82368469238281,1
631,11.619047619047592,10.978291316526587,78.47840118408203,1
632,11.661764705882327,10.46568627450978,89.27413940429688,1
633,11.704481792717061,9.995798319327708,103.49688720703125,1
634,11.533613445378124,9.397759103641436,114.30892181396484,1
635,11.23459383753499,9.056022408963566,133.40933227539062,1
636,10.764705882352917,8.671568627450961,161.50439453125,1
637,10.252100840336112,8.500700280112026,177.71783447265625,1
638,9.824929971988773,8.457983193277292,6.507612228393555,1
639,9.312324929971968,8.543417366946759,21.05811882019043,1
640,8.885154061624629,8.757002801120429,31.841394424438477,1
641,8.500700280112026,9.056022408963566,41.72206497192383,1
642,8.287114845938357,9.312324929971968,50.445560455322266,1
643,7.902661064425753,9.78221288515404,58.406898498535156,1
644,7.6463585434173496,10.380252100840313,59.78477096557617,1
645,7.390056022408947,10.935574229691852,68.6898422241211,1
646,7.261904761904746,11.448179271708657,73.70860290527344,1
647,7.133753501400544,12.088935574229664,75.48687744140625,1
648,7.133753501400544,12.60154061624647,77.16871643066406,1
649,7.1764705882352775,13.15686274509801,84.3537368774414,1
650,7.261904761904746,13.541316526610613,91.57404327392578,1
651,7.390056022408947,14.05392156862742,95.29813385009766,1
652,7.560924369747882,14.60924369747896,97.2833480834961,1
653,7.774509803921551,15.249999999999966,102.85893249511719,1
654,8.030812324929954,15.762605042016771,105.42900848388672,1
655,8.415266106442559,16.147058823529374,121.46305084228516,1
656,8.799719887955161,16.360644257703044,137.8721160888672,1
657,9.312324929971968,16.616946778711448,154.53819274902344,1
658,9.824929971988773,16.787815126050383,173.52505493164062,1
659,10.46568627450978,16.915966386554583,0.5679803490638733,1
660,10.978291316526587,16.915966386554583,6.964473724365234,1
661,11.490896358543392,16.787815126050383,9.381692886352539,1
662,12.003501400560197,16.53151260504198,16.109844207763672,1
663,12.516106442577003,16.147058823529374,36.22624206542969,1
664,12.815126050420139,15.805322128851506,55.89656066894531,1
665,12.94327731092434,15.378151260504167,68.89127349853516,1
666,13.071428571428543,14.822829131652627,79.58857727050781,1
667,13.071428571428543,14.481092436974757,93.6431655883789,1
668,12.94327731092434,13.754901960784283,105.39981079101562,1
669,12.729691876750671,13.370448179271678,115.73115539550781,1
670,12.387955182072801,12.815126050420139,125.5920639038086,1
671,11.960784313725464,12.430672268907536,137.7613525390625,1
672,11.490896358543392,12.088935574229664,153.66172790527344,1
673,11.02100840336132,11.918067226890729,165.9630126953125,1
674,10.294817927170845,11.832633053221262,4.485235214233398,1
675,9.867647058823508,11.875350140055996,17.813867568969727,1
676,9.355042016806701,12.046218487394931,25.14326286315918,1
677,8.842436974789896,12.259803921568599,32.85859680175781,1
678,8.500700280112026,12.558823529411736,47.63876724243164,1
679,8.244397759103624,12.985994397759075,62.16482162475586,1
680,8.073529411764687,13.455882352941146,72.57254028320312,1
681,7.945378151260487,13.925770308123218,78.72453308105469,1
682,7.902661064425753,14.438375350140024,83.25117492675781,1
683,7.902661064425753,14.95098039215683,87.63420104980469,1
684,7.945378151260487,15.506302521008369,85.32199096679688,1
685,7.98809523809522,16.06162464985991,91.88729095458984,1
686,8.073529411764687,16.659663865546182,93.23042297363281,1
687,8.201680672268889,17.214985994397722,94.11395263671875,1
688,8.372549019607824,17.684873949579792,97.65973663330078,1
689,8.543417366946759,18.11204481792713,97.75878143310547,1
690,8.799719887955161,18.624649859943936,100.292236328125,1
691,9.056022408963566,19.00910364145654,110.16265869140625,1
692,9.440476190476168,19.308123249299676,120.50294494628906,1
693,9.824929971988773,19.60714285714281,129.43649291992188,1
694,10.294817927170845,19.948879551820685,137.3968505859375,1
695,10.80742296918765,20.11974789915962,142.0470428466797,1
696,11.277310924369722,20.205182072829086,159.58580017089844,1
697,11.789915966386529,20.16246498599435,173.22787475585938,1
698,12.345238095238068,20.077030812324885,9.133602142333984,1
699,12.94327731092434,19.863445378151216,26.95831298828125,1
700,13.455882352941146,19.47899159663861,44.638057708740234,1
701,13.84033613445375,19.051820728291272,52.31888198852539,1
702,14.139355742296887,18.539215686274467,57.77132797241211,1
703,14.39565826330529,18.026610644257662,64.03402709960938,1
704,14.694677871148427,17.471288515406123,70.27874755859375,1
705,14.993697478991562,16.787815126050383,73.19644927978516,1
706,15.164565826330499,16.18977591036411,70.6468734741211,1
707,15.249999999999966,15.805322128851506,73.22643280029297,1
708,15.378151260504167,15.036414565826297,82.64405822753906,1
709,15.249999999999966,14.481092436974757,92.80423736572266,1
710,15.164565826330499,14.18207282913162,107.16045379638672,1
711,14.780112044817894,13.370448179271678,127.19075012207031,1
712,14.352941176470555,12.900560224089606,148.01727294921875,1
713,13.883053221288485,12.60154061624647,171.33059692382812,1
714,13.370448179271678,12.430672268907536,6.116840362548828,1
715,12.857843137254873,12.473389355742269,24.40664291381836,1
716,12.430672268907536,12.558823529411736,29.139596939086914,1
717,12.003501400560197,12.772408963585406,36.90663528442383,1
718,11.661764705882327,13.028711484593808,44.11714172363281,1
719,11.36274509803919,13.455882352941146,53.30095672607422,1
720,11.149159663865522,13.797619047619017,65.9538345336914,1
721,10.978291316526587,14.310224089635822,76.1791000366211,1
722,10.935574229691852,14.780112044817894,89.12477111816406,1
723,10.978291316526587,15.207282913165232,96.10466003417969,1
724,11.149159663865522,15.591736694677836,105.197998046875,1
725,11.405462184873924,15.933473389355706,122.85743713378906,1
726,11.789915966386529,16.232492997198843,132.30393981933594,1
727,12.217086834733866,16.53151260504198,143.0894775390625,1
728,12.772408963585406,16.830532212885117,152.75978088378906,1
729,13.413165266106413,17.129551820728253,153.41976928710938,1
730,13.968487394957952,17.214985994397722,163.88742065429688,1
731,14.566526610644225,17.300420168067188,168.93682861328125,1
732,15.207282913165232,17.300420168067188,0.26426345109939575,1
733,15.848039215686239,17.172268907562987,8.060938835144043,1
734,16.403361344537778,17.044117647058783,14.651960372924805,1
735,16.915966386554583,16.787815126050383,25.10866355895996,1
736,17.172268907562987,16.53151260504198,41.71660614013672,1
737,17.642156862745058,15.97619047619044,53.676639556884766,1
738,17.983893557422928,15.506302521008369,64.32652282714844,1
739,18.197478991596597,14.95098039215683,70.97879791259766,1
740,18.411064425770267,14.352941176470555,76.23719787597656,1
741,18.624649859943936,13.669467787114815,76.5341567993164,1
742,18.752801120448137,13.028711484593808,79.50242614746094,1
743,18.79551820728287,12.387955182072801,87.37430572509766,1
744,18.752801120448137,11.875350140055996,89.82797241210938,1
745,18.624649859943936,11.36274509803919,96.3719253540039,1
746,18.453781512605,10.892857142857117,102.3193588256836,1
747,18.24019607843133,10.46568627450978,106.17413330078125,1
748,17.941176470588196,9.995798319327708,115.29413604736328,1
749,17.556722689075592,9.525910364145636,125.43853759765625,1
750,17.172268907562987,9.184173669467766,129.05624389648438,1
751,16.702380952380913,8.799719887955161,127.85774993896484,1
752,16.147058823529374,8.372549019607824,133.793212890625,1
753,15.677170868347304,7.945378151260487,133.49777221679688,1
754,15.164565826330499,7.6463585434173496,135.42413330078125,1
755,14.651960784313692,7.30462184873948,137.15017700195312,1
756,14.139355742296887,7.0056022408963425,144.0308837890625,1
757,13.669467787114815,6.834733893557408,152.4361572265625,1
758,13.242296918767478,6.663865546218473,160.05206298828125,1
759,12.815126050420139,6.663865546218473,168.11936950683594,1
760,12.345238095238068,6.706582633053206,177.54344177246094,1
761,11.918067226890729,6.877450980392141,10.111540794372559,1
762,11.405462184873924,7.133753501400544,24.25130271911621,1
763,11.063725490196054,7.432773109243681,41.17180252075195,1
764,10.764705882352917,7.8172268907562845,59.26029586791992,1
765,10.551120448179248,8.287114845938357,71.99653625488281,1
766,10.422969187675047,8.799719887955161,82.48711395263672,1
767,10.422969187675047,9.141456582633033,93.34215545654297,1
768,10.551120448179248,9.696778711484573,99.78584289550781,1
769,10.80742296918765,10.12394957983191,108.29498291015625,1
770,11.106442577030787,10.422969187675047,125.3174057006836,1
771,11.619047619047592,10.721988795518183,144.2540740966797,1
772,12.131652661064399,10.892857142857117,163.0684814453125,1
773,12.60154061624647,10.935574229691852,5.6145172119140625,1
774,13.28501400560221,10.850140056022385,21.406448364257812,1
775,13.754901960784283,10.636554621848715,37.42183303833008,1
776,14.05392156862742,10.380252100840313,42.73946762084961,1
777,14.352941176470555,9.995798319327708,49.791534423828125,1
778,14.60924369747896,9.56862745098037,60.42794418334961,1
779,14.780112044817894,9.141456582633033,71.80050659179688,1
780,14.865546218487362,8.543417366946759,80.5401611328125,1
781,14.865546218487362,8.073529411764687,92.47911071777344,1
782,14.865546218487362,7.603641456582616,98.84941864013672,1
783,14.694677871148427,6.920168067226875,112.19278717041016,1
784,14.39565826330529,6.236694677871134,125.54766845703125,1
785,14.05392156862742,5.809523809523796,132.24688720703125,1
786,13.669467787114815,5.467787114845926,146.83656311035156,1
787,13.242296918767478,5.16876750700279,153.85557556152344,1
788,12.815126050420139,4.997899159663854,161.09645080566406,1
789,12.387955182072801,4.9124649859943865,171.1884002685547,1
790,11.960784313725464,4.95518207282912,171.7193145751953,1
791,11.533613445378124,5.0833333333333215,6.7255024909973145,1
792,11.02100840336132,5.254201680672257,30.174169540405273,1
793,10.593837535013982,5.595938375350127,42.62082290649414,1
794,10.380252100840313,5.852240896358531,51.67924499511719,1
795,10.209383753501378,6.236694677871134,63.59006881713867,1
796,10.038515406162443,6.706582633053206,71.64933776855469,1
797,9.995798319327708,7.1764705882352775,86.00531005859375,1
798,10.081232492997175,7.689075630252083,93.77401733398438,1
799,10.294817927170845,8.116246498599422,105.04037475585938,1
800,10.636554621848715,8.415266106442559,119.32627868652344,1
801,11.063725490196054,8.714285714285694,132.74639892578125,1
802,11.57633053221286,8.970588235294098,148.56854248046875,1
803,12.046218487394931,9.098739495798299,152.42564392089844,1
804,12.644257703081204,9.355042016806701,155.27947998046875,1
805,13.28501400560221,9.525910364145636,163.22422790527344,1
806,13.797619047619017,9.611344537815105,172.2800750732422,1
807,14.310224089635822,9.525910364145636,2.160059690475464,1
808,14.908263305322095,9.440476190476168,4.371639251708984,1
809,15.378151260504167,9.2268907563025,16.020702362060547,1
810,15.848039215686239,8.927871148459364,33.91725540161133,1
811,16.275210084033578,8.500700280112026,50.905845642089844,1
812,16.659663865546182,8.030812324929954,58.78166961669922,1
813,17.001400560224052,7.560924369747882,66.66586303710938,1
814,17.343137254901922,6.920168067226875,68.91641235351562,1
815,17.556722689075592,6.236694677871134,76.23775482177734,1
816,17.727591036414527,5.467787114845926,81.69073486328125,1
817,17.813025210083993,4.869747899159653,86.8174819946289,1
818,17.813025210083993,4.186274509803912,86.67317962646484,1
819,17.727591036414527,3.4600840336134375,94.72640228271484,1
820,17.599439775910323,2.990196078431366,99.8255386352539,1
821,17.343137254901922,2.520308123249294,109.44634246826172,1
822,17.129551820728253,2.306722689075625,123.58387756347656,1
823,16.87324929971985,2.093137254901956,134.14662170410156,1
824,16.488795518207247,1.7941176470588194,151.7708740234375,1
825,15.933473389355706,1.5378151260504167,161.692138671875,1
826,15.463585434173634,1.4096638655462153,168.05999755859375,1
827,15.036414565826297,1.281512605042014,169.2049560546875,1
828,14.523809523809492,1.23879551820728,171.9022216796875,1
829,14.096638655462153,1.23879551820728,174.28627014160156,1
830,13.541316526610613,1.23879551820728,172.5841064453125,1
831,12.94327731092434,1.281512605042014,179.2491912841797,1
832,12.558823529411736,1.4096638655462153,2.5309793949127197,1
833,12.131652661064399,1.6232492997198844,13.900416374206543,1
834,11.661764705882327,1.879551820728287,27.63446807861328,1
835,11.36274509803919,2.1358543417366898,43.006011962890625,1
836,11.191876750700255,2.4348739495798264,53.132179260253906,1
837,10.978291316526587,2.904761904761898,61.354915618896484,1
838,10.892857142857117,3.3319327731092363,73.59332275390625,1
839,10.80742296918765,3.801820728291308,83.53326416015625,1
840,10.850140056022385,4.2717086834733795,90.60900115966797,1
841,10.978291316526587,4.827030812324919,94.5016098022461,1
842,11.191876750700255,5.339635854341725,99.51422882080078,1
843,11.448179271708657,5.809523809523796,106.11015319824219,1
844,11.747198879551794,6.1939775910364006,112.0738754272461,1
845,12.174369747899132,6.621148459383739,117.46446990966797,1
846,12.644257703081204,7.0056022408963425,119.63626098632812,1
847,13.114145658263276,7.30462184873948,133.5342254638672,1
848,13.62675070028008,7.560924369747882,148.33380126953125,1
849,14.18207282913162,7.6463585434173496,165.51431274414062,1
850,14.780112044817894,7.603641456582616,0.36443376541137695,1
851,15.249999999999966,7.475490196078415,16.194076538085938,1
852,15.762605042016771,7.1764705882352775,27.828447341918945,1
853,16.06162464985991,6.920168067226875,51.89777755737305,1
854,16.488795518207247,6.236694677871134,68.19564056396484,1
855,16.702380952380913,5.681372549019595,84.90939331054688,1
856,16.787815126050383,5.211484593837524,90.66717529296875,1
857,16.745098039215648,4.61344537815125,97.01118469238281,1
858,16.574229691876713,4.015406162464977,107.39974212646484,1
859,16.31792717086831,3.5028011204481713,119.00341796875,1
860,16.018907563025174,3.118347338935567,121.72760772705078,1
861,15.762605042016771,2.7766106442576968,122.51776885986328,1
862,15.420868347338901,2.349439775910359,123.68058013916016,1
863,15.121848739495764,2.2640056022408914,134.3486328125,1
864,14.780112044817894,2.349439775910359,154.94825744628906,1
865,14.18207282913162,2.2640056022408914,164.5606689453125,1
866,13.71218487394955,2.306722689075625,170.6861572265625,1
867,13.28501400560221,2.4348739495798264,6.670372486114502,1
868,12.985994397759075,2.605742296918762,17.307865142822266,1
869,12.686974789915938,2.8193277310924305,32.083133697509766,1
870,12.174369747899132,3.246498599439769,44.73551559448242,1
871,11.918067226890729,3.545518207282905,57.04243469238281,1
872,11.704481792717061,4.058123249299711,65.7885513305664,1
873,11.619047619047592,4.570728291316517,74.03636932373047,1
874,11.619047619047592,5.0833333333333215,84.89395904541016,1
875,11.704481792717061,5.467787114845926,93.85611724853516,1
876,11.960784313725464,5.980392156862732,108.68316650390625,1
877,12.345238095238068,6.535714285714271,121.8340835571289,1
878,12.857843137254873,6.920168067226875,142.40423583984375,1
879,13.370448179271678,7.133753501400544,157.6649932861328,1
880,13.925770308123218,7.261904761904746,176.76646423339844,1
881,14.481092436974757,7.219187675070012,8.503457069396973,1
882,14.95098039215683,7.0056022408963425,18.27863311767578,1
883,15.463585434173634,6.74929971988794,25.775972366333008,1
884,15.890756302520973,6.450280112044803,41.69675064086914,1
885,16.31792717086831,5.980392156862732,55.83327102661133,1
886,16.616946778711448,5.425070028011192,68.26740264892578,1
887,16.830532212885117,4.997899159663854,71.63050079345703,1
888,17.044117647058783,4.485294117647049,76.56836700439453,1
889,17.129551820728253,4.015406162464977,81.35611724853516,1
890,17.086834733893518,3.4600840336134375,91.76569366455078,1
891,17.001400560224052,2.947478991596632,94.56389617919922,1
892,16.87324929971985,2.6484593837534955,105.88031005859375,1
893,16.659663865546182,2.47759103641456,123.12576293945312,1
894,16.403361344537778,2.349439775910359,145.54403686523438,1
895,15.848039215686239,2.0504201680672223,157.8732452392578,1
896,15.292717086834699,1.9222689075630208,179.25296020507812,1
897,14.780112044817894,1.9222689075630208,7.356899738311768,1
898,14.310224089635822,2.0077030812324885,14.082387924194336,1
899,13.968487394957952,2.1785714285714235,31.3930606842041,1
900,13.754901960784283,2.4348739495798264,52.94008255004883,1
901,13.49859943977588,2.8193277310924305,78.37577819824219,1
902,13.413165266106413,3.3319327731092363,96.40704345703125,1
903,13.49859943977588,3.8445378151260416,103.21656036376953,1
904,13.71218487394955,4.186274509803912,115.4488754272461,1
905,14.05392156862742,4.528011204481783,129.92893981933594,1
906,14.566526610644225,4.827030812324919,149.574951171875,1
907,15.079131652661031,4.997899159663854,172.4980926513672,1
908,15.549019607843102,4.9124649859943865,11.708660125732422,1
909,16.104341736694643,4.656162464985984,30.34681510925293,1
910,16.488795518207247,4.357142857142847,43.88325881958008,1
911,16.745098039215648,3.9726890756302433,57.655357360839844,1
912,17.001400560224052,3.5028011204481713,70.94122314453125,1
913,17.086834733893518,2.947478991596632,84.70101928710938,1
914,17.214985994397722,2.563025210084028,94.96578979492188,1
915,17.343137254901922,2.7766106442576968,104.22207641601562,1
916,17.214985994397722,2.6484593837534955,115.11590576171875,1
917,17.086834733893518,2.6484593837534955,115.60144805908203,1
918,16.830532212885117,2.47759103641456,123.21330261230469,1
919,16.488795518207247,2.306722689075625,127.09425354003906,1
920,16.18977591036411,2.1358543417366898,133.30975341796875,1
921,15.805322128851506,1.9649859943977548,144.54429626464844,1
922,15.164565826330499,1.7941176470588194,154.40757751464844,1
923,14.60924369747896,1.6659663865546182,160.44992065429688,1
924,14.096638655462153,1.6659663865546182,169.0685272216797,1
925,13.584033613445348,1.7514005602240856,177.21229553222656,1
926,13.15686274509801,1.9222689075630208,19.62189483642578,1
927,12.686974789915938,2.1785714285714235,34.172367095947266,1
928,12.387955182072801,2.47759103641456,43.18553161621094,1
929,12.046218487394931,2.904761904761898,63.448875427246094,1
930,11.832633053221262,3.2892156862745026,79.7503890991211,1
931,11.704481792717061,3.759103641456574,89.57351684570312,1
932,11.704481792717061,4.228991596638646,99.8661880493164,1
933,11.832633053221262,4.741596638655452,107.67085266113281,1
934,12.131652661064399,5.211484593837524,115.79866790771484,1
935,12.430672268907536,5.595938375350127,121.5711441040039,1
936,12.815126050420139,5.937675070027998,124.55376434326172,1
937,13.327731092436945,6.3648459383753355,129.83255004882812,1
938,13.883053221288485,6.706582633053206,142.43753051757812,1
939,14.39565826330529,6.877450980392141,149.83352661132812,1
940,14.908263305322095,6.920168067226875,161.71107482910156,1
941,15.378151260504167,6.877450980392141,173.95010375976562,1
942,15.848039215686239,6.74929971988794,13.270718574523926,1
943,16.31792717086831,6.450280112044803,33.85226821899414,1
944,16.87324929971985,5.937675070027998,52.47760009765625,1
945,17.214985994397722,5.467787114845926,65.88455200195312,1
946,17.471288515406123,4.9124649859943865,77.95997619628906,1
947,17.599439775910323,4.314425770308113,85.83657836914062,1
948,17.599439775910323,3.8872549019607754,97.46621704101562,1
949,17.514005602240857,3.246498599439769,113.40443420410156,1
950,17.343137254901922,2.6911764705882293,115.20455932617188,1
951,17.172268907562987,2.306722689075625,126.8141098022461,1
952,17.044117647058783,2.47759103641456,143.58763122558594,1
953,16.659663865546182,2.520308123249294,160.95831298828125,1
954,16.018907563025174,2.47759103641456,175.3866729736328,1
955,15.549019607843102,2.563025210084028,2.7485764026641846,1
956,14.993697478991562,2.733893557422963,16.44663429260254,1
957,14.566526610644225,2.990196078431366,32.15663146972656,1
958,14.18207282913162,3.2892156862745026,41.820858001708984,1
959,13.797619047619017,3.630952380952373,61.73550796508789,1
960,13.49859943977588,4.143557422969178,72.27067565917969,1
961,13.413165266106413,4.61344537815125,81.2284927368164,1
962,13.370448179271678,5.16876750700279,87.21636962890625,1
963,13.49859943977588,5.638655462184861,92.35897064208984,1
964,13.669467787114815,6.108543417366933,100.4355697631836,1
965,14.011204481792685,6.621148459383739,110.48924255371094,1
966,14.39565826330529,7.09103641456581,124.83563232421875,1
967,14.865546218487362,7.347338935574213,135.1448974609375,1
968,15.378151260504167,7.518207282913148,152.6403045654297,1
969,15.848039215686239,7.475490196078415,169.7682342529297,1
970,16.403361344537778,7.347338935574213,7.3531270027160645,1
971,16.915966386554583,7.09103641456581,24.793588638305664,1
972,17.385854341736657,6.74929971988794,37.23253631591797,1
973,17.855742296918727,6.322128851540602,51.88515853881836,1
974,18.197478991596597,5.766806722689062,59.372379302978516,1
975,18.453781512605,5.211484593837524,67.98526000976562,1
976,18.624649859943936,4.61344537815125,79.27619934082031,1
977,18.624649859943936,4.015406162464977,90.44451141357422,1
978,18.624649859943936,3.545518207282905,92.91925048828125,1
979,18.539215686274467,3.0756302521008334,94.26835632324219,1
980,18.368347338935532,2.6484593837534955,94.6279525756836,1
981,18.197478991596597,2.733893557422963,107.451171875,1
982,17.813025210083993,2.47759103641456,120.92589569091797,1
983,17.300420168067188,2.2212885154061572,133.9024658203125,1
984,16.702380952380913,1.9222689075630208,151.27882385253906,1
985,16.18977591036411,1.7514005602240856,159.7960662841797,1
986,15.591736694677836,1.6232492997198844,166.85238647460938,1
987,15.079131652661031,1.6232492997198844,174.315673828125,1
988,14.523809523809492,1.6659663865546182,7.384420394897461,1
989,14.05392156862742,1.8368347338935533,19.849977493286133,1
990,13.62675070028008,2.0504201680672223,28.230438232421875,1
991,13.242296918767478,2.306722689075625,39.6436767578125,1
992,12.900560224089606,2.6911764705882293,46.39023971557617,1
993,12.60154061624647,3.161064425770301,56.263736724853516,1
994,12.387955182072801,3.545518207282905,69.97331237792969,1
995,12.259803921568599,4.1008403361344445,82.8206558227539,1
996,12.302521008403334,4.656162464985984,90.6317138671875,1
997,12.430672268907536,5.0833333333333215,100.70558166503906,1
998,12.686974789915938,5.595938375350127,109.79281616210938,1
999,13.114145658263276,6.065826330532199,126.23397827148438,1
1000,13.541316526610613,6.322128851540602,149.29989624023438,1
1001,14.011204481792685,6.450280112044803,172.58743286132812,1
1002,14.694677871148427,6.450280112044803,5.9944376945495605,1
1003,15.292717086834699,6.407563025210069,15.09778881072998,1
1004,15.933473389355706,6.236694677871134,22.9250545501709,1
1005,16.659663865546182,5.937675070027998,24.3571720123291,1
1006,17.385854341736657,5.5532212885153935,31.9086856842041,1
1007,17.941176470588196,5.126050420168056,39.306495666503906,1
1008,18.282913165266066,4.698879551820718,54.964603424072266,1
1009,18.496498599439736,4.228991596638646,64.14198303222656,1
1010,18.539215686274467,3.759103641456574,73.86068725585938,1
1011,18.5819327731092,3.2037815126050346,83.81856536865234,1
1012,18.539215686274467,2.6911764705882293,93.83497619628906,1
1013,18.66736694677867,2.6484593837534955,92.28134155273438,1
1014,18.752801120448137,2.6911764705882293,89.33264923095703,1
1015,18.752801120448137,2.605742296918762,92.52825927734375,1
1016,18.880952380952337,2.6484593837534955,81.93403625488281,1
1017,19.13725490196074,2.4348739495798264,59.80809020996094,1
1018,19.60714285714281,1.9222689075630208,41.38364028930664,1
1019,20.11974789915962,1.5378151260504167,22.972461700439453,1
1020,20.67507002801116,1.1106442577030786,14.466191291809082,1
1021,21.2303921568627,0.8970588235294097,4.598055839538574,1
1022,21.529411764705834,0.854341736694676,5.420464515686035,1
1023,21.82843137254897,0.8970588235294097,4.184786796569824,1
1024,22.12745098039211,0.854341736694676,4.476595878601074,1
1025,22.426470588235244,1.0679271708683449,179.05728149414062,1
1026,22.81092436974785,1.1960784313725463,168.014892578125,1
1027,23.28081232492992,1.3669467787114815,162.55516052246094,1
1028,23.836134453781458,1.5378151260504167,157.84303283691406,1
1029,24.306022408963532,1.6232492997198844,158.04217529296875,1
1030,24.818627450980337,1.6659663865546182,166.33387756347656,1
1031,25.33123249299714,1.708683473389352,173.2750701904297,1
1032,25.88655462184868,1.6659663865546182,175.7808837890625,1
1033,26.399159663865486,1.6659663865546182,179.2303924560547,1
1034,26.954481792717026,1.6232492997198844,3.86808705329895,1
1035,27.46708683473383,1.495098039215683,1.6419134140014648,1
1036,27.851540616246435,1.3669467787114815,10.69233512878418,1
1037,28.10784313725484,1.3242296918767478,13.289057731628418,1
1038,28.23599439775904,1.4096638655462153,13.671431541442871,1
1039,28.150560224089574,1.495098039215683,19.378673553466797,1
1040,28.23599439775904,1.6232492997198844,18.70901107788086,1
1041,28.36414565826324,1.6232492997198844,27.052335739135742,1
1042,28.32142857142851,1.6659663865546182,27.257408142089844,1
1043,28.278711484593774,1.6659663865546182,24.755159378051758,1
1044,28.23599439775904,1.6232492997198844,22.874652862548828,1
1045,28.278711484593774,1.5805322128851504,19.921733856201172,1
1046,28.150560224089574,1.5805322128851504,19.507490158081055,1
1047,28.278711484593774,1.5805322128851504,22.314552307128906,1
1048,28.23599439775904,1.5378151260504167,18.551921844482422,1
1049,28.193277310924305,1.5378151260504167,21.374135971069336,1
1050,28.193277310924305,1.5805322128851504,19.927034378051758,1
1051,28.278711484593774,1.5805322128851504,21.403329849243164,1
1052,28.193277310924305,1.6232492997198844,26.5031681060791,1
1053,28.193277310924305,1.6659663865546182,23.081825256347656,1
1054,28.36414565826324,1.6232492997198844,24.25971794128418,1
1055,28.278711484593774,1.6659663865546182,26.173507690429688,1
1056,28.278711484593774,1.6659663865546182,30.371063232421875,1
1057,28.23599439775904,1.6659663865546182,29.074491500854492,1
1058,28.278711484593774,1.6659663865546182,32.888675689697266,1
1059,28.278711484593774,1.7514005602240856,31.992034912109375,1
1060,28.278711484593774,1.7514005602240856,37.99247741699219,1
1061,28.406862745097975,1.7514005602240856,36.279541015625,1
1062,28.406862745097975,1.8368347338935533,39.933509826660156,1
1063,28.406862745097975,1.8368347338935533,40.581851959228516,1
1064,28.36414565826324,1.7941176470588194,42.61178207397461,1
1065,28.36414565826324,1.708683473389352,35.00137710571289,1
1066,28.278711484593774,1.5805322128851504,25.856773376464844,1
1067,28.278711484593774,1.495098039215683,24.51038360595703,1
1068,28.193277310924305,1.495098039215683,24.56263542175293,1
1069,28.193277310924305,1.452380952380949,21.76071548461914,1
1070,28.193277310924305,1.452380952380949,22.59056854248047,1
1071,28.193277310924305,1.452380952380949,24.068212509155273,1
1072,28.193277310924305,1.495098039215683,20.11046028137207,1
1073,28.32142857142851,1.5378151260504167,20.558238983154297,1
1074,28.32142857142851,1.6232492997198844,21.58473777770996,1
1075,28.32142857142851,1.708683473389352,32.401641845703125,1
1076,28.406862745097975,1.8368347338935533,38.279972076416016,1
1077,28.36414565826324,2.0077030812324885,45.89603805541992,1
1078,28.620448179271644,2.0504201680672223,42.73240661621094,1
1079,28.57773109243691,2.093137254901956,47.93186569213867,1
1080,28.70588235294111,2.093137254901956,48.70686340332031,1
1081,28.748599439775845,2.2640056022408914,53.14244079589844,1
1082,28.87675070028005,2.3921568627450926,65.39551544189453,1
1083,28.962184873949514,2.4348739495798264,73.4134750366211,1
1084,29.13305322128845,2.3921568627450926,67.6015625,1
1085,29.21848739495792,2.47759103641456,73.20938873291016,1
1086,29.21848739495792,2.563025210084028,71.53910064697266,1
1087,29.26120448179265,2.520308123249294,76.32940673828125,1
1088,29.21848739495792,2.563025210084028,80.39069366455078,1
1089,29.21848739495792,2.563025210084028,82.0011978149414,1
1090,29.175770308123184,2.605742296918762,86.09907531738281,1
1091,29.13305322128845,2.605742296918762,88.30179595947266,1
1092,29.047619047618984,2.563025210084028,93.90907287597656,1
1093,28.87675070028005,2.563025210084028,104.09700012207031,1
1094,28.57773109243691,2.349439775910359,122.89506530761719,1
1095,28.193277310924305,2.093137254901956,132.09512329101562,1
1096,27.89425770308117,1.9649859943977548,138.501708984375,1
1097,27.4243697478991,1.8368347338935533,148.47494506835938,1
1098,26.99719887955176,1.7514005602240856,158.2052001953125,1
1099,26.44187675070022,1.7514005602240856,165.83531188964844,1
1100,25.843837535013947,1.8368347338935533,172.38577270507812,1
1101,25.288515406162407,1.9649859943977548,178.52737426757812,1
1102,24.818627450980337,2.2212885154061572,7.9346842765808105,1
1103,24.306022408963532,2.47759103641456,14.250307083129883,1
1104,23.750700280111992,2.7766106442576968,20.027700424194336,1
1105,23.195378151260453,3.118347338935567,18.68657684326172,1
1106,22.640056022408913,3.545518207282905,23.5892391204834,1
1107,22.17016806722684,3.9726890756302433,36.683624267578125,1
1108,21.785714285714235,4.399859943977581,35.12615966796875,1
1109,21.315826330532165,4.869747899159653,38.106529235839844,1
1110,20.888655462184825,5.296918767506991,34.672386169433594,1
1111,20.37605042016802,5.809523809523796,36.30495071411133,1
1112,19.82072829131648,6.3648459383753355,37.714595794677734,1
1113,19.35084033613441,6.877450980392141,40.53181457519531,1
1114,19.051820728291272,7.347338935574213,52.227298736572266,1
1115,18.838235294117606,7.859943977591019,65.05733489990234,1
1116,18.624649859943936,8.415266106442559,73.25109100341797,1
1117,18.453781512605,8.970588235294098,81.10728454589844,1
1118,18.411064425770267,9.56862745098037,89.80938720703125,1
1119,18.496498599439736,10.166666666666643,100.62602233886719,1
1120,18.710084033613402,10.636554621848715,110.11137390136719,1
1121,19.094537815126007,11.02100840336132,128.3311309814453,1
1122,19.521708683473346,11.277310924369722,141.53094482421875,1
1123,19.948879551820685,11.490896358543392,157.0416259765625,1
1124,20.504201680672224,11.619047619047592,179.482421875,1
1125,21.102240896358495,11.661764705882327,6.570720672607422,1
1126,21.6148459383753,11.619047619047592,13.11713981628418,1
1127,22.212885154061574,11.490896358543392,6.5385565757751465,1
1128,22.768207282913114,11.36274509803919,7.6963653564453125,1
1129,23.408963585434122,11.149159663865522,10.611076354980469,1
1130,23.964285714285662,10.850140056022385,19.981674194335938,1
1131,24.391456582632998,10.46568627450978,37.95695495605469,1
1132,24.690476190476137,10.038515406162443,55.52366638183594,1
1133,24.904061624649803,9.611344537815105,70.9244613647461,1
1134,25.032212885154006,9.056022408963566,80.58834838867188,1
1135,24.989495798319272,8.500700280112026,95.2932357788086,1
1136,24.818627450980337,8.030812324929954,116.67522430419922,1
1137,24.519607843137198,7.560924369747882,124.96565246582031,1
1138,24.177871148459328,7.219187675070012,139.92916870117188,1
1139,23.793417366946723,6.877450980392141,149.8961181640625,1
1140,23.238095238095184,6.535714285714271,158.52174377441406,1
1141,22.554621848739444,6.322128851540602,168.6383056640625,1
1142,22.04201680672264,6.1939775910364006,168.90838623046875,1
1143,21.4866946778711,6.108543417366933,170.23179626464844,1
1144,20.845938375350094,6.065826330532199,172.37481689453125,1
1145,20.11974789915962,5.980392156862732,171.32315063476562,1
1146,19.47899159663861,5.937675070027998,166.6342010498047,1
1147,18.752801120448137,5.852240896358531,169.11053466796875,1
1148,18.026610644257662,5.852240896358531,174.79815673828125,1
1149,17.471288515406123,5.894957983193264,3.1592578887939453,1
1150,16.87324929971985,6.023109243697466,14.51711368560791,1
1151,16.31792717086831,6.322128851540602,30.494203567504883,1
1152,15.933473389355706,6.663865546218473,47.26438903808594,1
1153,15.677170868347304,7.0056022408963425,62.54325866699219,1
1154,15.420868347338901,7.560924369747882,72.20907592773438,1
1155,15.335434173669434,8.116246498599422,84.79869079589844,1
1156,15.335434173669434,8.586134453781494,99.37664031982422,1
1157,15.506302521008369,8.970588235294098,107.56670379638672,1
1158,15.848039215686239,9.355042016806701,121.50471496582031,1
1159,16.18977591036411,9.739495798319306,138.2209930419922,1
1160,16.702380952380913,10.166666666666643,147.25772094726562,1
1161,17.257703081232453,10.551120448179248,153.99961853027344,1
1162,17.898459383753462,10.935574229691852,159.74037170410156,1
1163,18.496498599439736,11.106442577030787,160.35885620117188,1
1164,19.094537815126007,11.320028011204457,160.90939331054688,1
1165,19.735294117647015,11.36274509803919,164.58767700195312,1
1166,20.37605042016802,11.405462184873924,170.1027374267578,1
1167,20.93137254901956,11.36274509803919,6.145169734954834,1
1168,21.443977591036365,11.191876750700255,5.323897838592529,1
1169,21.91386554621844,11.02100840336132,13.996801376342773,1
1170,22.38375350140051,10.721988795518183,23.824115753173828,1
1171,22.853641456582583,10.422969187675047,37.32099151611328,1
1172,23.28081232492992,9.995798319327708,41.796226501464844,1
1173,23.62254901960779,9.56862745098037,51.363468170166016,1
1174,23.836134453781458,9.098739495798299,57.306480407714844,1
1175,23.964285714285662,8.628851540616227,74.0893783569336,1
1176,24.007002801120393,8.116246498599422,82.47103118896484,1
1177,24.049719887955128,7.603641456582616,89.4846420288086,1
1178,23.964285714285662,7.048319327731076,105.80534362792969,1
1179,23.750700280111992,6.578431372549005,112.32948303222656,1
1180,23.408963585434122,6.023109243697466,121.17980194091797,1
1181,23.06722689075625,5.638655462184861,126.98670959472656,1
1182,22.554621848739444,5.16876750700279,128.17446899414062,1
1183,22.04201680672264,4.827030812324919,138.30081176757812,1
1184,21.529411764705834,4.61344537815125,152.85519409179688,1
1185,21.05952380952376,4.485294117647049,168.26914978027344,1
1186,20.37605042016802,4.4425770308123145,6.743439197540283,1
1187,19.863445378151216,4.656162464985984,23.976234436035156,1
1188,19.308123249299676,4.827030812324919,36.247257232666016,1
1189,18.752801120448137,5.126050420168056,50.10580062866211,1
1190,18.24019607843133,5.5532212885153935,61.912410736083984,1
1191,17.770308123249258,6.065826330532199,68.34541320800781,1
1192,17.385854341736657,6.621148459383739,77.32491302490234,1
1193,17.086834733893518,7.219187675070012,84.9691162109375,1
1194,16.958683473389318,7.731792717086817,88.7798080444336,1
1195,16.87324929971985,8.372549019607824,89.55164337158203,1
1196,16.830532212885117,8.970588235294098,88.68128204345703,1
1197,16.87324929971985,9.696778711484573,91.94109344482422,1
1198,16.915966386554583,10.380252100840313,92.68949890136719,1
1199,17.044117647058783,11.106442577030787,98.80155944824219,1
1200,17.257703081232453,11.704481792717061,108.33853912353516,1
1201,17.642156862745058,12.217086834733866,125.15836334228516,1
1202,18.026610644257662,12.60154061624647,137.24063110351562,1
1203,18.496498599439736,12.94327731092434,147.29002380371094,1
1204,19.051820728291272,13.199579831932743,155.51739501953125,1
1205,19.649859943977546,13.370448179271678,165.0438995361328,1
1206,20.24789915966382,13.49859943977588,172.73318481445312,1
1207,20.845938375350094,13.541316526610613,1.1132844686508179,1
1208,21.443977591036365,13.49859943977588,5.180208683013916,1
1209,21.999299719887905,13.28501400560221,11.14155387878418,1
1210,22.51190476190471,13.071428571428543,31.704980850219727,1
1211,22.896358543417314,12.729691876750671,43.755550384521484,1
1212,23.15266106442572,12.345238095238068,63.080570220947266,1
1213,23.28081232492992,11.960784313725464,72.19086456298828,1
1214,23.28081232492992,11.320028011204457,87.34684753417969,1
1215,23.15266106442572,10.850140056022385,107.0627670288086,1
1216,22.93907563025205,10.380252100840313,120.60852813720703,1
1217,22.554621848739444,9.995798319327708,137.56793212890625,1
1218,22.084733893557374,9.696778711484573,148.11679077148438,1
1219,21.57212885154057,9.440476190476168,155.22256469726562,1
1220,21.102240896358495,9.2268907563025,149.6934356689453,1
1221,20.546918767506956,8.970588235294098,147.60247802734375,1
1222,19.948879551820685,8.671568627450961,146.82015991210938,1
1223,19.436274509803876,8.329831932773091,140.58180236816406,1
1224,18.92366946778707,8.030812324929954,142.21868896484375,1
1225,18.368347338935532,7.774509803921551,143.9630126953125,1
1226,17.813025210083993,7.560924369747882,157.3927764892578,1
1227,17.343137254901922,7.518207282913148,169.08917236328125,1
1228,16.745098039215648,7.603641456582616,6.262561321258545,1
1229,16.275210084033578,7.774509803921551,23.688941955566406,1
1230,15.848039215686239,8.116246498599422,41.78692626953125,1
1231,15.591736694677836,8.457983193277292,58.516937255859375,1
1232,15.420868347338901,8.927871148459364,81.73306274414062,1
1233,15.378151260504167,9.355042016806701,91.91928100585938,1
1234,15.420868347338901,9.696778711484573,105.9632797241211,1
1235,15.762605042016771,10.252100840336112,119.05513763427734,1
1236,16.147058823529374,10.67927170868345,132.02426147460938,1
1237,16.574229691876713,10.935574229691852,138.01248168945312,1
1238,17.001400560224052,11.106442577030787,147.23654174804688,1
1239,17.599439775910323,11.320028011204457,151.5890350341797,1
1240,18.197478991596597,11.448179271708657,171.24900817871094,1
1241,18.710084033613402,11.448179271708657,3.163681745529175,1
1242,19.308123249299676,11.36274509803919,16.69025993347168,1
1243,19.778011204481746,11.149159663865522,25.66863250732422,1
1244,20.205182072829086,10.80742296918765,52.50251007080078,1
1245,20.504201680672224,10.33753501400558,68.11925506591797,1
1246,20.67507002801116,9.867647058823508,78.5685806274414,1
1247,20.71778711484589,9.483193277310903,85.08847045898438,1
1248,20.67507002801116,8.885154061624629,93.67766571044922,1
1249,20.58963585434169,8.415266106442559,101.3522720336914,1
1250,20.333333333333286,7.902661064425753,103.1086196899414,1
1251,20.16246498599435,7.475490196078415,115.39054870605469,1
1252,19.82072829131648,6.706582633053206,113.76141357421875,1
1253,19.436274509803876,5.937675070027998,114.90381622314453,1
1254,18.966386554621806,5.296918767506991,118.26044464111328,1
1255,18.411064425770267,4.698879551820718,121.59317779541016,1
1256,17.898459383753462,4.228991596638646,133.59130859375,1
1257,17.343137254901922,3.8445378151260416,144.0322265625,1
1258,16.787815126050383,3.630952380952373,152.0448760986328,1
1259,16.275210084033578,3.4600840336134375,166.846923828125,1
1260,15.677170868347304,3.417366946778704,165.24620056152344,1
1261,15.079131652661031,3.37464985994397,169.58226013183594,1
1262,14.566526610644225,3.417366946778704,176.30203247070312,1
1263,14.096638655462153,3.5028011204481713,4.214994430541992,1
1264,13.584033613445348,3.6736694677871067,16.039325714111328,1
1265,13.114145658263276,3.8872549019607754,24.260353088378906,1
1266,12.772408963585406,4.143557422969178,36.393333435058594,1
1267,12.473389355742269,4.485294117647049,40.06482696533203,1
1268,12.131652661064399,4.869747899159653,47.97430419921875,1
1269,11.832633053221262,5.425070028011192,64.76610565185547,1
1270,11.661764705882327,5.980392156862732,75.51898193359375,1
1271,11.533613445378124,6.492997198879538,85.7178955078125,1
1272,11.57633053221286,7.133753501400544,93.55642700195312,1
1273,11.661764705882327,7.689075630252083,97.76275634765625,1
1274,11.789915966386529,8.201680672268889,100.06832122802734,1
1275,11.918067226890729,8.714285714285694,98.4698486328125,1
1276,12.046218487394931,9.2268907563025,98.15435791015625,1
1277,12.259803921568599,9.78221288515404,97.92351531982422,1
1278,12.516106442577003,10.46568627450978,95.73104858398438,1
1279,12.772408963585406,10.892857142857117,101.92582702636719,1
1280,13.071428571428543,11.36274509803919,108.47944641113281,1
1281,13.413165266106413,11.789915966386529,118.69863891601562,1
1282,13.925770308123218,12.259803921568599,131.6142578125,1
1283,14.438375350140024,12.644257703081204,144.02389526367188,1
1284,14.908263305322095,12.94327731092434,149.6708984375,1
1285,15.420868347338901,13.071428571428543,158.5780487060547,1
1286,15.933473389355706,13.15686274509801,164.75686645507812,1
1287,16.446078431372513,13.15686274509801,170.51199340820312,1
1288,16.915966386554583,13.071428571428543,177.96009826660156,1
1289,17.385854341736657,12.900560224089606,4.726163864135742,1
1290,17.770308123249258,12.644257703081204,10.353262901306152,1
1291,18.24019607843133,12.345238095238068,25.9901123046875,1
1292,18.66736694677867,12.003501400560197,37.04246520996094,1
1293,19.00910364145654,11.619047619047592,48.54238510131836,1
1294,19.22268907563021,11.191876750700255,60.29347610473633,1
1295,19.47899159663861,10.636554621848715,72.35629272460938,1
1296,19.69257703081228,10.038515406162443,79.34400177001953,1
1297,19.778011204481746,9.440476190476168,86.3592529296875,1
1298,19.82072829131648,8.927871148459364,91.20263671875,1
1299,19.69257703081228,8.244397759103624,97.45610809326172,1
1300,19.56442577030808,7.8172268907562845,107.10166931152344,1
1301,19.308123249299676,7.347338935574213,115.58682250976562,1
1302,18.880952380952337,6.920168067226875,129.27456665039062,1
1303,18.325630252100797,6.535714285714271,151.3330535888672,1
1304,17.770308123249258,6.3648459383753355,169.5578155517578,1
1305,17.172268907562987,6.279411764705868,177.2721405029297,1
1306,16.616946778711448,6.322128851540602,8.378955841064453,1
1307,16.104341736694643,6.492997198879538,24.255611419677734,1
1308,15.677170868347304,6.706582633053206,34.81746292114258,1
1309,15.378151260504167,7.0056022408963425,49.22435760498047,1
1310,15.036414565826297,7.518207282913148,66.28152465820312,1
1311,14.865546218487362,7.98809523809522,79.38327026367188,1
1312,14.780112044817894,8.457983193277292,84.7523422241211,1
1313,14.694677871148427,8.970588235294098,87.43614959716797,1
1314,14.780112044817894,9.611344537815105,94.43756866455078,1
1315,14.865546218487362,10.166666666666643,99.18418884277344,1
1316,15.079131652661031,10.636554621848715,105.27197265625,1
1317,15.292717086834699,11.063725490196054,108.76799774169922,1
1318,15.591736694677836,11.533613445378124,121.69195556640625,1
1319,16.018907563025174,11.918067226890729,129.1437530517578,1
1320,16.53151260504198,12.259803921568599,137.4812469482422,1
1321,17.086834733893518,12.558823529411736,155.77725219726562,1
1322,17.770308123249258,12.857843137254873,168.97499084472656,1
1323,18.325630252100797,12.985994397759075,176.01751708984375,1
1324,18.92366946778707,13.071428571428543,179.7516632080078,1
1325,19.47899159663861,13.028711484593808,7.900112152099609,1
1326,19.991596638655416,12.94327731092434,10.755912780761719,1
1327,20.58963585434169,12.729691876750671,16.848539352416992,1
1328,21.102240896358495,12.473389355742269,32.23826217651367,1
1329,21.4866946778711,12.046218487394931,48.28608322143555,1
1330,21.785714285714235,11.619047619047592,65.90092468261719,1
1331,21.956582633053173,11.106442577030787,73.11393737792969,1
1332,21.956582633053173,10.593837535013982,87.97982025146484,1
1333,21.91386554621844,10.081232492997175,99.12932586669922,1
1334,21.742997198879504,9.525910364145636,109.08946990966797,1
1335,21.4866946778711,9.056022408963566,118.86833190917969,1
1336,21.14495798319323,8.628851540616227,124.5018310546875,1
1337,20.71778711484589,8.116246498599422,126.13444519042969,1
1338,20.290616246498555,7.6463585434173496,125.9207763671875,1
1339,19.82072829131648,7.1764705882352775,128.27720642089844,1
1340,19.35084033613441,6.74929971988794,130.222900390625,1
1341,18.710084033613402,6.151260504201667,137.73410034179688,1
1342,18.026610644257662,5.638655462184861,142.0098876953125,1
1343,17.385854341736657,5.16876750700279,135.38636779785156,1
1344,16.787815126050383,4.827030812324919,136.31874084472656,1
1345,16.104341736694643,4.4425770308123145,147.24295043945312,1
1346,15.463585434173634,4.1008403361344445,146.00250244140625,1
1347,14.95098039215683,3.9299719887955096,155.52865600585938,1
1348,14.438375350140024,3.9299719887955096,169.16383361816406,1
1349,14.05392156862742,4.015406162464977,5.510958194732666,1
1350,13.584033613445348,4.186274509803912,23.119224548339844,1
1351,13.327731092436945,4.485294117647049,33.81348419189453,1
1352,13.071428571428543,4.827030812324919,44.15852355957031,1
1353,12.857843137254873,5.296918767506991,60.4484748840332,1
1354,12.686974789915938,5.7240896358543285,71.40054321289062,1
1355,12.558823529411736,6.322128851540602,87.39305877685547,1
1356,12.60154061624647,6.962885154061609,99.52291870117188,1
1357,12.772408963585406,7.475490196078415,112.3431625366211,1
1358,13.15686274509801,7.902661064425753,126.15179443359375,1
1359,13.62675070028008,8.244397759103624,136.86517333984375,1
1360,14.096638655462153,8.543417366946759,145.5556640625,1
1361,14.566526610644225,8.714285714285694,160.11660766601562,1
1362,15.121848739495764,8.714285714285694,2.6165592670440674,1
1363,15.677170868347304,8.628851540616227,16.932737350463867,1
1364,16.18977591036411,8.372549019607824,34.14877700805664,1
1365,16.616946778711448,7.98809523809522,49.50642013549805,1
1366,16.915966386554583,7.475490196078415,68.93949890136719,1
1367,17.129551820728253,7.0056022408963425,84.62165832519531,1
1368,17.214985994397722,6.322128851540602,98.12004089355469,1
1369,17.129551820728253,5.766806722689062,105.93431854248047,1
1370,17.001400560224052,5.254201680672257,115.12620544433594,1
1371,16.702380952380913,4.656162464985984,126.74383544921875,1
1372,16.403361344537778,4.314425770308113,135.648681640625,1
1373,16.018907563025174,4.058123249299711,152.22415161132812,1
1374,15.591736694677836,3.9299719887955096,163.02365112304688,1
1375,15.036414565826297,3.801820728291308,167.58229064941406,1
1376,14.651960784313692,3.759103641456574,176.7199249267578,1
1377,14.096638655462153,3.8872549019607754,13.179908752441406,1
1378,13.584033613445348,4.1008403361344445,28.5555419921875,1
1379,13.242296918767478,4.357142857142847,38.47570037841797,1
1380,13.028711484593808,4.656162464985984,51.72505187988281,1
1381,12.815126050420139,5.0833333333333215,60.913814544677734,1
1382,12.729691876750671,5.51050420168066,72.89012145996094,1
1383,12.686974789915938,5.937675070027998,82.87862396240234,1
1384,12.772408963585406,6.3648459383753355,92.71153259277344,1
1385,12.985994397759075,6.74929971988794,97.3931884765625,1
1386,13.242296918767478,7.261904761904746,103.13487243652344,1
1387,13.584033613445348,7.731792717086817,111.13710021972656,1
1388,14.011204481792685,8.244397759103624,117.88020324707031,1
1389,14.438375350140024,8.586134453781494,127.0007095336914,1
1390,14.95098039215683,8.842436974789896,141.1068572998047,1
1391,15.463585434173634,8.970588235294098,146.31777954101562,1
1392,15.97619047619044,9.098739495798299,153.96974182128906,1
1393,16.488795518207247,9.141456582633033,165.67550659179688,1
1394,17.044117647058783,9.098739495798299,172.7731170654297,1
1395,17.599439775910323,9.013305322128831,174.25979614257812,1
1396,18.197478991596597,8.970588235294098,179.9243927001953,1
1397,18.79551820728287,8.885154061624629,176.7439422607422,1
1398,19.436274509803876,8.799719887955161,178.8056640625,1
1399,20.077030812324885,8.628851540616227,176.87179565429688,1
1400,20.71778711484589,8.457983193277292,3.982088804244995,1
1401,21.27310924369743,8.201680672268889,13.070857048034668,1
1402,21.742997198879504,7.902661064425753,25.512243270874023,1
1403,22.17016806722684,7.518207282913148,42.318695068359375,1
1404,22.46918767506998,7.048319327731076,52.46644592285156,1
1405,22.72549019607838,6.492997198879538,67.44921112060547,1
1406,22.896358543417314,5.894957983193264,81.96646881103516,1
1407,22.93907563025205,5.339635854341725,92.35281372070312,1
1408,22.853641456582583,4.827030812324919,100.788818359375,1
1409,22.59733893557418,4.314425770308113,114.08026885986328,1
1410,22.25560224089631,3.801820728291308,124.99114227294922,1
1411,21.82843137254897,3.3319327731092363,132.85142517089844,1
1412,21.315826330532165,2.947478991596632,149.6185760498047,1
1413,20.760504201680625,2.733893557422963,160.51536560058594,1
1414,20.16246498599435,2.6484593837534955,175.0642547607422,1
1415,19.60714285714281,2.733893557422963,8.206059455871582,1
1416,19.179971988795476,2.904761904761898,26.029521942138672,1
1417,18.66736694677867,3.246498599439769,47.01155471801758,1
1418,18.325630252100797,3.5028011204481713,57.76606369018555,1
1419,17.898459383753462,4.058123249299711,70.18666076660156,1
1420,17.642156862745058,4.570728291316517,82.31391143798828,1
1421,17.471288515406123,5.0833333333333215,90.65628051757812,1
1422,17.514005602240857,5.638655462184861,99.40898895263672,1
1423,17.684873949579792,6.065826330532199,105.17466735839844,1
1424,17.983893557422928,6.535714285714271,118.33049011230469,1
1425,18.325630252100797,6.920168067226875,127.18624114990234,1
1426,18.79551820728287,7.30462184873948,132.2480926513672,1
1427,19.35084033613441,7.689075630252083,137.02163696289062,1
1428,19.90616246498595,7.98809523809522,145.08229064941406,1
1429,20.504201680672224,8.158963585434154,151.86380004882812,1
1430,21.14495798319323,8.287114845938357,167.46754455566406,1
1431,21.70028011204477,8.287114845938357,175.41433715820312,1
1432,22.17016806722684,8.158963585434154,5.302703380584717,1
1433,22.640056022408913,7.945378151260487,12.878460884094238,1
1434,23.109943977590984,7.689075630252083,18.535640716552734,1
1435,23.665266106442523,7.390056022408947,24.9782657623291,1
1436,24.220588235294063,7.0056022408963425,27.541963577270508,1
1437,24.733193277310868,6.663865546218473,34.03562927246094,1
1438,25.160364145658207,6.236694677871134,37.458534240722656,1
1439,25.502100840336077,5.766806722689062,41.175498962402344,1
1440,25.929271708683416,5.211484593837524,52.57393264770508,1
1441,26.185574229691817,4.656162464985984,59.87036895751953,1
1442,26.35644257703075,4.143557422969178,62.672630310058594,1
1443,26.484593837534955,3.630952380952373,68.0979995727539,1
1444,26.484593837534955,3.118347338935567,78.68712615966797,1
1445,26.484593837534955,2.6484593837534955,83.58956146240234,1
1446,26.399159663865486,2.6911764705882293,89.28459167480469,1
1447,26.10014005602235,2.6484593837534955,105.66690826416016,1
1448,25.715686274509746,2.4348739495798264,119.21407318115234,1
1449,25.33123249299714,2.1785714285714235,130.27325439453125,1
1450,24.775910364145602,1.9222689075630208,137.74697875976562,1
1451,24.135154061624597,1.6659663865546182,155.0269012451172,1
1452,23.323529411764653,1.3669467787114815,168.25782775878906,1
1453,22.682773109243648,1.1960784313725463,166.4189453125,1
1454,21.999299719887905,1.1106442577030786,172.26040649414062,1
1455,21.315826330532165,1.1106442577030786,178.14300537109375,1
1456,20.632352941176425,1.0679271708683449,0.38736072182655334,1
1457,19.991596638655416,1.1106442577030786,178.3649139404297,1
1458,19.308123249299676,1.1533613445378126,176.51480102539062,1
1459,18.66736694677867,1.23879551820728,176.97142028808594,1
1460,17.941176470588196,1.3242296918767478,179.052978515625,1
1461,17.172268907562987,1.495098039215683,1.33518648147583,1
1462,16.31792717086831,1.6659663865546182,6.753113269805908,1
1463,15.634453781512569,1.9649859943977548,20.092628479003906,1
1464,15.164565826330499,2.2212885154061572,32.363914489746094,1
1465,14.780112044817894,2.605742296918762,56.86228561401367,1
1466,14.566526610644225,2.990196078431366,73.71715545654297,1
1467,14.438375350140024,3.545518207282905,89.94082641601562,1
1468,14.438375350140024,4.015406162464977,100.80218505859375,1
1469,14.566526610644225,4.61344537815125,110.13947296142578,1
1470,14.822829131652627,5.16876750700279,118.84452056884766,1
1471,15.164565826330499,5.681372549019595,123.35096740722656,1
1472,15.463585434173634,6.023109243697466,139.578125,1
1473,16.018907563025174,6.492997198879538,140.58702087402344,1
1474,16.659663865546182,6.834733893557408,146.3015899658203,1
1475,17.214985994397722,7.0056022408963425,158.40838623046875,1
1476,17.770308123249258,7.09103641456581,163.04656982421875,1
1477,18.325630252100797,7.133753501400544,167.5787353515625,1
1478,18.92366946778707,7.1764705882352775,170.02444458007812,1
1479,19.521708683473346,7.1764705882352775,171.53480529785156,1
1480,20.11974789915962,7.261904761904746,167.4110565185547,1
1481,20.845938375350094,7.30462184873948,160.1407928466797,1
1482,21.443977591036365,7.432773109243681,152.9933319091797,1
1483,22.04201680672264,7.475490196078415,152.5106658935547,1
1484,22.554621848739444,7.518207282913148,160.5723876953125,1
1485,23.06722689075625,7.475490196078415,173.1028289794922,1
1486,23.665266106442523,7.390056022408947,3.096173048019409,1
1487,24.263305322128797,7.219187675070012,4.761492729187012,1
1488,24.904061624649803,7.09103641456581,6.521200656890869,1
1489,25.502100840336077,6.877450980392141,5.630790710449219,1
1490,26.057422969187616,6.621148459383739,12.628203392028809,1
1491,26.57002801120442,6.279411764705868,23.65188980102539,1
1492,26.954481792717026,5.852240896358531,35.0431022644043,1
1493,27.25350140056016,5.467787114845926,52.41289520263672,1
1494,27.46708683473383,5.040616246498588,57.65774917602539,1
1495,27.637955182072766,4.485294117647049,72.8620834350586,1
1496,27.6806722689075,3.9726890756302433,85.70289611816406,1
1497,27.595238095238035,3.417366946778704,94.84485626220703,1
1498,27.46708683473383,2.904761904761898,99.14640808105469,1
1499,27.33893557422963,2.47759103641456,110.41670989990234,1
1500,27.039915966386495,2.2212885154061572,129.79331970214844,1
1501,26.612745098039156,2.093137254901956,139.57711791992188,1
1502,26.01470588235288,1.9222689075630208,155.3319549560547,1
1503,25.288515406162407,1.9222689075630208,168.72300720214844,1
1504,24.562324929971933,1.9649859943977548,174.6126251220703,1
1505,23.921568627450927,2.0077030812324885,2.7103464603424072,1
1506,23.238095238095184,2.0504201680672223,179.47325134277344,1
1507,22.51190476190471,2.0504201680672223,173.5011749267578,1
1508,21.82843137254897,2.0077030812324885,172.3319091796875,1
1509,21.01680672268903,2.0504201680672223,168.1555938720703,1
1510,20.16246498599435,2.0077030812324885,163.04315185546875,1
1511,19.35084033613441,1.9222689075630208,163.16351318359375,1
1512,18.539215686274467,1.7941176470588194,159.21348571777344,1
1513,17.684873949579792,1.7514005602240856,158.6752166748047,1
1514,16.915966386554583,1.6659663865546182,160.35125732421875,1
1515,16.232492997198843,1.6659663865546182,169.6217803955078,1
1516,15.549019607843102,1.7514005602240856,176.9536895751953,1
1517,15.036414565826297,1.9649859943977548,21.852746963500977,1
1518,14.694677871148427,2.1785714285714235,37.60270309448242,1
1519,14.352941176470555,2.605742296918762,52.0446891784668,1
1520,14.18207282913162,3.0329131652660997,66.48421478271484,1
1521,14.096638655462153,3.5028011204481713,83.28336334228516,1
1522,14.139355742296887,3.9299719887955096,91.2511978149414,1
1523,14.310224089635822,4.485294117647049,106.29251861572266,1
1524,14.60924369747896,4.869747899159653,121.70176696777344,1
1525,14.993697478991562,5.254201680672257,137.46051025390625,1
1526,15.463585434173634,5.425070028011192,153.75320434570312,1
1527,16.018907563025174,5.5532212885153935,172.45603942871094,1
1528,16.616946778711448,5.595938375350127,7.100508689880371,1
1529,17.300420168067188,5.425070028011192,21.62868309020996,1
1530,17.813025210083993,5.16876750700279,39.2850341796875,1
1531,18.24019607843133,4.869747899159653,45.1091423034668,1
1532,18.624649859943936,4.399859943977581,47.74873352050781,1
1533,19.00910364145654,3.9299719887955096,52.78322982788086,1
1534,19.35084033613441,3.3319327731092363,59.40394973754883,1
1535,19.649859943977546,2.733893557422963,68.3104476928711,1
1536,19.82072829131648,2.4348739495798264,70.2572250366211,1
1537,20.11974789915962,2.3921568627450926,57.70046615600586,1
1538,20.46148459383749,2.306722689075625,34.73623275756836,1
1539,20.93137254901956,2.093137254901956,20.85711097717285,1
1540,21.443977591036365,2.0077030812324885,10.581015586853027,1
1541,22.084733893557374,1.7941176470588194,6.3909687995910645,1
1542,22.853641456582583,1.5805322128851504,179.73252868652344,1
1543,23.537114845938323,1.3669467787114815,6.92340612411499,1
1544,23.836134453781458,1.1960784313725463,10.472271919250488,1
1545,24.135154061624597,1.281512605042014,5.372469425201416,1
1546,24.562324929971933,1.3242296918767478,0.11836069077253342,1
1547,24.904061624649803,1.4096638655462153,176.55404663085938,1
1548,25.373949579831876,1.495098039215683,169.0400848388672,1
1549,25.929271708683416,1.6232492997198844,167.50613403320312,1
1550,26.484593837534955,1.8368347338935533,160.55645751953125,1
1551,27.168067226890695,2.093137254901956,153.3615264892578,1
1552,27.851540616246435,2.4348739495798264,150.96957397460938,1
1553,28.23599439775904,2.6484593837534955,147.71087646484375,1
1554,28.02240896358537,2.904761904761898,134.37518310546875,1
1555,27.936974789915904,3.2892156862745026,122.34831237792969,1
1556,27.979691876750636,3.759103641456574,114.35891723632812,1
1557,28.150560224089574,4.2717086834733795,115.7486801147461,1
1558,28.406862745097975,4.784313725490185,120.61732482910156,1
1559,28.535014005602175,5.16876750700279,123.3169937133789,1
1560,28.535014005602175,5.5532212885153935,112.86659240722656,1
1561,28.66316526610638,6.023109243697466,112.3646240234375,1
1562,28.79131652661058,6.450280112044803,112.15422058105469,1
1563,28.91946778711478,6.792016806722674,106.22090911865234,1
1564,28.962184873949514,7.133753501400544,107.21562194824219,1
1565,29.090336134453715,7.518207282913148,108.68331909179688,1
1566,29.090336134453715,7.859943977591019,101.14845275878906,1
1567,29.175770308123184,8.287114845938357,101.06568908691406,1
1568,29.26120448179265,8.671568627450961,105.4246826171875,1
1569,29.175770308123184,8.927871148459364,94.90087127685547,1
1570,29.13305322128845,9.269607843137234,94.9434585571289,1
1571,29.303921568627384,9.696778711484573,104.29657745361328,1
1572,29.175770308123184,9.953081232492975,96.14210510253906,1
1573,29.047619047618984,10.252100840336112,91.64105224609375,1
1574,28.962184873949514,10.721988795518183,87.64601135253906,1
1575,28.834033613445314,11.23459383753499,86.31117248535156,1
1576,28.70588235294111,11.747198879551794,80.72661590576172,1
1577,28.620448179271644,12.302521008403334,79.77098846435547,1
1578,28.492296918767444,12.900560224089606,78.14418029785156,1
1579,28.44957983193271,13.541316526610613,83.88172149658203,1
1580,28.36414565826324,14.18207282913162,87.07921600341797,1
1581,28.36414565826324,14.694677871148427,90.64680480957031,1
1582,28.36414565826324,15.249999999999966,92.3318862915039,1
1583,28.406862745097975,15.890756302520973,92.44631958007812,1
1584,28.44957983193271,16.53151260504198,95.44110870361328,1
1585,28.57773109243691,17.129551820728253,98.9297103881836,1
1586,28.79131652661058,17.642156862745058,101.70075988769531,1
1587,29.00490196078425,18.026610644257662,106.94725036621094,1
1588,29.090336134453715,18.411064425770267,107.45328521728516,1
1589,29.13305322128845,18.838235294117606,102.5488510131836,1
1590,29.21848739495792,19.22268907563021,103.02230072021484,1
1591,29.34663865546212,19.60714285714281,106.45552062988281,1
1592,29.34663865546212,19.991596638655416,102.3966293334961,1
1593,29.432072829131588,20.46148459383749,103.8919906616211,1
1594,29.47478991596632,20.845938375350094,104.7891845703125,1
1595,29.517507002801054,21.2303921568627,108.08711242675781,1
1596,29.56022408963579,21.657563025210035,103.48245239257812,1
1597,29.517507002801054,22.04201680672264,101.43981170654297,1
1598,29.68837535013999,22.51190476190471,101.71969604492188,1
1599,29.645658263305254,22.853641456582583,102.5696792602539,1
1600,29.68837535013999,23.28081232492992,103.45539093017578,1
1601,29.68837535013999,23.62254901960779,104.34618377685547,1
1602,29.68837535013999,24.007002801120393,102.1535873413086,1
1603,29.773809523809458,24.519607843137198,101.42650604248047,1
1604,29.859243697478924,24.818627450980337,99.91081237792969,1
1605,29.944677871148393,25.288515406162407,101.84635162353516,1
1606,29.987394957983124,25.67296918767501,98.61519622802734,1
1607,29.987394957983124,26.01470588235288,99.86478424072266,1
1608,29.944677871148393,26.35644257703075,99.00240325927734,1
1609,29.987394957983124,26.698179271708625,98.60613250732422,1
1610,29.90196078431366,27.039915966386495,95.92515563964844,1
1611,29.987394957983124,27.509803921568565,99.30188751220703,1
1612,29.90196078431366,27.76610644257697,97.61799621582031,1
1613,29.81652661064419,27.979691876750636,91.93500518798828,1
1614,29.81652661064419,28.32142857142851,92.32173919677734,1
1615,29.859243697478924,28.620448179271644,95.51966094970703,1
1616,30.072829131652593,29.21848739495792,102.03905487060547,1
1617,29.90196078431366,29.432072829131588,90.50791931152344,1
1618,29.81652661064419,29.303921568627384,93.24311828613281,1
1619,29.81652661064419,29.389355742296853,93.65290832519531,1
1620,29.859243697478924,29.303921568627384,97.123046875,1
1621,29.90196078431366,29.389355742296853,98.83538818359375,1
1622,30.072829131652593,29.389355742296853,102.56998443603516,1
1623,30.03011204481786,29.34663865546212,97.6213150024414,1
1624,30.200980392156794,29.34663865546212,99.32736206054688,1
1625,30.158263305322063,29.47478991596632,95.64124298095703,1
1626,30.03011204481786,29.389355742296853,96.8239517211914,1
1627,30.158263305322063,29.47478991596632,98.61158752441406,1
1628,30.200980392156794,29.47478991596632,98.04528045654297,1
1629,30.072829131652593,29.432072829131588,99.6287841796875,1
1630,29.90196078431366,29.389355742296853,101.26094818115234,1
1631,29.90196078431366,29.389355742296853,101.89019775390625,1
1632,29.859243697478924,29.432072829131588,105.91886901855469,1
1633,29.81652661064419,29.432072829131588,107.56405639648438,1
1634,29.773809523809458,29.47478991596632,110.95263671875,1
1635,29.731092436974723,29.47478991596632,111.03755950927734,1
1636,29.731092436974723,29.517507002801054,112.38285064697266,1
1637,29.68837535013999,29.517507002801054,111.22339630126953,1
1638,29.68837535013999,29.517507002801054,110.80721282958984,1
1639,29.68837535013999,29.517507002801054,114.8494873046875,1
1640,29.645658263305254,29.56022408963579,114.21379852294922,1
1641,29.645658263305254,29.56022408963579,114.14893341064453,1
1642,29.645658263305254,29.56022408963579,114.01176452636719,1
1643,29.602941176470523,29.602941176470523,116.46056365966797,1
1644,29.602941176470523,29.602941176470523,115.98606872558594,1
1645,29.645658263305254,29.56022408963579,116.02197265625,1
1646,29.68837535013999,29.56022408963579,114.02391815185547,1
1647,29.68837535013999,29.517507002801054,113.63651275634766,1
1648,29.68837535013999,29.56022408963579,117.22830963134766,1
1649,29.645658263305254,29.56022408963579,116.93388366699219,1
1650,29.68837535013999,29.602941176470523,117.4382095336914,1
1651,29.731092436974723,29.56022408963579,115.23004913330078,1
1652,29.773809523809458,29.517507002801054,114.35767364501953,1
1653,29.859243697478924,29.21848739495792,91.7506332397461,1
1654,29.859243697478924,29.13305322128845,92.58348083496094,1
1655,29.81652661064419,29.13305322128845,89.46442413330078,1
1656,29.81652661064419,29.175770308123184,92.72769927978516,1
1657,29.81652661064419,29.13305322128845,92.64379119873047,1
1658,29.90196078431366,29.090336134453715,92.7296371459961,1
1659,29.987394957983124,29.047619047618984,91.24576568603516,1
1660,29.944677871148393,29.047619047618984,91.18610382080078,1
1661,29.987394957983124,29.047619047618984,92.86837768554688,1
1662,29.987394957983124,29.047619047618984,91.07456970214844,1
1663,29.987394957983124,29.047619047618984,90.942626953125,1
1664,29.987394957983124,29.090336134453715,90.8904037475586,1
1665,29.944677871148393,29.00490196078425,89.96358489990234,1
1666,29.90196078431366,29.047619047618984,87.671875,1
1667,29.90196078431366,29.090336134453715,91.20414733886719,1
1668,29.81652661064419,29.34663865546212,97.47230529785156,1
1669,29.68837535013999,29.56022408963579,118.06414031982422,1
1670,29.68837535013999,29.645658263305254,116.72086334228516,1
1671,29.645658263305254,29.602941176470523,117.60818481445312,1
1672,29.56022408963579,29.645658263305254,124.54135131835938,1
1673,29.389355742296853,29.602941176470523,127.35517883300781,1
1674,29.26120448179265,29.56022408963579,126.79328918457031,1
1675,29.303921568627384,29.602941176470523,125.43489074707031,1
1676,29.303921568627384,29.517507002801054,122.4302749633789,1
1677,8.586134453781494,-2.7766106442576968,179.9396209716797,1
1678,8.543417366946759,-2.7766106442576968,179.9389190673828,1
1679,8.586134453781494,-2.7766106442576968,179.9606475830078,1
1680,8.586134453781494,-2.7766106442576968,179.96780395507812,1
1681,6.322128851540602,-2.733893557422963,179.57281494140625,1
1682,6.322128851540602,-2.733893557422963,179.6105194091797,1
1683,6.279411764705868,-2.733893557422963,179.66221618652344,1
1684,6.578431372549005,31.183473389355672,178.68911743164062,1
1685,5.681372549019595,31.183473389355672,178.60523986816406,1
1686,29.21848739495792,28.620448179271644,105.98613739013672,1
1687,29.303921568627384,28.66316526610638,121.25540924072266,1
1688,29.13305322128845,28.70588235294111,86.83610534667969,1
1689,29.21848739495792,28.748599439775845,149.6610565185547,1
1690,29.432072829131588,28.66316526610638,136.18405151367188,1
1691,29.47478991596632,28.66316526610638,148.35995483398438,1
1692,29.47478991596632,28.70588235294111,143.81106567382812,1
1693,29.21848739495792,28.70588235294111,21.594493865966797,1
1694,28.79131652661058,28.834033613445314,92.30120086669922,1
1695,28.748599439775845,28.834033613445314,88.19828796386719,1
1696,28.70588235294111,28.962184873949514,95.31951141357422,1
1697,28.620448179271644,28.91946778711478,107.10370635986328,1
1698,28.66316526610638,28.91946778711478,108.15326690673828,1
1699,28.70588235294111,28.87675070028005,91.71554565429688,1
1700,2.520308123249294,31.183473389355672,177.17893981933594,1
1701,1.9649859943977548,-2.6484593837534955,179.05397033691406,1
1702,1.9222689075630208,-2.6484593837534955,179.062255859375,1
1703,2.4348739495798264,31.183473389355672,176.95297241210938,1
1704,2.3921568627450926,31.183473389355672,176.88526916503906,1
1705,2.4348739495798264,31.140756302520938,176.6741485595703,1
1706,6.535714285714271,31.268907563025138,179.99374389648438,1
1707,5.894957983193264,31.268907563025138,179.6278533935547,1
1708,5.894957983193264,31.268907563025138,179.53770446777344,1
1709,4.143557422969178,31.183473389355672,178.17637634277344,1
1710,2.1358543417366898,-2.6484593837534955,179.4329071044922,1
1711,5.937675070027998,31.268907563025138,179.7089385986328,1
1712,5.937675070027998,31.268907563025138,179.8294677734375,1
1713,1.9649859943977548,31.140756302520938,176.02731323242188,1
1714,1.879551820728287,31.140756302520938,176.73046875,1
1715,1.7941176470588194,31.140756302520938,174.9770965576172,1
1716,1.7941176470588194,31.098039215686203,174.90264892578125,1
1717,1.7514005602240856,31.098039215686203,174.85960388183594,1
1718,1.708683473389352,31.098039215686203,175.29244995117188,1
1719,28.492296918767444,29.26120448179265,121.59178924560547,1
1720,28.44957983193271,29.303921568627384,128.09902954101562,1
1721,28.535014005602175,29.303921568627384,120.9878158569336,1
1722,5.51050420168066,31.268907563025138,1.2284488677978516,1
1723,30.286414565826263,28.70588235294111,114.10367584228516,1
1724,29.987394957983124,28.535014005602175,110.95008850097656,1
1725,30.115546218487328,28.70588235294111,120.2878189086914,1
1726,30.158263305322063,28.748599439775845,113.01363372802734,1
1727,30.158263305322063,28.834033613445314,111.82783508300781,1
1728,30.115546218487328,28.535014005602175,121.08807373046875,1
1729,29.987394957983124,28.535014005602175,119.26698303222656,1
1730,30.115546218487328,28.66316526610638,114.04460906982422,1
1731,30.200980392156794,28.620448179271644,119.36913299560547,1
1732,30.072829131652593,28.748599439775845,133.4873809814453,1
1733,29.944677871148393,28.620448179271644,140.65188598632812,1
1734,30.37184873949573,29.00490196078425,119.76353454589844,1
1735,30.158263305322063,28.87675070028005,133.5294189453125,1
1736,30.670868347338867,29.517507002801054,115.76905059814453,1
1737,,,,0
1738,30.7135854341736,29.602941176470523,120.83100891113281,1
1739,30.670868347338867,29.56022408963579,123.13251495361328,1
1740,30.542717086834664,29.26120448179265,119.43269348144531,1
1741,30.414565826330463,29.047619047618984,122.48637390136719,1
1742,30.414565826330463,29.00490196078425,122.06192016601562,1
1743,30.414565826330463,29.047619047618984,123.5040054321289,1
1744,30.7135854341736,29.56022408963579,121.63041687011719,1
1745,30.37184873949573,28.962184873949514,119.63693237304688,1
1746,30.414565826330463,28.962184873949514,120.9643783569336,1
1747,30.414565826330463,29.00490196078425,121.65948486328125,1
1748,30.414565826330463,28.962184873949514,119.61504364013672,1
1749,30.414565826330463,28.962184873949514,120.50518798828125,1
1750,,,,0
1751,,,,0
1752,30.414565826330463,28.91946778711478,119.41354370117188,1
1753,30.03011204481786,28.70588235294111,138.76182556152344,1
1754,29.987394957983124,28.66316526610638,138.30313110351562,1
1755,30.03011204481786,28.66316526610638,140.22280883789062,1
1756,29.645658263305254,28.36414565826324,161.76303100585938,1
1757,29.773809523809458,28.492296918767444,155.9154815673828,1
1758,29.944677871148393,28.535014005602175,136.69546508789062,1
1759,29.773809523809458,28.193277310924305,119.34830474853516,1
1760,29.773809523809458,28.36414565826324,136.45846557617188,1
1761,29.859243697478924,28.57773109243691,140.0806884765625,1
1762,,,,0
1763,,,,0
1764,,,,0
1765,,,,0
1766,30.072829131652593,28.620448179271644,131.3472137451172,1
1767,30.115546218487328,28.57773109243691,111.14986419677734,1
1768,30.158263305322063,28.535014005602175,108.12097930908203,1
1769,30.200980392156794,28.57773109243691,106.28056335449219,1
1770,30.158263305322063,28.535014005602175,109.19683837890625,1
1771,30.200980392156794,28.620448179271644,104.52940368652344,1
1772,30.158263305322063,28.535014005602175,106.08350372314453,1
1773,30.115546218487328,28.492296918767444,109.71163177490234,1
1774,30.115546218487328,28.44957983193271,120.11505889892578,1
1775,30.115546218487328,28.535014005602175,125.31759643554688,1
1776,30.03011204481786,28.66316526610638,141.89208984375,1
1777,,,,0
1778,,,,0
1779,,,,0
1780,,,,0
1781,,,,0
1782,,,,0
1783,,,,0
1784,,,,0
1785,,,,0
1786,,,,0
1787,,,,0
1788,,,,0
1789,,,,0
1790,,,,0
1791,30.414565826330463,28.79131652661058,126.7917709350586,1
1792,30.072829131652593,28.492296918767444,126.72855377197266,1
1793,30.115546218487328,28.492296918767444,126.3695297241211,1
1794,30.457282913165198,28.79131652661058,124.41598510742188,1
1795,,,,0
1796,,,,0
1797,,,,0
1798,,,,0
1799,,,,0
1800,,,,0
1801,,,,0
1802,,,,0
1803,30.37184873949573,28.66316526610638,121.64485931396484,1
1804,30.115546218487328,28.492296918767444,127.08512878417969,1
1805,30.158263305322063,28.535014005602175,124.2990951538086,1
1806,30.158263305322063,28.535014005602175,131.80386352539062,1
1807,30.158263305322063,28.535014005602175,129.60145568847656,1
1808,30.158263305322063,28.535014005602175,127.90589904785156,1
1809,30.115546218487328,28.57773109243691,142.7115936279297,1
1810,30.499999999999932,28.748599439775845,118.10690307617188,1
1811,30.329131652660998,28.492296918767444,138.76368713378906,1
1812,,,,0
1813,,,,0
1814,,,,0
1815,,,,0
1816,28.57773109243691,29.389355742296853,130.60244750976562,1
1817,28.44957983193271,29.175770308123184,115.14408874511719,1
1818,28.57773109243691,29.47478991596632,126.0144271850586,1
1819,28.535014005602175,29.432072829131588,118.79015350341797,1
1820,28.620448179271644,29.47478991596632,122.56918334960938,1
1821,28.91946778711478,29.389355742296853,137.15518188476562,1
1822,28.535014005602175,29.602941176470523,121.95549011230469,1
1823,28.535014005602175,29.731092436974723,123.41529846191406,1
1824,28.492296918767444,29.81652661064419,123.7914047241211,1
1825,28.492296918767444,29.859243697478924,127.93954467773438,1
1826,28.44957983193271,29.859243697478924,125.46327209472656,1
1827,28.492296918767444,29.90196078431366,128.64535522460938,1
1828,28.748599439775845,29.859243697478924,131.47264099121094,1
1829,28.66316526610638,30.03011204481786,148.529541015625,1
1830,28.620448179271644,30.158263305322063,157.780517578125,1
1831,28.66316526610638,30.200980392156794,147.85748291015625,1
1832,28.66316526610638,30.24369747899153,147.19036865234375,1
1833,28.66316526610638,30.286414565826263,148.6688690185547,1
1834,28.66316526610638,30.286414565826263,147.68919372558594,1
1835,28.620448179271644,30.200980392156794,143.5677947998047,1
1836,28.620448179271644,30.158263305322063,146.90399169921875,1
1837,28.70588235294111,30.200980392156794,145.11141967773438,1
1838,28.66316526610638,30.115546218487328,145.6116180419922,1
1839,28.66316526610638,30.072829131652593,142.06321716308594,1
1840,28.66316526610638,29.987394957983124,141.6200408935547,1
1841,28.66316526610638,29.944677871148393,138.28358459472656,1
1842,28.66316526610638,29.944677871148393,138.1641845703125,1
1843,28.70588235294111,29.859243697478924,133.94703674316406,1
1844,28.70588235294111,29.90196078431366,132.38673400878906,1
1845,28.492296918767444,30.03011204481786,130.91305541992188,1
1846,28.70588235294111,29.859243697478924,129.8824462890625,1
1847,28.70588235294111,29.859243697478924,136.4556427001953,1
1848,28.66316526610638,29.90196078431366,147.91555786132812,1
1849,28.66316526610638,29.987394957983124,135.56460571289062,1
1850,28.57773109243691,30.03011204481786,138.82232666015625,1
1851,28.57773109243691,30.072829131652593,143.4033660888672,1
1852,28.535014005602175,30.072829131652593,155.4149169921875,1
1853,28.535014005602175,30.072829131652593,164.54620361328125,1
1854,28.620448179271644,30.158263305322063,147.22836303710938,1
1855,28.57773109243691,30.200980392156794,141.54173278808594,1
1856,28.57773109243691,30.24369747899153,150.7525177001953,1
1857,28.57773109243691,30.329131652660998,153.63490295410156,1
1858,28.535014005602175,30.286414565826263,151.85711669921875,1
1859,28.492296918767444,30.24369747899153,153.43284606933594,1
1860,28.492296918767444,30.158263305322063,147.56932067871094,1
1861,28.44957983193271,30.115546218487328,131.6417694091797,1
1862,28.492296918767444,30.115546218487328,133.2333984375,1
1863,28.535014005602175,30.03011204481786,147.69908142089844,1
1864,28.492296918767444,29.944677871148393,142.3857421875,1
1865,28.535014005602175,29.859243697478924,140.25820922851562,1
1866,28.535014005602175,29.731092436974723,143.66531372070312,1
1867,28.535014005602175,29.731092436974723,146.93359375,1
1868,28.535014005602175,29.81652661064419,138.8591766357422,1
1869,28.44957983193271,29.81652661064419,122.76372528076172,1
1870,28.492296918767444,29.859243697478924,148.42160034179688,1
1871,28.44957983193271,29.81652661064419,140.6651611328125,1
1872,28.492296918767444,29.773809523809458,147.1425323486328,1
1873,28.492296918767444,29.773809523809458,143.38790893554688,1
1874,28.278711484593774,29.859243697478924,117.13921356201172,1
1875,28.32142857142851,29.90196078431366,116.76214599609375,1
1876,28.23599439775904,29.987394957983124,121.93982696533203,1
1877,28.193277310924305,29.90196078431366,123.09548950195312,1
1878,28.065126050420105,29.731092436974723,111.5557632446289,1
1879,28.02240896358537,29.602941176470523,112.18804931640625,1
1880,28.065126050420105,29.517507002801054,106.33659362792969,1
1881,28.065126050420105,29.47478991596632,109.292236328125,1
1882,28.10784313725484,29.602941176470523,109.12626647949219,1
1883,28.065126050420105,29.602941176470523,109.90815734863281,1
1884,28.10784313725484,29.859243697478924,127.67581939697266,1
1885,27.979691876750636,29.731092436974723,107.2256851196289,1
1886,28.02240896358537,29.859243697478924,100.79143524169922,1
1887,28.065126050420105,29.90196078431366,104.06932067871094,1
1888,27.979691876750636,29.90196078431366,87.65576934814453,1
1889,27.936974789915904,29.773809523809458,93.13407135009766,1
1890,28.065126050420105,29.68837535013999,76.96697235107422,1
1891,28.065126050420105,29.68837535013999,60.482269287109375,1
1892,27.936974789915904,29.81652661064419,43.252593994140625,1
1893,28.02240896358537,29.859243697478924,77.7782974243164,1
1894,27.76610644257697,30.37184873949573,124.74462890625,1
1895,27.8088235294117,30.37184873949573,124.65817260742188,1
1896,27.76610644257697,30.37184873949573,127.11705017089844,1
1897,,,,0
1898,,,,0
1899,29.47478991596632,29.175770308123184,151.85647583007812,1
1900,,,,0
1901,,,,0
1902,,,,0
1903,,,,0
1904,,,,0
1905,,,,0
1906,,,,0
1907,,,,0
1908,27.979691876750636,30.7135854341736,141.41831970214844,1
1909,28.065126050420105,30.670868347338867,145.4636993408203,1
1910,28.23599439775904,30.841736694677802,153.51596069335938,1
1911,28.44957983193271,30.927170868347268,155.39044189453125,1
1912,27.89425770308117,30.7135854341736,149.7585906982422,1
1913,27.8088235294117,30.670868347338867,147.534912109375,1
1914,29.047619047618984,31.226190476190407,164.87640380859375,1
1915,27.851540616246435,30.7135854341736,148.7051239013672,1
1916,,,,0
1917,,,,0
1918,,,,0
1919,27.89425770308117,30.799019607843068,157.3590087890625,1
1920,,,,0
1921,28.44957983193271,31.055322128851472,159.47410583496094,1
1922,28.36414565826324,31.012605042016737,160.2361602783203,1
1923,28.32142857142851,30.969887955182003,160.8575439453125,1
1924,,,,0
1925,,,,0
1926,,,,0
1927,,,,0
1928,,,,0
1929,,,,0
1930,,,,0
1931,,,,0
1932,,,,0
1933,,,,0
1934,,,,0
1935,,,,0
1936,,,,0
1937,,,,0
1938,,,,0
1939,,,,0
1940,,,,0
1941,,,,0
1942,,,,0
1943,,,,0
1944,,,,0
1945,,,,0
1946,,,,0
1947,,,,0
1948,,,,0
1949,,,,0
1950,,,,0
1951,,,,0
1952,,,,0
1953,,,,0
1954,,,,0
1955,,,,0
1956,,,,0
1957,,,,0
1958,,,,0
1959,,,,0
1960,,,,0
1961,,,,0
1962,,,,0
1963,,,,0
1964,,,,0
1965,,,,0
1966,,,,0
1967,,,,0
1968,,,,0
1969,,,,0
1970,,,,0
1971,,,,0
1972,,,,0
1973,,,,0
1974,,,,0
1975,,,,0
1976,,,,0
1977,,,,0
1978,,,,0
1979,,,,0
1980,,,,0
1981,,,,0
1982,,,,0
1983,,,,0
1984,,,,0
1985,,,,0
1986,,,,0
1987,,,,0
1988,,,,0
1989,,,,0
1990,,,,0
1991,,,,0
1992,,,,0
1993,,,,0
1994,,,,0
1995,,,,0
1996,,,,0
1997,,,,0
1998,,,,0
1999,,,,0
2000,,,,0
2001,,,,0
2002,,,,0
2003,,,,0
2004,,,,0
2005,,,,0
2006,,,,0
2007,,,,0
2008,,,,0
2009,,,,0
2010,,,,0
2011,,,,0
2012,,,,0
2013,,,,0
2014,29.602941176470523,29.090336134453715,152.68667602539062,1
2015,28.36414565826324,29.175770308123184,17.356929779052734,1
2016,29.602941176470523,29.090336134453715,153.03839111328125,1
2017,29.47478991596632,29.047619047618984,151.92471313476562,1
2018,,,,0
2019,28.57773109243691,29.859243697478924,175.31993103027344,1
2020,,,,0
2021,,,,0
2022,,,,0
2023,,,,0
2024,,,,0
2025,,,,0
2026,,,,0
2027,,,,0
2028,,,,0
2029,,,,0
2030,,,,0
2031,,,,0
2032,,,,0
2033,,,,0
2034,,,,0
2035,,,,0
2036,,,,0
2037,,,,0
2038,,,,0
2039,,,,0
2040,,,,0
2041,,,,0
2042,,,,0
2043,,,,0
2044,,,,0
2045,,,,0
2046,,,,0
2047,,,,0
2048,,,,0
2049,,,,0
2050,,,,0
2051,,,,0
2052,,,,0
2053,,,,0
2054,,,,0
2055,,,,0
2056,,,,0
2057,,,,0
2058,,,,0
2059,,,,0
2060,,,,0
2061,,,,0
2062,,,,0
2063,,,,0
2064,,,,0
2065,,,,0
2066,,,,0
2067,,,,0
2068,,,,0
2069,,,,0
2070,,,,0
2071,,,,0
2072,,,,0
2073,,,,0
2074,,,,0
2075,,,,0
2076,,,,0
2077,,,,0
2078,,,,0
2079,,,,0
2080,,,,0
2081,,,,0
2082,,,,0
2083,,,,0
2084,,,,0
2085,,,,0
2086,,,,0
2087,,,,0
2088,,,,0
2089,,,,0
2090,,,,0
2091,,,,0
2092,,,,0
2093,,,,0
2094,,,,0
2095,,,,0
2096,,,,0
2097,,,,0
2098,,,,0
2099,,,,0
2100,,,,0
2101,,,,0
2102,,,,0
2103,,,,0
2104,,,,0
2105,,,,0
2106,,,,0
2107,,,,0
2108,,,,0
2109,,,,0
2110,,,,0
2111,,,,0
2112,,,,0
2113,,,,0
2114,,,,0
2115,,,,0
2116,,,,0
2117,,,,0
2118,,,,0
2119,,,,0
2120,,,,0
2121,,,,0
2122,,,,0
2123,,,,0
2124,,,,0
2125,,,,0
2126,,,,0
2127,,,,0
2128,,,,0
2129,,,,0
2130,,,,0
2131,,,,0
2132,,,,0
2133,,,,0
2134,,,,0
2135,,,,0
2136,,,,0
2137,,,,0
2138,,,,0
2139,,,,0
2140,,,,0
2141,,,,0
2142,,,,0
2143,,,,0
2144,,,,0
2145,,,,0
2146,,,,0
2147,,,,0
2148,,,,0
2149,,,,0
2150,,,,0
2151,,,,0
2152,,,,0
2153,,,,0
2154,,,,0
2155,,,,0
2156,,,,0
2157,,,,0
2158,,,,0
2159,,,,0
2160,,,,0
2161,,,,0
2162,,,,0
2163,,,,0
2164,,,,0
2165,,,,0
2166,,,,0
2167,,,,0
2168,,,,0
2169,,,,0
2170,,,,0
2171,,,,0
2172,,,,0
2173,,,,0
2174,,,,0
2175,28.44957983193271,31.012605042016737,160.79269409179688,1
2176,28.492296918767444,31.055322128851472,157.97581481933594,1
2177,28.23599439775904,30.841736694677802,143.24807739257812,1
2178,28.492296918767444,31.055322128851472,159.2509002685547,1
2179,28.748599439775845,31.183473389355672,160.12213134765625,1
2180,28.36414565826324,31.055322128851472,160.10202026367188,1
2181,28.065126050420105,30.799019607843068,149.71612548828125,1
2182,27.936974789915904,30.799019607843068,155.0994873046875,1
2183,27.8088235294117,30.7135854341736,143.57183837890625,1
2184,27.723389355742235,30.585434173669398,126.0805892944336,1
2185,27.6806722689075,30.499999999999932,124.70128631591797,1
2186,27.723389355742235,30.457282913165198,110.17951965332031,1
2187,30.286414565826263,29.47478991596632,157.95175170898438,1
2188,30.158263305322063,29.34663865546212,109.07323455810547,1
2189,30.200980392156794,29.090336134453715,171.1255645751953,1
2190,30.072829131652593,28.748599439775845,172.98959350585938,1
2191,30.158263305322063,28.32142857142851,35.967567443847656,1
2192,30.072829131652593,28.065126050420105,54.216590881347656,1
2193,29.859243697478924,28.193277310924305,62.9172477722168,1
2194,29.90196078431366,27.8088235294117,64.90443420410156,1
2195,29.90196078431366,27.4243697478991,73.30286407470703,1
2196,29.90196078431366,27.168067226890695,83.28961944580078,1
2197,29.859243697478924,26.740896358543356,91.77914428710938,1
2198,29.773809523809458,26.399159663865486,100.38353729248047,1
2199,29.645658263305254,25.97198879551815,110.21998596191406,1
2200,29.34663865546212,25.502100840336077,119.56720733642578,1
2201,29.00490196078425,25.20308123249294,136.04307556152344,1
2202,28.620448179271644,24.904061624649803,154.459716796875,1
2203,28.150560224089574,24.690476190476137,165.0604248046875,1
2204,27.595238095238035,24.519607843137198,176.89686584472656,1
2205,27.12535014005596,24.562324929971933,7.2861809730529785,1
2206,26.698179271708625,24.647759103641402,21.091854095458984,1
2207,26.31372549019602,24.946778711484537,38.429222106933594,1
2208,26.057422969187616,25.288515406162407,58.65916442871094,1
2209,25.929271708683416,25.715686274509746,77.76429748535156,1
2210,25.843837535013947,26.271008403361286,89.28050231933594,1
2211,25.843837535013947,26.826330532212825,95.95171356201172,1
2212,25.88655462184868,27.381652661064365,102.36216735839844,1
2213,26.057422969187616,27.8088235294117,110.52682495117188,1
2214,26.22829131652655,28.02240896358537,124.08488464355469,1
2215,26.57002801120442,28.32142857142851,141.60629272460938,1
2216,27.12535014005596,28.620448179271644,170.38763427734375,1
2217,27.723389355742235,28.748599439775845,5.481039047241211,1
2218,28.23599439775904,28.70588235294111,25.395401000976562,1
2219,28.87675070028005,28.278711484593774,41.22187042236328,1
2220,29.34663865546212,27.8088235294117,59.12760543823242,1
2221,29.47478991596632,27.5525210084033,65.5804214477539,1
2222,29.645658263305254,27.039915966386495,81.00084686279297,1
2223,29.645658263305254,26.698179271708625,87.07228088378906,1
2224,29.517507002801054,26.44187675070022,102.3673095703125,1
2225,29.26120448179265,26.01470588235288,115.76122283935547,1
2226,28.87675070028005,25.630252100840277,133.37355041503906,1
2227,28.492296918767444,25.41666666666661,153.51028442382812,1
2228,28.02240896358537,25.288515406162407,171.80819702148438,1
2229,27.595238095238035,25.245798319327672,6.1761040687561035,1
2230,27.082633053221226,25.41666666666661,26.848800659179688,1
2231,26.698179271708625,25.715686274509746,53.56394958496094,1
2232,26.44187675070022,26.142857142857086,73.71684265136719,1
2233,26.31372549019602,26.527310924369687,87.69790649414062,1
2234,26.31372549019602,26.99719887955176,98.72975158691406,1
2235,26.44187675070022,27.33893557422963,108.83683013916016,1
2236,26.612745098039156,27.6806722689075,124.87557983398438,1
2237,26.99719887955176,27.979691876750636,144.82339477539062,1
2238,27.46708683473383,28.32142857142851,157.0016326904297,1
2239,27.979691876750636,28.44957983193271,0.19907516241073608,1
2240,28.535014005602175,28.492296918767444,14.250275611877441,1
2241,29.175770308123184,28.32142857142851,21.100873947143555,1
2242,29.68837535013999,28.02240896358537,45.10997009277344,1
2243,29.859243697478924,27.8088235294117,54.61442184448242,1
2244,29.90196078431366,27.509803921568565,75.43861389160156,1
2245,29.944677871148393,27.33893557422963,90.68170166015625,1
2246,29.859243697478924,26.99719887955176,110.3641357421875,1
2247,29.56022408963579,26.612745098039156,123.16329193115234,1
2248,29.175770308123184,26.44187675070022,131.15199279785156,1
2249,28.748599439775845,26.31372549019602,151.77841186523438,1
2250,28.32142857142851,26.271008403361286,167.47708129882812,1
2251,27.851540616246435,26.35644257703075,4.822564601898193,1
2252,27.46708683473383,26.527310924369687,20.560035705566406,1
2253,27.168067226890695,26.740896358543356,35.436004638671875,1
2254,26.78361344537809,27.082633053221226,46.821598052978516,1
2255,26.527310924369687,27.509803921568565,63.09574890136719,1
2256,26.35644257703075,27.851540616246435,77.86786651611328,1
2257,26.22829131652655,28.32142857142851,90.1162338256836,1
2258,26.271008403361286,28.91946778711478,101.89170837402344,1
2259,26.35644257703075,29.34663865546212,113.28274536132812,1
2260,26.612745098039156,29.731092436974723,130.4350128173828,1
2261,26.954481792717026,30.03011204481786,142.8565673828125,1
2262,27.5525210084033,30.286414565826263,165.1969757080078,1
2263,26.99719887955176,30.414565826330463,158.486328125,1
2264,27.296218487394896,30.542717086834664,131.7248077392578,1
2265,27.46708683473383,30.670868347338867,129.0188446044922,1
2266,29.944677871148393,28.91946778711478,59.509002685546875,1
2267,30.158263305322063,28.620448179271644,34.29884338378906,1
2268,30.158263305322063,28.193277310924305,49.52518081665039,1
2269,30.115546218487328,27.851540616246435,68.35214233398438,1
2270,29.987394957983124,27.5525210084033,76.17981719970703,1
2271,29.859243697478924,27.4243697478991,84.65222930908203,1
2272,29.731092436974723,27.21078431372543,101.77701568603516,1
2273,29.47478991596632,26.86904761904756,118.96875762939453,1
2274,29.047619047618984,26.57002801120442,144.36685180664062,1
2275,28.620448179271644,26.44187675070022,176.17723083496094,1
2276,28.278711484593774,26.484593837534955,17.077293395996094,1
2277,27.89425770308117,26.612745098039156,34.05854797363281,1
2278,27.509803921568565,26.91176470588229,54.87739562988281,1
2279,27.25350140056016,27.296218487394896,69.50724029541016,1
2280,27.082633053221226,27.637955182072766,83.591064453125,1
2281,26.99719887955176,27.936974789915904,92.96435546875,1
2282,26.99719887955176,28.193277310924305,98.1098403930664,1
2283,27.082633053221226,28.492296918767444,113.62593078613281,1
2284,27.25350140056016,28.834033613445314,128.31178283691406,1
2285,28.065126050420105,29.175770308123184,174.3634033203125,1
2286,29.00490196078425,29.175770308123184,11.781091690063477,1
2287,29.987394957983124,28.535014005602175,175.4050750732422,1
2288,30.115546218487328,28.23599439775904,48.75579071044922,1
2289,30.072829131652593,28.02240896358537,62.384220123291016,1
2290,30.03011204481786,27.8088235294117,75.32587432861328,1
2291,29.944677871148393,27.509803921568565,83.70121002197266,1
2292,29.81652661064419,27.21078431372543,94.84900665283203,1
2293,29.731092436974723,27.21078431372543,99.91239166259766,1
2294,29.56022408963579,26.78361344537809,111.6939697265625,1
2295,29.303921568627384,26.44187675070022,127.23747253417969,1
2296,28.91946778711478,26.185574229691817,145.5675048828125,1
2297,28.492296918767444,26.057422969187616,176.6371612548828,1
2298,27.979691876750636,26.057422969187616,7.995791912078857,1
2299,27.5525210084033,26.22829131652655,28.072248458862305,1
2300,27.168067226890695,26.527310924369687,45.55937194824219,1
2301,26.826330532212825,26.91176470588229,62.917335510253906,1
2302,26.57002801120442,27.33893557422963,74.05500793457031,1
2303,26.399159663865486,27.76610644257697,81.4364013671875,1
2304,26.31372549019602,28.23599439775904,87.30411529541016,1
2305,26.31372549019602,28.66316526610638,93.46027374267578,1
2306,26.44187675070022,29.21848739495792,107.04947662353516,1
2307,26.65546218487389,29.517507002801054,117.41114044189453,1
2308,27.039915966386495,29.90196078431366,137.0533447265625,1
2309,27.4243697478991,30.200980392156794,149.40992736816406,1
2310,27.8088235294117,30.37184873949573,165.6131591796875,1
2311,27.381652661064365,30.7135854341736,141.4084930419922,1
2312,27.76610644257697,30.927170868347268,136.23341369628906,1
2313,30.37184873949573,29.21848739495792,71.71051788330078,1
2314,30.158263305322063,28.834033613445314,58.80186080932617,1
2315,29.645658263305254,28.87675070028005,65.90248107910156,1
2316,29.68837535013999,27.76610644257697,87.70446014404297,1
2317,29.303921568627384,27.595238095238035,111.54293060302734,1
2318,29.090336134453715,27.637955182072766,126.1554183959961,1
2319,28.79131652661058,27.595238095238035,138.86593627929688,1
2320,28.535014005602175,27.5525210084033,152.01559448242188,1
2321,28.10784313725484,27.46708683473383,163.77476501464844,1
2322,27.595238095238035,27.296218487394896,169.62503051757812,1
2323,27.12535014005596,27.25350140056016,169.15768432617188,1
2324,26.698179271708625,27.296218487394896,177.1117401123047,1
2325,26.271008403361286,27.46708683473383,11.44507884979248,1
2326,25.929271708683416,27.637955182072766,19.61150360107422,1
2327,25.54481792717081,27.936974789915904,36.62083053588867,1
2328,25.20308123249294,28.36414565826324,54.406227111816406,1
2329,24.989495798319272,28.748599439775845,65.49858856201172,1
2330,24.86134453781507,29.34663865546212,86.22547149658203,1
2331,24.733193277310868,29.432072829131588,91.13462829589844,1
2332,24.733193277310868,29.34663865546212,96.77448272705078,1
2333,24.86134453781507,29.432072829131588,108.72639465332031,1
2334,25.074929971988738,29.645658263305254,113.85309600830078,1
2335,25.373949579831876,29.90196078431366,128.22763061523438,1
2336,25.715686274509746,30.115546218487328,142.6720428466797,1
2337,26.057422969187616,30.286414565826263,153.43222045898438,1
2338,26.57002801120442,30.329131652660998,174.70782470703125,1
2339,26.527310924369687,30.499999999999932,174.05569458007812,1
2340,26.78361344537809,30.457282913165198,109.20450592041016,1
2341,27.082633053221226,30.37184873949573,90.72669219970703,1
2342,28.193277310924305,29.517507002801054,44.11567687988281,1
2343,28.748599439775845,28.91946778711478,45.589073181152344,1
2344,29.13305322128845,28.065126050420105,59.60214614868164,1
2345,29.090336134453715,27.5525210084033,77.1196060180664,1
2346,28.91946778711478,27.296218487394896,94.5560302734375,1
2347,28.87675070028005,27.082633053221226,109.83257293701172,1
2348,28.66316526610638,26.65546218487389,120.4830551147461,1
2349,28.406862745097975,26.22829131652655,133.37017822265625,1
2350,28.02240896358537,25.929271708683416,151.1807098388672,1
2351,27.5525210084033,25.715686274509746,172.86209106445312,1
2352,27.12535014005596,25.67296918767501,2.8094663619995117,1
2353,26.740896358543356,25.801120448179212,13.6199951171875,1
2354,26.31372549019602,25.929271708683416,10.52007007598877,1
2355,25.843837535013947,26.142857142857086,11.702932357788086,1
2356,25.373949579831876,26.35644257703075,15.025219917297363,1
2357,24.904061624649803,26.612745098039156,21.38905143737793,1
2358,24.434173669467732,26.86904761904756,30.357900619506836,1
2359,24.049719887955128,27.21078431372543,35.300601959228516,1
2360,23.707983193277258,27.509803921568565,39.483001708984375,1
2361,23.366246498599388,27.89425770308117,47.52537155151367,1
2362,23.15266106442572,28.23599439775904,59.37204360961914,1
2363,22.981792717086783,28.66316526610638,65.35205841064453,1
2364,22.768207282913114,29.175770308123184,75.29180145263672,1
2365,22.682773109243648,29.645658263305254,78.31773376464844,1
2366,22.51190476190471,29.645658263305254,71.35104370117188,1
2367,22.38375350140051,29.731092436974723,68.76155090332031,1
2368,22.25560224089631,29.859243697478924,60.702003479003906,1
2369,22.04201680672264,29.859243697478924,52.96641159057617,1
2370,21.785714285714235,30.072829131652593,48.016815185546875,1
2371,21.6148459383753,30.072829131652593,39.090641021728516,1
2372,21.3585434173669,30.115546218487328,33.303741455078125,1
2373,21.05952380952376,30.286414565826263,32.85356903076172,1
2374,20.67507002801116,30.585434173669398,37.7064323425293,1
2375,20.46148459383749,30.542717086834664,23.702011108398438,1
2376,20.16246498599435,30.542717086834664,19.798416137695312,1
2377,19.82072829131648,30.585434173669398,15.56392765045166,1
2378,19.47899159663861,30.670868347338867,13.44694709777832,1
2379,19.094537815126007,30.969887955182003,24.41880226135254,1
2380,18.838235294117606,30.927170868347268,13.700868606567383,1
2381,18.539215686274467,30.628151260504133,8.181366920471191,1
2382,18.197478991596597,30.499999999999932,175.95645141601562,1
2383,17.813025210083993,30.37184873949573,172.4771728515625,1
2384,17.428571428571388,30.24369747899153,168.53439331054688,1
2385,17.001400560224052,30.200980392156794,168.01736450195312,1
2386,16.574229691876713,30.200980392156794,3.9007370471954346,1
2387,16.18977591036411,30.286414565826263,2.1205968856811523,1
2388,15.805322128851506,30.414565826330463,19.335615158081055,1
2389,15.463585434173634,30.585434173669398,21.6778507232666,1
2390,14.993697478991562,30.799019607843068,32.01529312133789,1
2391,14.73739495798316,30.499999999999932,12.963678359985352,1
2392,14.352941176470555,30.329131652660998,3.13653826713562,1
2393,13.925770308123218,30.329131652660998,1.3633627891540527,1
2394,13.49859943977588,30.457282913165198,17.946308135986328,1
2395,12.985994397759075,30.628151260504133,28.0639705657959,1
2396,12.60154061624647,30.585434173669398,23.956212997436523,1
2397,12.174369747899132,30.542717086834664,21.448036193847656,1
2398,11.789915966386529,30.585434173669398,22.49970817565918,1
2399,11.405462184873924,30.670868347338867,27.18177032470703,1
