frame,x_cm,y_cm,theta,detected
300,16.73035439137131,13.957627118644044,174.77528381347656,0
301,16.73035439137131,13.957627118644044,174.77528381347656,0
302,16.73035439137131,13.957627118644044,174.77528381347656,0
303,16.73035439137131,13.957627118644044,174.77528381347656,0
304,16.852542372881324,13.938828967642504,174.77528381347656,0
305,17.143913713405205,13.901232665639423,174.77528381347656,1
306,17.53867488443756,13.797842835130947,15.524223327636719,1
307,18.027426810477625,13.60986132511554,17.43091583251953,1
308,18.525577812018454,13.384283513097051,24.73155403137207,1
309,18.939137134052352,13.083513097072398,17.890823364257812,1
310,19.11771956856699,12.90493066255776,40.86972427368164,1
311,19.315100154083172,12.275192604006142,49.68100357055664,1
312,19.371494607087794,11.673651771956838,44.39826202392578,1
313,19.333898305084713,11.043913713405221,50.35480499267578,1
314,19.16471494607085,10.461171032357454,80.3920669555664,1
315,18.939137134052356,9.718644067796593,81.49264526367188,1
316,18.48798151001538,9.464869029275793,98.99059295654297,1
317,18.018027734976855,9.258089368258844,106.69329833984375,1
318,17.529275808936795,9.117103235747287,119.19924926757818,1
319,17.031124807395965,9.004314329738042,137.69766235351562,1
320,16.532973805855136,8.929121725731878,135.99803161621088,1
321,16.053620955315843,8.891525423728798,143.8401489257813,1
322,15.668258859784256,8.90092449922957,146.22195434570307,1
323,15.28289676425267,8.94791987673342,156.6376953125,1
324,14.906933744221854,9.060708782742665,2.2190279960632324,1
325,14.596764252696431,9.248690292758074,11.596837997436523,1
326,14.333590138674861,9.502465331278875,22.821325302124023,1
327,14.014021571648666,9.775038520801218,38.45871353149414,1
328,13.807241910631717,10.057010785824328,56.23503494262695,1
329,13.685053929121702,10.3201848998459,72.38613891601557,1
330,13.619260400616309,10.59275808936824,85.48617553710938,1
331,13.619260400616309,10.865331278890583,98.8556900024414,1
332,13.844838212634798,11.250693374422168,107.54032897949219,1
333,14.305392912172547,11.692449922958378,140.31143188476562,1
334,14.888135593220312,12.059013867488423,153.00070190429688,1
335,15.499075500770388,12.340986132511535,179.05128479003906,1
336,16.1946070878274,12.500770416024633,15.400622367858887,1
337,16.767950693374395,12.416178736517699,10.652369499206543,1
338,17.143913713405208,12.143605546995357,24.592975616455078,1
339,17.425885978428322,11.842835130970705,48.44289016723633,1
340,17.67966101694912,11.457473035439119,63.26791763305664,1
341,17.792449922958365,10.996918335901368,80.57913208007812,1
342,17.783050847457595,10.545762711864388,94.49327850341797,1
343,17.660862865947582,10.11340523882895,109.98613739013672,1
344,17.416486902927552,9.690446841294282,120.4126205444336,1
345,17.08751926040059,9.323882896764237,133.13414001464844,1
346,16.673959938366686,9.032511556240355,137.257110595703,1
347,16.21340523882894,8.797534668721095,144.05642700195312,1
348,15.73405238828965,8.637750385207998,151.46995544433594,1
349,15.25469953775036,8.571956856702604,163.3423309326172,1
350,14.794144838212612,8.600154083204917,179.60975646972656,1
351,14.389984591679482,8.741140215716472,21.145170211791992,1
352,14.042218798150978,8.976117103235733,32.08714294433594,1
353,13.750847457627094,9.276887519260386,49.426307678222656,1
354,13.544067796610147,9.62465331278889,61.765281677246094,1
355,13.431278890600902,10.028813559322018,76.20240020751953,1
356,13.44067796610167,10.461171032357456,89.42198181152344,1
357,13.544067796610147,10.855932203389813,104.56855010986328,1
358,13.816640986132489,11.222496147919857,130.97396850585938,1
359,14.408782742681023,11.466872110939889,153.2599334716797,1
360,14.991525423728788,11.579661016949133,3.3513829708099365,1
361,15.499075500770388,11.570261941448361,18.907314300537223,1
362,16.02542372881353,11.382280431432955,52.73563766479492,1
363,16.43898305084743,11.062711864406761,64.56138610839832,1
364,16.551771956856676,10.677349768875175,85.55906677246082,1
365,16.617565485362068,10.216795069337426,99.52671813964855,1
366,16.626964560862838,9.652850539291201,112.47684478759777,1
367,16.476579352850514,9.098305084745748,124.90743255615234,1
368,16.21340523882894,8.543759630200293,131.6603240966797,1
369,15.875038520801207,8.055007704160232,135.90866088867188,1
370,15.48027734976885,7.641448382126335,149.76785278320312,1
371,15.066718027734954,7.359476117103223,155.14581298828125,1
372,14.643759630200284,7.209090909090897,166.22264099121094,1
373,14.202003081664074,7.190292758089356,170.463623046875,1
374,13.760246533127866,7.27488443759629,5.163419723510742,1
375,13.337288135593198,7.453466872110927,21.650758743286133,1
376,12.923728813559302,7.707241910631728,37.293617248535156,1
377,12.528967642526943,8.045608628659462,52.417362213134766,1
378,12.190600924499208,8.440369799691819,61.44791793823242,1
379,11.908628659476097,8.882126348228029,68.18872833251953,1
380,11.701848998459148,9.370878274268089,76.50422668457031,1
381,11.598459167950674,9.86902927580892,82.61383056640625,1
382,11.607858243451444,10.367180277349751,89.3145523071289,1
383,11.720647149460689,10.80893682588596,97.71286010742188,1
384,11.889830508474557,11.175500770416004,105.35671997070312,1
385,12.199999999999978,11.476271186440659,122.81205749511719,1
386,12.575963020030795,11.692449922958378,136.13204956054688,1
387,13.008320493066233,11.805238828967623,167.41139221191406,1
388,13.384283513097051,11.936825885978408,9.244291305541992,1
389,14.098613251155601,11.664252696456066,26.91278839111328,1
390,14.643759630200284,11.372881355932185,108.41205596923828,1
391,15.151309707241884,10.978120184899828,70.52423095703125,1
392,15.593066255778092,10.432973805855145,76.43832397460938,1
393,16.034822804314302,9.699845916795052,81.98927307128906,1
394,16.081818181818154,9.248690292758074,87.49581146240234,1
395,16.100616332819694,8.66594761171031,96.69730377197266,1
396,16.00662557781199,8.073805855161773,104.74745178222656,1
397,15.799845916795041,7.538058551617861,113.51446533203125,1
398,15.527272727272699,7.049306625577799,122.57847595214844,1
399,15.188906009244969,6.607550077041592,133.791748046875,1
400,14.81294298921415,6.2503852080123155,135.150634765625,1
401,14.399383667180254,5.9966101694915155,151.7495574951172,1
402,13.976425269645585,5.846224961479189,166.40042114257812,1
403,13.534668721109375,5.789830508474567,174.22445678710938,1
404,13.102311248073937,5.8274268104776485,5.713926315307617,1
405,12.688751926040041,5.9496147919876625,16.013389587402344,1
406,12.322187981509995,6.156394453004612,24.566617965698242,1
407,12.021417565485342,6.4289676425269535,38.08180236816406,1
408,11.795839753466852,6.786132511556228,49.587066650390625,1
409,11.673651771956836,7.180893682588587,63.046295166015625,1
410,11.664252696456066,7.585053929121713,80.61640930175781,1
411,11.767642526964542,7.97981510015407,92.66254425048828,1
412,11.983821263482259,8.346379044684117,107.26679229736328,1
413,12.303389830508454,8.64714946070877,126.82719421386719,1
414,12.726348228043122,8.882126348228027,140.32139587402344,1
415,13.205701078582411,9.004314329738042,165.8451690673828,1
416,13.722650231124783,9.004314329738042,6.409811973571777,1
417,14.239599383667155,8.872727272727257,21.77659797668457,1
418,14.728351309707216,8.571956856702604,44.837066650390625,1
419,15.113713405238803,8.148998459167938,63.258975982666016,1
420,15.414483821263456,7.679044684129417,75.01055908203125,1
421,15.593066255778092,7.133898305084733,88.2686538696289,1
422,15.668258859784256,6.551155624036968,95.99967193603516,1
423,15.630662557781175,5.987211093990744,105.00916290283203,1
424,15.50847457627116,5.442064714946062,111.01667022705078,1
425,15.292295839753441,4.878120184899838,116.25464630126953,1
426,15.019722650231099,4.389368258859777,120.07797241210938,1
427,14.681355932203365,3.9758089368258793,132.45164489746094,1
428,14.295993836671778,3.6280431432973743,133.59918212890625,1
429,13.882434514637882,3.355469953775033,151.39707946777344,1
430,13.44067796610167,3.176887519260395,158.92442321777344,1
431,12.980123266563922,3.0922958397534615,167.50860595703125,1
432,12.538366718027714,3.120493066255773,179.68467712402344,1
433,12.106009244992276,3.2614791987673284,11.75166130065918,1
434,11.711248073959919,3.4964560862865888,27.69004249572754,1
435,11.382280431432955,3.8348228043143235,38.81777572631836,1
436,11.137904468412923,4.2201848998459095,50.655937194824446,1
437,10.978120184899828,4.643143297380578,61.30345916748047,1
438,10.931124807395975,5.084899845916786,75.14525604248047,1
439,10.978120184899826,5.536055469953766,87.42956542968727,1
440,11.137904468412923,5.987211093990744,96.08734893798828,1
441,11.391679506933723,6.419568567026184,105.33162689209007,1
442,11.701848998459148,6.795531587056999,122.61924743652366,1
443,12.077812018489963,7.115100154083192,129.33070373535156,1
444,12.510169491525403,7.350077041602452,142.1614532470703,1
445,12.989522342064694,7.481664098613239,157.0272979736328,1
446,13.506471494607066,7.500462249614779,178.26156616210938,1
447,14.042218798150978,7.406471494607075,10.639215469360124,1
448,14.56856702619412,7.190292758089356,29.697118759155046,1
449,15.047919876733411,6.8613251155623916,47.00069808959938,1
450,15.442681047765769,6.447765793528494,62.68604660034134,1
451,15.73405238828965,5.977812018489974,74.7174072265625,1
452,15.93143297380583,5.460862865947602,80.57844543457031,1
453,16.044221879815073,4.92511556240369,86.33271789550781,1
454,16.091217257318924,4.389368258859777,88.23578643798828,1
455,16.072419106317383,3.8630200308166343,91.15969848632767,1
456,15.987827426810451,3.3460708782742623,96.23889923095658,1
457,15.856240369799664,2.885516178736513,102.00571441650345,1
458,15.677657935285026,2.556548536209549,110.630859375,1
459,15.452080123266537,2.35916795069337,116.52207946777344,1
460,15.151309707241884,2.2557781201848957,131.1776885986328,1
461,14.794144838212608,2.2651771956856663,159.89500427246094,1
462,14.380585516178712,2.396764252696452,1.363221287727356,1
463,13.938828967642502,2.5565485362095486,12.741264343261719,1
464,13.478274268104752,2.7633281972264974,30.74811363220215,1
465,13.083513097072395,3.0453004622496094,42.72690200805664,1
466,12.763944530046203,3.402465331278884,56.212554931640625,1
467,12.547765793528486,3.825423728813553,69.17157745361328,1
468,12.425577812018469,4.3047765793528425,81.22119903564453,1
469,12.416178736517699,4.802927580893674,91.32390594482422,1
470,12.500770416024633,5.282280431432964,97.25060272216797,1
471,12.698151001540811,5.761633281972256,106.24176788330078,1
472,12.980123266563922,6.175192604006153,117.08189392089844,1
473,13.346687211093968,6.513559322033887,127.17752838134766,1
474,13.82604006163326,6.757935285053918,143.2932586669922,1
475,14.342989214175631,6.927118644067785,166.835693359375,1
476,14.878736517719542,6.9459167950693255,5.673641681671597,1
477,15.395685670261916,6.842526964560851,21.730848312378384,1
478,15.865639445300435,6.635747303543903,27.157333374023438,1
479,16.22280431432971,6.316178736517709,36.33189773559616,1
480,16.504776579352825,5.912018489984581,52.28661727905319,1
481,16.68335901386746,5.451463790446832,71.10172271728561,1
482,16.777349768875165,4.953312788906001,79.6227416992192,1
483,16.786748844375932,4.445762711864399,86.49919891357467,1
484,16.68335901386746,3.938212634822798,95.57231903076217,1
485,16.49537750385205,3.430662557781196,110.45709228515625,1
486,16.21340523882894,2.9325115562403647,122.13798522949219,1
487,15.884437596301973,2.5001540832049263,133.7958374023442,1
488,15.48027734976885,2.11479198767334,142.599365234375,1
489,15.047919876733411,1.8234206471494576,155.24920654296875,1
490,14.56856702619412,1.6166409861325086,166.09063720703125,1
491,14.089214175654831,1.5226502311248047,171.76156616210938,1
492,13.581664098613228,1.503852080123264,175.08227539062545,1
493,13.083513097072398,1.5696456086286568,2.881421327591397,1
494,12.613559322033877,1.7106317411402128,15.550500869751431,1
495,12.21879815100152,1.9456086286594725,27.269702911376953,1
496,11.889830508474557,2.2651771956856663,43.094795227051236,1
497,11.654853620955295,2.631741140215712,60.354492187500455,1
498,11.551463790446821,3.05469953775038,77.9770126342778,1
499,11.570261941448361,3.4964560862865888,91.95362091064499,1
500,11.711248073959919,3.9570107858243384,100.16553497314499,1
501,11.974422187981489,4.398767334360547,114.03103637695358,1
502,12.350385208012305,4.821725731895215,127.38562011718795,1
503,12.801540832049284,5.17889060092449,139.1620635986328,1
504,13.337288135593198,5.489060092449913,148.78308105468795,1
505,13.91063174114019,5.686440677966091,159.03334045410202,1
506,14.512172573189497,5.789830508474567,170.9589691162114,1
507,15.132511556240342,5.789830508474566,11.453656196594693,1
508,15.781047765793499,5.6958397534668626,15.025088310242154,1
509,16.4483821263482,5.507858243451454,21.722120285034634,1
510,17.096918335901357,5.263482280431424,28.824926376343228,1
511,17.707858243451433,4.94391371340523,35.18681716919036,1
512,18.243605546995347,4.5679506933744145,42.05205917358444,1
513,18.666563944530015,4.163790446841287,52.14782714843841,1
514,18.948536209553126,3.722033898305078,64.6968383789067,1
515,19.127118644067764,3.2332819722650172,71.2360229492192,1
516,19.221109399075466,2.8385208012326606,77.43795776367278,1
517,19.239907550077007,2.5471494607087783,82.44675445556686,1
518,19.183513097072385,2.293374422187978,86.51409149169967,1
519,19.070724191063142,2.1053929121725696,93.1775512695317,1
520,18.892141756548504,2.030200308166407,108.88813018798919,1
521,18.600770416024623,1.926810477657932,119.28069305420013,1
522,18.224807395993807,1.7952234206471467,139.31733703613327,1
523,17.764252696456055,1.6918335901386719,151.1872558593759,1
524,17.219106317411374,1.6166409861325088,167.54521179199264,1
525,16.589368258859757,1.5414483821263456,173.1511077880864,1
526,15.940832049306598,1.503852080123264,5.265107154847101,1
527,15.273497688751899,1.5132511556240344,1.1135653257374543,1
528,14.662557781201823,1.5790446841294272,7.678085803986505,1
529,14.098613251155601,1.7200308166409832,13.430071830749966,1
530,13.628659476117079,1.9362095531587022,29.298486709595636,1
531,13.262095531587033,2.2181818181818143,43.28814697265716,1
532,12.998921417565464,2.57534668721109,60.71486663818405,1
533,12.829738058551595,2.9889060092449875,72.3726043701181,1
534,12.820338983050826,3.4400616332819665,85.93997192382903,1
535,12.942526964560841,3.853620955315864,101.34896087646575,1
536,13.18690292758087,4.22958397534668,116.63208770752044,1
537,13.591063174113998,4.549152542372874,136.92686462402435,1
538,14.11741140215714,4.784129429892134,157.89021301269622,1
539,14.681355932203365,4.896918335901378,173.33030700683685,1
540,15.282896764252673,4.93451463790446,3.3553562164315736,1
541,15.865639445300435,4.859322033898297,21.922557830811456,1
542,16.363790446841268,4.643143297380577,36.79737472534316,1
543,16.730354391371314,4.342372881355924,53.3698959350595,1
544,16.965331278890574,3.9852080123266496,63.79148483276458,1
545,17.049922958397506,3.571648690292752,77.47104644775482,1
546,17.012326656394425,3.1392912172573135,92.33006286621185,1
547,16.871340523882868,2.753929121725727,102.55988311767669,1
548,16.63636363636361,2.4061633281972226,109.93260192871185,1
549,16.326194144838183,2.0959938366717994,126.42460632324355,1
550,15.95963020030814,1.8422187981509985,130.3265838623056,1
551,15.555469953775013,1.6730354391371312,146.21519470214935,1
552,15.123112480739573,1.5602465331278865,160.78892517089935,1
553,14.690755007704135,1.503852080123264,172.62576293945403,1
554,14.27719568567024,1.5320493066255751,178.05625915527435,1
555,13.882434514637879,1.64483821263482,9.799778938294821,1
556,13.478274268104755,1.8328197226502279,18.301723480225974,1
557,13.074114021571626,2.0865947611710287,26.917369842530206,1
558,12.698151001540811,2.4061633281972226,36.324958801270895,1
559,12.359784283513076,2.753929121725727,44.49544525146621,1
560,12.096610169491505,3.1486902927580838,52.757114410401755,1
561,11.936825885978408,3.5622496147919818,68.80905914306777,1
562,11.908628659476097,4.013405238828961,84.14124298095794,1
563,12.012018489984573,4.4739599383667095,98.86057281494277,1
564,12.228197226502292,4.915716486902919,110.06129455566543,1
565,12.538366718027714,5.3010785824345055,119.77367401123183,1
566,12.970724191063152,5.6206471494607,137.3063812255873,1
567,13.459476117103213,5.818027734976877,154.87261962890716,1
568,13.967026194144813,5.8744221879815,175.46179199218886,1
569,14.493374422187959,5.799229583975337,16.974376678468616,1
570,15.000924499229559,5.601848998459158,35.93215179443541,1
571,15.433281972264997,5.272881355932195,52.292461395265036,1
572,15.77164869029273,4.840523882896756,63.39617156982558,1
573,16.016024653312762,4.3517719568566955,78.39044189453261,1
574,16.147611710323545,3.844221879815094,87.55527496338027,1
575,16.15701078582432,3.327272727272722,95.9938812255873,1
576,16.063020030816613,2.8667180277349718,104.7380218505873,1
577,15.903235747303517,2.490755007704156,110.10652160644668,1
578,15.649460708782716,2.1711864406779626,121.46212005615371,1
579,15.329892141756522,1.9080123266563909,130.61193847656386,1
580,14.953929121725707,1.7200308166409832,141.715240478517,1
581,14.53097072419104,1.5884437596301977,151.17887878418105,1
582,14.06101694915252,1.503852080123264,166.35359191894668,1
583,13.60986132511554,1.5132511556240344,174.11347961425918,1
584,13.168104776579332,1.6072419106317384,8.181600570680075,1
585,12.773343605546973,1.785824345146376,26.180835723878772,1
586,12.425577812018469,2.0583975346687176,35.40408706665221,1
587,12.153004622496127,2.396764252696452,47.76033020019713,1
588,11.946224961479178,2.791525423728809,65.26276397705215,1
589,11.833436055469935,3.242681047765788,74.53032684326354,1
590,11.814637904468393,3.7408320493066194,84.52058410644668,1
591,11.899229583975327,4.23898305084745,90.14609527588027,1
592,12.087211093990735,4.727734976887511,103.0189285278334,1
593,12.387981510015388,5.178890600924491,113.12491607666198,1
594,12.773343605546973,5.564252696456077,131.94659423828307,1
595,13.233898305084725,5.846224961479189,147.48628234863463,1
596,13.732049306625555,6.006009244992286,164.07623291015807,1
597,14.220801232665616,6.043605546995368,175.25933837890807,1
598,14.671956856702593,5.949614791987663,9.855816841127762,1
599,15.07611710323572,5.724036979969173,27.94692039489928,1
600,15.414483821263456,5.366872110939899,46.735881805422196,1
601,15.677657935285026,4.93451463790446,62.15312576294173,1
602,15.865639445300435,4.4363636363636285,80.18142700195494,1
603,15.98782742681045,3.853620955315864,91.29033660888808,1
604,16.044221879815073,3.2708782742680995,97.75991058349791,1
605,16.025423728813532,2.7633281972264974,102.0101776123065,1
606,15.93143297380583,2.330970724191059,113.73673248291243,1
607,15.76224961479196,1.9926040061633248,128.99624633789244,1
608,15.50847457627116,1.7952234206471462,134.36677551269713,1
609,15.170107858243426,1.6918335901386719,146.2140960693382,1
610,14.765947611710297,1.64483821263482,159.0171203613295,1
611,14.33359013867486,1.64483821263482,170.66120910644713,1
612,13.901232665639421,1.701232665639442,2.520474672319324,1
613,13.478274268104752,1.8234206471494574,15.422112464907059,1
614,13.083513097072395,2.0208012326656357,28.426919937135608,1
615,12.735747303543892,2.293374422187978,40.6643257141136,1
616,12.453775038520778,2.641140215716482,56.5560493469261,1
617,12.265793528505373,3.035901386748839,65.89250946045149,1
618,12.19060092449921,3.4776579352850474,82.40068817138899,1
619,12.246995377503833,3.938212634822798,93.3498840332054,1
620,12.444375963020011,4.389368258859776,109.4593811035179,1
621,12.763944530046205,4.793528505392904,129.622116088869,1
622,13.18690292758087,5.141294298921409,144.19593811035338,1
623,13.685053929121702,5.385670261941439,163.0232849121112,1
624,14.220801232665616,5.507858243451454,175.07342529297057,1
625,14.765947611710297,5.507858243451454,4.135596752168567,1
626,15.329892141756522,5.40446841294298,15.764700889589221,1
627,15.865639445300435,5.216486902927572,21.64523696899687,1
628,16.41078582434512,4.9533127889060005,26.733831405642377,1
629,16.96533127889057,4.661941448382118,29.368745803834827,1
630,17.529275808936795,4.323574730354384,29.615503311159046,1
631,18.06502311248071,3.947611710323568,35.65604019165312,1
632,18.563174114021542,3.5246533127889004,45.63020324707304,1
633,18.967334360554666,3.1016949152542326,51.6469535827664,1
634,19.305701078582402,2.7633281972264974,61.85086441040312,1
635,19.615870570107823,2.5001540832049267,79.93593597412382,1
636,19.93543913713402,2.2839753466872073,66.53543853760038,1
637,20.273805855161754,2.142989214175651,53.32049560547057,1
638,20.67796610169488,2.0208012326656357,36.35872650146757,1
639,21.129121725731856,1.8140215716486872,32.78320312500273,1
640,21.57087827426807,1.5696456086286568,24.664085388186322,1
641,21.9750385208012,1.3722650231124782,21.9606742858914,1
642,22.379198767334323,1.2218798151001518,23.317853927615033,1
643,22.755161787365136,1.127889060092448,11.388216972352893,1
644,23.102927580893645,1.0808936825885958,2.0677590370205507,1
645,23.441294298921378,1.0714946070878255,0.10875996947470412,1
646,23.76086286594757,1.0432973805855144,4.42376661300932,1
647,24.061633281972224,1.0151001540832032,14.882407188417346,1
648,24.37180277349765,1.0057010785824327,17.08382797241393,1
649,24.691371340523837,1.0338983050847441,4.365083217623578,1
650,25.039137134052346,1.099691833590137,4.437821388246448,1
651,25.452696456086244,1.2030816640986113,175.7367095947293,1
652,25.941448382126303,1.315870570107856,174.34657287597838,1
653,26.467796610169444,1.4192604006163303,172.60498046875182,1
654,26.984745762711817,1.503852080123264,167.6139373779315,1
655,27.370107858243404,1.5978428351309681,173.97608947754088,1
656,27.65208012326652,1.7106317411402128,1.0738630294817995,1
657,27.840061633281927,1.8422187981509985,172.80262756347838,1
658,27.92465331278886,2.0020030816640952,167.18743896484557,1
659,27.962249614791936,2.189984591679503,169.04890441894713,1
660,28.075038520801183,2.415562403697993,163.24645996093932,1
661,28.197226502311203,2.659938366718023,156.16053771972838,1
662,28.300616332819676,2.9231124807395945,149.4200897216815,1
663,28.413405238828922,3.2144838212634768,143.7804412841815,1
664,28.544992295839705,3.543451463790441,129.60096740722838,1
665,28.667180277349722,3.8724191063174045,120.76238250732604,1
666,28.789368258859735,4.2201848998459095,115.40250396728698,1
667,28.911556240369748,4.577349768875186,110.97961425781477,1
668,29.024345146378995,4.93451463790446,108.52420806884948,1
669,29.118335901386693,5.291679506933735,107.58870697021666,1
670,29.193528505392862,5.658243451463781,105.3423767089862,1
671,29.268721109399024,6.015408320493056,104.52379608154479,1
672,29.33451463790442,6.372573189522331,100.72253417968977,1
673,29.390909090909037,6.720338983050835,96.79711914062682,1
674,29.428505392912122,7.05870570107857,98.98287200927962,1
675,29.484899845916743,7.397072419106306,94.10124969482649,1
676,29.522496147919828,7.73543913713404,94.10560607910338,1
677,29.531895223420598,8.092604006163315,92.85702514648665,1
678,29.55069337442214,8.477966101694902,92.43122863769759,1
679,29.560092449922912,8.853929121725717,88.3962707519554,1
680,29.541294298921365,9.220493066255761,95.14962005615416,1
681,29.522496147919828,9.596456086286578,96.57369232177916,1
682,29.541294298921365,9.972419106317394,95.70280456543196,1
683,29.541294298921372,10.338983050847439,96.50537872314635,1
684,29.55069337442214,10.743143297380566,95.8136444091815,1
685,29.57889060092445,11.194298921417545,98.1937713623065,1
686,29.607087827426756,11.692449922958378,93.37403106689635,1
687,29.59768875192599,12.20939907550075,91.14216613769759,1
688,29.588289676425223,12.782742681047745,95.55102539062727,1
689,29.56949152542368,13.42187981510013,98.51134490967024,1
690,29.55069337442214,14.10801232665637,98.21012115478698,1
691,29.55069337442214,14.822342064714922,94.95717620849791,1
692,29.560092449922912,15.51787365177193,89.02777099609602,1
693,29.57889060092445,16.15701078582432,96.168991088869,1
694,29.60708782742676,16.720955315870544,100.75710296631087,1
695,29.644684129429844,17.228505392912147,92.74321746826399,1
696,29.65408320493061,17.670261941448352,95.33518218994323,1
697,29.682280431432922,18.093220338983024,95.71323394775573,1
698,29.719876733436006,18.497380585516147,93.99563598632994,1
699,29.766872110939858,18.892141756548504,97.65476989746321,1
700,29.79506933744217,19.258705701078547,93.853317260744,1
701,29.82326656394448,19.615870570107823,94.17975616455305,1
702,29.82326656394448,19.9730354391371,95.60457611084166,1
703,29.813867488443712,20.35839753466869,92.8878479003929,1
704,29.813867488443712,20.762557781201814,92.44557189941588,1
705,29.79506933744217,21.16671802773494,94.386520385744,1
706,29.785670261941398,21.58027734976884,101.31677246093932,1
707,29.81386748844371,21.993836671802732,97.10459899902526,1
708,29.851463790446793,22.38859784283509,99.9817810058612,1
709,29.86086286594756,22.745762711864366,102.41548156738463,1
710,29.88906009244987,23.102927580893642,101.67637634277526,1
711,29.91725731895218,23.431895223420607,100.06097412109602,1
712,29.936055469953725,23.751463790446802,102.89748382568587,1
713,29.945454545454492,24.089830508474538,99.52941894531477,1
714,29.964252696456036,24.44699537750381,97.83967590332259,1
715,29.983050847457577,24.794761171032313,100.05033874511946,1
716,30.001848998459117,25.142526964560822,98.34062957763899,1
717,30.02064714946066,25.499691833590095,101.38511657715026,1
718,30.039445300462198,25.819260400616287,99.1654129028343,1
719,30.067642526964512,26.12942989214171,103.04824066162291,1
720,30.095839753466816,26.430200308166366,98.01735687256041,1
721,30.1334360554699,26.740369799691784,99.55331420898665,1
722,30.171032357472985,27.050539291217213,100.2903747558612,1
723,30.18983050847452,27.360708782742638,96.75543212890807,1
724,30.180431432973755,27.68027734976883,99.65450286865462,1
725,30.16163328197221,27.99984591679502,94.7008514404315,1
726,30.142835130970674,28.347611710323527,93.60472106933776,1
727,30.11463790446836,28.601386748844323,94.71701812744323,1
728,30.1334360554699,28.826964560862812,101.87496185302962,1
729,30.18043143297375,28.977349768875136,99.77727508545149,1
730,30.208628659476062,29.080739599383616,102.18080902099791,1
731,30.218027734976836,29.080739599383616,103.55336761474837,1
732,30.23682588597838,29.108936825885927,99.72231292724837,1
733,30.20862865947607,29.090138674884383,101.49700164795149,1
734,30.199229583975296,29.09953775038516,101.04235839843932,1
735,30.18983050847452,29.071340523882846,99.57741546631041,1
736,30.199229583975296,29.071340523882846,99.30130767822448,1
737,30.236825885978373,29.052542372881305,94.47739410400618,1
738,30.28382126348223,29.071340523882846,94.47885894775573,1
739,30.302619414483775,29.061941448382072,101.02317047119368,1
740,30.321417565485312,29.07134052388284,98.17126464843932,1
741,30.340215716486853,29.071340523882846,98.71510314941588,1
742,30.312018489984542,29.090138674884383,96.87072753906432,1
743,30.293220338982998,29.108936825885923,101.92536926269713,1
744,30.255624036979917,29.127734976887467,102.78385162353743,1
745,30.227426810477606,29.146533127889008,103.21570587158385,1
746,30.180431432973755,29.17473035439132,103.96093750000182,1
747,30.11463790446836,29.174730354391322,102.207077026369,1
748,30.067642526964512,29.16533127889055,101.94091033935729,1
749,30.039445300462198,29.174730354391322,98.45581054687682,1
750,30.011248073959887,29.193528505392862,106.36138153076399,1
751,29.983050847457577,29.193528505392862,106.42000579834166,1
752,29.964252696456036,29.212326656394403,108.49844360351744,1
753,29.907858243451415,29.240523882896714,108.65961456299055,1
754,29.851463790446793,29.249922958397484,110.61949157715071,1
755,29.81386748844371,29.25932203389825,113.64302825927916,1
756,29.7856702619414,29.268721109399024,116.02439117431868,1
757,29.77627118644063,29.278120184899795,112.83512115478743,1
758,29.785670261941398,29.278120184899795,113.07305145263854,1
759,29.79506933744217,29.287519260400565,114.64223480224791,1
760,29.79506933744217,29.296918335901335,114.9149627685565,1
761,29.79506933744217,29.296918335901335,114.1808776855487,1
762,29.804468412942935,29.296918335901335,113.9858703613304,1
763,29.81386748844371,29.296918335901335,112.78491973877135,1
764,29.82326656394448,29.287519260400565,112.29521942138854,1
765,29.832665639445246,29.278120184899795,114.22019195556823,1
766,29.84206471494602,29.278120184899795,115.03088378906477,1
767,29.84206471494602,29.278120184899795,112.96023559570494,1
768,29.84206471494602,29.278120184899795,113.57769012451354,1
769,29.832665639445246,29.278120184899795,115.56284332275618,1
770,29.82326656394448,29.278120184899795,113.74394989013854,1
771,29.81386748844371,29.278120184899795,113.19276428222838,1
772,29.804468412942935,29.278120184899795,115.53441619873229,1
773,29.785670261941398,29.278120184899795,115.4864959716815,1
774,29.77627118644063,29.278120184899795,117.03908538818587,1
775,29.75747303543909,29.278120184899795,115.17911529541198,1
776,29.75747303543909,29.278120184899795,117.47916412353698,1
777,29.75747303543909,29.268721109399024,119.38085174560774,1
778,29.776271186440624,29.249922958397484,115.96958160400573,1
779,29.804468412942935,29.23112480739594,113.15758514404524,1
780,29.832665639445246,29.202927580893636,111.94040679931868,1
781,29.832665639445246,29.16533127889055,110.65518188476744,1
782,29.832665639445246,29.137134052388234,110.43843841552916,1
783,29.79506933744217,29.080739599383616,109.26242065429915,1
784,29.738674884437547,29.024345146378995,108.89269256591979,1
785,29.682280431432922,28.96795069337437,110.04411315918196,1
786,29.616486902927527,28.920955315870522,110.37243652343932,1
787,29.541294298921365,28.87395993836667,109.041549682619,1
788,29.484899845916743,28.84576271186436,106.52924346924055,1
789,29.428505392912122,28.7987673343605,110.5074768066429,1
790,29.372110939907497,28.75177195685665,102.62157440185774,1
791,29.33451463790442,28.704776579352803,101.56925201416198,1
792,29.296918335901335,28.62958397534664,99.796676635744,1
793,29.25932203389825,28.573189522342016,102.85789489746276,1
794,29.23112480739594,28.53559322033893,96.48785400390852,1
795,29.18412942989209,28.49799691833585,92.92491912842024,1
796,29.13713405238824,28.469799691833536,94.88992309570494,1
797,29.090138674884383,28.47919876733431,94.2827835083026,1
798,29.052542372881305,28.488597842835084,95.64063262939635,1
799,28.996147919876684,28.49799691833585,95.30059051513854,1
800,28.96795069337437,28.516795069337395,99.19099426269759,1
801,28.939753466872066,28.526194144838165,96.25801086425963,1
802,28.911556240369748,28.516795069337395,97.55740356445494,1
803,28.88335901386744,28.50739599383662,96.13860321045104,1
804,28.864560862865897,28.488597842835084,101.74444580078307,1
805,28.84576271186436,28.46040061633277,99.6459426879901,1
806,28.82696456086282,28.441602465331226,100.37111663818541,1
807,28.808166409861276,28.441602465331226,99.69159698486555,1
808,28.77996918335897,28.441602465331226,102.4716491699237,1
809,28.742372881355884,28.451001540832,103.58432769775573,1
810,28.714175654853573,28.488597842835084,101.6969680786151,1
811,28.685978428351255,28.563790446841246,106.47006988525618,1
812,28.66718027734972,28.62958397534664,101.41307067871276,1
813,28.648382126348178,28.685978428351262,110.92324066162291,1
814,28.6486669468179,28.74037913806784,112.02322387695494,1
815,28.639837512256566,28.77398795349484,112.9584426879901,1
816,28.631292898164958,28.758607648129942,111.79843070290553,0
817,28.623033104543072,28.741233599477,110.6384187178196,0
818,28.624457206891673,28.73126488303679,109.47840673273458,0
819,28.62588130924027,28.72129616659658,108.31839474764956,0
820,28.62730541158887,28.711327450156368,107.15838276256409,0
821,28.62872951393748,28.70135873371616,105.99837077747907,0
822,28.630153616286076,28.69139001727595,104.83835879239405,0
823,28.63157771863468,28.681421300835733,103.67834680730812,0
824,28.63300182098328,28.671452584395524,102.5183348222231,0
825,28.634425923331882,28.661483867955315,101.35832283713808,0
826,28.635850025680487,28.651515151515106,100.1983108520526,0
827,28.637274128029087,28.641546435074893,99.03829886696758,0
828,28.638698230377685,28.63157771863468,97.87828688188256,0
829,28.640122332726293,28.621609002194468,96.71827489679663,0
830,28.64154643507489,28.61164028575426,95.55826291171206,0
831,28.64297053742349,28.601671569314043,94.39825092662704,0
832,28.644394639772095,28.591702852873834,93.23823894154111,0
833,28.645818742120696,28.581734136433624,92.07822695645609,0
834,28.647242844469297,28.571765419993415,90.91821497137107,0
835,28.6486669468179,28.561796703553206,89.7582029862856,0
836,28.650091049166498,28.55182798711299,88.59819100120058,0
837,28.651515151515106,28.54185927067278,87.43817901611555,0
838,28.6529392538637,28.531890554232568,86.27816703102962,0
839,28.654363356212304,28.52192183779236,85.11815504594506,0
840,28.655787458560905,28.51195312135215,83.95814306086004,0
841,28.65721156090951,28.501984404911934,82.79813107577411,0
842,28.65863566325811,28.492015688471724,81.63811909068909,0
843,28.66005976560671,28.482046972031515,80.47810710560407,0
844,28.661483867955315,28.472078255591306,79.31809512051859,0
845,28.662907970303916,28.462109539151093,78.15808313543357,0
846,28.664332072652513,28.45214082271088,76.99807115034855,0
847,28.7594621095391,28.754335341084136,75.83805916526262,0
848,28.841775225288274,29.025626838492734,74.6780471801776,1
849,28.911271419900032,29.26601531493668,118.09046936035338,1
850,28.96795069337437,29.47550077041597,115.06750869751204,0
851,29.0118130457113,29.65408320493061,112.04454803466979,0
852,28.949152542372833,29.489599383667134,109.02158737182845,0
853,28.886492039034362,29.325115562403646,105.99862670898665,0
854,28.817565485362046,29.212326656394403,102.9756660461444,0
855,28.770570107858198,29.151232665639395,99.95270538330305,1
856,28.736106831022038,29.151232665639395,116.28890991211165,1
857,28.714175654853573,29.14653312788901,110.39830780029479,1
858,28.723574730354347,29.193528505392862,118.03455352783385,1
859,28.75177195685665,29.20292758089363,108.91212463379088,1
860,28.751771956856658,29.18412942989209,109.23545837402526,1
861,28.761171032357424,29.16533127889055,103.22114562988463,1
862,28.761171032357424,29.16533127889055,111.29534149170149,1
863,28.751771956856658,29.146533127889008,111.16007995605696,1
864,28.732973805855114,29.155932203389778,106.53447723388899,1
865,28.732973805855114,29.20292758089363,105.98766326904479,1
866,28.714175654853573,29.20292758089363,107.064010620119,1
867,28.695377503852036,29.231124807395947,118.5289764404315,1
868,28.65778120184895,29.25932203389825,116.73302459717024,1
869,28.638983050847408,29.28751926040057,118.12989044189635,1
870,28.620184899845867,29.278120184899798,120.55960845947448,1
871,28.610785824345093,29.278120184899798,119.72487640381087,1
872,28.638983050847408,29.278120184899798,119.12860107422102,1
873,28.779969183358965,29.123035439137084,117.68248748779524,1
874,29.014946070878228,28.803466872110892,119.16204071045104,1
875,29.287519260400565,28.596687211093943,123.04076766967955,0
876,29.560092449922912,28.36171032357468,126.91949462890807,1
877,29.81386748844371,28.164329738058502,97.80461883545104,1
878,29.945454545454492,28.16902927580889,88.85739135742415,1
879,29.973651771956803,28.394607087827374,84.06175994873229,1
880,29.954853620955266,28.516795069337395,81.50828552246321,1
881,29.907858243451415,28.72357473035434,82.5247497558612,1
882,29.813867488443712,28.90215716486898,78.58016204834166,1
883,29.691679506933696,29.099537750385156,74.37226104736555,1
884,29.531895223420598,29.249922958397484,66.62200164795104,1
885,29.343913713405193,29.40970724191058,61.32960510254088,1
886,29.04314329738054,29.6258859784283,59.422008514406116,1
887,28.808166409861276,29.77627118644063,52.1086730957054,1
888,28.6107858243451,29.86086286594756,62.416080474855335,1
889,28.404006163328155,29.954853620955266,56.227329254152664,1
890,28.20662557781197,30.030046224961428,37.685131072999866,1
891,28.103235747303493,30.030046224961428,43.1698799133319,1
892,27.92465331278886,30.105238828967593,36.462284088136585,1
893,27.70847457627114,30.199229583975296,33.86125946045104,1
894,27.48289676425265,30.26502311248069,22.559295654298694,1
895,27.229121725731847,30.387211093990704,25.45812988281432,1
896,26.937750385207966,30.49999999999995,12.55092430114928,1
897,26.627580893682545,30.584591679506882,10.393625259401233,1
898,26.29861325115558,30.650385208012274,8.565369606019885,1
899,25.969645608628618,30.71617873651767,2.022099494935901,1
900,25.640677966101652,30.74437596301998,6.8064217567466585,1
901,25.35870570107854,30.734976887519206,7.048991680147083,1
902,25.0861325115562,30.725577812018436,7.878894329073319,1
903,24.832357473035398,30.71617873651767,3.596713066102893,1
904,24.559784283513057,30.687981510015355,10.495227813722522,1
905,24.277812018489946,30.650385208012274,6.348229408266434,1
906,23.977041602465295,30.62218798150996,2.6401808261894075,1
907,23.6574730354391,30.584591679506882,9.35157394409407,1
908,23.319106317411364,30.546995377503798,11.27436351776305,1
909,22.9901386748844,30.52819722650226,13.567515373232254,1
910,22.661171032357437,30.509399075500717,13.200167655946643,1
911,22.35100154083201,30.443605546995325,16.484935760499866,1
912,22.050231124807357,30.377812018489937,17.43578910827864,1
913,21.768258859784247,30.312018489984542,174.196578979494,1
914,21.476887519260362,30.293220338983,2.4447743892687868,1
915,21.21371340523879,30.274422187981465,9.476248741152176,1
916,20.931741140215678,30.32141756548531,19.26615524292174,1
917,20.68736517719565,30.368412942989163,20.981504440309436,1
918,20.433590138674848,30.39661016949147,20.394744873048694,1
919,20.19861325115559,30.396610169491474,19.838476181032547,1
920,19.96363636363633,30.40600924499224,11.755970954896839,1
921,19.738058551617836,30.32141756548531,14.993870735170276,1
922,19.48428351309704,30.171032357472985,17.847955703737625,1
923,19.2117103235747,29.964252696456033,173.64099121093932,1
924,18.920338983050815,29.65408320493061,157.107223510744,1
925,18.59137134052385,29.278120184899798,142.63911437988463,1
926,18.224807395993807,28.920955315870522,127.73696136474791,1
927,17.830046224961446,28.58258859784279,132.89453125000227,1
928,17.435285053929093,28.272419106317365,132.125289916994,1
929,17.021725731895195,28.01864406779656,136.604782104494,1
930,16.598767334360527,27.811864406779613,147.86262512207168,1
931,16.18520801232663,27.661479198767285,162.13592529297057,1
932,15.771648690292732,27.576887519260357,171.6753692626976,1
933,15.339291217257292,27.54869029275804,175.48924255371276,1
934,14.935130970724165,27.586286594761123,2.253183126451404,1
935,14.54976887519258,27.689676425269596,11.213287353517444,1
936,14.183204930662535,27.877657935285004,27.591121673586258,1
937,13.86363636363634,28.131432973805808,41.77043533325377,1
938,13.591063174113998,28.488597842835084,58.48006820678938,1
939,13.346687211093968,28.779969183358965,75.8022155761737,1
940,13.111710323574709,29.014946070878228,81.54644012451399,1
941,12.886132511556218,29.221725731895173,75.7477722167987,1
942,12.641756548536188,29.38151001540827,66.84786224365462,1
943,12.397380585516158,29.428505392912122,64.13130950927916,1
944,12.134206471494588,29.541294298921365,56.2926216125511,1
945,11.861633281972244,29.663482280431385,54.72948455810774,1
946,11.589060092449902,29.757473035439084,51.22547149658385,1
947,11.307087827426791,29.84206471494602,37.85194778442565,1
948,11.006317411402138,29.926656394452955,37.03350830078307,1
949,10.686748844375945,30.001848998459117,35.662357330324085,1
950,10.38597842835129,30.05824345146374,33.91319274902526,1
951,10.057010785824328,30.11463790446836,37.54443740844954,1
952,9.728043143297365,30.152234206471444,26.027471542360672,1
953,9.3990755007704,30.199229583975296,28.45040702820006,1
954,9.060708782742665,30.23682588597838,27.583478927614124,1
955,8.70354391371339,30.293220338983,22.153524398805985,1
956,8.355778120184885,30.33081664098608,25.247320175172717,1
957,8.008012326656381,30.368412942989163,27.6455383300804,1
958,7.650847457627106,30.406009244992248,27.048624038698108,1
959,7.29368258859783,30.42480739599379,23.681219100954422,1
960,6.936517719568556,30.443605546995325,25.00521278381575,1
961,6.5605546995377395,30.471802773497636,24.427267074587235,1
962,6.184591679506923,30.49999999999995,25.41365051269713,1
963,5.836825885978419,30.490600924499176,22.340686798097977,1
964,5.507858243451454,30.490600924499176,24.44536018371764,1
965,5.160092449922949,30.50939907550072,14.800981521608264,1
966,4.840523882896756,30.49999999999995,17.16083145141829,1
967,4.511556240369792,30.49999999999995,23.000921249391922,1
968,4.163790446841287,30.52819722650226,15.167112350465686,1
969,3.834822804314323,30.50939907550072,15.389675140382678,1
970,3.5340523882896706,30.462403697996866,12.95394325256575,1
971,3.28967642526964,30.415408320493015,10.706765174867996,1
972,3.120493066255773,30.349614791987626,0.8787993788737367,1
973,3.017103235747298,30.28382126348223,2.4053494930285524,1
974,2.9513097072419057,30.24622496147915,1.0390673875826906,1
975,2.9231124807395945,30.20862865947607,175.99366760254088,1
976,2.8855161787365127,30.180431432973755,175.57342529297057,1
977,2.8291217257318904,30.142835130970674,175.9482116699237,1
978,2.744530046224957,30.077041602465282,161.2514495849623,1
979,2.650539291217253,30.001848998459117,153.46122741699355,1
980,2.5283513097072374,29.86086286594756,144.6420745849632,1
981,2.3873651771956816,29.67288135593215,128.56375122070494,1
982,2.255778120184896,29.44730354391366,127.03043365478652,1
983,2.1053929121725696,29.193528505392862,116.20211029052962,1
984,1.9268104776579318,28.90215716486898,106.1232147216815,1
985,1.7670261941448353,28.620184899845867,105.56449890136855,1
986,1.626040061633279,28.319414483821213,109.76496887207213,1
987,1.4474576271186415,28.009244992295795,100.83326721191588,1
988,1.2970724191063152,27.70847457627114,96.0977249145526,1
989,1.1748844375963001,27.40770416024649,97.39458465576354,1
990,1.062095531587055,27.078736517719523,90.39784240722793,1
991,0.9493066255778103,26.75916795069333,85.85972595215071,1
992,0.892912172573188,26.448998459167903,90.26378631591979,1
993,0.8647149460708767,26.12003081664094,85.8716735839862,1
994,0.8553158705701065,25.78166409861321,85.54852294922057,1
995,0.8553158705701064,25.462095531587014,86.20082855224791,1
996,0.8553158705701065,25.133127889060052,83.9181823730487,1
997,0.8271186440677951,24.804160246533087,85.98242950439635,1
998,0.8177195685670249,24.47519260400612,83.5522537231468,1
999,0.8365177195685657,24.146224961479156,87.2555007934593,1
1000,0.8741140215716472,23.807858243451424,81.75251770019713,1
1001,0.9493066255778103,23.460092449922918,73.63066101074355,1
1002,1.0432973805855144,23.074730354391328,74.05140686035338,1
1003,1.1184899845916776,22.661171032357437,81.63571929931823,1
1004,1.1654853620955297,22.228813559322,82.21789550781432,1
1005,1.1842835130970706,21.787057010785787,79.9486999511737,1
1006,1.1654853620955297,21.33590138674881,80.11717987060729,1
1007,1.1184899845916776,20.90354391371337,85.41986083984557,1
1008,1.1090909090909071,20.508782742681014,92.6993484497093,1
1009,1.1372881355932183,20.123420647149423,96.83808898925963,1
1010,1.2218798151001518,19.75685670261938,87.04831695556868,1
1011,1.3440677966101673,19.409090909090875,77.63037109375182,1
1012,1.503852080123264,19.051926040061602,71.75681304931823,1
1013,1.626040061633279,18.657164869029245,74.49734497070494,1
1014,1.7106317411402128,18.234206471494577,79.17072296142805,1
1015,1.7388289676425241,17.783050847457595,80.72883605957213,1
1016,1.7012326656394425,17.313097072419076,85.64292144775573,1
1017,1.6166409861325088,16.833744221879787,89.92197418213073,1
1018,1.5414483821263456,16.363790446841268,97.82584381103698,1
1019,1.4944530046224938,15.893836671802749,105.83058929443541,1
1020,1.4756548536209526,15.442681047765769,97.40566253662337,1
1021,1.4756548536209526,15.01032357473033,93.5413665771498,1
1022,1.4850539291217233,14.606163328197201,90.40798187256041,1
1023,1.4568567026194121,14.220801232665616,92.63002777099791,1
1024,1.4286594761171008,13.873035439137109,104.54563140869323,1
1025,1.4004622496147896,13.515870570107836,107.50500488281432,1
1026,1.381664098613249,13.16810477657933,93.38219451904479,1
1027,1.362865947611708,12.820338983050826,92.43185424804915,1
1028,1.3346687211093968,12.46317411402155,91.96232604980696,1
1029,1.2876733436055448,12.077812018489965,103.06703948974791,1
1030,1.2124807395993815,11.692449922958378,108.56864166259948,1
1031,1.127889060092448,11.316486902927561,96.53130340576354,1
1032,1.0808936825885962,10.912326656394436,99.22725677490416,1
1033,1.0526964560862848,10.498767334360537,102.94661712646666,1
1034,1.0151001540832032,10.12280431432972,98.15810394287291,1
1035,1.0057010785824327,9.765639445300446,101.96265411377135,1
1036,1.015100154083203,9.389676425269629,101.0998001098651,1
1037,0.9963020030816623,9.041910631741123,91.91323089599837,1
1038,0.9493066255778103,8.694144838212619,90.69290924072493,1
1039,0.921109399075499,8.318181818181804,97.78272247314635,1
1040,0.8647149460708767,7.942218798150989,104.12866973877135,1
1041,0.8083204930662544,7.566255778120173,97.72320556640852,1
1042,0.7613251155624025,7.180893682588585,98.38816833496276,1
1043,0.7331278890600912,6.823728813559311,95.31723785400618,1
1044,0.6673343605546984,6.485362095531576,96.79637145996276,1
1045,0.610939907550076,6.165793528505382,97.65866851806868,1
1046,0.5451463790446832,5.8744221879815,92.94969177246276,1
1047,0.49815100154083114,5.592449922958389,93.80603027343886,1
1048,0.46995377503852,5.310477657935276,87.7531814575218,1
1049,0.46995377503852,5.037904468412934,94.6041946411151,1
1050,0.46995377503852004,4.765331278890593,89.6513748168968,1
1051,0.4887519260400607,4.483359013867481,92.2484207153334,1
1052,0.5075500770416015,4.2201848998459095,94.27096557617415,1
1053,0.5451463790446832,3.9758089368258793,90.05517578125136,1
1054,0.6297380585516168,3.7502311248073896,95.13466644287337,1
1055,0.751926040061632,3.505855161787359,93.44190979004088,1
1056,0.8835130970724177,3.2614791987673284,84.23257446289244,1
1057,1.0057010785824327,3.007704160246528,82.46604156494368,1
1058,1.1090909090909071,2.81032357473035,87.16045379638808,1
1059,1.1560862865947592,2.659938366718023,89.27792358398665,1
1060,1.1654853620955294,2.5659476117103193,86.52655029297102,1
1061,1.1466872110939887,2.5283513097072374,89.00808715820449,1
1062,1.1090909090909071,2.528351309707238,91.78910827636946,1
1063,1.0526964560862848,2.5001540832049267,92.57505035400573,1
1064,1.0057010785824327,2.4531587057010746,95.2203826904315,1
1065,0.9681047765793511,2.4061633281972226,105.74124908447448,1
1066,0.9399075500770401,2.35916795069337,109.65660095215026,1
1067,0.9305084745762695,2.330970724191059,110.45457458496321,1
1068,0.9587057010785808,2.3215716486902886,106.45027160644668,1
1069,0.986902927580892,2.302773497688748,111.65077209472838,1
1070,1.0244992295839737,2.3121725731895184,109.5593566894554,1
1071,1.0902927580893664,2.3215716486902886,112.19188690185729,1
1072,1.1372881355932185,2.3121725731895184,113.8157424926776,1
1073,1.1748844375963,2.2933744221879775,102.38646697998229,1
1074,1.2312788906009224,2.302773497688748,119.48303222656432,1
1075,1.2782742681047745,2.274576271186437,120.94787597656432,1
1076,1.2970724191063152,2.236979969183355,115.07384490967024,1
1077,1.3534668721109377,2.208782742681044,116.5796813964862,1
1078,1.3816640986132487,2.180585516178733,124.34295654297011,1
1079,1.3722650231124784,2.1335901386748803,121.34535217285384,1
1080,1.3722650231124782,2.11479198767334,127.62947845459212,1
1081,1.3816640986132487,2.1053929121725696,129.9039001464862,1
1082,1.381664098613249,2.095993836671799,129.36611938476744,1
1083,1.3910631741140191,2.0771956856702585,129.43751525879088,1
1084,1.428659476117101,2.0583975346687176,129.89202880859557,1
1085,1.4662557781201824,2.030200308166406,129.66307067871276,1
1086,1.5132511556240344,2.0114021571648655,132.09519958496276,1
1087,1.550847457627116,2.0020030816640952,130.52810668945494,1
1088,1.6072419106317384,2.0020030816640952,132.01741027832213,1
1089,1.626040061633279,2.0020030816640952,131.47901916504134,1
1090,1.663636363636361,2.0020030816640952,128.23014831543105,1
1091,1.6824345146379016,1.973805855161784,132.33992004394713,1
1092,1.6918335901386719,1.9174114021571615,133.76495361328352,1
1093,1.7294298921417535,1.8516178736517688,136.3378601074237,1
1094,1.8328197226502279,1.757627118644065,137.68721008300963,1
1095,1.8986132511556206,1.6542372881355907,151.55885314941634,1
1096,1.973805855161784,1.550847457627116,159.50323486328307,1
1097,2.048998459167947,1.485053929121723,164.09094238281432,1
1098,2.0771956856702585,1.4286594761171008,158.15336608886946,1
1099,2.0865947611710287,1.40986132511556,161.67773437500182,1
1100,2.086594761171029,1.4192604006163303,165.86860656738463,1
1101,2.067796610169488,1.4380585516178712,153.85926818847793,1
1102,2.0771956856702585,1.4756548536209528,161.97039794922057,1
1103,2.0959938366717994,1.5226502311248047,156.85836791992324,1
1104,2.12419106317411,1.5696456086286568,156.86767578125182,1
1105,2.142989214175651,1.64483821263482,156.8181457519554,1
1106,2.180585516178733,1.7388289676425237,148.7535095214862,1
1107,2.199383667180274,1.8234206471494574,169.88966369629088,1
1108,2.1993836671802733,1.8892141756548504,169.991012573244,1
1109,2.133590138674881,1.9456086286594725,169.24470520019713,1
1110,2.11479198767334,1.9550077041602432,162.3560485839862,1
1111,2.0677966101694882,1.9362095531587022,158.62310791015852,1
1112,1.9832049306625543,1.8798151001540802,148.9790954589862,1
1113,1.9362095531587022,1.8140215716486872,147.02476501465026,1
1114,1.9174114021571615,1.7670261941448353,151.34150695800963,1
1115,1.898613251155621,1.7200308166409832,145.99006652832213,1
1116,1.926810477657932,1.6918335901386719,143.61178588867415,1
1117,1.9644067796610134,1.6730354391371314,158.40429687500182,1
1118,1.9644067796610138,1.6542372881355907,154.12725830078307,1
1119,2.0020030816640952,1.64483821263482,152.97273254394713,1
1120,2.0208012326656357,1.6354391371340498,156.40704345703261,1
1121,1.9644067796610134,1.6166409861325088,153.19842529297057,1
1122,1.973805855161784,1.6072419106317384,148.94032287597793,1
1123,2.0208012326656357,1.6072419106317384,149.3215026855487,1
1124,2.0395993836671766,1.5978428351309681,151.5001068115257,1
1125,2.086594761171029,1.5884437596301975,153.04119873047011,1
1126,2.1523882896764213,1.5884437596301975,158.699752807619,1
1127,2.2181818181818143,1.5978428351309681,155.12152099609557,1
1128,2.255778120184896,1.6072419106317384,160.06611633300963,1
1129,2.2839753466872073,1.626040061633279,156.64236450195494,1
1130,2.2651771956856663,1.663636363636361,150.1947479248065,1
1131,2.3121725731895184,1.720030816640983,149.75711059570494,1
1132,2.3403697996918296,1.7764252696456055,155.37828063965026,1
1133,2.35916795069337,1.8610169491525395,152.61499023437727,1
1134,2.3309707241910593,1.8892141756548504,142.55529785156386,1
1135,2.3873651771956816,1.945608628659473,144.45010375976744,1
1136,2.396764252696452,1.973805855161784,140.27841186523574,1
1137,2.3967642526964523,1.9644067796610138,129.32611083984557,1
1138,2.4061633281972226,1.8986132511556206,131.2781524658226,1
1139,2.490755007704156,1.8516178736517688,137.93093872070494,1
1140,2.5659476117103193,1.804622496147917,138.1561584472679,1
1141,2.6599383667180234,1.7764252696456055,150.30029296875182,1
1142,2.735130970724186,1.785824345146376,149.34057617187636,1
1143,2.8009244992295796,1.8234206471494576,172.21591186523574,1
1144,2.7821263482280383,1.8422187981509985,137.556060791017,1
1145,2.7445300462249564,1.8234206471494574,131.8141326904315,1
1146,2.753929121725727,1.804622496147917,139.15341186523574,1
1147,2.791525423728809,1.7670261941448353,142.28179931640761,1
1148,2.847919876733431,1.7388289676425241,128.75370788574355,1
1149,2.8949152542372834,1.7294298921417535,144.18309020996276,1
1150,2.8949152542372834,1.7200308166409832,142.36349487304915,1
1151,2.8855161787365127,1.7294298921417535,143.51298522949446,1
1152,2.8667180277349718,1.7294298921417535,142.2130889892601,1
1153,2.8573189522342015,1.7200308166409832,130.50769042968977,1
1154,2.9231124807395945,1.7388289676425241,136.8665618896507,1
1155,3.007704160246528,1.7670261941448353,124.8178787231468,1
1156,3.082896764252691,1.7952234206471462,127.11590576172102,1
1157,3.0640986132511503,1.8892141756548504,123.615036010744,1
1158,3.035901386748839,2.0302003081664064,129.600250244142,1
1159,2.960708782742676,2.189984591679503,4.3055319786094515,1
1160,2.8385208012326606,2.3215716486902886,178.10523986816543,1
1161,2.6599383667180234,2.4343605546995333,173.61132812500182,1
1162,2.5471494607087783,2.509553158705697,178.36639404297057,1
1163,2.443759630200304,2.5471494607087783,172.50067138672011,1
1164,2.415562403697993,2.594144838212631,167.04322814941588,1
1165,2.443759630200304,2.6693374422187937,163.96946716308776,1
1166,2.462557781201845,2.669337442218794,173.15673828125182,1
1167,2.603543913713401,2.603543913713401,2.0608060359973024,1
1168,2.753929121725727,2.5001540832049267,3.6353287696861116,1
1169,2.847919876733431,2.3309707241910593,93.24880981445494,1
1170,2.9419106317411354,2.12419106317411,104.37739562988463,1
1171,3.082896764252691,1.9550077041602432,107.19644165039244,1
1172,3.120493066255773,1.8328197226502279,116.3629455566429,1
1173,3.1298921417565433,1.7576271186440646,121.08629608154479,1
1174,3.2050847457627065,1.7294298921417535,125.9729309082054,1
1175,3.252080123266558,1.8704160246533097,110.92614746093932,1
1176,3.2050847457627065,2.0771956856702585,113.34362030029524,1
1177,3.092295839753462,2.3215716486902886,24.99698257446471,1
1178,2.941910631741135,2.5659476117103193,33.14469146728743,1
1179,2.735130970724186,2.7821263482280383,4.364209651949295,1
1180,2.6223420647149416,2.7633281972264974,177.09191894531432,1
1181,2.547149460708778,2.7633281972264974,167.20277404785338,1
1182,2.6223420647149416,2.443759630200304,35.45744323730696,1
1183,2.744530046224957,2.133590138674881,174.269821166994,1
1184,2.81972265023112,1.7764252696456058,149.92016601562636,1
1185,2.8573189522342015,1.5226502311248047,131.5079193115257,1
1186,2.9889060092449875,1.2782742681047743,156.88513183593932,1
1187,3.0578325629173033,1.3252696456086261,151.9421691894545,1
1188,3.1486902927580838,1.3534668721109377,128.30052185058776,1
1189,3.3178736517719516,1.4380585516178712,137.37572224935138,0
1190,3.35815540391811,1.493110279550955,146.45092264811365,0
1191,3.26013647369579,1.471626678406337,155.52612304687727,1
1192,3.0582801379411495,1.4394012766894098,158.3770272391207,0
1193,2.7525863966541886,1.3964340744001738,161.2279314313637,0
1194,2.343055249834907,1.3427250715386285,164.07883562360712,0
1195,1.9335241030156252,1.2890160686770835,166.92973981585055,0
1196,1.5239929561963432,1.2353070658155383,169.78064400809353,0
1197,1.302107638124585,1.2886803874091988,172.63154820033697,0
1198,1.2678681488003498,1.449136033458065,175.4824523925804,1
1199,1.4212744882236383,1.7166740039621367,174.58793640136946,0
1200,1.7623266563944502,2.0912942989214143,173.69342041015807,0
1201,1.99730354391371,2.4108628659476077,172.79890441894668,0
1202,2.3145223420647114,2.690485362095527,171.90438842773574,1
1203,2.4696070878274226,2.864368258859779,159.7639465332045,1
1204,2.484488957370309,2.9095360383495925,173.95881652832213,1
1205,2.3591679506933705,2.8259887005649666,177.66761779785338,1
1206,2.387365177195682,2.7758602978941918,174.95584784613902,0
1207,2.193117616846427,2.636962848827251,172.2440778944242,0
1208,2.020801232665636,2.475089881869539,169.5323079427103,0
1209,1.8484848484848455,2.313216914911826,166.82053799099594,0
1210,1.6761684643040546,2.151343947954113,164.10876803928113,0
1211,1.503852080123264,1.9894709809964013,161.39699808756677,0
1212,1.3315356959424733,1.827598014038689,158.68522813585287,0
1213,1.6918335901386719,1.6887005649717484,155.97345818413805,0
1214,2.08408834103749,1.5809244992295812,153.2616882324237,1
1215,2.508299948638927,1.504269816812187,162.07177734375182,1
1216,2.964468412942984,1.4587365177195661,162.1100952148463,0
1217,3.45259373394966,1.444324601951718,162.1484130859394,0
1218,3.440061633281966,1.4380585516178712,162.18673095703343,0
1219,3.4275295326142725,1.4317925012840242,162.225048828127,0
1220,3.4149974319465786,1.4255264509501773,162.26336669922102,0
1221,3.402465331278885,1.4192604006163303,162.30168457031414,0
1222,3.3899332306111907,1.4129943502824835,162.34000244140861,0
1223,3.3774011299434976,1.4067282999486366,162.37832031250173,0
1224,3.3648690292758032,1.4004622496147896,162.41663818359575,0
1225,3.3523369286081093,1.3941961992809426,162.45495605468932,0
1226,3.3398048279404158,1.3879301489470957,162.49327392578334,0
1227,3.327272727272722,1.3816640986132487,162.53159179687646,0
1228,3.3147406266050274,1.375398048279402,162.56990966797048,0
1229,3.2953158705701022,1.3515870570107835,162.60822753906405,0
1230,3.240801232665634,1.3196302003081641,162.64654541015807,1
1231,3.0478068823831483,1.2513302516692326,161.6076354980487,1
1232,2.9795069337442164,1.221879815100152,148.38458251953307,1
1233,2.9795069337442164,1.2218798151001518,165.28721618652526,1
1234,2.9283341893511334,1.2354562574901538,156.02976989746276,1
1235,2.8541859270672783,1.2532100667693868,161.7187194824237,1
1236,2.8604519774011252,1.3033384694401622,163.12359110514535,0
1237,2.6839582263311033,1.310648861496317,164.52846272786655,0
1238,2.3810991268618347,1.2845403184386215,165.93333435058776,0
1239,2.0782400273925665,1.258431775380926,167.33820597330896,0
1240,1.775380927923298,1.2323232323232305,168.74307759603062,0
1241,1.4725218284540296,1.2062146892655345,170.14794921875182,0
1242,1.169662728984761,1.180106146207839,171.55282084147302,0
1243,0.9681047765793511,1.2469440164355396,172.95769246419422,0
1244,0.8678479712378003,1.4067282999486366,174.36256408691588,1
1245,0.868892312960108,1.6594589967471296,169.19773356119958,0
1246,0.9211093990754993,1.9362095531587022,164.0329030354833,0
1247,1.1184899845916776,2.246379044684126,158.86807250976744,1
1248,1.3033384694401622,2.515819209039544,154.56227111816634,1
1249,1.4286594761171008,2.753929121725727,173.1742248535179,1
1250,1.4756548536209526,2.970107858243446,179.72850036621276,1
1251,1.5414483821263456,3.242681047765788,7.373637676241287,1
1252,1.5320493066255751,3.552850539291211,18.91463279724303,1
1253,1.4944530046224935,3.8818181818181747,36.69731521606627,1
1254,1.485053929121723,4.248382126348221,62.146221160890946,1
1255,1.5320493066255751,4.633744221879807,67.36299133301009,1
1256,1.626040061633279,5.037904468412934,78.8958435058612,1
1257,1.7670261941448353,5.451463790446832,93.92809295654524,1
1258,2.0208012326656357,5.893220338983041,106.74867248535338,1
1259,2.3591679506933705,6.287981510015397,122.84325408935729,1
1260,2.7821263482280387,6.616949152542363,144.76202392578307,1
1261,3.252080123266558,6.851926040061622,163.7125701904315,1
1262,3.75963020030816,6.9929121725731775,177.54963684082213,1
1263,4.24838212634822,7.011710323574718,8.03363513946806,1
1264,4.7371340523882814,6.9459167950693255,15.964271545411975,1
1265,5.16949152542372,6.814329738058541,17.011669158938275,1
1266,5.564252696456077,6.607550077041592,20.809999465944202,1
1267,5.930816640986122,6.325577812018479,34.32421493530455,1
1268,6.250385208012316,5.987211093990745,46.77419281006132,1
1269,6.504160246533116,5.583050847457618,56.91457748413359,1
1270,6.757935285053918,5.113097072419098,64.02923583984557,1
1271,6.974114021571637,4.614946070878267,68.84423065185729,1
1272,7.152696456086275,4.107395993836665,71.29474639892851,1
1273,7.28428351309706,3.5998459167950636,76.308151245119,1
1274,7.368875192603994,3.158089368258854,81.34169006347929,1
1275,7.350077041602452,2.791525423728809,89.95352935791198,1
1276,7.227889060092437,2.481355932203386,102.67710113525573,1
1277,6.9929121725731775,2.255778120184896,128.986373901369,1
1278,6.663944530046213,2.1053929121725696,147.4220886230487,1
1279,6.278582434514627,2.0020030816640952,158.9772644042987,1
1280,5.8650231124807295,1.9832049306625545,177.91746520996367,1
1281,5.4326656394452915,2.0959938366717994,11.165434837343128,1
1282,5.037904468412934,2.3215716486902886,39.1961021423358,1
1283,4.71833590138674,2.6505392912172527,53.44441986084257,1
1284,4.502157164869022,3.082896764252691,68.14573669433867,1
1285,4.426964560862858,3.5246533127889004,78.54264831543242,1
1286,4.511556240369792,3.947611710323568,93.07425689697448,1
1287,4.727734976887511,4.3517719568566955,102.71735382080351,1
1288,5.066101694915246,4.727734976887511,121.57238769531523,1
1289,5.479661016949143,5.028505392912164,133.05210876465117,1
1290,5.977812018489974,5.3010785824345055,148.07478332519804,1
1291,6.541756548536197,5.498459167950684,165.09558105469023,1
1292,7.1244992295839635,5.583050847457618,3.9985845088986025,1
1293,7.669645608628646,5.545454545454536,23.244716644289838,1
1294,8.158397534668707,5.376271186440669,37.32695388794218,1
1295,8.534360554699523,5.094298921417557,53.48308944702421,1
1296,8.788135593220323,4.7371340523882814,66.86074066162291,1
1297,8.957318952234191,4.314175654853614,72.95033264160429,1
1298,9.051309707241895,3.8630200308166343,78.80967712402617,1
1299,9.060708782742665,3.4306625577811958,84.8123703002957,1
1300,8.994915254237274,3.026502311248069,93.78546905517851,1
1301,8.853929121725717,2.6505392912172527,102.33551788330351,1
1302,8.618952234206457,2.3403697996918296,123.43756103515898,1
1303,8.280585516178721,2.086594761171029,142.23608398437773,1
1304,7.857627118644055,1.898613251155621,159.94294738769713,1
1305,7.368875192603994,1.7764252696456058,173.00073242187773,1
1306,6.842526964560852,1.7294298921417535,3.5988857746151552,1
1307,6.287981510015397,1.757627118644065,16.56981849670683,1
1308,5.761633281972256,1.8704160246533097,27.07522392273222,1
1309,5.291679506933735,2.0677966101694882,38.68374252319609,1
1310,4.896918335901378,2.35916795069337,49.105575561526166,1
1311,4.5679506933744145,2.735130970724186,56.71552276611601,1
1312,4.314175654853614,3.1956856702619363,61.60207366943632,1
1313,4.154391371340517,3.7126348228043087,65.8573913574246,1
1314,4.097996918335895,4.24838212634822,71.03396606445585,1
1315,4.126194144838206,4.774730354391363,84.06619262695585,1
1316,4.267180277349762,5.272881355932194,92.10369110107786,1
1317,4.530354391371333,5.714637904468403,98.51411437988554,1
1318,4.896918335901378,6.099999999999989,118.06484222412382,1
1319,5.338674884437587,6.419568567026184,142.27139282226835,1
1320,5.836825885978418,6.626348228043132,158.58596801758085,1
1321,6.34437596302002,6.720338983050835,1.3043738603628299,1
1322,6.833127889060082,6.682742681047754,13.790624618533002,1
1323,7.26548536209552,6.522958397534657,25.222852706912818,1
1324,7.613251155624023,6.231587057010776,43.9189147949246,1
1325,7.876425269645596,5.8650231124807295,61.830856323244916,1
1326,8.073805855161774,5.442064714946062,76.87249755859739,1
1327,8.195993836671787,4.990909090909082,75.68534851074492,1
1328,8.25238828967641,4.520955315870562,76.78882598877317,1
1329,8.24298921417564,4.079198767334353,81.37632751465117,1
1330,8.167796610169479,3.675038520801227,90.28389739990507,1
1331,8.008012326656381,3.3084745762711814,103.87660980224882,1
1332,7.75423728813558,2.960708782742676,116.00723266601926,1
1333,7.425269645608617,2.6505392912172527,130.56538391113554,1
1334,7.011710323574718,2.3497688751926,144.70909118652617,1
1335,6.551155624036968,2.1053929121725696,154.18778991699492,1
1336,6.071802773497678,1.926810477657932,165.16352844238554,1
1337,5.667642526964551,1.8328197226502279,178.66038513183867,1
1338,5.263482280431424,1.8328197226502279,7.796997547153296,1
1339,4.859322033898296,1.9644067796610134,18.50137901306516,1
1340,4.464560862865939,2.2275808936825845,37.57727050781614,1
1341,4.144992295839747,2.6129429892141713,40.5929985046414,1
1342,3.8630200308166343,3.0922958397534615,65.38137054443723,1
1343,3.712634822804308,3.5904468412942925,78.75737762451536,1
1344,3.7408320493066194,4.0885978428351235,93.03007507324583,1
1345,3.938212634822798,4.530354391371333,102.42232513428007,1
1346,4.23898305084745,4.915716486902919,117.92630004883085,1
1347,4.624345146379037,5.254083204930653,125.76546478271848,1
1348,5.075500770416015,5.564252696456077,134.95075988769804,1
1349,5.564252696456077,5.818027734976878,150.44981384277617,1
1350,6.090600924499219,5.968412942989204,169.42434692383176,1
1351,6.626348228043132,5.987211093990744,4.808424949649634,1
1352,7.1244992295839635,5.8650231124807295,18.02841567993528,1
1353,7.556856702619402,5.63004622496147,40.96611404419309,1
1354,7.923420647149447,5.291679506933735,61.33694458008176,1
1355,8.177195685670247,4.896918335901378,74.11314392090208,1
1356,8.289984591679493,4.426964560862858,86.39960479736692,1
1357,8.280585516178721,3.9758089368258793,99.69036865234739,1
1358,8.167796610169479,3.571648690292752,118.75996398926145,1
1359,7.932819722650217,3.223882896764247,132.50657653808958,1
1360,7.603852080123254,2.960708782742676,145.25254821777708,1
1361,7.227889060092437,2.8573189522342015,164.53385925293333,1
1362,6.83312788906008,2.8667180277349718,177.6246490478552,1
1363,6.4289676425269535,2.9701078582434466,11.40612983703977,1
1364,6.0812018489984485,3.195685670261936,28.53287887573606,1
1365,5.780431432973796,3.5246533127889004,43.39847946167356,1
1366,5.545454545454535,3.938212634822798,52.18609237671262,1
1367,5.376271186440669,4.426964560862858,65.20143890381223,1
1368,5.282280431432964,4.962711864406772,73.52673339844114,1
1369,5.235285053929113,5.526656394452995,78.59420776367551,1
1370,5.254083204930653,6.09999999999999,83.51995849609739,1
1371,5.338674884437586,6.654545454545444,88.00950622558958,1
1372,5.498459167950683,7.152696456086275,91.61443328857786,1
1373,5.742835130970714,7.603852080123254,99.34080505371458,1
1374,6.062403697996908,7.970416024653299,113.42723083496458,1
1375,6.447765793528494,8.2241910631741,129.67195129394895,1
1376,6.898921417565473,8.355778120184885,149.10527038574583,1
1377,7.387673343605535,8.383975346687198,168.82810974121458,1
1378,7.885824345146366,8.289984591679493,9.428137779239478,1
1379,8.393374422187966,8.092604006163315,17.661447525028052,1
1380,8.90092449922957,7.801232665639432,33.861286163333716,1
1381,9.342681047765776,7.462865947611698,43.761581420902075,1
1382,9.709244992295822,7.068104776579341,51.700920104985016,1
1383,9.972419106317394,6.635747303543903,68.18417358398801,1
1384,10.122804314329722,6.175192604006153,84.64514923096067,1
1385,10.13220338983049,5.733436055469944,93.47563934326536,1
1386,10.019414483821246,5.291679506933735,105.9702529907272,1
1387,9.803235747303527,4.896918335901378,119.98557281494504,1
1388,9.483667180277333,4.549152542372873,140.7474975585974,1
1389,9.079506933744208,4.304776579352843,152.36103820801145,1
1390,8.628351309707227,4.144992295839747,167.7211608886755,1
1391,8.148998459167938,4.107395993836665,176.826995849613,1
1392,7.669645608628647,4.173189522342058,4.67054224014646,1
1393,7.209090909090897,4.361171032357466,19.958507537845435,1
1394,6.7767334360554585,4.643143297380577,31.010665893558325,1
1395,6.372573189522331,5.009707241910624,40.78009796143033,1
1396,6.043605546995368,5.423266563944521,50.270557403569,1
1397,5.771032357473025,5.89322033898304,59.89079666138059,1
1398,5.601848998459158,6.381972265023101,70.86147308350064,1
1399,5.545454545454536,6.870724191063163,79.18350219726926,1
1400,5.6206471494607,7.3406779661016826,90.0559005737341,1
1401,5.818027734976877,7.791833590138663,104.94609069824673,1
1402,6.128197226502301,8.167796610169479,117.29954528808958,1
1403,6.513559322033887,8.48736517719567,135.12553405762173,1
1404,6.983513097072406,8.750539291217242,147.2360229492224,1
1405,7.500462249614779,8.957318952234191,157.8759460449255,1
1406,8.036209553158692,9.107704160246517,167.20925903320767,1
1407,8.600154083204917,9.220493066255763,169.3529205322302,1
1408,9.18289676425268,9.295685670261927,170.2101745605505,1
1409,9.756240369799675,9.333281972265008,169.08532714844114,1
1410,10.320184899845898,9.314483821263467,178.92919921875364,1
1411,10.865331278890583,9.220493066255761,7.47770023346402,1
1412,11.335285053929102,9.079506933744206,15.124819755558747,1
1413,11.73944530046223,8.835130970724176,29.572418212895172,1
1414,12.040215716486882,8.49676425269644,47.869255065922516,1
1415,12.23759630200306,8.120801232665626,66.80675506592252,1
1416,12.322187981509995,7.688443759630187,82.53662109375455,1
1417,12.322187981509995,7.199691833590127,93.32865905762173,1
1418,12.228197226502292,6.748536209553147,103.04285430908658,1
1419,12.059013867488423,6.34437596302002,111.88874053955533,1
1420,11.805238828967623,5.968412942989204,125.67716979980923,1
1421,11.485670261941427,5.686440677966091,140.0947418212936,1
1422,11.119106317411383,5.498459167950684,159.35427856445767,1
1423,10.696147919876713,5.39506933744221,162.43106079102017,1
1424,10.263790446841277,5.385670261941439,179.8676910400436,1
1425,9.831432973805837,5.479661016949143,15.794548988346833,1
1426,9.408474576271171,5.677041602465321,29.615217208866852,1
1427,9.041910631741123,5.959013867488434,41.14661026001431,1
1428,8.769337442218783,6.334976887519249,53.93008422851926,1
1429,8.571956856702604,6.739137134052376,68.12061309814908,1
1430,8.4779661016949,7.209090909090897,80.11321258545377,1
1431,8.515562403697981,7.688443759630188,91.47722625732786,1
1432,8.64714946070877,8.177195685670247,97.15432739258267,1
1433,8.863328197226489,8.600154083204917,101.3963012695358,1
1434,9.18289676425268,8.985516178736503,113.10496520996548,1
1435,9.605855161787348,9.276887519260384,128.95610046387173,1
1436,10.075808936825869,9.464869029275793,141.27407836914517,1
1437,10.564560862865928,9.540061633281956,162.07373046875455,1
1438,11.081510015408302,9.511864406779646,2.462579727177399,1
1439,11.570261941448361,9.38027734976886,24.54678153992245,1
1440,12.021417565485342,9.126502311248057,40.36117172241666,1
1441,12.416178736517697,8.778736517719555,51.057723999027985,1
1442,12.754545454545433,8.355778120184885,59.25944137573788,1
1443,13.017719568567006,7.867026194144826,61.09872436523892,1
1444,13.233898305084725,7.331278890600911,70.41127014160611,1
1445,13.365485362095509,6.78613251155623,78.72666168213345,1
1446,13.421879815100132,6.269183359013857,86.00320434570858,1
1447,13.41248073959936,5.752234206471485,91.35529327393033,1
1448,13.327889060092428,5.301078582434506,106.39568328857877,1
1449,13.139907550077021,4.896918335901378,119.12592315674283,1
1450,12.857935285053907,4.549152542372874,130.29067993164517,1
1451,12.49137134052386,4.267180277349762,149.88914489746548,1
1452,12.077812018489963,4.0885978428351235,164.38595581055142,1
1453,11.626656394452985,3.9852080123266496,0.07877300680138433,1
1454,11.175500770416004,3.9758089368258793,12.244540214543122,1
1455,10.761941448382109,4.069799691833583,28.97388648987362,1
1456,10.404776579352832,4.23898305084745,41.16175842285611,1
1457,10.10400616332818,4.492758089368251,45.33132934570767,1
1458,9.87842835130969,4.793528505392905,49.159172058110016,1
1459,9.728043143297365,5.160092449922949,59.36660766602108,1
1460,9.64345146379043,5.573651771956847,69.00802612305142,1
1461,9.634052388289659,6.034206471494597,77.75036621094205,1
1462,9.681047765793512,6.513559322033887,91.01478576660611,1
1463,9.775038520801216,7.002311248073949,92.74001312256314,1
1464,9.925423728813543,7.472265023112468,99.21442413330624,1
1465,10.151001540832032,7.885824345146365,103.42055511475064,1
1466,10.432973805855145,8.21479198767333,113.83328247070767,1
1467,10.79953775038519,8.45916795069336,125.34251403809048,1
1468,11.250693374422168,8.647149460708766,145.25813293457577,1
1469,11.76764252696454,8.759938366718012,162.80964660645077,1
1470,12.312788906009223,8.797534668721095,178.23898315430233,1
1471,12.867334360554679,8.75053929121724,6.814750671391266,1
1472,13.384283513097051,8.600154083204915,18.07371330261776,1
1473,13.816640986132489,8.346379044684117,38.63122177124478,1
1474,14.145608628659451,7.97981510015407,62.012733459477204,1
1475,14.352388289676401,7.566255778120171,72.94281768799283,1
1476,14.455778120184874,7.115100154083192,90.18686676025845,1
1477,14.446379044684104,6.663944530046214,98.41618347168423,1
1478,14.342989214175631,6.2127889060092345,101.96112823486783,1
1479,14.155007704160221,5.818027734976877,108.25944519043514,1
1480,13.891833590138651,5.4326656394452915,116.37728881836392,1
1481,13.57226502311246,5.0848998459167865,123.60407257080624,1
1482,13.177503852080102,4.774730354391363,134.85011291504452,1
1483,12.763944530046203,4.539753466872104,140.18701171875546,1
1484,12.322187981509995,4.361171032357466,149.56840515137264,1
1485,11.880431432973785,4.276579352850532,156.85493469238827,1
1486,11.457473035439119,4.295377503852072,176.51660156250455,1
1487,11.081510015408302,4.426964560862858,12.280051231389734,1
1488,10.733744221879798,4.643143297380577,27.656972885136383,1
1489,10.432973805855145,4.94391371340523,40.855113983159754,1
1490,10.188597842835113,5.319876733436047,48.15215682983944,1
1491,10.000616332819707,5.724036979969173,63.27005386353085,1
1492,9.88782742681046,6.156394453004612,71.0373153686578,1
1493,9.85963020030815,6.607550077041592,78.43802642822811,1
1494,9.925423728813543,7.05870570107857,85.49636840820858,1
1495,10.09460708782741,7.491063174114009,94.04778289795468,1
1496,10.34838212634821,7.932819722650217,103.5250625610397,1
1497,10.686748844375945,8.365177195685657,115.65771484375455,1
1498,11.07211093990753,8.759938366718012,133.18867492676327,1
1499,11.51386748844374,9.117103235747289,133.6353149414117,1
1500,11.993220338983031,9.40847457627117,146.7053070068414,1
1501,12.49137134052386,9.61525423728812,159.03077697754452,1
1502,12.989522342064694,9.699845916795052,164.05773925781796,1
1503,13.497072419106294,9.662249614791971,6.4929704666192265,1
1504,13.957627118644044,9.483667180277333,20.195329666143152,1
1505,14.371186440677942,9.201694915254222,41.0699081420953,1
1506,14.718952234206446,8.816332819722636,55.593044281011316,1
1507,14.991525423728788,8.374576271186427,62.76745986939022,1
1508,15.160708782742654,7.904622496147906,67.64122772217343,1
1509,15.245300462249592,7.415870570107846,78.9212265014703,1
1510,15.217103235747278,6.927118644067785,92.53702545166561,1
1511,15.09491525423726,6.438366718027725,99.11904907227108,1
1512,14.888135593220316,5.977812018489974,105.04029083252499,1
1513,14.61556240369797,5.545454545454535,114.51510620117733,1
1514,14.27719568567024,5.16949152542372,123.04405975342343,1
1515,13.901232665639421,4.840523882896756,134.7354125976617,1
1516,13.515870570107836,4.605546995377496,149.86074829102108,1
1517,13.102311248073937,4.417565485362088,155.56506347656796,1
1518,12.68875192604004,4.3047765793528425,158.5838470459039,1
1519,12.293990755007684,4.276579352850531,169.38272094727108,1
1520,11.908628659476097,4.332973805855155,176.41426086426327,1
1521,11.523266563944512,4.46456086286594,8.355269432073328,1
1522,11.175500770416004,4.6901386748844285,20.433872222905848,1
1523,10.846533127889042,5.000308166409853,38.41367721558254,1
1524,10.545762711864388,5.376271186440669,51.92077255249569,1
1525,10.291987673343588,5.808628659476107,58.96033477783749,1
1526,10.08520801232664,6.259784283513087,64.3502807617242,1
1527,9.925423728813543,6.7297380585516064,69.14149475098202,1
1528,9.831432973805837,7.190292758089356,72.92758178711483,1
1529,9.793836671802756,7.679044684129417,77.30497741699764,1
1530,9.84083204930661,8.158397534668708,85.00285339356014,1
1531,9.972419106317394,8.628351309707227,90.24925994873593,1
1532,10.197996918335884,9.079506933744208,103.00951385498684,1
1533,10.508166409861307,9.483667180277333,112.95852661133358,1
1534,10.912326656394434,9.793836671802756,134.42349243164608,1
1535,11.335285053929102,9.991217257318933,154.18814086914608,1
1536,11.777041602465312,10.075808936825869,174.04794311523892,1
1537,12.20939907550075,10.038212634822788,9.038391113287616,1
1538,12.622958397534648,9.89722650231123,20.57376670837948,1
1539,13.017719568567003,9.64345146379043,33.03374862671444,1
1540,13.393682588597818,9.323882896764237,39.082748413091394,1
1541,13.732049306625555,8.947919876733419,47.0716514587466,1
1542,14.032819722650208,8.524961479198753,58.28055191040676,1
1543,14.286594761171008,8.055007704160232,66.3855590820367,1
1544,14.483975346687185,7.54745762711863,72.40628814697902,1
1545,14.653158705701054,7.002311248073947,75.26494598389218,1
1546,14.78474576271184,6.410169491525413,81.45577239990871,1
1547,14.859938366718003,5.799229583975337,86.22284698486874,1
1548,14.869337442218773,5.207087827426802,90.91668701172512,1
1549,14.80354391371338,4.643143297380577,99.03068542481014,1
1550,14.653158705701054,4.097996918335895,109.08888244629452,1
1551,14.427580893682563,3.5998459167950627,114.38273620606105,1
1552,14.145608628659451,3.1298921417565433,122.23657989502499,1
1553,13.82604006163326,2.7069337442218755,129.7022094726617,1
1554,13.478274268104752,2.3591679506933705,134.67260742188137,1
1555,13.092912172573168,2.11479198767334,146.01202392578762,1
1556,12.679352850539269,1.9832049306625543,162.56066894531796,1
1557,12.256394453004601,1.973805855161784,178.99421691895168,1
1558,11.852234206471476,2.0771956856702585,11.02082824707577,1
1559,11.466872110939887,2.283975346687207,22.096574783330652,1
1560,11.137904468412923,2.5753466872110895,37.05954742432277,1
1561,10.902927580893664,2.9231124807395945,57.821830749517176,1
1562,10.771340523882879,3.2990755007704102,71.62653350830624,1
1563,10.743143297380566,3.684437596301997,83.37718963623684,1
1564,10.855932203389813,4.079198767334354,96.27660369873593,1
1565,11.100308166409842,4.445762711864399,104.74047851562955,1
1566,11.457473035439119,4.765331278890592,124.6333389282272,1
1567,11.899229583975327,5.009707241910624,141.53092956543423,1
1568,12.387981510015388,5.150693374422179,168.5706939697311,1
1569,12.886132511556218,5.141294298921409,10.633381843572351,1
1570,13.384283513097051,4.981510015408312,24.052291870122644,1
1571,13.816640986132487,4.6995377503852,43.22242736816861,1
1572,14.173805855161763,4.304776579352843,60.44870758057186,1
1573,14.436979969183335,3.834822804314323,76.12952423096158,1
1574,14.606163328197201,3.355469953775033,86.61572265625364,1
1575,14.653158705701054,2.885516178736513,96.78659820557095,1
1576,14.587365177195661,2.453158705701074,111.62452697754361,1
1577,14.399383667180254,2.0959938366717994,125.64006805420286,1
1578,14.126810477657912,1.804622496147917,146.9386138916061,1
1579,13.769645608628636,1.5696456086286568,163.94638061523983,1
1580,13.346687211093968,1.40986132511556,170.37507629394895,1
1581,12.886132511556218,1.315870570107856,170.31855773926327,1
1582,12.425577812018469,1.3064714946070857,174.37956237793333,1
1583,11.983821263482259,1.381664098613249,7.255191326145905,1
1584,11.570261941448361,1.5414483821263456,19.97961616516568,1
1585,11.222496147919859,1.785824345146376,32.642169952396216,1
1586,10.978120184899828,2.11479198767334,55.58650970459439,1
1587,10.855932203389813,2.5001540832049267,73.19314575195676,1
1588,10.846533127889042,2.9231124807395945,84.97619628906614,1
1589,10.959322033898285,3.327272727272722,97.94252777100064,1
1590,11.203697996918317,3.7126348228043087,109.02285003662564,1
1591,11.560862865947593,4.032203389830502,128.33882141113736,1
1592,11.983821263482259,4.24838212634822,148.78201293945676,1
1593,12.43497688751924,4.342372881355925,167.17453002930142,1
1594,12.93312788906007,4.314175654853614,5.199381351474585,1
1595,13.384283513097051,4.173189522342058,18.192413330081763,1
1596,13.797842835130947,3.900616332819716,37.1824874877957,1
1597,14.183204930662535,3.5246533127889004,57.96039581299192,1
1598,14.540369799691808,3.111093990755003,66.09196472168333,1
1599,14.794144838212608,2.7727272727272685,73.36977386474973,1
1600,15.000924499229559,2.4907550077041565,85.16780853271757,1
1601,15.160708782742656,2.293374422187978,82.9872207641647,1
1602,15.273497688751899,2.199383667180274,78.59893798828398,1
1603,15.348690292758064,2.189984591679503,74.22654724121367,1
1604,15.442681047765769,2.161787365177192,76.95768737793333,1
1605,15.602465331278864,2.0959938366717994,72.64997863769895,1
1606,15.799845916795045,2.0114021571648655,64.71745300293242,1
1607,16.034822804314302,1.9174114021571615,59.94240570068632,1
1608,16.316795069337413,1.804622496147917,54.74709320068723,1
1609,16.64576271186438,1.6730354391371312,49.46967315674101,1
1610,16.965331278890574,1.5602465331278865,40.42928695678984,1
1611,17.294298921417536,1.456856702619412,37.6434135437039,1
1612,17.64206471494604,1.362865947611708,34.22123336792265,1
1613,18.018027734976858,1.2500770416024631,23.132350921633588,1
1614,18.41278890600921,1.127889060092448,17.753437042239966,1
1615,18.835747303543883,1.0244992295839737,13.011234283451813,1
1616,19.24930662557778,0.986902927580892,13.647929191592084,1
1617,19.644067796610138,1.015100154083203,179.5065307617224,1
1618,20.020030816640954,1.1184899845916776,166.07202148437864,1
1619,20.367796610169457,1.3064714946070854,154.71752929687955,1
1620,20.706163328197192,1.5602465331278865,146.88308715820676,1
1621,21.08212634822801,1.8328197226502279,142.76583862305142,1
1622,21.523882896764217,2.11479198767334,135.9832916259811,1
1623,22.01263482280428,2.396764252696452,141.72070312500364,1
1624,22.54838212634819,2.6693374422187937,144.3647155761755,1
1625,23.121725731895186,2.9043143297380536,147.5617065429724,1
1626,23.723266563944488,3.120493066255773,159.16455078125455,1
1627,24.334206471494564,3.28967642526964,162.6118316650427,1
1628,24.96394453004618,3.4212634822804255,169.41348266601926,1
1629,25.62187981510011,3.4964560862865888,175.46902465820767,1
1630,26.279815100154035,3.51525423728813,3.1056797504452334,1
1631,26.871956856702575,3.458859784283507,7.893292427066626,1
1632,27.360708782742638,3.336671802773492,15.10080814361936,1
1633,27.75546995377499,3.1110939907550024,32.17672729492551,1
1634,28.009244992295795,2.8291217257318904,49.34617996216184,1
1635,28.131432973805808,2.58474576271186,65.2182312011746,1
1636,28.178428351309655,2.35916795069337,80.00785827636992,1
1637,28.15963020030812,2.189984591679503,88.97356414795286,1
1638,28.046841294298872,2.0865947611710287,89.89836120605833,1
1639,27.849460708782697,2.0114021571648655,100.74089050293333,1
1640,27.539291217257272,1.8986132511556206,113.3437423706091,1
1641,27.153929121725685,1.804622496147917,121.12006378174192,1
1642,26.674576271186396,1.6730354391371312,135.47607421875364,1
1643,26.12003081664094,1.550847457627116,147.55902099609557,1
1644,25.509090909090865,1.4756548536209528,164.64492797851926,1
1645,24.869953775038475,1.4380585516178712,172.0417633056677,1
1646,24.18382126348224,1.4192604006163303,174.96191406250364,1
1647,23.507087827426773,1.4662557781201824,2.5485785007494997,1
1648,22.858551617873612,1.5884437596301977,11.875500679019751,1
1649,22.26640986132508,1.7858243451463758,17.148305892947974,1
1650,21.758859784283477,2.0395993836671766,27.03058052063352,1
1651,21.326502311248035,2.35916795069337,35.646427154542835,1
1652,20.969337442218762,2.735130970724186,41.65890884399596,1
1653,20.67796610169488,3.1580893682588544,52.44158172607786,1
1654,20.45238828967639,3.618644067796604,63.25521850586301,1
1655,20.28320493066252,4.1355932203389765,76.8709869384802,1
1656,20.179815100154052,4.718335901386741,84.45876312256223,1
1657,20.123420647149427,5.338674884437587,88.66975402832213,1
1658,20.123420647149423,5.968412942989204,95.46630096435729,1
1659,20.161016949152508,6.607550077041592,93.10286712646848,1
1660,20.245608628659443,7.246687211093979,96.23510742187864,1
1661,20.35839753466869,7.838828967642513,102.05652618408567,1
1662,20.518181818181784,8.393374422187968,102.54998779297057,1
1663,20.715562403697966,8.91972265023111,109.68014526367551,1
1664,20.978736517719533,9.40847457627117,115.20198059082395,1
1665,21.288906009244958,9.85023112480738,120.00554656982604,1
1666,21.64607087827423,10.244992295839737,123.50776672363645,1
1667,22.069029275808898,10.59275808936824,129.48127746582213,1
1668,22.55778120184896,10.884129429892123,138.8209686279315,1
1669,23.04653312788902,11.072110939907532,152.17483520507994,1
1670,23.563482280431394,11.137904468412923,170.33958435058958,1
1671,24.080431432973764,11.090909090909072,5.185945034028919,1
1672,24.559784283513057,10.912326656394434,23.294506072999866,1
1673,24.954545454545414,10.620955315870551,36.343753814699085,1
1674,25.28351309707238,10.254391371340507,52.63072586059752,1
1675,25.509090909090865,9.831432973805837,61.79345703125182,1
1676,25.63127889060088,9.380277349768857,74.01158142090208,1
1677,25.63127889060088,8.91972265023111,86.2771911621112,1
1678,25.518489984591636,8.487365177195672,101.0940856933612,1
1679,25.292912172573146,8.111402157164855,111.80535888672057,1
1680,24.954545454545414,7.791833590138661,127.30049896240416,1
1681,24.522187981509976,7.52865947611709,143.47129821777708,1
1682,24.014637904468373,7.350077041602452,162.65139770508176,1
1683,23.469491525423688,7.237288135593208,166.2881774902362,1
1684,22.924345146379004,7.199691833590125,2.041398286821277,1
1685,22.407395993836634,7.26548536209552,14.438937187196643,1
1686,21.93744221879811,7.425269645608616,28.11897277832213,1
1687,21.505084745762677,7.688443759630187,39.90001296997252,1
1688,21.11972265023109,8.026810477657921,50.68455505371276,1
1689,20.77195685670258,8.430970724191049,58.04323196411315,1
1690,20.461787365177162,8.8915254237288,61.391204833986194,1
1691,20.19861325115559,9.380277349768859,68.3400573730487,1
1692,20.02003081664095,9.87842835130969,70.77915954590026,1
1693,19.916640986132478,10.404776579352832,81.82354736328307,1
1694,19.907241910631704,10.921725731895204,86.75118255615416,1
1695,19.99183359013864,11.410477657935264,93.59738922119323,1
1696,20.16101694915251,11.899229583975327,100.16194915771666,1
1697,20.405392912172537,12.359784283513076,113.59667205810729,1
1698,20.724961479198733,12.74514637904466,125.19510650634948,1
1699,21.11032357473032,13.055315870570084,134.28392028808776,1
1700,21.542681047765758,13.271494607087806,148.99185180664244,1
1701,22.012634822804273,13.365485362095509,160.97329711914244,1
1702,22.510785824345106,13.327889060092428,179.38409423828307,1
1703,22.9901386748844,13.196302003081641,13.011963844299316,1
1704,23.413097072419063,12.951926040061611,26.41276741028014,1
1705,23.751463790446802,12.632357473035416,43.989532470703125,1
1706,23.967642526964518,12.246995377503833,69.20061492920104,1
1707,24.033436055469913,11.833436055469933,85.45363616943541,1
1708,23.948844375962977,11.391679506933723,105.42440032958984,1
1709,23.713867488443718,10.996918335901368,126.12896728515807,1
1710,23.347303543913675,10.658551617873634,144.93502807617188,1
1711,22.896147919876693,10.423574730354373,156.38571166992188,1
1712,22.369799691833553,10.282588597842818,168.45393371582213,1
1713,21.834052388289642,10.273189522342047,177.50454711914244,1
1714,21.33590138674881,10.357781201848981,6.718087673187256,1
1715,20.884745762711827,10.536363636363618,24.092254638671875,1
1716,20.48998459167947,10.79013867488442,34.87503433227539,1
1717,20.17041602465328,11.128505392912153,39.9791145324707,1
1718,19.926040061633252,11.52326656394451,56.166290283203125,1
1719,19.747457627118614,11.974422187981489,67.78990936279297,1
1720,19.644067796610138,12.472573189522322,82.20889282226744,1
1721,19.625269645608597,12.989522342064694,88.02967071533203,1
1722,19.691063174113985,13.506471494607064,91.00719451904297,1
1723,19.841448382126313,14.004622496147897,100.01101684570312,1
1724,20.067026194144805,14.474576271186416,105.13286590576172,1
1725,20.367796610169457,14.888135593220316,116.71830749511719,1
1726,20.753158705701043,15.245300462249588,127.36624908447266,1
1727,21.204314329738025,15.51787365177193,143.91467285156432,1
1728,21.70246533127885,15.696456086286569,158.83106994629088,1
1729,22.200616332819685,15.752850539291192,169.2967071533203,1
1730,22.689368258859748,15.687057010785798,5.822483539581299,1
1731,23.159322033898267,15.489676425269618,20.300756454467773,1
1732,23.58228043143293,15.179506933744197,41.573036193847656,1
1733,23.92064714946067,14.78474576271184,57.454463958740234,1
1734,24.17442218798147,14.342989214175631,70.31549835205078,1
1735,24.315408320493024,13.85423728813557,89.35990142822266,1
1736,24.296610169491483,13.346687211093968,101.58021545410156,1
1737,24.15562403697993,12.848536209553137,113.09828186035156,1
1738,23.9112480739599,12.359784283513076,124.70040893554688,1
1739,23.591679506933705,11.899229583975325,130.36944580078125,1
1740,23.215716486902892,11.50446841294297,127.20704650878906,1
1741,22.802157164868994,11.194298921417547,134.10064697265625,1
1742,22.35100154083201,10.978120184899828,151.5179901123047,1
1743,21.86224961479195,10.837134052388272,165.2992401123047,1
1744,21.35469953775035,10.780739599383649,176.16859436035156,1
1745,20.81895223420644,10.79953775038519,178.20518493652344,1
1746,20.27380585516175,10.893528505392894,3.130974054334729,1
1747,19.75685670261938,11.043913713405221,12.551294326782227,1
1748,19.29630200308163,11.27889060092448,27.840782165527344,1
1749,18.910939907550045,11.589060092449904,42.61854934692383,1
1750,18.62896764252693,11.95562403697995,49.40687942504701,1
1751,18.440986132511522,12.369183359013846,63.296131134031384,1
1752,18.346995377503823,12.829738058551595,76.50623321533203,1
1753,18.328197226502276,13.318489984591656,81.94466400146302,1
1754,18.375192604006134,13.807241910631717,91.9289779663086,1
1755,18.516178736517688,14.31479198767332,94.44324493408203,1
1756,18.732357473035407,14.78474576271184,100.55691528320312,1
1757,19.023728813559288,15.198305084745737,111.66802978515443,1
1758,19.40909090909087,15.527272727272699,129.85684204101562,1
1759,19.860246533127857,15.76224961479196,143.84730529784974,1
1760,20.348998459167916,15.875038520801207,161.2313690185547,1
1761,20.847149460708746,15.865639445300436,177.9015197753888,1
1762,21.32650231124804,15.73405238828965,3.2915570735913207,1
1763,21.730662557781166,15.51787365177193,23.215463638303845,1
1764,22.050231124807357,15.21710323574728,47.04132080077943,1
1765,22.266409861325076,14.822342064714922,66.1664123535138,1
1766,22.369799691833553,14.389984591679482,77.10739135742006,1
1767,22.341602465331242,13.938828967642504,88.50233459472474,1
1768,22.19121725731891,13.459476117103213,101.72774505615234,1
1769,21.928043143297344,12.998921417565464,121.59779357909974,1
1770,21.561479198767298,12.632357473035418,132.83392333984193,1
1771,21.1479198767334,12.350385208012305,157.49716186523256,1
1772,20.706163328197192,12.19999999999998,167.1583557128888,1
1773,20.26440677966098,12.181201848998437,179.85144042968568,1
1774,19.822650231124776,12.284591679506914,12.096663475032983,1
1775,19.390292758089334,12.49137134052386,28.07485580443972,1
1776,18.957935285053896,12.801540832049284,40.3588180541974,1
1777,18.53497688751923,13.177503852080099,48.04636383056459,1
1778,18.168412942989185,13.591063174113998,50.43518829345521,1
1779,17.8770416024653,14.051617873651747,65.10758972167787,1
1780,17.660862865947582,14.54976887519258,71.43004608154115,1
1781,17.548073959938336,15.047919876733408,79.89283752441224,1
1782,17.529275808936795,15.53667180277347,87.90824890136537,1
1783,17.566872110939876,16.063020030816613,91.03755950927552,1
1784,17.670261941448352,16.608166409861298,95.469192504881,1
1785,17.83004622496145,17.125115562403668,99.84485626220521,1
1786,18.036825885978395,17.623266563944497,106.29444122314271,1
1787,18.29999999999997,18.083821263482246,110.06458282470521,1
1788,18.628967642526934,18.478582434514607,117.41591644286927,1
1789,19.014329738058517,18.77935285053926,127.43402862548646,1
1790,19.45608628659473,18.986132511556207,142.0868225097638,1
1791,19.926040061633252,19.108320493066223,157.79235839843568,1
1792,20.424191063174078,19.13651771956853,170.3583068847638,1
1793,20.90354391371337,19.06132511556237,178.56248474120912,1
1794,21.35469953775035,18.87334360554696,17.035509109493432,1
1795,21.749460708782703,18.61956856702616,39.98364639282045,1
1796,22.078428351309668,18.271802773497658,51.16915512084779,1
1797,22.313405238828928,17.85824345146376,67.91844940185365,1
1798,22.454391371340485,17.388289676425238,76.3108215332013,1
1799,22.482588597842796,16.89953775038518,87.72737121581667,1
1800,22.42619414483817,16.39198767334358,90.95617675781068,1
1801,22.266409861325076,15.903235747303517,97.3892135620099,1
1802,22.022033898305047,15.47087827426808,113.9785232543909,1
1803,21.702465331278855,15.132511556240345,132.9085540771448,1
1804,21.33590138674881,14.916332819722626,153.11865234374636,1
1805,20.950539291217222,14.831741140215692,176.59469604492006,1
1806,20.565177195685635,14.897534668721084,13.096081733699975,1
1807,20.198613251155592,15.094915254237264,31.56896781921023,1
1808,19.897842835130938,15.405084745762684,44.975215911861596,1
1809,19.67226502311245,15.771648690292732,57.33045196532839,1
1810,19.52187981510012,16.20400616332817,68.0753250122034,1
1811,19.49368258859781,16.66456086286592,83.3026199340784,1
1812,19.587673343605513,17.115716486902897,95.70393371581667,1
1813,19.785053929121695,17.529275808936795,106.78568267821902,1
1814,20.085824345146342,17.895839753466838,120.94535064696902,1
1815,20.471186440677933,18.159013867488415,140.36305236816042,1
1816,20.922342064714908,18.328197226502283,149.06953430175417,1
1817,21.4016949152542,18.393990755007675,163.73771667480105,1
1818,21.91864406779657,18.337596302003053,179.94247436523074,1
1819,22.407395993836634,18.196610169491496,9.214008331293371,1
1820,22.849152542372842,17.952234206471466,28.92975997924441,1
1821,23.196918335901348,17.58567026194142,47.20520401000613,1
1822,23.450693374422148,17.162711864406752,68.09809875487917,1
1823,23.57288135593216,16.71155624036977,83.43093872069949,1
1824,23.582280431432935,16.22280431432971,94.34149169921511,1
1825,23.469491525423688,15.752850539291192,101.0972747802698,1
1826,23.2439137134052,15.329892141756522,114.50533294677189,1
1827,22.914946070878237,14.944530046224935,124.41847229003542,1
1828,22.50138674884434,14.615562403697973,142.44804382323855,1
1829,22.040832049306587,14.352388289676401,156.4251556396448,1
1830,21.533281972264984,14.145608628659451,168.20417785644167,1
1831,21.006933744221847,14.004622496147894,172.0202941894495,1
1832,20.489984591679473,13.920030816640963,171.47163391112917,1
1833,19.99183359013864,13.910631741140193,170.385894775387,1
1834,19.50308166409858,13.976425269645585,2.0207300186102657,1
1835,19.03312788906006,14.126810477657912,18.56598472594851,1
1836,18.60077041602462,14.36178736517717,36.75752639770144,1
1837,18.196610169491493,14.662557781201823,43.60117340087345,1
1838,17.820647149460676,15.019722650231099,51.6947288513129,1
1839,17.501078582434484,15.423882896764226,59.52144241332644,1
1840,17.256702619414455,15.884437596301975,62.63320159911564,1
1841,17.068721109399046,16.363790446841268,65.0455474853461,1
1842,16.965331278890574,16.861941448382098,71.66564178466433,1
1843,16.965331278890574,17.360092449922927,81.81597900390261,1
1844,17.049922958397502,17.83004622496145,91.6630020141547,1
1845,17.228505392912144,18.253004622496114,100.87989044188907,1
1846,17.529275808936795,18.638366718027704,115.74678039550236,1
1847,17.933436055469926,18.9579352850539,127.53171539306277,1
1848,18.403389830508445,19.183513097072385,143.9288177490198,1
1849,18.910939907550045,19.315100154083172,157.730621337887,1
1850,19.409090909090878,19.324499229583942,1.7174423932974605,1
1851,19.869645608628623,19.202311248073926,18.134626388544348,1
1852,20.26440677966098,18.957935285053896,34.310657501215246,1
1853,20.583975346687176,18.591371340523853,52.606513977045324,1
1854,20.818952234206435,18.14021571648687,63.75677108764103,1
1855,20.997534668721073,17.604468412942957,80.10861968993595,1
1856,21.10092449922955,17.021725731895195,85.06118011474064,1
1857,21.129121725731856,16.391987673343575,86.12893676757267,1
1858,21.072727272727235,15.781047765793502,94.22087860106876,1
1859,20.950539291217222,15.198305084745737,101.20037078856876,1
1860,20.7343605546995,14.662557781201823,106.57012176513126,1
1861,20.44298921417562,14.211402157164846,121.28852844237736,1
1862,20.057627118644035,13.873035439137109,127.94536590575808,1
1863,19.625269645608597,13.638058551617851,150.41468811034792,1
1864,19.164714946070845,13.515870570107836,170.64883422851017,1
1865,18.713559322033866,13.525269645608606,7.223334312433508,1
1866,18.2906009244992,13.63805855161785,23.493797302238818,1
1867,17.952234206471463,13.85423728813557,45.756423950189856,1
1868,17.689060092449893,14.164406779660993,59.00227737426212,1
1869,17.510477657935255,14.549768875192578,70.4641494750922,1
1870,17.416486902927552,15.010323574730327,81.80107879638126,1
1871,17.407087827426782,15.489676425269618,83.6302871704047,1
1872,17.472881355932174,15.98782742681045,88.5238647460883,1
1873,17.623266563944497,16.48597842835128,96.79832458495548,1
1874,17.86764252696453,16.9559322033898,107.17268371581486,1
1875,18.196610169491493,17.34129429892139,120.13253021239689,1
1876,18.61016949152539,17.689060092449896,134.5653228759711,1
1877,19.089522342064683,17.952234206471466,158.8319702148383,1
1878,19.625269645608597,18.130816640986104,176.28001403808048,1
1879,20.18921417565482,18.224807395993803,179.86314392089298,1
1880,20.771956856702584,18.262403697996888,177.52285766601017,1
1881,21.345300462249575,18.215408320493033,2.381770133964892,1
1882,21.899845916795034,18.10261941448379,4.671716690056201,1
1883,22.416795069337404,17.90523882896761,15.346950531000402,1
1884,22.896147919876693,17.63266563944527,24.978515624994543,1
1885,23.300308166409824,17.284899845916765,36.3426780700629,1
1886,23.619876733436016,16.871340523882868,51.65430068968999,1
1887,23.836055469953738,16.41078582434512,65.10954284667241,1
1888,23.93004622496144,15.931432973805826,82.83541870116642,1
1889,23.892449922958356,15.452080123266537,92.1421813964771,1
1890,23.7514637904468,14.991525423728788,109.07585144042241,1
1891,23.50708782742677,14.55916795069335,118.59355163573491,1
1892,23.178120184899807,14.164406779660993,133.3365631103443,1
1893,22.76456086286591,13.816640986132487,144.17736816405522,1
1894,22.275808936825847,13.515870570107836,152.7451782226508,1
1895,21.749460708782706,13.299691833590117,165.1276245117133,1
1896,21.223112480739566,13.18690292758087,172.9165496826099,1
1897,20.69676425269642,13.196302003081641,0.311797708265658,1
1898,20.2268104776579,13.309090909090887,21.49971389769962,1
1899,19.832049306625542,13.534668721109375,37.82788467406499,1
1900,19.51248073959935,13.835439137134028,48.601482391350146,1
1901,19.24930662557778,14.202003081664074,57.35170745849064,1
1902,19.098921417565453,14.606163328197203,76.12512207030704,1
1903,19.042526964560828,15.047919876733411,83.97462463378179,1
1904,19.080123266563913,15.50847457627116,92.52702331542241,1
1905,19.211710323574696,15.950231124807368,98.57617950438726,1
1906,19.45608628659473,16.363790446841268,106.14773559569767,1
1907,19.79445300462246,16.73975346687208,115.3647155761646,1
1908,20.217411402157133,17.068721109399046,133.88243103026616,1
1909,20.696764252696422,17.294298921417536,140.5300750732349,1
1910,21.204314329738025,17.425885978428322,155.9683990478443,1
1911,21.721263482280396,17.435285053929093,178.12274169921147,1
1912,22.210015408320455,17.313097072419076,23.562868118278857,1
1913,22.642372881355893,17.059322033898276,42.0871276855396,1
1914,22.9901386748844,16.72095531587054,55.4572448730396,1
1915,23.23451463790443,16.297996918335873,73.18267059325444,1
1916,23.366101694915216,15.837442218798122,86.16819763182866,1
1917,23.375500770415986,15.367488443759603,93.13128662108466,1
1918,23.25331278890597,14.916332819722623,99.85862731932866,1
1919,23.02773497688748,14.502773497688727,110.71852874755132,1
1920,22.698767334360518,14.155007704160221,121.8963317871021,1
1921,22.27580893682585,13.873035439137109,145.45774841307866,1
1922,21.758859784283477,13.656856702619393,157.95420837401434,1
1923,21.19491525423725,13.515870570107836,161.58023071288335,1
1924,20.602773497688716,13.459476117103213,178.31599426268804,1
1925,20.02003081664095,13.487673343605525,6.443153381338561,1
1926,19.446687211093955,13.581664098613228,16.59313583373296,1
1927,18.910939907550045,13.750847457627094,22.903659820549365,1
1928,18.41278890600921,13.995223420647125,29.09729385375249,1
1929,17.999229583975314,14.27719568567024,38.71665191649481,1
1930,17.679661016949122,14.596764252696431,40.82163238524481,1
1931,17.463482280431403,14.953929121725707,60.26054382323309,1
1932,17.360092449922927,15.34869029275806,72.59392547606694,1
1933,17.36009244992293,15.76224961479196,79.80422973632085,1
1934,17.40708782742678,16.21340523882894,90.65705871581304,1
1935,17.491679506933714,16.692758089368233,91.64487457274481,1
1936,17.613867488443727,17.19090909090906,92.32177734374272,1
1937,17.77365177195683,17.68906009244989,92.20721435546147,1
1938,17.980431432973774,18.168412942989185,96.11802673338934,1
1939,18.253004622496118,18.61016949152539,109.04917907713934,1
1940,18.58197226502308,18.99553158705698,115.25868225096929,1
1941,18.986132511556207,19.333898305084716,122.99223327635809,1
1942,19.42788906009242,19.568875192603976,133.34304809569403,1
1943,19.897842835130938,19.709861325115533,147.0102233886646,1
1944,20.405392912172537,19.74745762711861,171.04583740233466,1
1945,20.912942989214137,19.68166409861322,4.538408756247009,1
1946,21.37349768875189,19.484283513097036,22.535373687735046,1
1947,21.805855161787328,19.202311248073926,44.67829895018622,1
1948,22.181818181818144,18.82634822804311,60.08269882201239,1
1949,22.435593220338944,18.3845916795069,73.68767547606512,1
1950,22.585978428351275,17.88644067796607,84.28809356688544,1
1951,22.623574730354356,17.360092449922927,97.9389648437409,1
1952,22.529583975346647,16.824345146379017,104.39938354491278,1
1953,22.313405238828928,16.288597842835106,121.08782958983466,1
1954,21.993836671802732,15.76224961479196,124.66449737547919,1
1955,21.580277349768835,15.292295839753441,136.75680541991278,1
1956,21.11032357473032,14.897534668721084,145.04920959471747,1
1957,20.61217257318949,14.606163328197201,159.24189758299872,1
1958,20.114021571648657,14.446379044684104,170.76425170897528,1
1959,19.625269645608594,14.427580893682563,2.246885061254943,1
1960,19.183513097072385,14.512172573189497,9.348756790152038,1
1961,18.788751926040028,14.700154083204904,27.715570449820007,1
1962,18.440986132511522,14.972727272727246,34.172019958487,1
1963,18.14021571648687,15.31109399075498,45.0739860534577,1
1964,17.933436055469922,15.687057010785797,59.05414199828192,1
1965,17.81124807395991,16.110015408320464,76.68260192870002,1
1966,17.783050847457595,16.551771956856676,88.63410186766669,1
1967,17.85824345146376,17.00292758089365,96.62902069090705,1
1968,18.06502311248071,17.444684129429863,104.13373565672919,1
1969,18.36579352850536,17.85824345146376,115.27803039549872,1
1970,18.732357473035407,18.187211093990722,133.3842773437391,1
1971,19.145916795069304,18.41278890600921,146.35626220702216,1
1972,19.615870570107823,18.487981510015373,172.06901550291877,1
1973,20.067026194144802,18.422187981509985,12.78552913664862,1
1974,20.489984591679473,18.206009244992266,32.95164871214729,1
1975,20.856548536209516,17.8770416024653,48.9280014037995,1
1976,21.13852080123263,17.463482280431403,69.26769256590887,1
1977,21.270107858243414,17.012326656394425,86.33235931395393,1
1978,21.270107858243414,16.532973805855136,96.53402709959846,1
1979,21.11972265023109,16.072419106317383,108.74739074706122,1
1980,20.87534668721106,15.696456086286569,124.9677047729383,1
1981,20.546379044684095,15.414483821263456,137.8406982421766,1
1982,20.151617873651738,15.245300462249588,155.59689331053778,1
1983,19.747457627118614,15.188906009244965,169.22731018065497,1
1984,19.343297380585486,15.273497688751899,3.6352245807556756,1
1985,18.957935285053896,15.423882896764226,27.96475791930061,1
1986,18.600770416024623,15.687057010785798,43.47702407835823,1
1987,18.31879815100151,16.034822804314302,58.882167816151195,1
1988,18.12141756548533,16.45778120184897,76.5404815673719,1
1989,18.06502311248071,16.89013867488441,88.97463226317268,1
1990,18.130816640986104,17.34129429892139,99.69910430907112,1
1991,18.33759630200305,17.717257318952203,109.37131500243049,1
1992,18.675963020030785,17.999229583975318,135.63461303709846,1
1993,19.089522342064683,18.14021571648687,152.56663513182502,1
1994,19.52187981510012,18.15901386748841,1.4466761350522575,1
1995,19.95423728813556,18.04622496147917,14.711769103992992,1
1996,20.339599383667146,17.811248073959906,41.92752075194221,1
1997,20.640369799691797,17.44468412942986,57.80011749266487,1
1998,20.837750385207976,17.012326656394425,68.90542602537971,1
1999,20.931741140215678,16.523574730354362,81.99698638914924,1
2000,20.903543913713367,16.016024653312762,91.99965667723518,1
2001,20.77195685670258,15.50847457627116,103.26092529295784,1
2002,20.55577812018486,15.047919876733408,115.4014205932508,1
2003,20.273805855161754,14.643759630200284,127.30801391600471,1
2004,19.926040061633252,14.324191063174089,136.58355712889534,1
2005,19.53127889060089,14.07981510015406,154.5010986328016,1
2006,19.117719568566994,13.948228043143274,167.47178649901252,1
2007,18.675963020030785,13.938828967642502,1.566281795488976,1
2008,18.253004622496114,14.042218798150978,12.795505523668908,1
2009,17.8770416024653,14.230200308166385,32.34438323973518,1
2010,17.56687211093988,14.512172573189497,41.99241256712594,1
2011,17.331895223420617,14.841140215716461,55.9840736389051,1
2012,17.19090909090906,15.235901386748816,71.2947845458857,1
2013,17.12511556240367,15.677657935285026,81.3820648193232,1
2014,17.143913713405208,16.166409861325086,88.7516937255732,1
2015,17.25670261941445,16.66456086286592,94.98245239256539,1
2016,17.454083204930633,17.16271186440675,106.61598205565315,1
2017,17.745454545454514,17.576271186440646,117.04320526121955,1
2018,18.12141756548533,17.8770416024653,135.37591552733102,1
2019,18.54437596302,18.018027734976855,150.8485412597529,1
2020,18.98613251155621,17.999229583975314,175.92799377440133,1
2021,19.409090909090878,17.830046224961443,18.953197479235314,1
2022,19.785053929121695,17.538674884437565,50.93987655638375,1
2023,20.095223420647116,17.12511556240367,65.72905731199899,1
2024,20.339599383667146,16.626964560862838,73.45952606199899,1
2025,20.489984591679473,16.072419106317383,80.37603759764352,1
2026,20.546379044684095,15.489676425269618,87.05123901365914,1
2027,20.489984591679473,14.916332819722623,97.0186080932508,1
2028,20.320801232665605,14.39938366718025,110.50675964354195,1
2029,20.038828967642495,13.967026194144813,124.05702209471383,1
2030,19.67226502311245,13.628659476117079,138.5429534911982,1
2031,19.23990755007701,13.38428351309705,148.3346252441279,1
2032,18.760554699537717,13.224499229583952,166.10809326170602,1
2033,18.224807395993803,13.13050847457625,0.39149728416123253,1
2034,17.642064714946038,13.092912172573168,0.9603768586985097,1
2035,17.031124807395962,13.111710323574707,11.039073944079064,1
2036,16.42958397534666,13.196302003081644,16.748771667467736,1
2037,15.893836671802745,13.337288135593198,24.233776092516564,1
2038,15.433281972264998,13.562865947611687,28.487905502304784,1
2039,15.076117103235722,13.86363636363634,43.84371566771006,1
2040,14.81294298921415,14.220801232665616,55.1396560668818,1
2041,14.624961479198742,14.596764252696431,62.460319519030236,1
2042,14.465177195685646,15.047919876733411,69.78574371336617,1
2043,14.352388289676401,15.51787365177193,75.70576477049508,1
2044,14.295993836671778,16.00662557781199,80.34783935545602,1
2045,14.30539291217255,16.514175654853595,84.4864883422706,1
2046,14.380585516178712,17.040523882896736,93.22776031492867,1
2047,14.540369799691808,17.501078582434484,96.46071624754586,1
2048,14.803543913713378,17.90523882896761,109.20330047606149,1
2049,15.160708782742654,18.243605546995347,118.83020019529977,1
2050,15.602465331278864,18.497380585516147,132.49047851561227,1
2051,16.110015408320464,18.666563944530015,150.07344055174508,1
2052,16.65516178736515,18.751155624036947,171.97950744627633,1
2053,17.21910631741137,18.741756548536177,8.002000808701268,1
2054,17.80184899845914,18.638366718027704,14.843939781176232,1
2055,18.32819722650228,18.459784283513066,22.091197967516564,1
2056,18.807550077041572,18.196610169491493,29.112077712998143,1
2057,19.23050847457624,17.83944530046222,40.65367507933115,1
2058,19.55007704160243,17.444684129429863,57.62639999388375,1
2059,19.73805855161784,16.98412942989211,68.84569549559274,1
2060,19.832049306625542,16.47657935285051,86.80324554441904,1
2061,19.803852080123235,15.940832049306598,96.41147613524117,1
2062,19.662865947611674,15.442681047765769,113.79378509520211,1
2063,19.437288135593185,14.982126348228018,133.8911437988154,1
2064,19.127118644067764,14.615562403697973,150.72555541990732,1
2065,18.741756548536177,14.33359013867486,161.19741821287607,1
2066,18.31879815100151,14.173805855161763,171.71080017088389,1
2067,17.86764252696453,14.10801232665637,174.39671325682139,1
2068,17.40708782742678,14.126810477657912,0.6561421155784046,1
2069,16.94653312788903,14.239599383667159,9.45075988768076,1
2070,16.532973805855136,14.436979969183335,22.45033836363291,1
2071,16.138212634822775,14.700154083204907,35.25317764280953,1
2072,15.818644067796583,15.01032357473033,47.059772491442345,1
2073,15.574268104776554,15.367488443759603,54.2335815429542,1
2074,15.442681047765769,15.752850539291192,65.50112152098154,1
2075,15.395685670261916,16.128813559322005,79.82107543943857,1
2076,15.48027734976885,16.51417565485359,93.59603881834482,1
2077,15.658859784283488,16.91833590138672,106.48186492918467,1
2078,15.93143297380583,17.303697996918306,119.76311492918467,1
2079,16.288597842835102,17.63266563944527,132.56838989256357,1
2080,16.730354391371314,17.924036979969152,142.24526977537607,1
2081,17.247303543913684,18.14021571648687,156.98501586912607,1
2082,17.80184899845914,18.262403697996888,169.05400085447764,1
2083,18.39399075500767,18.290600924499195,178.5043334960792,1
2084,18.986132511556207,18.243605546995347,11.582078933701268,1
2085,19.559476117103202,18.1308166409861,16.730657577500097,1
2086,20.05762711864403,17.933436055469922,14.172430038437597,1
2087,20.48998459167947,17.660862865947582,28.476009368881932,1
2088,20.818952234206435,17.322496147919846,42.5226440429542,1
2089,21.044530046224924,16.90893682588595,58.206302642807714,1
2090,21.176117103235715,16.43898305084743,71.70695495604014,1
2091,21.223112480739566,15.950231124807368,80.98452758787425,1
2092,21.16671802773494,15.461479198767307,91.91440582273754,1
2093,21.006933744221847,15.000924499229559,100.76704406736826,1
2094,20.771956856702587,14.606163328197201,109.20848083494639,1
2095,20.43359013867485,14.286594761171008,127.9147644042805,1
2096,20.02003081664095,14.051617873651747,147.48587036131175,1
2097,19.559476117103205,13.920030816640963,167.72192382811045,1
2098,19.089522342064683,13.882434514637879,177.60913085936045,1
2099,18.610169491525394,13.938828967642504,6.354539871201268,1
2100,18.149614791987645,14.089214175654828,19.531959533675035,1
2101,17.736055469953747,14.305392912172547,31.863298416123143,1
2102,17.388289676425238,14.577966101694889,45.752357482893785,1
2103,17.087519260400587,14.935130970724165,50.42198944090342,1
2104,16.852542372881327,15.329892141756522,65.24900817869639,1
2105,16.71155624036977,15.752850539291188,65.10572052000498,1
2106,16.66456086286592,16.213405238828937,81.105804443343,1
2107,16.71155624036977,16.66456086286592,96.90367126463207,1
2108,16.91833590138672,17.049922958397502,114.99766540525889,1
2109,17.237904468412914,17.360092449922927,136.332611083968,1
2110,17.63266563944527,17.55747303543911,158.6676940917805,1
2111,18.06502311248071,17.613867488443727,175.82878112791332,1
2112,18.497380585516147,17.529275808936795,15.409316062910875,1
2113,18.854545454545423,17.30369799691831,36.0143852233723,1
2114,19.127118644067764,16.94653312788903,52.06978607176097,1
2115,19.29630200308163,16.50477657935282,65.26570129392894,1
2116,19.343297380585483,15.997226502311221,88.76716613767894,1
2117,19.258705701078547,15.489676425269618,100.78327178953441,1
2118,19.070724191063142,15.03852080123264,118.12493133543467,1
2119,18.779352850539258,14.709553158705674,142.49382019041332,1
2120,18.422187981509985,14.483975346687185,165.6347808837727,1
2121,18.018027734976858,14.399383667180254,4.97657299040111,1
2122,17.61386748844373,14.427580893682563,20.62287139890941,1
2123,17.219106317411374,14.549768875192578,26.358261108382067,1
2124,16.861941448382098,14.737750385207988,29.412137985211302,1
2125,16.551771956856673,15.01032357473033,33.42469024656566,1
2126,16.335593220338954,15.348690292758064,46.96369934080394,1
2127,16.20400616332817,15.752850539291192,63.80678176878246,1
2128,16.166409861325086,16.18520801232663,83.3016281127766,1
2129,16.23220338983048,16.65516178736515,96.71873474119457,1
2130,16.41078582434512,17.134514637904438,103.93226623533519,1
2131,16.66456086286592,17.57627118644065,118.11000061033519,1
2132,17.002927580893655,17.952234206471463,130.2619323730305,1
2133,17.416486902927552,18.271802773497658,136.33792114256175,1
2134,17.90523882896761,18.497380585516147,151.87710571287425,1
2135,18.431587057010756,18.61016949152539,164.47785949705394,1
2136,18.9579352850539,18.61956856702616,2.6865403652009263,1
2137,19.446687211093955,18.525577812018458,8.363654136639525,1
2138,19.860246533127857,18.309399075500743,26.111013412459215,1
2139,20.151617873651738,17.999229583975314,48.90397262571605,1
2140,20.320801232665605,17.576271186440646,65.77162170408519,1
2141,20.39599383667177,17.078120184899817,82.73011016843884,1
2142,20.367796610169457,16.523574730354362,98.64070892332347,1
2143,20.23620955315867,15.959630200308137,107.99182128904613,1
2144,20.02003081664095,15.386286594761145,120.35389709470837,1
2145,19.738058551617844,14.859938366718003,125.60896301267894,1
2146,19.399691833590104,14.39938366718025,124.32550048826488,1
2147,19.02372881355929,14.023420647149436,135.00869750974925,1
2148,18.619568567026164,13.741448382126325,138.53863525388806,1
2149,18.206009244992266,13.553466872110917,150.19239807127087,1
2150,17.783050847457595,13.478274268104752,164.30641174314587,1
2151,17.341294298921387,13.506471494607064,175.42623901365369,1
2152,16.89953775038518,13.619260400616309,10.938154220562865,1
2153,16.46718027734974,13.807241910631717,17.946916580183824,1
2154,16.044221879815076,14.070416024653287,23.790992736798216,1
2155,15.668258859784256,14.371186440677942,37.036109924298216,1
2156,15.348690292758064,14.709553158705678,47.05562210081189,1
2157,15.104314329738031,15.085516178736492,57.04698562620251,1
2158,14.944530046224935,15.489676425269618,71.40013122556775,1
2159,14.878736517719542,15.912634822804288,79.29283905027478,1
2160,14.897534668721084,16.354391371340498,84.15283203123181,1
2161,15.01032357473033,16.777349768875165,93.70748138425915,1
2162,15.217103235747278,17.17211093990752,105.26338958738415,1
2163,15.527272727272699,17.510477657935255,119.47434234617322,1
2164,15.922033898305056,17.783050847457595,135.60076904295056,1
2165,16.382588597842805,17.971032357473,144.15145874021619,1
2166,16.89013867488441,18.07442218798148,161.78977966306775,1
2167,17.435285053929093,18.112018489984557,178.26960754392712,1
2168,17.980431432973777,18.074422187981476,1.7386606931504502,1
2169,18.48798151001538,17.971032357473003,13.479575157145518,1
2170,18.948536209553126,17.80184899845914,19.258642196637084,1
2171,19.343297380585483,17.566872110939876,34.06239318845837,1
2172,19.644067796610138,17.228505392912144,51.86067199705212,1
2173,19.822650231124776,16.814946070878246,62.83378219602673,1
2174,19.907241910631704,16.354391371340494,76.22459411619275,1
2175,19.879044684129394,15.846841294298894,89.75629425046827,1
2176,19.75685670261938,15.311093990754983,101.77993774412244,1
2177,19.54067796610166,14.81294298921415,112.84017181394665,1
2178,19.258705701078547,14.380585516178712,121.21954345701306,1
2179,18.920338983050815,14.023420647149436,134.8225097656068,1
2180,18.54437596302,13.788443759630178,156.87998962400343,1
2181,18.14021571648687,13.685053929121704,169.2657470702943,1
2182,17.717257318952203,13.703852080123244,8.039772987347533,1
2183,17.313097072419076,13.82604006163326,14.360074043257555,1
2184,16.93713405238826,14.02342064714944,29.472620010357787,1
2185,16.617565485362064,14.29599383667178,38.96392059324535,1
2186,16.382588597842805,14.624961479198742,51.225711822493395,1
2187,16.23220338983048,15.019722650231099,59.57078170774548,1
2188,16.15701078582432,15.433281972264997,76.71837615964978,1
2189,16.166409861325086,15.884437596301975,83.09631347654431,1
2190,16.260400616332795,16.335593220338957,91.40564727781566,1
2191,16.429583975346656,16.786748844375932,97.63247680662425,1
2192,16.68335901386746,17.17211093990752,111.0097351074055,1
2193,17.021725731895195,17.51987673343603,128.27531433103832,1
2194,17.463482280431403,17.792449922958365,140.87831115720837,1
2195,17.933436055469922,17.961633281972233,147.73854064939587,1
2196,18.422187981509985,18.008628659476084,168.81025695798962,1
2197,18.92033898305082,17.961633281972233,4.511487483960082,1
2198,19.399691833590104,17.80184899845914,16.68781089780896,1
2199,19.785053929121695,17.510477657935255,36.532955169657725,1
2200,20.095223420647116,17.143913713405208,55.66563034055798,1
2201,20.302003081664065,16.720955315870544,68.02371978758129,1
2202,20.377195685670227,16.26040061633279,86.0673065185365,1
2203,20.330200308166376,15.781047765793502,97.19001770017712,1
2204,20.17981510015405,15.32049306625575,110.22575378416332,1
2205,19.926040061633245,14.888135593220312,121.412643432599,1
2206,19.578274268104742,14.521571648690266,134.3072052001753,1
2207,19.183513097072385,14.230200308166385,149.3704833984193,1
2208,18.751155624036947,14.051617873651747,167.80459594724744,1
2209,18.29999999999997,14.004622496147897,2.031515121439952,1
2210,17.867642526964527,14.061016949152517,13.455993652323741,1
2211,17.472881355932174,14.220801232665616,27.531343460063,1
2212,17.115716486902897,14.455778120184874,35.99608993528636,1
2213,16.814946070878243,14.747149460708759,45.765525817852904,1
2214,16.570570107858213,15.09491525423726,51.677505493144054,1
2215,16.39198767334358,15.489676425269618,62.471858978253294,1
2216,16.288597842835102,15.922033898305056,75.45690155027478,1
2217,16.26040061633279,16.363790446841268,81.59497833249952,1
2218,16.326194144838183,16.852542372881327,90.03656768796827,1
2219,16.495377503852055,17.350693374422157,99.75729370115187,1
2220,16.73975346687208,17.8770416024653,110.72762298582165,1
2221,17.059322033898276,18.39399075500767,116.53986358640577,1
2222,17.435285053929093,18.910939907550045,123.13623046872999,1
2223,17.839445300462224,19.362095531587023,127.20467376707165,1
2224,18.262403697996888,19.70986132511553,128.99069213865369,1
2225,18.732357473035403,19.93543913713402,135.00039672849744,1
2226,19.230508474576236,20.038828967642495,158.8457031249818,1
2227,19.73805855161784,20.02003081664095,175.46846008298962,1
2228,20.25500770416021,19.869645608628623,11.599572181679832,1
2229,20.753158705701047,19.625269645608597,34.386226654034544,1
2230,21.185516178736485,19.305701078582402,48.078018188456554,1
2231,21.514483821263447,18.92033898305082,56.85141372678663,1
2232,21.749460708782706,18.459784283513066,73.97976684568494,1
2233,21.852850539291175,17.961633281972233,85.74625396726515,1
2234,21.84345146379041,17.444684129429863,96.85472869871228,1
2235,21.721263482280396,16.93713405238826,106.92538452146437,1
2236,21.523882896764214,16.47657935285051,113.63647460935499,1
2237,21.241910631741103,16.119414483821238,129.66058349607374,1
2238,20.90354391371337,15.893836671802745,144.76626586912062,1
2239,20.536979969183324,15.799845916795041,167.22494506833937,1
2240,20.17041602465328,15.828043143297354,179.49696350095655,1
2241,19.813251155624005,15.97842835130968,20.032464981057274,1
2242,19.50308166409858,16.22280431432971,35.167770385724,1
2243,19.258705701078547,16.532973805855132,52.330127716044444,1
2244,19.070724191063142,16.91833590138672,70.07791137693312,1
2245,18.986132511556207,17.3694915254237,80.01509857175733,1
2246,19.00493066255775,17.85824345146376,92.18904876706802,1
2247,19.136517719568538,18.35639445300459,100.75820159910108,1
2248,19.371494607087794,18.863944530046194,112.23992919919874,1
2249,19.72865947611707,19.324499229583942,124.13346099851333,1
2250,20.151617873651738,19.691063174113985,141.71510314939405,1
2251,20.630970724191027,19.93543913713402,152.06918334958937,1
2252,21.10092449922955,20.067026194144802,166.29679870603468,1
2253,21.599075500770375,20.03882896764249,4.749824523907591,1
2254,22.0690292758089,19.888443759630167,22.724325180031883,1
2255,22.51078582434511,19.615870570107823,39.265464782694835,1
2256,22.905546995377467,19.24930662557778,49.99910354612257,1
2257,23.25331278890597,18.788751926040028,55.80205917356216,1
2258,23.497688751926002,18.28120184899843,70.34817504880812,1
2259,23.657473035439104,17.726656394452974,86.26884460447036,1
2260,23.70446841294295,17.162711864406752,92.4755401611128,1
2261,23.638674884437556,16.626964560862838,107.36744689939223,1
2262,23.478890600924462,16.16640986132509,122.42321014402296,1
2263,23.215716486902885,15.781047765793502,131.83871459958937,1
2264,22.85855161787361,15.489676425269618,146.4744415283003,1
2265,22.463790446841255,15.31109399075498,158.21066284177505,1
2266,22.031432973805817,15.22650231124805,176.04322814939405,1
2267,21.59907550077038,15.226502311248046,6.252051353434581,1
2268,21.19491525423725,15.320493066255754,16.240365982035655,1
2269,20.81895223420644,15.51787365177193,29.50561332700636,1
2270,20.508782742681014,15.790446841294273,38.695720672585594,1
2271,20.292604006163295,16.128813559322005,55.65250396726333,1
2272,20.17981510015405,16.551771956856673,75.11079406736098,1
2273,20.170416024653278,17.021725731895195,86.86820220944901,1
2274,20.292604006163295,17.491679506933714,95.7605056762477,1
2275,20.51818181818178,17.971032357473007,104.4174346923628,1
2276,20.837750385207976,18.412788906009215,115.69774627683546,1
2277,21.232511556240333,18.77935285053926,132.69508361814223,1
2278,21.711864406779625,19.051926040061602,145.60354614255812,1
2279,22.219414483821225,19.221109399075466,166.52169799802687,1
2280,22.708166409861285,19.258705701078547,178.61579895017348,1
2281,23.159322033898267,19.192912172573156,8.115445137002098,1
2282,23.554083204930624,18.986132511556207,24.907939910865025,1
2283,23.873651771956816,18.666563944530015,47.96942138669692,1
2284,24.108628659476075,18.253004622496118,66.12797546384536,1
2285,24.259013867488402,17.792449922958365,77.00405120847608,1
2286,24.324807395993794,17.284899845916765,85.32912445065995,1
2287,24.296610169491483,16.767950693374395,92.20776367185317,1
2288,24.15562403697993,16.279198767334332,101.94416046140395,1
2289,23.92064714946067,15.837442218798122,114.5595779418727,1
2290,23.601078582434475,15.433281972264997,129.0540161132576,1
2291,23.438944530046186,15.226502311248048,143.59339904782973,1
2292,23.247046738572124,15.054185927067257,157.33354187009354,1
