frame,x_cm,y_cm,theta,detected
305,16.73035439137131,13.957627118644044,174.77528381347656,1
306,17.03582434514635,13.910631741140193,5.149753570556643,1
307,17.419619928094473,13.86363636363634,9.402172383665265,1
308,17.740755007704127,13.757896764252674,13.356318868245298,1
309,18.027426810477625,13.60986132511554,14.318018323537553,1
310,18.525577812018458,13.384283513097051,23.096241042492913,1
311,18.939137134052352,13.083513097072398,29.91549026634974,1
312,19.11771956856699,12.90493066255776,35.645866359104936,1
313,19.315100154083172,12.275192604006142,41.06867149358311,1
314,19.371494607087794,11.673651771956836,52.370178822124124,1
315,19.333898305084716,11.04391371340522,60.90940844664041,1
316,19.16471494607085,10.461171032357456,71.36536902701023,1
317,18.939137134052356,9.718644067796593,84.55274919564265,1
318,18.487981510015377,9.464869029275793,97.25004995767574,1
319,18.018027734976858,9.258089368258846,108.63271311577783,1
320,17.529275808936795,9.117103235747289,119.75872156036141,1
321,17.031124807395962,9.004314329738042,128.98829063180335,1
322,16.532973805855136,8.92912172573188,136.75858154785945,1
323,16.053620955315843,8.891525423728798,144.02928802806633,1
324,15.668258859784256,8.90092449922957,152.132247364321,1
325,15.28289676425267,8.947919876733419,163.50519956462477,1
326,14.906933744221854,9.060708782742665,176.39321695409978,1
327,14.596764252696431,9.248690292758074,11.049696093661787,1
328,14.333590138674861,9.502465331278874,25.71549195356086,1
329,14.014021571648666,9.775038520801216,39.89400938941605,1
330,13.807241910631717,10.057010785824328,55.32393645087218,1
331,13.685053929121702,10.320184899845898,70.68629304002478,1
332,13.619260400616309,10.59275808936824,84.43319156372982,1
333,13.619260400616309,10.865331278890583,99.20009376380595,1
334,13.844838212634802,11.25069337442217,115.84265567813672,1
335,14.30539291217255,11.692449922958378,135.00694488647937,1
336,14.888135593220312,12.059013867488424,156.9159730559056,1
337,15.499075500770392,12.340986132511537,172.53682737818784,1
338,16.1946070878274,12.500770416024633,5.544307639839989,1
339,16.767950693374395,12.416178736517697,18.973658866389798,1
340,17.143913713405208,12.143605546995357,31.619031931973325,1
341,17.425885978428322,11.842835130970704,45.67519724735525,1
342,17.67966101694912,11.457473035439117,63.135038200565575,1
343,17.792449922958365,10.996918335901368,79.43106540342738,1
344,17.783050847457595,10.54576271186439,94.10100497016606,1
345,17.660862865947582,10.113405238828951,107.90292041928159,1
346,17.416486902927552,9.690446841294284,119.35772492325853,1
347,17.08751926040059,9.323882896764237,129.1159146177397,1
348,16.673959938366686,9.032511556240355,137.33699235170963,1
349,16.21340523882894,8.797534668721095,145.73189309002646,1
350,15.73405238828965,8.637750385207998,154.78991340194804,1
351,15.25469953775036,8.571956856702604,166.95439772799102,1
352,14.794144838212612,8.600154083204917,1.3762613655321354,1
353,14.389984591679482,8.741140215716474,17.48451722405285,1
354,14.042218798150978,8.976117103235731,33.2579707589364,1
355,13.750847457627094,9.276887519260384,48.08557340677854,1
356,13.544067796610147,9.62465331278889,61.96769112280793,1
357,13.431278890600902,10.028813559322018,76.15904538130548,1
358,13.44067796610167,10.461171032357456,91.32734389997397,1
359,13.544067796610147,10.855932203389813,108.97565628866924,1
360,13.816640986132489,11.222496147919859,129.39258909084205,1
361,14.408782742681023,11.466872110939889,155.67361251166676,1
362,14.991525423728788,11.579661016949135,178.54519795971805,1
363,15.499075500770388,11.570261941448361,24.184473995872928,1
364,16.02542372881353,11.382280431432955,46.11950438350147,1
365,16.43898305084743,11.062711864406761,66.55265637108798,1
366,16.551771956856676,10.677349768875175,83.16264682428262,1
367,16.617565485362068,10.216795069337426,98.03097132112603,1
368,16.626964560862838,9.652850539291203,111.0869028929959,1
369,16.476579352850514,9.098305084745748,121.1428902420925,1
370,16.21340523882894,8.543759630200293,130.93255394769903,1
371,15.875038520801207,8.055007704160234,139.42101688291675,1
372,15.48027734976885,7.641448382126336,147.702477166758,1
373,15.066718027734954,7.359476117103223,155.63590355314753,1
374,14.643759630200284,7.209090909090897,165.2214093220554,1
375,14.202003081664074,7.190292758089356,175.34399119760107,1
376,13.760246533127866,7.27488443759629,7.634241404048951,1
377,13.337288135593198,7.453466872110927,21.399559672197846,1
378,12.923728813559302,7.707241910631728,36.0217623441147,1
379,12.528967642526943,8.045608628659462,48.63906568156379,1
380,12.190600924499208,8.440369799691819,59.38053698833236,1
381,11.908628659476097,8.882126348228029,68.26535013313834,1
382,11.701848998459148,9.370878274268089,75.62813923852589,1
383,11.598459167950674,9.86902927580892,82.86174022468762,1
384,11.607858243451444,10.367180277349751,90.26907148378413,1
385,11.720647149460689,10.80893682588596,99.26442278242328,1
386,11.889830508474557,11.175500770416004,109.89760747842757,1
387,12.199999999999978,11.476271186440659,123.72800818986417,1
388,12.575963020030795,11.692449922958378,141.89169419359058,1
389,13.008320493066233,11.805238828967623,164.83654384708055,1
390,13.384283513097051,11.936825885978408,165.93403215326904,1
391,14.098613251155601,11.664252696456066,20.03891579099516,1
392,14.643759630200284,11.372881355932185,60.003712424279804,1
393,15.151309707241884,10.978120184899828,75.54098974817039,1
394,15.593066255778092,10.432973805855145,84.57317986596635,1
395,16.034822804314302,9.699845916795052,82.591786785397,1
396,16.081818181818154,9.248690292758074,89.41861678782338,1
397,16.100616332819694,8.66594761171031,96.84859655892983,1
398,16.00662557781199,8.073805855161773,105.00240780689315,1
399,15.799845916795041,7.538058551617861,114.1906748775786,1
400,15.527272727272699,7.049306625577799,122.03117849195753,1
401,15.188906009244969,6.607550077041592,131.26275582162813,1
402,14.81294298921415,6.2503852080123155,141.5986038044473,1
403,14.399383667180254,5.9966101694915155,152.16822514601253,1
404,13.976425269645585,5.846224961479189,163.0269418999497,1
405,13.534668721109375,5.789830508474567,174.9114742042725,1
406,13.102311248073937,5.8274268104776485,5.382676216868274,1
407,12.688751926040041,5.9496147919876625,15.678657719144388,1
408,12.322187981509995,6.156394453004612,26.67272804520596,1
409,12.021417565485342,6.4289676425269535,38.11826275102339,1
410,11.795839753466852,6.786132511556228,50.891505672082815,1
411,11.673651771956836,7.180893682588587,64.65213962894786,1
412,11.664252696456066,7.585053929121713,78.74020647264938,1
413,11.767642526964542,7.97981510015407,93.83273675727288,1
414,11.983821263482259,8.346379044684117,109.26821144853484,1
415,12.303389830508454,8.64714946070877,125.69554326844707,1
416,12.726348228043122,8.882126348228027,144.35161745223007,1
417,13.205701078582411,9.004314329738042,164.38592163790642,1
418,13.722650231124783,9.004314329738042,4.651611568101479,1
419,14.239599383667155,8.872727272727257,24.187402163340685,1
420,14.728351309707216,8.571956856702604,42.82756794504843,1
421,15.113713405238803,8.148998459167938,59.76326805232228,1
422,15.414483821263456,7.679044684129417,73.93207774080572,1
423,15.593066255778092,7.133898305084733,85.66920166997389,1
424,15.668258859784256,6.551155624036968,95.2044906671043,1
425,15.630662557781175,5.987211093990744,103.35896162574004,1
426,15.50847457627116,5.442064714946062,109.72348934175761,1
427,15.292295839753441,4.878120184899838,116.88540430873789,1
428,15.019722650231099,4.389368258859777,122.66447820585432,1
429,14.681355932203365,3.9758089368258793,130.5607988675293,1
430,14.295993836671778,3.6280431432973743,139.2112495174688,1
431,13.882434514637882,3.355469953775033,148.7870299466654,1
432,13.44067796610167,3.176887519260395,158.42548714352463,1
433,12.980123266563922,3.0922958397534615,169.6831160026442,1
434,12.538366718027714,3.120493066255773,0.8128615292864051,1
435,12.106009244992276,3.2614791987673284,13.042273711740632,1
436,11.711248073959919,3.4964560862865888,25.844095097480547,1
437,11.382280431432955,3.8348228043143235,38.258113137474226,1
438,11.137904468412923,4.2201848998459095,50.639250220870885,1
439,10.978120184899828,4.643143297380578,62.586336698891614,1
440,10.931124807395975,5.084899845916786,74.21944334546572,1
441,10.978120184899826,5.536055469953766,85.26974528082548,1
442,11.137904468412923,5.987211093990744,97.10619611133137,1
443,11.391679506933723,6.419568567026184,108.07537999222443,1
444,11.701848998459148,6.795531587056999,119.17480967044075,1
445,12.077812018489963,7.115100154083192,131.2848117178726,1
446,12.510169491525403,7.350077041602452,145.0122426357261,1
447,12.989522342064694,7.481664098613239,159.2608161133233,1
448,13.506471494607066,7.500462249614779,175.59080586830902,1
449,14.042218798150978,7.406471494607075,12.597723550197825,1
450,14.56856702619412,7.190292758089356,29.483465602391725,1
451,15.047919876733411,6.8613251155623916,45.55558274028115,1
452,15.442681047765769,6.447765793528494,59.52532788589946,1
453,15.73405238828965,5.977812018489974,70.60042263538352,1
454,15.93143297380583,5.460862865947602,78.61947203928813,1
455,16.044221879815073,4.92511556240369,84.22499000085078,1
456,16.091217257318924,4.389368258859777,88.51028345021068,1
457,16.072419106317383,3.8630200308166343,92.77591226247343,1
458,15.987827426810451,3.3460708782742623,97.60611126478308,1
459,15.856240369799664,2.885516178736513,103.28838342256394,1
460,15.677657935285026,2.556548536209549,111.15450545706578,1
461,15.452080123266537,2.35916795069337,122.48252821744622,1
462,15.151309707241884,2.2557781201848957,137.5930392330156,1
463,14.794144838212608,2.2651771956856663,157.30141796138415,1
464,14.380585516178712,2.396764252696452,177.3411728031345,1
465,13.938828967642502,2.5565485362095486,13.964055733858004,1
466,13.478274268104752,2.7633281972264974,28.822318931335055,1
467,13.083513097072395,3.0453004622496094,42.57432421454949,1
468,12.763944530046203,3.402465331278884,56.02513163660769,1
469,12.547765793528486,3.825423728813553,68.28588175931431,1
470,12.425577812018469,4.3047765793528425,79.255329052566,1
471,12.416178736517699,4.802927580893674,89.15768012636677,1
472,12.500770416024633,5.282280431432964,98.57767762912697,1
473,12.698151001540811,5.761633281972256,107.71129164165059,1
474,12.980123266563922,6.175192604006153,117.95840113099464,1
475,13.346687211093968,6.513559322033887,131.0364044113486,1
476,13.82604006163326,6.757935285053918,146.8454353840049,1
477,14.342989214175631,6.927118644067785,165.2595347765245,1
478,14.878736517719542,6.9459167950693255,2.428285031584189,1
479,15.395685670261916,6.842526964560851,16.182316279151117,1
480,15.865639445300435,6.635747303543903,28.580272014824047,1
481,16.22280431432971,6.316178736517709,41.012506666313136,1
482,16.504776579352825,5.912018489984581,53.24334801194787,1
483,16.68335901386746,5.451463790446832,65.78790765319262,1
484,16.777349768875165,4.953312788906001,77.37240695181164,1
485,16.786748844375932,4.445762711864399,88.45224139474811,1
486,16.68335901386746,3.938212634822798,98.62642191576525,1
487,16.49537750385205,3.430662557781196,109.66450567741093,1
488,16.21340523882894,2.9325115562403647,121.14259402680662,1
489,15.884437596301973,2.5001540832049263,132.86124421076005,1
490,15.48027734976885,2.11479198767334,143.93885592833666,1
491,15.047919876733411,1.8234206471494576,153.99013330370371,1
492,14.56856702619412,1.6166409861325086,162.35858484260743,1
493,14.089214175654831,1.5226502311248047,170.26622223547747,1
494,13.581664098613228,1.503852080123264,178.14067253532687,1
495,13.083513097072398,1.5696456086286568,6.293563815319113,1
496,12.613559322033877,1.7106317411402128,16.47968387420147,1
497,12.21879815100152,1.9456086286594725,29.430522128492587,1
498,11.889830508474557,2.2651771956856663,44.37107807181282,1
499,11.654853620955295,2.631741140215712,60.25791816628126,1
500,11.551463790446821,3.05469953775038,75.33939946910705,1
501,11.570261941448361,3.4964560862865888,89.23350609202681,1
502,11.711248073959919,3.9570107858243384,102.21489666281705,1
503,11.974422187981489,4.398767334360547,114.42255669271572,1
504,12.350385208012305,4.821725731895215,126.10870756624755,1
505,12.801540832049284,5.17889060092449,137.8231051722056,1
506,13.337288135593198,5.489060092449913,149.05000253646844,1
507,13.91063174114019,5.686440677966091,161.29434168511645,1
508,14.512172573189497,5.789830508474567,173.0563500593311,1
509,15.132511556240342,5.789830508474566,4.051442159694614,1
510,15.781047765793499,5.6958397534668626,13.92190081038408,1
511,16.4483821263482,5.507858243451454,22.41764515658408,1
512,17.096918335901357,5.263482280431424,28.56454647466478,1
513,17.707858243451433,4.94391371340523,35.93702529036222,1
514,18.243605546995347,4.5679506933744145,44.416594231133196,1
515,18.666563944530015,4.163790446841287,53.040555322796315,1
516,18.948536209553126,3.722033898305078,61.65364855631627,1
517,19.127118644067764,3.2332819722650172,69.71233345249041,1
518,19.221109399075466,2.8385208012326606,76.48896976167761,1
519,19.239907550077007,2.5471494607087783,82.16211273497181,1
520,19.183513097072385,2.293374422187978,89.48657131638124,1
521,19.070724191063142,2.1053929121725696,97.82475477055857,1
522,18.892141756548504,2.030200308166407,108.90946150325185,1
523,18.600770416024623,1.926810477657932,122.2916461591139,1
524,18.224807395993807,1.7952234206471467,137.15644496392576,1
525,17.764252696456055,1.6918335901386719,150.70679930745618,1
526,17.219106317411374,1.6166409861325088,163.47253350012926,1
527,16.589368258859757,1.5414483821263456,171.87794632999905,1
528,15.940832049306598,1.503852080123264,178.98189305819577,1
529,15.273497688751899,1.5132511556240344,4.1481913498305065,1
530,14.662557781201823,1.5790446841294272,11.170573305547576,1
531,14.098613251155601,1.7200308166409832,18.593866966717133,1
532,13.628659476117079,1.9362095531587022,30.378091760199066,1
533,13.262095531587033,2.2181818181818143,43.96594385905815,1
534,12.998921417565464,2.57534668721109,58.51923091458263,1
535,12.829738058551595,2.9889060092449875,72.80451329364035,1
536,12.820338983050826,3.4400616332819665,87.14767118225504,1
537,12.942526964560841,3.853620955315864,102.11047895007177,1
538,13.18690292758087,4.22958397534668,118.89580654598643,1
539,13.591063174113998,4.549152542372874,137.16963331481918,1
540,14.11741140215714,4.784129429892134,154.75043506229989,1
541,14.681355932203365,4.896918335901378,171.08654902201462,1
542,15.282896764252673,4.93451463790446,6.423480422962251,1
543,15.865639445300435,4.859322033898297,21.47113001750757,1
544,16.363790446841268,4.643143297380577,36.32902398278508,1
545,16.730354391371314,4.342372881355924,50.906859177052766,1
546,16.965331278890574,3.9852080123266496,64.76383920199738,1
547,17.049922958397506,3.571648690292752,77.88483168112906,1
548,17.012326656394425,3.1392912172573135,89.52595284290119,1
549,16.871340523882868,2.753929121725727,101.7239923985087,1
550,16.63636363636361,2.4061633281972226,112.32499202777461,1
551,16.326194144838183,2.0959938366717994,123.01196325162826,1
552,15.95963020030814,1.8422187981509985,134.5848605353324,1
553,15.555469953775013,1.6730354391371312,147.05389912436732,1
554,15.123112480739573,1.5602465331278865,158.05330172651009,1
555,14.690755007704135,1.503852080123264,169.68628624441922,1
556,14.27719568567024,1.5320493066255751,179.9228070827654,1
557,13.882434514637879,1.64483821263482,9.117972030059567,1
558,13.478274268104755,1.8328197226502279,17.936690093859724,1
559,13.074114021571626,2.0865947611710287,27.166298643734372,1
560,12.698151001540811,2.4061633281972226,35.77810720054496,1
561,12.359784283513076,2.753929121725727,45.65244221576555,1
562,12.096610169491505,3.1486902927580838,56.87258256584221,1
563,11.936825885978408,3.5622496147919818,69.51313807638084,1
564,11.908628659476097,4.013405238828961,83.22796576332344,1
565,12.012018489984573,4.4739599383667095,96.6629630015521,1
566,12.228197226502292,4.915716486902919,109.91476607796483,1
567,12.538366718027714,5.3010785824345055,123.59442788435314,1
568,12.970724191063152,5.6206471494607,138.62044113674278,1
569,13.459476117103213,5.818027734976877,156.17508732038806,1
570,13.967026194144813,5.8744221879815,175.85842774808285,1
571,14.493374422187959,5.799229583975337,15.817701919655155,1
572,15.000924499229559,5.601848998459158,33.86486944956332,1
573,15.433281972264997,5.272881355932195,49.86007939542143,1
574,15.77164869029273,4.840523882896756,63.75347210744455,1
575,16.016024653312762,4.3517719568566955,75.706406061353,1
576,16.147611710323545,3.844221879815094,86.21046499087183,1
577,16.15701078582432,3.327272727272722,95.4133936551325,1
578,16.063020030816613,2.8667180277349718,103.94352866600529,1
579,15.903235747303517,2.490755007704156,112.51754469541322,1
580,15.649460708782716,2.1711864406779626,121.63046839321728,1
581,15.329892141756522,1.9080123266563909,131.04054545545034,1
582,14.953929121725707,1.7200308166409832,142.08135811556414,1
583,14.53097072419104,1.5884437596301977,152.79736332742993,1
584,14.06101694915252,1.503852080123264,164.2763886737283,1
585,13.60986132511554,1.5132511556240344,176.88516006329286,1
586,13.168104776579332,1.6072419106317384,9.896083281968686,1
587,12.773343605546973,1.785824345146376,22.641906102661935,1
588,12.425577812018469,2.0583975346687176,36.5053223898433,1
589,12.153004622496127,2.396764252696452,49.70780908264752,1
590,11.946224961479178,2.791525423728809,61.770983927759204,1
591,11.833436055469935,3.242681047765788,72.80217330367755,1
592,11.814637904468393,3.7408320493066194,83.4548088729526,1
593,11.899229583975327,4.23898305084745,92.97847367512072,1
594,12.087211093990735,4.727734976887511,104.09056138568884,1
595,12.387981510015388,5.178890600924491,116.72255866940293,1
596,12.773343605546973,5.564252696456077,131.62595500487953,1
597,13.233898305084725,5.846224961479189,146.8836090774996,1
598,13.732049306625555,6.006009244992286,161.94708346774613,1
599,14.220801232665616,6.043605546995368,176.7108949113432,1
600,14.671956856702593,5.949614791987663,12.086593182970946,1
601,15.07611710323572,5.724036979969173,28.28792122687666,1
602,15.414483821263456,5.366872110939899,45.55024693221362,1
603,15.677657935285026,4.93451463790446,62.12693560307858,1
604,15.865639445300435,4.4363636363636285,76.18092983442828,1
605,15.98782742681045,3.853620955315864,87.1168552313119,1
606,16.044221879815073,3.2708782742680995,97.00094096479894,1
607,16.025423728813532,2.7633281972264974,106.4626607120336,1
608,15.93143297380583,2.330970724191059,115.30571699645071,1
609,15.76224961479196,1.9926040061633248,125.21797068007544,1
610,15.50847457627116,1.7952234206471462,136.4550969977308,1
611,15.170107858243426,1.6918335901386719,147.66756228632138,1
612,14.765947611710297,1.64483821263482,158.5790310405879,1
613,14.33359013867486,1.64483821263482,170.75837352967875,1
614,13.901232665639421,1.701232665639442,3.130102012626148,1
615,13.478274268104752,1.8234206471494574,15.52057263765598,1
616,13.083513097072395,2.0208012326656357,28.580316000083993,1
617,12.735747303543892,2.293374422187978,41.46041864378986,1
618,12.453775038520778,2.641140215716482,54.73099801927442,1
619,12.265793528505373,3.035901386748839,67.83794259398546,1
620,12.19060092449921,3.4776579352850474,81.34567753524244,1
621,12.246995377503833,3.938212634822798,95.6677172839287,1
622,12.444375963020011,4.389368258859776,111.39791658869092,1
623,12.763944530046205,4.793528505392904,127.94741155852125,1
624,13.18690292758087,5.141294298921409,144.75637805565745,1
625,13.685053929121702,5.385670261941439,159.68281975025428,1
626,14.220801232665616,5.507858243451454,172.8550066836791,1
627,14.765947611710297,5.507858243451454,4.042499986389668,1
628,15.329892141756522,5.40446841294298,12.779554634904727,1
629,15.865639445300435,5.216486902927572,19.628642847681586,1
630,16.41078582434512,4.9533127889060005,24.645387221375866,1
631,16.96533127889057,4.661941448382118,28.6035158822448,1
632,17.529275808936795,4.323574730354384,33.34202383954246,1
633,18.06502311248071,3.947611710323568,38.329440612522255,1
634,18.563174114021542,3.5246533127889004,44.843580007518554,1
635,18.967334360554666,3.1016949152542326,54.59278140698382,1
636,19.305701078582402,2.7633281972264974,61.023575498288885,1
637,19.615870570107823,2.5001540832049267,62.528524881854835,1
638,19.93543913713402,2.2839753466872073,59.778377784852836,1
639,20.273805855161754,2.142989214175651,53.53848851085236,1
640,20.67796610169488,2.0208012326656357,42.395291907628156,1
641,21.129121725731856,1.8140215716486872,33.60514234307128,1
642,21.57087827426807,1.5696456086286568,27.799504912531592,1
643,21.9750385208012,1.3722650231124782,22.843506818658483,1
644,22.379198767334323,1.2218798151001518,16.776783651679633,1
645,22.755161787365136,1.127889060092448,11.764341872594489,1
646,23.102927580893645,1.0808936825885958,8.152494636165487,1
647,23.441294298921378,1.0714946070878255,6.56127876007577,1
648,23.76086286594757,1.0432973805855144,7.691036488347553,1
649,24.061633281972224,1.0151001540832032,8.157112488338065,1
650,24.37180277349765,1.0057010785824327,9.02115785798273,1
651,24.691371340523837,1.0338983050847441,7.310353695111306,1
652,25.039137134052346,1.099691833590137,3.1284791705736,1
653,25.452696456086244,1.2030816640986113,178.29034918322532,1
654,25.941448382126303,1.315870570107856,174.92963042248724,1
655,26.467796610169444,1.4192604006163303,172.8603582334415,1
656,26.984745762711817,1.503852080123264,173.9184975857944,1
657,27.370107858243404,1.5978428351309681,173.60622293383187,1
658,27.65208012326652,1.7106317411402128,172.51623679595983,1
659,27.840061633281927,1.8422187981509985,172.804176993164,1
660,27.92465331278886,2.0020030816640952,170.64389904838563,1
661,27.962249614791936,2.189984591679503,165.70886326272696,1
662,28.075038520801183,2.415562403697993,161.0502961535626,1
663,28.197226502311203,2.659938366718023,156.3279035945311,1
664,28.300616332819676,2.9231124807395945,148.57316135389584,1
665,28.413405238828922,3.2144838212634768,140.07588027621168,1
666,28.544992295839705,3.543451463790441,131.72972846715513,1
667,28.667180277349722,3.8724191063174045,123.89882286025662,1
668,28.789368258859735,4.2201848998459095,117.00509658847204,1
669,28.911556240369748,4.577349768875186,112.63715068159868,1
670,29.024345146378995,4.93451463790446,109.56270193762273,1
671,29.118335901386693,5.291679506933735,107.3911117790691,1
672,29.193528505392862,5.658243451463781,105.34257935521754,1
673,29.268721109399024,6.015408320493056,103.00047630903101,1
674,29.33451463790442,6.372573189522331,101.27374769697262,1
675,29.390909090909037,6.720338983050835,99.02385640090782,1
676,29.428505392912122,7.05870570107857,96.94119209193944,1
677,29.484899845916743,7.397072419106306,95.36754451665665,1
678,29.522496147919828,7.73543913713404,94.49246135366111,1
679,29.531895223420598,8.092604006163315,92.38042236502596,1
680,29.55069337442214,8.477966101694902,92.59012015419555,1
681,29.560092449922912,8.853929121725717,93.08367325721106,1
682,29.541294298921365,9.220493066255761,93.65520179779543,1
683,29.522496147919828,9.596456086286578,94.47384614674672,1
684,29.541294298921365,9.972419106317394,95.94903257745486,1
685,29.541294298921372,10.338983050847439,96.55772255831847,1
686,29.55069337442214,10.743143297380566,95.9181082705834,1
687,29.57889060092445,11.194298921417545,95.00684557871969,1
688,29.607087827426756,11.692449922958378,94.81543917774043,1
689,29.59768875192599,12.20939907550075,95.35561454004461,1
690,29.588289676425223,12.782742681047745,95.35888421813512,1
691,29.56949152542368,13.42187981510013,95.6765788673667,1
692,29.55069337442214,14.10801232665637,95.2588507013953,1
693,29.55069337442214,14.822342064714922,95.38330607794877,1
694,29.560092449922912,15.51787365177193,95.83162213795492,1
695,29.57889060092445,16.15701078582432,94.72968879128203,1
696,29.60708782742676,16.720955315870544,94.80597828475558,1
697,29.644684129429844,17.228505392912147,96.14117294063145,1
698,29.65408320493061,17.670261941448352,95.70490444314594,1
699,29.682280431432922,18.093220338983024,95.08828764047668,1
700,29.719876733436006,18.497380585516147,95.31011965255372,1
701,29.766872110939858,18.892141756548504,95.07879417135206,1
702,29.79506933744217,19.258705701078547,95.05703953410591,1
703,29.82326656394448,19.615870570107823,94.83547519798611,1
704,29.82326656394448,19.9730354391371,93.79410036794164,1
705,29.813867488443712,20.35839753466869,93.90081548812037,1
706,29.813867488443712,20.762557781201814,95.32110529619247,1
707,29.79506933744217,21.16671802773494,95.6228565939402,1
708,29.785670261941398,21.58027734976884,97.04758512382338,1
709,29.81386748844371,21.993836671802732,99.04335611947312,1
710,29.851463790446793,22.38859784283509,100.5002233473886,1
711,29.86086286594756,22.745762711864366,100.24857355263032,1
712,29.88906009244987,23.102927580893642,101.40645858987125,1
713,29.91725731895218,23.431895223420607,101.31604234450634,1
714,29.936055469953725,23.751463790446802,100.40078015312818,1
715,29.945454545454492,24.089830508474538,100.07512581040599,1
716,29.964252696456036,24.44699537750381,99.73060280355132,1
717,29.983050847457577,24.794761171032313,99.42893756159133,1
718,30.001848998459117,25.142526964560822,99.35606634945297,1
719,30.02064714946066,25.499691833590095,100.39758356448144,1
720,30.039445300462198,25.819260400616287,99.99059800343709,1
721,30.067642526964512,26.12942989214171,100.23342496047138,1
722,30.095839753466816,26.430200308166366,100.0141573314818,1
723,30.1334360554699,26.740369799691784,99.53217217206965,1
724,30.171032357472985,27.050539291217213,98.85444059633296,1
725,30.18983050847452,27.360708782742638,98.19213813767205,1
726,30.180431432973755,27.68027734976883,97.00105829548916,1
727,30.16163328197221,27.99984591679502,95.88491812144296,1
728,30.142835130970674,28.347611710323527,96.9069201735594,1
729,30.11463790446836,28.601386748844323,96.93151669820762,1
730,30.1334360554699,28.826964560862812,98.4337202589253,1
731,30.18043143297375,28.977349768875136,100.42665908435812,1
732,30.208628659476062,29.080739599383616,101.42171033041421,1
733,30.218027734976836,29.080739599383616,101.34602342050839,1
734,30.23682588597838,29.108936825885927,101.59913438044816,1
735,30.20862865947607,29.090138674884383,101.07811095623958,1
736,30.199229583975296,29.09953775038516,100.22802306432108,1
737,30.18983050847452,29.071340523882846,99.18255333232473,1
738,30.199229583975296,29.071340523882846,97.77658527073625,1
739,30.236825885978373,29.052542372881305,97.77275479085613,1
740,30.28382126348223,29.071340523882846,97.4905755697686,1
741,30.302619414483775,29.061941448382072,97.3730355301965,1
742,30.321417565485312,29.07134052388284,97.85209946232686,1
743,30.340215716486853,29.071340523882846,99.34091974865896,1
744,30.312018489984542,29.090138674884383,99.69270568919586,1
745,30.293220338982998,29.108936825885923,100.70367275654151,1
746,30.255624036979917,29.127734976887467,101.75543886072813,1
747,30.227426810477606,29.146533127889008,102.81856339576018,1
748,30.180431432973755,29.17473035439132,102.82167111411722,1
749,30.11463790446836,29.174730354391322,101.95742265789848,1
750,30.067642526964512,29.16533127889055,102.58580500348792,1
751,30.039445300462198,29.174730354391322,103.07817846293904,1
752,30.011248073959887,29.193528505392862,104.3405140175299,1
753,29.983050847457577,29.193528505392862,105.69240901327011,1
754,29.964252696456036,29.212326656394403,108.11155218270687,1
755,29.907858243451415,29.240523882896714,109.5666655075998,1
756,29.851463790446793,29.249922958397484,111.48682421299249,1
757,29.81386748844371,29.25932203389825,112.35649907388716,1
758,29.7856702619414,29.268721109399024,113.23886911568658,1
759,29.77627118644063,29.278120184899795,114.04335228763765,1
760,29.785670261941398,29.278120184899795,114.29793385340366,1
761,29.79506933744217,29.287519260400565,113.92927400430949,1
762,29.79506933744217,29.296918335901335,114.15942961105468,1
763,29.79506933744217,29.296918335901335,114.10183762240095,1
764,29.804468412942935,29.296918335901335,113.63239763768867,1
765,29.81386748844371,29.296918335901335,113.49346652080938,1
766,29.82326656394448,29.287519260400565,113.66343639518377,1
767,29.832665639445246,29.278120184899795,113.45819545844745,1
768,29.84206471494602,29.278120184899795,113.6168256744974,1
769,29.84206471494602,29.278120184899795,114.27036823864763,1
770,29.84206471494602,29.278120184899795,114.17507127111809,1
771,29.832665639445246,29.278120184899795,113.80731155306322,1
772,29.82326656394448,29.278120184899795,114.32226603593185,1
773,29.81386748844371,29.278120184899795,114.70420171634971,1
774,29.804468412942935,29.278120184899795,114.99930657169612,1
775,29.785670261941398,29.278120184899795,115.28652864635313,1
776,29.77627118644063,29.278120184899795,116.14358662010292,1
777,29.75747303543909,29.278120184899795,116.91265390744351,1
778,29.75747303543909,29.278120184899795,117.00930845692247,1
779,29.75747303543909,29.268721109399024,116.23314428182255,1
780,29.776271186440624,29.249922958397484,115.58556815977957,1
781,29.804468412942935,29.23112480739594,114.21728223967199,1
782,29.832665639445246,29.202927580893636,112.43097832694275,1
783,29.832665639445246,29.16533127889055,111.09068590099638,1
784,29.832665639445246,29.137134052388234,110.23776084913072,1
785,29.79506933744217,29.080739599383616,109.85858583162467,1
786,29.738674884437547,29.024345146378995,109.80203860307518,1
787,29.682280431432922,28.96795069337437,109.52262722199202,1
788,29.616486902927527,28.920955315870522,108.97644221741469,1
789,29.541294298921365,28.87395993836667,109.2996894383686,1
790,29.484899845916743,28.84576271186436,107.81869568511011,1
791,29.428505392912122,28.7987673343605,106.05445307170159,1
792,29.372110939907497,28.75177195685665,104.19851328527794,1
793,29.33451463790442,28.704776579352803,103.45869297972935,1
794,29.296918335901335,28.62958397534664,100.66888484030378,1
795,29.25932203389825,28.573189522342016,98.73188878486559,1
796,29.23112480739594,28.53559322033893,97.3885241091369,1
797,29.18412942989209,28.49799691833585,96.27910395255527,1
798,29.13713405238824,28.469799691833536,94.84531689872615,1
799,29.090138674884383,28.47919876733431,94.6079056092352,1
800,29.052542372881305,28.488597842835084,95.8596880782108,1
801,28.996147919876684,28.49799691833585,96.1337281701609,1
802,28.96795069337437,28.516795069337395,96.7891469397335,1
803,28.939753466872066,28.526194144838165,96.88880294857216,1
804,28.911556240369748,28.516795069337395,98.17664619056319,1
805,28.88335901386744,28.50739599383662,98.26780557072875,1
806,28.864560862865897,28.488597842835084,99.09184500615629,1
807,28.84576271186436,28.46040061633277,99.51943684744292,1
808,28.82696456086282,28.441602465331226,100.78483539934577,1
809,28.808166409861276,28.441602465331226,101.15253442884216,1
810,28.77996918335897,28.441602465331226,101.56310081903874,1
811,28.742372881355884,28.451001540832,102.7821171372443,1
812,28.714175654853573,28.488597842835084,103.12602940803694,1
813,28.685978428351255,28.563790446841246,104.81098941541813,1
814,28.66718027734972,28.62958397534664,106.5048636815207,1
815,28.648382126348178,28.685978428351262,108.7694326061467,1
816,28.648382126348178,28.742372881355884,110.0793387326199,0
817,28.638983050847408,28.77996918335897,112.36445616900161,0
818,28.62958397534664,28.770570107858198,112.77141487339469,0
819,28.620184899845867,28.761171032357424,112.95844268798827,0
820,28.620184899845867,28.761171032357424,112.95844268798827,0
821,28.620184899845867,28.761171032357424,112.95844268798827,0
822,28.620184899845867,28.761171032357424,112.95844268798827,0
823,28.620184899845867,28.761171032357424,112.95844268798827,0
824,28.620184899845867,28.761171032357424,112.95844268798827,0
825,28.620184899845867,28.761171032357424,112.95844268798827,0
826,28.620184899845867,28.761171032357424,112.95844268798827,0
827,28.620184899845867,28.761171032357424,112.95844268798827,0
828,28.620184899845867,28.761171032357424,112.95844268798827,0
829,28.620184899845867,28.761171032357424,112.95844268798827,0
830,28.620184899845867,28.761171032357424,112.95844268798827,0
831,28.620184899845867,28.761171032357424,112.95844268798827,0
832,28.620184899845867,28.761171032357424,112.95844268798827,0
833,28.620184899845867,28.761171032357424,112.95844268798827,0
834,28.620184899845867,28.761171032357424,112.95844268798827,0
835,28.620184899845867,28.761171032357424,112.95844268798827,0
836,28.620184899845867,28.761171032357424,112.95844268798827,0
837,28.620184899845867,28.761171032357424,112.95844268798827,0
838,28.620184899845867,28.761171032357424,112.95844268798827,0
839,28.620184899845867,28.761171032357424,112.95844268798827,0
840,28.620184899845867,28.761171032357424,112.95844268798827,0
841,28.620184899845867,28.761171032357424,112.95844268798827,0
842,28.620184899845867,28.761171032357424,112.95844268798827,0
843,28.620184899845867,28.761171032357424,112.95844268798827,0
844,28.620184899845867,28.761171032357424,112.95844268798827,0
845,28.620184899845867,28.761171032357424,112.95844268798827,0
846,28.620184899845867,28.761171032357424,112.95844268798827,0
847,28.620184899845867,28.761171032357424,112.95844268798827,0
848,28.62958397534664,28.69537750385203,106.48744820339633,1
849,28.732973805855114,28.93975346687206,107.62331531807578,1
850,28.836363636363586,29.18412942989209,108.78524520793151,0
851,28.93975346687206,29.428505392912122,109.97020059743825,0
852,29.04314329738054,29.67288135593215,111.1747093117721,0
853,29.13713405238824,29.983050847457577,118.09046936035155,0
854,29.13713405238824,29.983050847457577,118.09046936035155,0
855,29.06194144838208,29.785670261941398,114.58140279025818,1
856,28.96795069337437,29.60708782742676,114.21142841254597,1
857,28.88335901386744,29.447303543913666,112.63141955936604,1
858,28.79876733436051,29.315716486902875,112.62011257582267,1
859,28.714175654853573,29.14653312788901,110.74569337029591,1
860,28.723574730354347,29.193528505392862,112.56906674351374,1
861,28.751771956856658,29.202927580893636,109.95135686230716,1
862,28.751771956856658,29.18412942989209,110.13317835887531,1
863,28.761171032357424,29.16533127889055,108.77054656450576,1
864,28.761171032357424,29.16533127889055,108.2927211436362,1
865,28.75177195685665,29.14653312788901,107.6397259541885,1
866,28.732973805855114,29.155932203389778,108.40743055668335,1
867,28.732973805855114,29.202927580893636,109.83298662680816,1
868,28.714175654853573,29.20292758089363,110.95509329338122,1
869,28.695377503852036,29.23112480739594,113.30240403038239,1
870,28.65778120184895,29.259322033898258,116.23015230503992,1
871,28.63898305084741,29.287519260400565,118.73532471595286,1
872,28.620184899845867,29.278120184899798,118.85537534678258,1
873,28.6107858243451,29.278120184899798,119.04507277852835,1
874,28.63898305084741,29.278120184899798,119.2515846239327,1
875,28.67657935285049,29.278120184899798,118.972078335558,0
876,28.911556240369748,28.958551617873603,120.40076465360394,1
877,29.18412942989209,28.75177195685665,116.35030587970806,1
878,29.456702619414433,28.516795069337395,110.65310061929766,1
879,29.710477657935236,28.319414483821213,103.05349430906345,1
880,29.945454545454492,28.169029275808885,94.70342822397531,1
881,29.973651771956803,28.394607087827374,86.90966111918051,1
882,29.954853620955266,28.516795069337388,83.10263345864944,1
883,29.907858243451415,28.72357473035434,80.21480593279114,1
884,29.81386748844371,28.90215716486898,76.75157795855725,1
885,29.691679506933696,29.099537750385156,72.70764788388837,1
886,29.531895223420598,29.249922958397484,68.04611698100558,1
887,29.343913713405193,29.40970724191058,62.755722758291064,1
888,29.04314329738054,29.6258859784283,60.39253769598148,1
889,28.808166409861276,29.77627118644063,58.30675958221778,1
890,28.6107858243451,29.860862865947563,53.70128474835485,1
891,28.404006163328148,29.954853620955266,50.33839086713076,1
892,28.20662557781197,30.030046224961428,47.10244699805652,1
893,28.103235747303493,30.030046224961428,41.37361429147846,1
894,27.92465331278886,30.105238828967593,34.79644482743879,1
895,27.70847457627114,30.199229583975296,32.29750824847878,1
896,27.48289676425265,30.265023112480684,26.22159567438025,1
897,27.229121725731847,30.387211093990704,20.945440694186637,1
898,26.937750385207966,30.49999999999995,15.882001017120054,1
899,26.627580893682545,30.584591679506882,11.73254560111234,1
900,26.29861325115558,30.650385208012278,8.072590817781123,1
901,25.969645608628618,30.71617873651767,6.97042267916586,1
902,25.640677966101652,30.74437596301998,6.467420189264968,1
903,25.35870570107854,30.734976887519206,5.471735627334304,1
904,25.086132511556197,30.72557781201844,7.1655834500981905,1
905,24.832357473035398,30.71617873651767,7.07368582377928,1
906,24.559784283513057,30.687981510015355,6.190944100995645,1
907,24.277812018489943,30.650385208012274,6.486102918073745,1
908,23.97704160246529,30.62218798150996,8.02634594957177,1
909,23.657473035439097,30.584591679506882,8.640005341120075,1
910,23.319106317411364,30.546995377503798,10.019843415664967,1
911,22.9901386748844,30.52819722650226,12.77538271017047,1
912,22.661171032357434,30.509399075500717,14.392359978034952,1
913,22.351001540832012,30.443605546995325,11.154523365934285,1
914,22.05023112480736,30.37781201848993,8.841889485348132,1
915,21.768258859784243,30.312018489984542,8.064411323007093,1
916,21.476887519260366,30.293220338983,8.617248837844231,1
917,21.213713405238792,30.274422187981465,9.321231842965295,1
918,20.931741140215678,30.321417565485312,14.566810712737233,1
919,20.687365177195648,30.368412942989163,18.014663175795093,1
920,20.43359013867485,30.396610169491474,18.45849144410473,1
921,20.19861325115559,30.39661016949147,17.59880121265279,1
922,19.96363636363633,30.40600924499224,16.969646595168143,1
923,19.73805855161784,30.32141756548531,11.82375982720885,1
924,19.48428351309704,30.171032357472985,3.6407617929277096,1
925,19.2117103235747,29.964252696456036,173.62234204398146,1
926,18.920338983050815,29.65408320493061,158.76592857583003,1
927,18.591371340523853,29.278120184899798,146.3154162179001,1
928,18.224807395993807,28.920955315870522,138.29611814235386,1
929,17.83004622496145,28.582588597842783,134.38951861542333,1
930,17.435285053929093,28.272419106317365,135.38679522217836,1
931,17.021725731895195,28.01864406779656,142.0744387328468,1
932,16.598767334360524,27.811864406779613,149.9209246713101,1
933,16.18520801232663,27.661479198767285,158.9879698920745,1
934,15.771648690292732,27.57688751926035,168.08718068676023,1
935,15.339291217257292,27.548690292758046,176.5440019952913,1
936,14.935130970724165,27.586286594761123,5.344789630656538,1
937,14.549768875192578,27.689676425269596,15.26077757622352,1
938,14.183204930662532,27.877657935285004,27.90156206908846,1
939,13.86363636363634,28.131432973805808,42.79506231898279,1
940,13.591063174113998,28.488597842835084,57.41313132939588,1
941,13.346687211093968,28.779969183358965,67.16437606530417,1
942,13.111710323574709,29.014946070878228,71.7398888345215,1
943,12.886132511556218,29.221725731895173,72.82134430715813,1
944,12.64175654853619,29.38151001540827,68.90440702142597,1
945,12.397380585516157,29.428505392912122,63.517373772810416,1
946,12.134206471494586,29.541294298921365,58.63563026013093,1
947,11.861633281972246,29.663482280431378,52.92503407231563,1
948,11.589060092449904,29.757473035439084,47.46270145224146,1
949,11.307087827426791,29.84206471494602,43.25298681120883,1
950,11.00631741140214,29.926656394452955,39.072646264384595,1
951,10.686748844375945,30.001848998459117,36.401535872925095,1
952,10.38597842835129,30.05824345146374,34.05414708604402,1
953,10.057010785824328,30.11463790446836,32.324611449022875,1
954,9.728043143297363,30.152234206471444,30.695239747015947,1
955,9.3990755007704,30.199229583975296,28.330317053237618,1
956,9.060708782742665,30.23682588597838,25.89370007279701,1
957,8.703543913713391,30.293220338983,26.21814249821237,1
958,8.355778120184885,30.33081664098608,25.937469960482527,1
959,8.008012326656381,30.368412942989163,25.155571341037227,1
960,7.650847457627106,30.40600924499224,25.72556799478826,1
961,7.29368258859783,30.42480739599379,25.561407233976897,1
962,6.936517719568556,30.443605546995325,25.11503303962766,1
963,6.5605546995377395,30.471802773497636,24.173760807692606,1
964,6.184591679506923,30.49999999999995,24.326688591621433,1
965,5.836825885978419,30.490600924499176,22.300647406030993,1
966,5.507858243451454,30.490600924499176,20.837300247739606,1
967,5.160092449922949,30.50939907550072,20.354170851285684,1
968,4.840523882896756,30.49999999999995,18.910553255624606,1
969,4.511556240369792,30.49999999999995,17.096546662398946,1
970,4.163790446841287,30.52819722650226,16.726917561766694,1
971,3.834822804314323,30.50939907550072,15.43102102778292,1
972,3.5340523882896706,30.46240369799687,11.055395551741762,1
973,3.28967642526964,30.41540832049302,8.476248496370678,1
974,3.120493066255773,30.349614791987626,5.584473228230909,1
975,3.017103235747298,30.28382126348223,2.1895362405035717,1
976,2.9513097072419057,30.24622496147915,179.1794542311488,1
977,2.9231124807395945,30.20862865947607,178.1895792626144,1
978,2.8855161787365127,30.180431432973755,174.0303985878758,1
979,2.8291217257318904,30.142835130970674,168.55192509140593,1
980,2.744530046224957,30.077041602465282,162.2193516368251,1
981,2.650539291217253,30.001848998459117,152.84819607803166,1
982,2.5283513097072374,29.86086286594756,142.98314250261743,1
983,2.3873651771956816,29.67288135593215,133.869954027222,1
984,2.255778120184896,29.447303543913666,124.45029002009028,1
985,2.1053929121725696,29.193528505392862,116.68775707306685,1
986,1.9268104776579318,28.90215716486898,112.85030045548207,1
987,1.7670261941448353,28.620184899845867,107.68584576074863,1
988,1.626040061633279,28.319414483821213,103.68539348693113,1
989,1.4474576271186415,28.009244992295795,101.92134078404676,1
990,1.2970724191063152,27.70847457627114,98.87083007733881,1
991,1.1748844375963001,27.40770416024649,94.12765599577735,1
992,1.062095531587055,27.078736517719523,92.0033734106256,1
993,0.9493066255778103,26.75916795069333,89.94630540377901,1
994,0.892912172573188,26.448998459167903,87.58738939487185,1
995,0.8647149460708767,26.12003081664094,86.74727488854514,1
996,0.8553158705701065,25.781664098613202,86.35879917526519,1
997,0.8553158705701064,25.462095531587014,85.50446932484158,1
998,0.8553158705701065,25.13312788906005,85.04053200717262,1
999,0.8271186440677951,24.804160246533087,85.38191690452113,1
1000,0.8177195685670249,24.47519260400612,84.49206174589342,1
1001,0.8365177195685657,24.146224961479156,82.45615755287223,1
1002,0.8741140215716472,23.807858243451424,80.05085730776786,1
1003,0.9493066255778103,23.460092449922918,79.6628210602966,1
1004,1.0432973805855144,23.07473035439133,78.6626968359913,1
1005,1.1184899845916776,22.661171032357434,78.29998835698908,1
1006,1.1654853620955297,22.228813559322,79.60002726101796,1
1007,1.1842835130970706,21.787057010785787,81.86655289552289,1
1008,1.1654853620955297,21.33590138674881,84.05998392232526,1
1009,1.1184899845916776,20.90354391371337,86.9858542032493,1
1010,1.1090909090909071,20.508782742681014,88.42163939689935,1
1011,1.1372881355932183,20.123420647149423,87.93922565225193,1
1012,1.2218798151001518,19.75685670261938,85.2304981766135,1
1013,1.3440677966101673,19.409090909090878,81.45405745473438,1
1014,1.503852080123264,19.051926040061602,78.00235470304747,1
1015,1.626040061633279,18.65716486902925,76.75922968124839,1
1016,1.7106317411402128,18.234206471494577,78.3570871341288,1
1017,1.7388289676425241,17.7830508474576,81.98817596096582,1
1018,1.7012326656394425,17.313097072419076,86.6250795326877,1
1019,1.6166409861325088,16.833744221879787,91.9415032553887,1
1020,1.5414483821263456,16.363790446841268,95.32053753754235,1
1021,1.4944530046224938,15.893836671802745,96.89141180978389,1
1022,1.4756548536209526,15.442681047765769,96.98750755696652,1
1023,1.4756548536209526,15.01032357473033,95.93269971610482,1
1024,1.4850539291217233,14.606163328197201,95.68532803237309,1
1025,1.4568567026194121,14.220801232665616,97.69881381399485,1
1026,1.4286594761171008,13.873035439137109,97.66638265720674,1
1027,1.4004622496147896,13.515870570107836,98.07203676704671,1
1028,1.381664098613249,13.16810477657933,97.9375889342874,1
1029,1.362865947611708,12.820338983050826,97.6407383704045,1
1030,1.3346687211093968,12.46317411402155,97.8451929950694,1
1031,1.2876733436055448,12.077812018489963,98.48754074359131,1
1032,1.2124807395993815,11.692449922958378,99.86480488093855,1
1033,1.127889060092448,11.316486902927561,102.06475369670805,1
1034,1.0808936825885962,10.912326656394434,101.07414479041245,1
1035,1.0526964560862848,10.498767334360538,99.76499612865997,1
1036,1.0151001540832032,10.122804314329722,100.67909889859635,1
1037,1.0057010785824327,9.765639445300446,99.22879992517343,1
1038,1.015100154083203,9.38967642526963,96.77000197683937,1
1039,0.9963020030816623,9.041910631741125,96.69400188422838,1
1040,0.9493066255778103,8.694144838212619,97.12349200888235,1
1041,0.921109399075499,8.318181818181804,96.44104088693697,1
1042,0.8647149460708767,7.9422187981509875,97.7468059191508,1
1043,0.8083204930662544,7.566255778120171,98.66296337439996,1
1044,0.7613251155624025,7.180893682588585,98.46483654591198,1
1045,0.7331278890600912,6.823728813559311,97.17691041346463,1
1046,0.6673343605546984,6.485362095531576,96.22294121059147,1
1047,0.610939907550076,6.165793528505382,95.30560429678157,1
1048,0.5451463790446832,5.8744221879815,93.7983378637881,1
1049,0.49815100154083114,5.592449922958389,93.35818543134516,1
1050,0.46995377503852,5.310477657935276,91.75451241151872,1
1051,0.46995377503852,5.037904468412934,91.61375830725451,1
1052,0.46995377503852004,4.765331278890593,91.70680938825598,1
1053,0.4887519260400607,4.483359013867481,92.16608675826801,1
1054,0.5075500770416015,4.2201848998459095,92.27201706114779,1
1055,0.5451463790446832,3.9758089368258793,93.03085834793889,1
1056,0.6297380585516168,3.7502311248073896,91.43902188031659,1
1057,0.751926040061632,3.505855161787359,89.06986116786175,1
1058,0.8835130970724177,3.2614791987673284,88.48228942273649,1
1059,1.0057010785824327,3.007704160246528,87.31193861979168,1
1060,1.1090909090909071,2.81032357473035,85.93299710062747,1
1061,1.1560862865947592,2.659938366718023,86.89038759267467,1
1062,1.1654853620955294,2.5659476117103193,88.75189186090036,1
1063,1.1466872110939887,2.5283513097072374,89.83570762998035,1
1064,1.1090909090909071,2.528351309707238,91.02469460028227,1
1065,1.0526964560862848,2.5001540832049267,94.82387441153811,1
1066,1.0057010785824327,2.4531587057010746,98.96215244479698,1
1067,0.9681047765793511,2.4061633281972226,102.75665138225442,1
1068,0.9399075500770401,2.35916795069337,105.54131097170739,1
1069,0.9305084745762695,2.330970724191059,108.79120372752126,1
1070,0.9587057010785808,2.3215716486902886,109.55512684516489,1
1071,0.986902927580892,2.302773497688748,110.06273375187385,1
1072,1.0244992295839737,2.3121725731895184,110.73552171037376,1
1073,1.0902927580893664,2.3215716486902886,109.93521480085597,1
1074,1.1372881355932185,2.3121725731895184,111.4970251186722,1
1075,1.1748844375963,2.2933744221879775,113.80293038208583,1
1076,1.2312788906009224,2.302773497688748,114.39434920315301,1
1077,1.2782742681047745,2.274576271186437,114.96155550536193,1
1078,1.2970724191063152,2.236979969183355,119.28387016756524,1
1079,1.3534668721109377,2.208782742681044,119.65858484250029,1
1080,1.3816640986132487,2.180585516178733,120.99278480513445,1
1081,1.3722650231124784,2.1335901386748803,123.96684609364574,1
1082,1.3722650231124782,2.11479198767334,126.52104143758811,1
1083,1.3816640986132487,2.1053929121725696,127.54507565197873,1
1084,1.381664098613249,2.095993836671799,129.2459570618779,1
1085,1.3910631741140191,2.0771956856702585,129.65252701024087,1
1086,1.428659476117101,2.0583975346687176,130.09048983059085,1
1087,1.4662557781201824,2.030200308166406,130.3230009552039,1
1088,1.5132511556240344,2.0114021571648655,130.83911806954973,1
1089,1.550847457627116,2.0020030816640952,131.1566458301909,1
1090,1.6072419106317384,2.0020030816640952,130.8705808146523,1
1091,1.626040061633279,2.0020030816640952,130.91953580439633,1
1092,1.663636363636361,2.0020030816640952,131.56734543729237,1
1093,1.6824345146379016,1.973805855161784,132.43090647886766,1
1094,1.6918335901386719,1.9174114021571615,133.67527394934936,1
1095,1.7294298921417535,1.8516178736517688,138.25551653062038,1
1096,1.8328197226502279,1.757627118644065,143.6547429145976,1
1097,1.8986132511556206,1.6542372881355907,149.8551275942507,1
1098,1.973805855161784,1.550847457627116,154.33868068502954,1
1099,2.048998459167947,1.485053929121723,159.00747481622392,1
1100,2.0771956856702585,1.4286594761171008,161.8583024097657,1
1101,2.0865947611710287,1.40986132511556,160.73681259269426,1
1102,2.086594761171029,1.4192604006163303,160.30990327646012,1
1103,2.067796610169488,1.4380585516178712,160.04935438280637,1
1104,2.0771956856702585,1.4756548536209528,159.07784263812712,1
1105,2.0959938366717994,1.5226502311248047,157.27218760214828,1
1106,2.12419106317411,1.5696456086286568,156.26320186259252,1
1107,2.142989214175651,1.64483821263482,157.79626195746758,1
1108,2.180585516178733,1.7388289676425237,160.46377422354942,1
1109,2.199383667180274,1.8234206471494574,163.02935807255193,1
1110,2.1993836671802733,1.8892141756548504,164.17315334412132,1
1111,2.133590138674881,1.9456086286594725,166.03320868850253,1
1112,2.11479198767334,1.9550077041602432,161.88908779126663,1
1113,2.0677966101694882,1.9362095531587022,157.2360116289095,1
1114,1.9832049306625543,1.8798151001540802,153.64964432616608,1
1115,1.9362095531587022,1.8140215716486872,150.3740203799125,1
1116,1.9174114021571615,1.7670261941448353,147.38907555336982,1
1117,1.898613251155621,1.7200308166409832,149.25227004602385,1
1118,1.926810477657932,1.6918335901386719,150.693374450394,1
1119,1.9644067796610134,1.6730354391371314,151.02511915161526,1
1120,1.9644067796610138,1.6542372881355907,153.13206908295086,1
1121,2.0020030816640952,1.64483821263482,155.0208948026078,1
1122,2.0208012326656357,1.6354391371340498,153.1306741503357,1
1123,1.9644067796610134,1.6166409861325088,152.16714650712024,1
1124,1.973805855161784,1.6072419106317384,151.87129727385516,1
1125,2.0208012326656357,1.6072419106317384,151.2004712288897,1
1126,2.0395993836671766,1.5978428351309681,152.2925168145708,1
1127,2.086594761171029,1.5884437596301975,153.53444631468227,1
1128,2.1523882896764213,1.5884437596301975,155.68494616774046,1
1129,2.2181818181818143,1.5978428351309681,156.71452051823087,1
1130,2.255778120184896,1.6072419106317384,156.1503922865383,1
1131,2.2839753466872073,1.626040061633279,154.35518303266005,1
1132,2.2651771956856663,1.663636363636361,154.40699681463826,1
1133,2.3121725731895184,1.720030816640983,152.91689561759725,1
1134,2.3403697996918296,1.7764252696456055,150.11098271663417,1
1135,2.35916795069337,1.8610169491525395,148.95270451127328,1
1136,2.3309707241910593,1.8892141756548504,147.0418700608176,1
1137,2.3873651771956816,1.945608628659473,141.8739379558744,1
1138,2.396764252696452,1.973805855161784,137.59184385518122,1
1139,2.3967642526964523,1.9644067796610138,136.65377696371837,1
1140,2.4061633281972226,1.8986132511556206,135.39965574973294,1
1141,2.490755007704156,1.8516178736517688,137.34065333824992,1
1142,2.5659476117103193,1.804622496147917,141.3973183365278,1
1143,2.6599383667180234,1.7764252696456055,149.22337496019688,1
1144,2.735130970724186,1.785824345146376,149.14732212029338,1
1145,2.8009244992295796,1.8234206471494576,147.89157629122178,1
1146,2.7821263482280383,1.8422187981509985,145.39326545311098,1
1147,2.7445300462249564,1.8234206471494574,143.80060012451335,1
1148,2.753929121725727,1.804622496147917,135.91751339834275,1
1149,2.791525423728809,1.7670261941448353,137.24959031294506,1
1150,2.847919876733431,1.7388289676425241,139.38910646880453,1
1151,2.8949152542372834,1.7294298921417535,140.27615533684192,1
1152,2.8949152542372834,1.7200308166409832,140.2621648657674,1
1153,2.8855161787365127,1.7294298921417535,140.59420876849967,1
1154,2.8667180277349718,1.7294298921417535,139.11292970354802,1
1155,2.8573189522342015,1.7200308166409832,135.60794195734684,1
1156,2.9231124807395945,1.7388289676425241,132.28345969187384,1
1157,3.007704160246528,1.7670261941448353,128.5684017061528,1
1158,3.082896764252691,1.7952234206471462,128.3847038949051,1
1159,3.0640986132511503,1.8892141756548504,133.39146800892385,1
1160,3.035901386748839,2.0302003081664064,146.14085700574515,1
1161,2.960708782742676,2.189984591679503,159.73007284523385,1
1162,2.8385208012326606,2.3215716486902886,171.33809916455533,1
1163,2.6599383667180234,2.4343605546995333,177.37111579897447,1
1164,2.5471494607087783,2.509553158705697,173.93224841388988,1
1165,2.443759630200304,2.5471494607087783,171.09930797694824,1
1166,2.415562403697993,2.594144838212631,171.00727036997384,1
1167,2.443759630200304,2.6693374422187937,171.72451713862696,1
1168,2.462557781201845,2.669337442218794,173.96904410868453,1
1169,2.603543913713401,2.603543913713401,173.1887336319823,1
1170,2.753929121725727,2.5001540832049267,164.94728590956115,1
1171,2.847919876733431,2.3309707241910593,116.8422537819647,1
1172,2.9419106317411354,2.12419106317411,109.18548745118257,1
1173,3.082896764252691,1.9550077041602432,108.499458139212,1
1174,3.120493066255773,1.8328197226502279,115.00445222270478,1
1175,3.1298921417565433,1.7576271186440646,116.30486948014068,1
1176,3.2050847457627065,1.7294298921417535,117.5268767185962,1
1177,3.252080123266558,1.8704160246533097,118.79157341506435,1
1178,3.2050847457627065,2.0771956856702585,111.83131829234195,1
1179,3.092295839753462,2.3215716486902886,18.02177753879306,1
1180,2.941910631741135,2.5659476117103193,11.604733247895407,1
1181,2.735130970724186,2.7821263482280383,9.151406269279079,1
1182,2.6223420647149416,2.7633281972264974,11.127818642890533,1
1183,2.547149460708778,2.7633281972264974,2.4863785401041443,1
1184,2.6223420647149416,2.443759630200304,174.98679281159613,1
1185,2.744530046224957,2.133590138674881,164.56126700295462,1
1186,2.81972265023112,1.7764252696456058,161.1475688120271,1
1187,2.8573189522342015,1.5226502311248047,152.90535246859022,1
1188,2.9889060092449875,1.2782742681047743,143.81497618841934,1
1189,3.035901386748839,1.3252696456086261,139.20713764478646,0
1190,3.082896764252691,1.3534668721109377,138.53264864509302,0
1191,3.252080123266558,1.4380585516178712,138.28809647695653,1
1192,3.3742681047765735,1.503852080123264,138.97582081906822,0
1193,3.440061633281966,1.503852080123264,144.85082407839272,0
1194,3.505855161787359,1.503852080123264,150.4909751068107,0
1195,3.571648690292752,1.503852080123264,155.526123046875,0
1196,3.571648690292752,1.503852080123264,155.526123046875,0
1197,3.571648690292752,1.503852080123264,155.526123046875,0
1198,2.9983050847457577,1.4286594761171005,159.35896100175634,1
1199,2.424961479198763,1.3534668721109377,163.4274819281279,0
1200,1.8516178736517688,1.2782742681047743,167.5810935113252,0
1201,1.2782742681047743,1.2030816640986113,171.64961443769678,0
1202,1.127889060092448,1.5132511556240344,174.7677332972575,1
1203,1.362865947611708,1.8328197226502283,171.68467860220878,1
1204,1.785824345146376,2.208782742681044,171.37514262921817,1
1205,2.1523882896764213,2.57534668721109,171.81538341022468,1
1206,2.518952234206467,2.941910631741135,172.25790470098562,0
1207,2.462557781201845,2.9231124807395945,173.43859340709236,0
1208,2.594144838212631,2.9701078582434466,176.92685288103542,0
1209,2.537750385208008,2.960708782742676,177.66761779785156,0
1210,2.537750385208008,2.960708782742676,177.66761779785156,0
1211,2.537750385208008,2.960708782742676,177.66761779785156,0
1212,2.537750385208008,2.960708782742676,177.66761779785156,0
1213,2.537750385208008,2.960708782742676,177.66761779785156,0
1214,2.227580893682585,2.6693374422187937,173.07940309503232,1
1215,2.415562403697993,2.3685670261941407,169.80801141268282,1
1216,2.603543913713401,2.067796610169488,166.53822075480568,0
1217,2.791525423728809,1.7670261941448353,163.35300971336207,0
1218,2.979506933744217,1.4662557781201824,160.323149000516,0
1219,3.477657935285048,1.456856702619412,162.07177734375,0
1220,3.477657935285048,1.456856702619412,162.07177734375,0
1221,3.477657935285048,1.456856702619412,162.07177734375,0
1222,3.477657935285048,1.456856702619412,162.07177734375,0
1223,3.477657935285048,1.456856702619412,162.07177734375,0
1224,3.477657935285048,1.456856702619412,162.07177734375,0
1225,3.477657935285048,1.456856702619412,162.07177734375,0
1226,3.477657935285048,1.456856702619412,162.07177734375,0
1227,3.477657935285048,1.456856702619412,162.07177734375,0
1228,3.477657935285048,1.456856702619412,162.07177734375,0
1229,3.477657935285048,1.456856702619412,162.07177734375,0
1230,3.440061633281966,1.4380585516178712,162.18672725516566,1
1231,3.393066255778115,1.4004622496147896,162.0939004038296,1
1232,3.3084745762711805,1.3534668721109377,159.40710586488527,1
1233,3.082896764252691,1.2688751926040038,160.056610801111,1
1234,2.9795069337442164,1.221879815100152,158.82385501838107,1
1235,2.9795069337442164,1.2218798151001518,158.63559940856953,1
1236,2.988906009244987,1.240677966101693,158.65817019224414,0
1237,3.035901386748839,1.2688751926040038,161.29797236348153,0
1238,3.223882896764247,1.3346687211093968,160.58452555605774,0
1239,3.28967642526964,1.362865947611708,161.71871948242188,0
1240,3.28967642526964,1.362865947611708,161.71871948242188,0
1241,3.28967642526964,1.362865947611708,161.71871948242188,0
1242,3.28967642526964,1.362865947611708,161.71871948242188,0
1243,3.28967642526964,1.362865947611708,161.71871948242188,0
1244,2.744530046224957,1.315870570107856,164.20772734796267,1
1245,2.199383667180274,1.2688751926040038,166.7561864522943,0
1246,1.6542372881355907,1.221879815100152,169.32509711704162,0
1247,1.2312788906009224,1.4380585516178712,168.7669284162479,1
1248,0.7989214175654841,1.6730354391371314,167.37147184950044,1
1249,0.9963020030816624,1.9832049306625545,167.12897240568662,1
1250,1.221879815100152,2.3403697996918296,168.19747029762462,1
1251,1.4286594761171008,2.753929121725727,170.76666984375967,1
1252,1.4756548536209528,2.970107858243446,178.9923726954906,1
1253,1.5414483821263456,3.242681047765788,10.746056081312554,1
1254,1.5320493066255751,3.552850539291211,23.414941955287926,1
1255,1.4944530046224935,3.8818181818181747,38.506657322839615,1
1256,1.485053929121723,4.248382126348221,53.88526479579281,1
1257,1.532049306625575,4.633744221879807,68.3212196679246,1
1258,1.626040061633279,5.037904468412934,81.51449745846612,1
1259,1.7670261941448353,5.451463790446832,93.76817774907038,1
1260,2.0208012326656357,5.893220338983041,108.71501617772465,1
1261,2.3591679506933705,6.287981510015397,125.51196484779686,1
1262,2.7821263482280387,6.616949152542363,143.51186981181908,1
1263,3.252080123266558,6.851926040061622,160.52365160693398,1
1264,3.75963020030816,6.9929121725731775,174.59354760589628,1
1265,4.24838212634822,7.011710323574718,4.700519943999712,1
1266,4.7371340523882814,6.9459167950693255,11.960477669651471,1
1267,5.16949152542372,6.814329738058541,19.14552544671692,1
1268,5.564252696456077,6.607550077041592,26.73629509578151,1
1269,5.930816640986122,6.325577812018479,35.037565040927774,1
1270,6.250385208012316,5.987211093990745,44.80468290907837,1
1271,6.504160246533116,5.583050847457618,54.354166521448235,1
1272,6.757935285053918,5.113097072419098,61.656044026688164,1
1273,6.974114021571637,4.614946070878267,67.49773165132966,1
1274,7.152696456086275,4.107395993836665,72.35695990310293,1
1275,7.28428351309706,3.5998459167950636,77.50458826997003,1
1276,7.368875192603994,3.158089368258854,84.16079071852512,1
1277,7.350077041602452,2.791525423728809,94.64603296071184,1
1278,7.227889060092437,2.481355932203386,108.63828858490152,1
1279,6.9929121725731775,2.255778120184896,126.17032110595585,1
1280,6.663944530046213,2.1053929121725696,144.464634434158,1
1281,6.278582434514627,2.0020030816640952,160.99794288522673,1
1282,5.8650231124807295,1.9832049306625545,177.47591631837594,1
1283,5.4326656394452915,2.0959938366717994,15.714782109443032,1
1284,5.037904468412934,2.3215716486902886,34.6393056391867,1
1285,4.71833590138674,2.6505392912172527,51.692303849652085,1
1286,4.502157164869022,3.082896764252691,66.5745888497943,1
1287,4.426964560862858,3.5246533127889004,79.30667102523367,1
1288,4.511556240369792,3.947611710323568,92.49320438050447,1
1289,4.727734976887511,4.3517719568566955,105.69681368413713,1
1290,5.066101694915246,4.727734976887511,119.6334691230981,1
1291,5.479661016949143,5.028505392912164,134.11825863160186,1
1292,5.977812018489974,5.3010785824345055,149.74571241411314,1
1293,6.541756548536197,5.498459167950684,166.18507053733757,1
1294,7.1244992295839635,5.583050847457618,3.800666049457536,1
1295,7.669645608628646,5.545454545454536,21.12325771449317,1
1296,8.158397534668707,5.376271186440669,37.343934651706235,1
1297,8.534360554699523,5.094298921417557,51.15794004109176,1
1298,8.788135593220323,4.7371340523882814,62.28908304062418,1
1299,8.957318952234191,4.314175654853614,71.51014878078344,1
1300,9.051309707241895,3.8630200308166343,79.40853087648267,1
1301,9.060708782742665,3.4306625577811958,86.48147796683264,1
1302,8.994915254237274,3.026502311248069,96.0977727695873,1
1303,8.853929121725717,2.6505392912172527,108.35681421000525,1
1304,8.618952234206457,2.3403697996918296,123.73642653099566,1
1305,8.280585516178721,2.086594761171029,141.0440988382761,1
1306,7.857627118644055,1.898613251155621,157.14705322826006,1
1307,7.368875192603994,1.7764252696456058,171.38809419758607,1
1308,6.842526964560852,1.7294298921417535,4.08832728606253,1
1309,6.287981510015397,1.757627118644065,15.795161989831593,1
1310,5.761633281972256,1.8704160246533097,27.07725145124277,1
1311,5.291679506933735,2.0677966101694882,37.720822429726006,1
1312,4.896918335901378,2.35916795069337,46.79186372613843,1
1313,4.5679506933744145,2.735130970724186,54.48253919622342,1
1314,4.314175654853614,3.1956856702619363,60.88446063365786,1
1315,4.154391371340517,3.7126348228043087,67.74352765473033,1
1316,4.097996918335895,4.24838212634822,74.81881637494354,1
1317,4.126194144838206,4.774730354391363,82.34579840630315,1
1318,4.267180277349762,5.272881355932194,92.51225078536612,1
1319,4.530354391371333,5.714637904468403,105.58468030563007,1
1320,4.896918335901378,6.099999999999989,120.89064791294703,1
1321,5.338674884437587,6.419568567026184,139.89215460667964,1
1322,5.836825885978418,6.626348228043132,159.7896160772465,1
1323,6.34437596302002,6.720338983050835,177.0027748112093,1
1324,6.833127889060082,6.682742681047754,12.949385458631363,1
1325,7.26548536209552,6.522958397534657,28.59632727512722,1
1326,7.613251155624023,6.231587057010776,44.103864653942125,1
1327,7.876425269645596,5.8650231124807295,57.57328665424357,1
1328,8.073805855161774,5.442064714946062,67.44869501490402,1
1329,8.195993836671787,4.990909090909082,74.58042283608887,1
1330,8.25238828967641,4.520955315870562,80.16616518326651,1
1331,8.24298921417564,4.079198767334353,85.4128918289637,1
1332,8.167796610169479,3.675038520801227,93.42232582875621,1
1333,8.008012326656381,3.3084745762711814,104.22202828190073,1
1334,7.75423728813558,2.960708782742676,116.99493327295599,1
1335,7.425269645608617,2.6505392912172527,129.9895214722451,1
1336,7.011710323574718,2.3497688751926,142.3738209703799,1
1337,6.551155624036968,2.1053929121725696,154.65587688202564,1
1338,6.071802773497678,1.926810477657932,166.07130148556385,1
1339,5.667642526964551,1.8328197226502279,176.9443783270203,1
1340,5.263482280431424,1.8328197226502279,9.219061656982168,1
1341,4.859322033898296,1.9644067796610134,20.61783397676731,1
1342,4.464560862865939,2.2275808936825845,33.51723399171572,1
1343,4.144992295839747,2.6129429892141713,47.849208373709494,1
1344,3.8630200308166343,3.0922958397534615,62.93821860177174,1
1345,3.712634822804308,3.5904468412942925,77.13706522186833,1
1346,3.7408320493066194,4.0885978428351235,91.51223720851169,1
1347,3.938212634822798,4.530354391371333,103.69651697218093,1
1348,4.23898305084745,4.915716486902919,114.94337402089941,1
1349,4.624345146379037,5.254083204930653,126.27938974936322,1
1350,5.075500770416015,5.564252696456077,139.0342539086211,1
1351,5.564252696456077,5.818027734976878,152.58149246374686,1
1352,6.090600924499219,5.968412942989204,167.8436399708416,1
1353,6.626348228043132,5.987211093990744,4.428618694608037,1
1354,7.1244992295839635,5.8650231124807295,21.865865637261898,1
1355,7.556856702619402,5.63004622496147,40.038919684440046,1
1356,7.923420647149447,5.291679506933735,57.50506454304663,1
1357,8.177195685670247,4.896918335901378,72.97803305076677,1
1358,8.289984591679493,4.426964560862858,87.64486817089717,1
1359,8.280585516178721,3.9758089368258793,102.01199155384506,1
1360,8.167796610169479,3.571648690292752,116.73860333295369,1
1361,7.932819722650217,3.223882896764247,132.1684224481742,1
1362,7.603852080123254,2.960708782742676,147.55374639557726,1
1363,7.227889060092437,2.8573189522342015,162.41342229343263,1
1364,6.83312788906008,2.8667180277349718,177.61323683463934,1
1365,6.4289676425269535,2.9701078582434466,12.877549968323134,1
1366,6.0812018489984485,3.195685670261936,26.944858061362073,1
1367,5.780431432973796,3.5246533127889004,40.511030458842825,1
1368,5.545454545454535,3.938212634822798,52.72219187458314,1
1369,5.376271186440669,4.426964560862858,62.70152825986444,1
1370,5.282280431432964,4.962711864406772,70.7639097418423,1
1371,5.235285053929113,5.526656394452995,77.80355139605676,1
1372,5.254083204930653,6.09999999999999,83.06137763579979,1
1373,5.338674884437586,6.654545454545444,88.19833279462624,1
1374,5.498459167950683,7.152696456086275,95.006956280865,1
1375,5.742835130970714,7.603852080123254,103.95697895143448,1
1376,6.062403697996908,7.970416024653299,115.87354458569217,1
1377,6.447765793528494,8.2241910631741,131.38021536037604,1
1378,6.898921417565473,8.355778120184885,149.54930285508257,1
1379,7.387673343605535,8.383975346687198,167.85391674434698,1
1380,7.885824345146366,8.289984591679493,4.538228633971481,1
1381,8.393374422187966,8.092604006163315,19.092788764749127,1
1382,8.90092449922957,7.801232665639432,31.39662435652301,1
1383,9.342681047765776,7.462865947611698,43.05906686247003,1
1384,9.709244992295822,7.068104776579341,55.944047570225614,1
1385,9.972419106317394,6.635747303543903,68.3209230752957,1
1386,10.122804314329722,6.175192604006153,81.2023320112412,1
1387,10.13220338983049,5.733436055469944,94.49196141378414,1
1388,10.019414483821246,5.291679506933735,108.23566477168258,1
1389,9.803235747303527,4.896918335901378,122.31802143348636,1
1390,9.483667180277333,4.549152542372873,137.6050657077406,1
1391,9.079506933744208,4.304776579352843,152.10838354702975,1
1392,8.628351309707227,4.144992295839747,164.68985037499988,1
1393,8.148998459167938,4.107395993836665,176.33252257680488,1
1394,7.669645608628647,4.173189522342058,7.857248975005106,1
1395,7.209090909090897,4.361171032357466,18.668580219897354,1
1396,6.7767334360554585,4.643143297380577,29.569737606670763,1
1397,6.372573189522331,5.009707241910624,40.423840972505445,1
1398,6.043605546995368,5.423266563944521,50.52918050031981,1
1399,5.771032357473025,5.89322033898304,60.20767345684171,1
1400,5.601848998459158,6.381972265023101,70.05391873901829,1
1401,5.545454545454536,6.870724191063163,80.80583943145305,1
1402,5.6206471494607,7.3406779661016826,92.24896704889981,1
1403,5.818027734976877,7.791833590138663,105.00171032246185,1
1404,6.128197226502301,8.167796610169479,118.92315185388188,1
1405,6.513559322033887,8.48736517719567,132.73053448148974,1
1406,6.983513097072406,8.750539291217242,145.35659343011326,1
1407,7.500462249614779,8.957318952234191,155.55068271567058,1
1408,8.036209553158692,9.107704160246517,162.48685953407883,1
1409,8.600154083204917,9.220493066255763,166.77233321787645,1
1410,9.18289676425268,9.295685670261927,170.93928246957626,1
1411,9.756240369799675,9.333281972265008,174.9489823772715,1
1412,10.320184899845898,9.314483821263467,0.1067098075321845,1
1413,10.865331278890583,9.220493066255761,7.916636519870854,1
1414,11.335285053929102,9.079506933744206,19.24458856295886,1
1415,11.73944530046223,8.835130970724176,32.528797038372595,1
1416,12.040215716486882,8.49676425269644,48.24082012749436,1
1417,12.23759630200306,8.120801232665626,64.71832271702984,1
1418,12.322187981509995,7.688443759630187,79.35775525466036,1
1419,12.322187981509995,7.199691833590127,91.78195177928777,1
1420,12.228197226502292,6.748536209553147,103.21035878702612,1
1421,12.059013867488423,6.34437596302002,114.53823245891323,1
1422,11.805238828967623,5.968412942989204,127.39968112739147,1
1423,11.485670261941427,5.686440677966091,140.171438043772,1
1424,11.119106317411383,5.498459167950684,153.70735124773574,1
1425,10.696147919876713,5.39506933744221,167.35155390462535,1
1426,10.263790446841277,5.385670261941439,1.0412857986226536,1
1427,9.831432973805837,5.479661016949143,14.208662849123233,1
1428,9.408474576271171,5.677041602465321,28.294740970543508,1
1429,9.041910631741123,5.959013867488434,41.67376881081029,1
1430,8.769337442218783,6.334976887519249,54.53246397487287,1
1431,8.571956856702604,6.739137134052376,67.06898223738278,1
1432,8.4779661016949,7.209090909090897,78.42844696723769,1
1433,8.515562403697981,7.688443759630188,87.84053651278612,1
1434,8.64714946070877,8.177195685670247,96.65335228548003,1
1435,8.863328197226489,8.600154083204917,106.09176143259967,1
1436,9.18289676425268,8.985516178736503,116.06071511404113,1
1437,9.605855161787348,9.276887519260384,128.85029017186002,1
1438,10.075808936825869,9.464869029275793,144.7347932282632,1
1439,10.564560862865928,9.540061633281956,162.74400465687256,1
1440,11.081510015408302,9.511864406779646,2.682661973950188,1
1441,11.570261941448361,9.38027734976886,21.311020600714233,1
1442,12.021417565485342,9.126502311248057,36.51121500088086,1
1443,12.416178736517697,8.778736517719555,47.597253371325046,1
1444,12.754545454545433,8.355778120184885,56.499342519850046,1
1445,13.017719568567006,7.867026194144826,64.06826975980688,1
1446,13.233898305084725,7.331278890600911,71.0536231689811,1
1447,13.365485362095509,6.78613251155623,77.58388555887605,1
1448,13.421879815100132,6.269183359013857,86.44198639297693,1
1449,13.41248073959936,5.752234206471485,96.04541609143863,1
1450,13.327889060092428,5.301078582434506,106.50580014339084,1
1451,13.139907550077021,4.896918335901378,119.15958335371522,1
1452,12.857935285053907,4.549152542372874,133.64104422483285,1
1453,12.49137134052386,4.267180277349762,148.64771186301402,1
1454,12.077812018489963,4.0885978428351235,163.86927589173848,1
1455,11.626656394452985,3.9852080123266496,179.08202361066853,1
1456,11.175500770416004,3.9758089368258793,13.433937058137897,1
1457,10.761941448382109,4.069799691833583,25.896324568301022,1
1458,10.404776579352832,4.23898305084745,35.75886084867033,1
1459,10.10400616332818,4.492758089368251,44.833765324051576,1
1460,9.87842835130969,4.793528505392905,52.69993325968348,1
1461,9.728043143297365,5.160092449922949,60.0532638052557,1
1462,9.64345146379043,5.573651771956847,69.17986160975833,1
1463,9.634052388289659,6.034206471494597,78.05051828453591,1
1464,9.681047765793512,6.513559322033887,86.05793689754466,1
1465,9.775038520801216,7.002311248073949,92.91088320606893,1
1466,9.925423728813543,7.472265023112468,99.98077045132575,1
1467,10.151001540832032,7.885824345146365,106.77099376608182,1
1468,10.432973805855145,8.21479198767333,116.81384816272241,1
1469,10.79953775038519,8.45916795069336,129.39396703857028,1
1470,11.250693374422168,8.647149460708766,144.90920648726,1
1471,11.76764252696454,8.759938366718012,160.55385767539656,1
1472,12.312788906009223,8.797534668721095,174.71848714984702,1
1473,12.867334360554679,8.75053929121724,8.540370063886893,1
1474,13.384283513097051,8.600154083204915,23.242988634139465,1
1475,13.816640986132489,8.346379044684117,39.5677825812019,1
1476,14.145608628659451,7.97981510015407,57.37705219026096,1
1477,14.352388289676401,7.566255778120171,73.24290013132772,1
1478,14.455778120184874,7.115100154083192,85.41125854807224,1
1479,14.446379044684104,6.663944530046214,94.64051691914501,1
1480,14.342989214175631,6.2127889060092345,103.02796819244853,1
1481,14.155007704160221,5.818027734976877,109.67939062635877,1
1482,13.891833590138651,5.4326656394452915,116.92989901103638,1
1483,13.57226502311246,5.0848998459167865,124.66255551759323,1
1484,13.177503852080102,4.774730354391363,132.9317342115223,1
1485,12.763944530046203,4.539753466872104,141.05148380511966,1
1486,12.322187981509995,4.361171032357466,151.18058082510564,1
1487,11.880431432973785,4.276579352850532,162.48321674279669,1
1488,11.457473035439119,4.295377503852072,176.25574719253032,1
1489,11.081510015408302,4.426964560862858,11.351761385643306,1
1490,10.733744221879798,4.643143297380577,25.52709931557348,1
1491,10.432973805855145,4.94391371340523,38.57860795075001,1
1492,10.188597842835113,5.319876733436047,50.23623582227379,1
1493,10.000616332819707,5.724036979969173,60.442451527922174,1
1494,9.88782742681046,6.156394453004612,69.47806420565652,1
1495,9.85963020030815,6.607550077041592,78.44834586175507,1
1496,9.925423728813543,7.05870570107857,86.46076849993692,1
1497,10.09460708782741,7.491063174114009,95.30652966959116,1
1498,10.34838212634821,7.932819722650217,105.97257674865376,1
1499,10.686748844375945,8.365177195685657,116.09965235679871,1
1500,11.07211093990753,8.759938366718012,126.75085244274803,1
1501,11.51386748844374,9.117103235747289,137.6536285350608,1
1502,11.993220338983031,9.40847457627117,147.28437494266456,1
1503,12.49137134052386,9.61525423728812,157.6417551687019,1
1504,12.989522342064694,9.699845916795052,170.78672872953933,1
1505,13.497072419106294,9.662249614791971,5.4449240082096395,1
1506,13.957627118644044,9.483667180277333,21.924238807542892,1
1507,14.371186440677942,9.201694915254222,37.774169896975984,1
1508,14.718952234206446,8.816332819722636,50.22996948305367,1
1509,14.991525423728788,8.374576271186427,61.30614347455033,1
1510,15.160708782742654,7.904622496147906,71.27530280016948,1
1511,15.245300462249592,7.415870570107846,80.13615833021271,1
1512,15.217103235747278,6.927118644067785,88.85325620408744,1
1513,15.09491525423726,6.438366718027725,98.12555081958985,1
1514,14.888135593220316,5.977812018489974,106.79587475489951,1
1515,14.61556240369797,5.545454545454535,115.18232524679051,1
1516,14.27719568567024,5.16949152542372,125.18995227860557,1
1517,13.901232665639421,4.840523882896756,135.55627113448574,1
1518,13.515870570107836,4.605546995377496,144.62600808149892,1
1519,13.102311248073937,4.417565485362088,153.74283973124062,1
1520,12.68875192604004,4.3047765793528425,161.90402157612414,1
1521,12.293990755007684,4.276579352850531,169.545336967219,1
1522,11.908628659476097,4.332973805855155,178.5266500733363,1
1523,11.523266563944512,4.46456086286594,10.139422889157391,1
1524,11.175500770416004,4.6901386748844285,22.850932476078345,1
1525,10.846533127889042,5.000308166409853,35.93535454590518,1
1526,10.545762711864388,5.376271186440669,47.33763285252232,1
1527,10.291987673343588,5.808628659476107,56.70967135738139,1
1528,10.08520801232664,6.259784283513087,63.48477249719219,1
1529,9.925423728813543,6.7297380585516064,68.54488968260283,1
1530,9.831432973805837,7.190292758089356,73.72291334438934,1
1531,9.793836671802756,7.679044684129417,78.90356532616579,1
1532,9.84083204930661,8.158397534668708,85.58855641698254,1
1533,9.972419106317394,8.628351309707227,93.58174566784723,1
1534,10.197996918335884,9.079506933744208,104.48081560178274,1
1535,10.508166409861307,9.483667180277333,117.97212365179811,1
1536,10.912326656394434,9.793836671802756,134.86206529198708,1
1537,11.335285053929102,9.991217257318933,153.70511533316554,1
1538,11.777041602465312,10.075808936825869,171.35607922096764,1
1539,12.20939907550075,10.038212634822788,6.762600975097726,1
1540,12.622958397534648,9.89722650231123,19.43814231650925,1
1541,13.017719568567003,9.64345146379043,29.9195046776187,1
1542,13.393682588597818,9.323882896764237,39.61937493283022,1
1543,13.732049306625555,8.947919876733419,48.705326002859,1
1544,14.032819722650208,8.524961479198753,56.708180331542415,1
1545,14.286594761171008,8.055007704160232,64.00087021560621,1
1546,14.483975346687185,7.54745762711863,70.7880220544144,1
1547,14.653158705701054,7.002311248073947,76.34517315479697,1
1548,14.78474576271184,6.410169491525413,81.24844497788834,1
1549,14.859938366718003,5.799229583975337,86.56028453349464,1
1550,14.869337442218773,5.207087827426802,93.25726280617494,1
1551,14.80354391371338,4.643143297380577,99.90779369191878,1
1552,14.653158705701054,4.097996918335895,107.1722103165179,1
1553,14.427580893682563,3.5998459167950627,114.91077731699482,1
1554,14.145608628659451,3.1298921417565433,122.0218432663819,1
1555,13.82604006163326,2.7069337442218755,129.35999065546443,1
1556,13.478274268104752,2.3591679506933705,138.69822391211056,1
1557,13.092912172573168,2.11479198767334,149.8097943038245,1
1558,12.679352850539269,1.9832049306625543,162.61890359555898,1
1559,12.256394453004601,1.973805855161784,176.57147528924514,1
1560,11.852234206471476,2.0771956856702585,10.45078705314365,1
1561,11.466872110939887,2.283975346687207,24.711136067350825,1
1562,11.137904468412923,2.5753466872110895,39.526956828568856,1
1563,10.902927580893664,2.9231124807395945,54.87852195815776,1
1564,10.771340523882879,3.2990755007704102,69.8178892298998,1
1565,10.743143297380566,3.684437596301997,82.94256607821586,1
1566,10.855932203389813,4.079198767334354,95.80896108922256,1
1567,11.100308166409842,4.445762711864399,109.51439954260161,1
1568,11.457473035439119,4.765331278890592,125.34982372972469,1
1569,11.899229583975327,5.009707241910624,144.70067452473435,1
1570,12.387981510015388,5.150693374422179,166.77321615121997,1
1571,12.886132511556218,5.141294298921409,7.403392889525867,1
1572,13.384283513097051,4.981510015408312,25.603577348387816,1
1573,13.816640986132487,4.6995377503852,42.805855016836226,1
1574,14.173805855161763,4.304776579352843,58.78111765096814,1
1575,14.436979969183335,3.834822804314323,73.13271473953888,1
1576,14.606163328197201,3.355469953775033,86.36818456710375,1
1577,14.653158705701054,2.885516178736513,99.11019499164473,1
1578,14.587365177195661,2.453158705701074,112.79263517448534,1
1579,14.399383667180254,2.0959938366717994,128.4612334029274,1
1580,14.126810477657912,1.804622496147917,144.29789570906686,1
1581,13.769645608628636,1.5696456086286568,156.35015798862116,1
1582,13.346687211093968,1.40986132511556,165.4031588786382,1
1583,12.886132511556218,1.315870570107856,173.17651852986336,1
1584,12.425577812018469,1.3064714946070857,0.22794557384078112,1
1585,11.983821263482259,1.381664098613249,8.681195261337955,1
1586,11.570261941448361,1.5414483821263456,21.24078997225227,1
1587,11.222496147919859,1.785824345146376,36.87025161039401,1
1588,10.978120184899828,2.11479198767334,53.59993380923835,1
1589,10.855932203389813,2.5001540832049267,69.93265772305996,1
1590,10.846533127889042,2.9231124807395945,84.45058968032917,1
1591,10.959322033898285,3.327272727272722,98.32099938759704,1
1592,11.203697996918317,3.7126348228043087,112.91432863230047,1
1593,11.560862865947593,4.032203389830502,129.52633205177608,1
1594,11.983821263482259,4.24838212634822,147.99280106775254,1
1595,12.43497688751924,4.342372881355925,166.26951983706016,1
1596,12.93312788906007,4.314175654853614,3.4761781651922057,1
1597,13.384283513097051,4.173189522342058,20.567635638288372,1
1598,13.797842835130947,3.900616332819716,37.14814765831402,1
1599,14.183204930662535,3.5246533127889004,51.541067357682806,1
1600,14.540369799691808,3.111093990755003,64.35806771592492,1
1601,14.794144838212608,2.7727272727272685,73.16248873675552,1
1602,15.000924499229559,2.4907550077041565,77.27436751525575,1
1603,15.160708782742656,2.293374422187978,78.86788504289142,1
1604,15.273497688751899,2.199383667180274,79.58601122666953,1
1605,15.348690292758064,2.189984591679503,77.08004811255486,1
1606,15.442681047765769,2.161787365177192,73.44975367046715,1
1607,15.602465331278864,2.0959938366717994,69.72159157842727,1
1608,15.799845916795045,2.0114021571648655,65.79640629459155,1
1609,16.034822804314302,1.9174114021571615,60.28356436870761,1
1610,16.316795069337413,1.804622496147917,53.903015489397504,1
1611,16.64576271186438,1.6730354391371312,48.44668735267651,1
1612,16.965331278890574,1.5602465331278865,43.26965460181679,1
1613,17.294298921417536,1.456856702619412,37.007806405392515,1
1614,17.64206471494604,1.362865947611708,30.687642233360684,1
1615,18.018027734976858,1.2500770416024631,25.131434757915954,1
1616,18.41278890600921,1.127889060092448,20.271236142712816,1
1617,18.835747303543883,1.0244992295839737,13.480334195295608,1
1618,19.24930662557778,0.986902927580892,6.245548116915374,1
1619,19.644067796610138,1.015100154083203,177.61395160312742,1
1620,20.020030816640954,1.1184899845916776,167.8951536102956,1
1621,20.367796610169457,1.3064714946070854,157.74662397789015,1
1622,20.706163328197192,1.5602465331278865,149.189210361937,1
1623,21.08212634822801,1.8328197226502279,144.39408051312915,1
1624,21.523882896764217,2.11479198767334,142.34987878287438,1
1625,22.01263482280428,2.396764252696452,142.48482537766733,1
1626,22.54838212634819,2.6693374422187937,145.7003905720357,1
1627,23.121725731895186,2.9043143297380536,151.0473429559767,1
1628,23.723266563944488,3.120493066255773,156.63454932330865,1
1629,24.334206471494564,3.28967642526964,162.8996208850276,1
1630,24.96394453004618,3.4212634822804255,169.91983563679347,1
1631,25.62187981510011,3.4964560862865888,175.70993118500112,1
1632,26.279815100154035,3.51525423728813,2.1989901203859135,1
1633,26.871956856702575,3.458859784283507,10.495901660077513,1
1634,27.360708782742638,3.336671802773492,20.89722884985938,1
1635,27.75546995377499,3.1110939907550024,33.462592019227856,1
1636,28.009244992295795,2.8291217257318904,48.606473594049966,1
1637,28.131432973805808,2.58474576271186,63.64284526546683,1
1638,28.178428351309655,2.35916795069337,75.16065774345313,1
1639,28.15963020030812,2.189984591679503,85.12703034579316,1
1640,28.046841294298872,2.0865947611710287,94.44570740269451,1
1641,27.849460708782697,2.0114021571648655,102.70724757807432,1
1642,27.539291217257272,1.8986132511556206,112.07034043669437,1
1643,27.153929121725685,1.804622496147917,123.54689087661158,1
1644,26.674576271186396,1.6730354391371312,136.05994413163026,1
1645,26.12003081664094,1.550847457627116,148.34138752095402,1
1646,25.509090909090865,1.4756548536209528,159.2876961193711,1
1647,24.869953775038475,1.4380585516178712,168.6011022444505,1
1648,24.18382126348224,1.4192604006163303,177.1654756681224,1
1649,23.507087827426773,1.4662557781201824,3.685459121474867,1
1650,22.858551617873612,1.5884437596301977,10.706345356315927,1
1651,22.26640986132508,1.7858243451463758,18.82350738532142,1
1652,21.758859784283477,2.0395993836671766,26.67263650183747,1
1653,21.326502311248035,2.35916795069337,34.79060443477448,1
1654,20.969337442218762,2.735130970724186,43.909195751445665,1
1655,20.67796610169488,3.1580893682588544,53.76319045639129,1
1656,20.45238828967639,3.618644067796604,63.78291422041441,1
1657,20.28320493066252,4.1355932203389765,73.34021941627826,1
1658,20.179815100154052,4.718335901386741,81.89306537732804,1
1659,20.123420647149427,5.338674884437587,87.74204824109705,1
1660,20.123420647149423,5.968412942989204,91.59575251425503,1
1661,20.161016949152508,6.607550077041592,95.10355290187576,1
1662,20.245608628659443,7.246687211093979,97.88024651010093,1
1663,20.35839753466869,7.838828967642513,100.71699304049679,1
1664,20.518181818181784,8.393374422187968,105.13000671330157,1
1665,20.715562403697966,8.91972265023111,109.886332008416,1
1666,20.978736517719533,9.40847457627117,114.2165246918783,1
1667,21.288906009244958,9.85023112480738,119.57616179774627,1
1668,21.64607087827423,10.244992295839737,125.35112137738588,1
1669,22.069029275808898,10.59275808936824,132.6029137168308,1
1670,22.55778120184896,10.884129429892123,142.32718792809075,1
1671,23.04653312788902,11.072110939907532,154.7621642696713,1
1672,23.563482280431394,11.137904468412923,169.72816456814598,1
1673,24.080431432973764,11.090909090909072,5.729647499009557,1
1674,24.559784283513057,10.912326656394434,21.643299996755854,1
1675,24.954545454545414,10.620955315870551,36.26154192311322,1
1676,25.28351309707238,10.254391371340507,49.8131384834572,1
1677,25.509090909090865,9.831432973805837,62.32922471741203,1
1678,25.63127889060088,9.380277349768857,74.93346725709183,1
1679,25.63127889060088,8.91972265023111,87.00094195861148,1
1680,25.518489984591636,8.487365177195672,100.03705459469528,1
1681,25.292912172573146,8.111402157164855,113.76996452536248,1
1682,24.954545454545414,7.791833590138661,128.64797677981542,1
1683,24.522187981509976,7.52865947611709,142.76531223132358,1
1684,24.014637904468373,7.350077041602452,156.75405823349337,1
1685,23.469491525423688,7.237288135593208,169.85582459785815,1
1686,22.924345146379004,7.199691833590125,2.4560567327501572,1
1687,22.407395993836634,7.26548536209552,14.327604508099993,1
1688,21.93744221879811,7.425269645608616,27.141284906970963,1
1689,21.505084745762677,7.688443759630187,38.452563715588425,1
1690,21.11972265023109,8.026810477657921,47.80523349574107,1
1691,20.77195685670258,8.430970724191049,55.74820864067462,1
1692,20.461787365177162,8.8915254237288,61.86666809152382,1
1693,20.19861325115559,9.380277349768859,68.0209220427972,1
1694,20.02003081664095,9.87842835130969,73.79304047866779,1
1695,19.916640986132478,10.404776579352832,80.25400000142037,1
1696,19.907241910631704,10.921725731895204,86.67600266108163,1
1697,19.99183359013864,11.410477657935264,95.04267896709548,1
1698,20.16101694915251,11.899229583975327,103.66264895705034,1
1699,20.405392912172537,12.359784283513076,113.33283142197912,1
1700,20.724961479198733,12.74514637904466,124.44008109455743,1
1701,21.11032357473032,13.055315870570084,136.48447790751806,1
1702,21.542681047765758,13.271494607087806,149.3504326818711,1
1703,22.012634822804273,13.365485362095509,163.18527657214068,1
1704,22.510785824345106,13.327889060092428,177.82903491778532,1
1705,22.9901386748844,13.196302003081641,12.826625349892877,1
1706,23.413097072419063,12.951926040061611,29.05651678457935,1
1707,23.751463790446802,12.632357473035416,46.84484733690536,1
1708,23.967642526964518,12.246995377503833,66.43431339892828,1
1709,24.033436055469913,11.833436055469933,86.4551870898882,1
1710,23.948844375962977,11.391679506933723,105.87837511286189,1
1711,23.713867488443718,10.996918335901368,124.60773001048845,1
1712,23.347303543913675,10.658551617873634,141.1925070450261,1
1713,22.896147919876693,10.423574730354373,155.1289673403367,1
1714,22.369799691833553,10.282588597842818,166.90846693365114,1
1715,21.834052388289642,10.273189522342047,178.40760286440792,1
1716,21.33590138674881,10.357781201848981,10.107406772817694,1
1717,20.884745762711827,10.536363636363618,20.858050691427103,1
1718,20.48998459167947,10.79013867488442,32.524663984423235,1
1719,20.17041602465328,11.128505392912153,44.3794531730872,1
1720,19.926040061633252,11.52326656394451,55.96801540840214,1
1721,19.747457627118614,11.974422187981489,67.17453725802011,1
1722,19.644067796610138,12.472573189522322,77.28906197682805,1
1723,19.625269645608597,12.989522342064694,85.93143848024698,1
1724,19.691063174113985,13.506471494607064,93.25869289987354,1
1725,19.841448382126313,14.004622496147897,100.09201878859507,1
1726,20.067026194144805,14.474576271186416,107.94402184138413,1
1727,20.367796610169457,14.888135593220316,118.27431299877594,1
1728,20.753158705701043,15.245300462249588,130.07024560238517,1
1729,21.204314329738025,15.51787365177193,143.27849556642263,1
1730,21.70246533127885,15.696456086286569,157.17994200424272,1
1731,22.200616332819685,15.752850539291192,171.4858231016244,1
1732,22.689368258859748,15.687057010785798,6.441834798041164,1
1733,23.159322033898267,15.489676425269618,22.618333849644745,1
1734,23.58228043143293,15.179506933744197,39.45574327733444,1
1735,23.92064714946067,14.78474576271184,56.150077758184715,1
1736,24.17442218798147,14.342989214175631,72.07618728108835,1
1737,24.315408320493024,13.85423728813557,86.63847802011342,1
1738,24.296610169491483,13.346687211093968,100.2332445669072,1
1739,24.15562403697993,12.848536209553137,111.99430201445057,1
1740,23.9112480739599,12.359784283513076,119.5588600495295,1
1741,23.591679506933705,11.899229583975325,125.955271166604,1
1742,23.215716486902892,11.50446841294297,133.37854099524793,1
1743,22.802157164868994,11.194298921417547,141.29299378404608,1
1744,22.35100154083201,10.978120184899828,150.80051947769067,1
1745,21.86224961479195,10.837134052388272,161.5968626214664,1
1746,21.35469953775035,10.780739599383649,171.0787160463044,1
1747,20.81895223420644,10.79953775038519,179.07607290619694,1
1748,20.27380585516175,10.893528505392894,7.321046163449537,1
1749,19.75685670261938,11.043913713405221,16.450932064372314,1
1750,19.29630200308163,11.27889060092448,27.204887231482786,1
1751,18.910939907550045,11.589060092449904,39.37590521644622,1
1752,18.62896764252693,11.95562403697995,51.8640089259783,1
1753,18.440986132511522,12.369183359013846,62.79373239614844,1
1754,18.346995377503823,12.829738058551595,72.84951514653042,1
1755,18.328197226502276,13.318489984591656,81.75527555957612,1
1756,18.375192604006134,13.807241910631717,89.103654557391,1
1757,18.516178736517688,14.31479198767332,96.06891460152204,1
1758,18.732357473035407,14.78474576271184,105.2465569262546,1
1759,19.023728813559288,15.198305084745737,115.59923594611672,1
1760,19.40909090909087,15.527272727272699,129.16586696317825,1
1761,19.860246533127857,15.76224961479196,144.88702558059578,1
1762,20.348998459167916,15.875038520801207,159.6372640970528,1
1763,20.847149460708746,15.865639445300436,174.04959175390843,1
1764,21.32650231124804,15.73405238828965,9.37093275468513,1
1765,21.730662557781166,15.51787365177193,26.142782935591043,1
1766,22.050231124807357,15.21710323574728,44.64252383342062,1
1767,22.266409861325076,14.822342064714922,61.769548213883134,1
1768,22.369799691833553,14.389984591679482,76.42683405851209,1
1769,22.341602465331242,13.938828967642504,90.46585480513095,1
1770,22.19121725731891,13.459476117103213,104.15332643025013,1
1771,21.928043143297344,12.998921417565464,119.73485362996368,1
1772,21.561479198767298,12.632357473035418,136.3726055630068,1
1773,21.1479198767334,12.350385208012305,152.22134866650438,1
1774,20.706163328197192,12.19999999999998,166.64666397992923,1
1775,20.26440677966098,12.181201848998437,0.6642154723779853,1
1776,19.822650231124776,12.284591679506914,13.43006689732564,1
1777,19.390292758089334,12.49137134052386,25.93690887144742,1
1778,18.957935285053896,12.801540832049284,36.18577063508257,1
1779,18.53497688751923,13.177503852080099,46.394764213672005,1
1780,18.168412942989185,13.591063174113998,55.00001562303453,1
1781,17.8770416024653,14.051617873651747,62.97712374087694,1
1782,17.660862865947582,14.54976887519258,71.0951836155027,1
1783,17.548073959938336,15.047919876733408,79.10776651900117,1
1784,17.529275808936795,15.53667180277347,85.206162482191,1
1785,17.566872110939876,16.063020030816613,90.85123688071047,1
1786,17.670261941448352,16.608166409861298,96.09330508939046,1
1787,17.83004622496145,17.125115562403668,100.53944575602034,1
1788,18.036825885978395,17.623266563944497,105.80472806413914,1
1789,18.29999999999997,18.083821263482246,112.14510244585064,1
1790,18.628967642526934,18.478582434514607,120.40083373491596,1
1791,19.014329738058517,18.77935285053926,130.54359702420533,1
1792,19.45608628659473,18.986132511556207,142.86983215248657,1
1793,19.926040061633252,19.108320493066223,155.6063961368697,1
1794,20.424191063174078,19.13651771956853,169.11559552742497,1
1795,20.90354391371337,19.06132511556237,3.6183114461319175,1
1796,21.35469953775035,18.87334360554696,19.04777046679724,1
1797,21.749460708782703,18.61956856702616,35.667721722905014,1
1798,22.078428351309668,18.271802773497658,51.257397918965324,1
1799,22.313405238828928,17.85824345146376,64.78156680001146,1
1800,22.454391371340485,17.388289676425238,75.13232767022778,1
1801,22.482588597842796,16.89953775038518,84.14244100334719,1
1802,22.42619414483817,16.39198767334358,93.10537445121338,1
1803,22.266409861325076,15.903235747303517,103.87164245387166,1
1804,22.022033898305047,15.47087827426808,116.61942672788265,1
1805,21.702465331278855,15.132511556240345,133.76984626255987,1
1806,21.33590138674881,14.916332819722626,154.01098765719613,1
1807,20.950539291217222,14.831741140215692,174.1818857423663,1
1808,20.565177195685635,14.897534668721084,12.820082453339934,1
1809,20.198613251155592,15.094915254237264,29.17326480367118,1
1810,19.897842835130938,15.405084745762684,43.46086561937245,1
1811,19.67226502311245,15.771648690292732,56.999245087929836,1
1812,19.52187981510012,16.20400616332817,69.77245192674833,1
1813,19.49368258859781,16.66456086286592,82.29036083962961,1
1814,19.587673343605513,17.115716486902897,95.04794105781872,1
1815,19.785053929121695,17.529275808936795,108.90790752308929,1
1816,20.085824345146342,17.895839753466838,122.52611270149025,1
1817,20.471186440677933,18.159013867488415,136.4660907296874,1
1818,20.922342064714908,18.328197226502283,150.85141151412108,1
1819,21.4016949152542,18.393990755007675,164.40770032786756,1
1820,21.91864406779657,18.337596302003053,178.05101549173864,1
1821,22.407395993836634,18.196610169491496,13.259507458402332,1
1822,22.849152542372842,17.952234206471466,29.72556579579131,1
1823,23.196918335901348,17.58567026194142,47.70583637540483,1
1824,23.450693374422148,17.162711864406752,65.23641972837072,1
1825,23.57288135593216,16.71155624036977,79.68638312286396,1
1826,23.582280431432935,16.22280431432971,92.43896222861073,1
1827,23.469491525423688,15.752850539291192,103.49419985898957,1
1828,23.2439137134052,15.329892141756522,114.97949527264517,1
1829,22.914946070878237,14.944530046224935,127.52161262562993,1
1830,22.50138674884434,14.615562403697973,141.2286888049646,1
1831,22.040832049306587,14.352388289676401,153.2878378931158,1
1832,21.533281972264984,14.145608628659451,162.36028335472886,1
1833,21.006933744221847,14.004622496147894,167.75404698131987,1
1834,20.489984591679473,13.920030816640963,172.79340137407561,1
1835,19.99183359013864,13.910631741140193,178.62616635510898,1
1836,19.50308166409858,13.976425269645585,7.124329984937549,1
1837,19.03312788906006,14.126810477657912,18.428033603980882,1
1838,18.60077041602462,14.36178736517717,31.129577472073617,1
1839,18.196610169491493,14.662557781201823,42.32533331968513,1
1840,17.820647149460676,15.019722650231099,50.87866926186253,1
1841,17.501078582434484,15.423882896764226,56.556403756340444,1
1842,17.256702619414455,15.884437596301975,62.122452202877916,1
1843,17.068721109399046,16.363790446841268,68.06281936564058,1
1844,16.965331278890574,16.861941448382098,74.44568889177016,1
1845,16.965331278890574,17.360092449922927,82.16573956497388,1
1846,17.049922958397502,17.83004622496145,92.20360692737714,1
1847,17.228505392912144,18.253004622496114,103.35686292013084,1
1848,17.529275808936795,18.638366718027704,115.68507630799284,1
1849,17.933436055469926,18.9579352850539,129.08897325262228,1
1850,18.403389830508445,19.183513097072385,144.39657602344153,1
1851,18.910939907550045,19.315100154083172,161.25794176474804,1
1852,19.409090909090878,19.324499229583942,179.3664197343217,1
1853,19.869645608628623,19.202311248073926,17.58908073925952,1
1854,20.26440677966098,18.957935285053896,34.386653142418616,1
1855,20.583975346687176,18.591371340523853,50.02584431610456,1
1856,20.818952234206435,18.14021571648687,63.625784986595605,1
1857,20.997534668721073,17.604468412942957,73.80707308191343,1
1858,21.10092449922955,17.021725731895195,82.02099917987579,1
1859,21.129121725731856,16.391987673343575,89.30730830811656,1
1860,21.072727272727235,15.781047765793502,94.61590550350789,1
1861,20.950539291217222,15.198305084745737,101.75115761833786,1
1862,20.7343605546995,14.662557781201823,110.15807246319508,1
1863,20.44298921417562,14.211402157164846,120.90085474550588,1
1864,20.057627118644035,13.873035439137109,134.34472154064565,1
1865,19.625269645608597,13.638058551617851,150.86666827389934,1
1866,19.164714946070845,13.515870570107836,168.9109518366574,1
1867,18.713559322033866,13.525269645608606,7.280104350358597,1
1868,18.2906009244992,13.63805855161785,25.21088082399591,1
1869,17.952234206471463,13.85423728813557,41.91040245869742,1
1870,17.689060092449893,14.164406779660993,56.86023156108615,1
1871,17.510477657935255,14.549768875192578,68.38057083896923,1
1872,17.416486902927552,15.010323574730327,76.83898020310615,1
1873,17.407087827426782,15.489676425269618,84.26746123077632,1
1874,17.472881355932174,15.98782742681045,91.48186430502834,1
1875,17.623266563944497,16.48597842835128,99.05414340069308,1
1876,17.86764252696453,16.9559322033898,109.17079608080883,1
1877,18.196610169491493,17.34129429892139,122.4179431171925,1
1878,18.61016949152539,17.689060092449896,138.471416564941,1
1879,19.089522342064683,17.952234206471466,154.83728440111503,1
1880,19.625269645608597,18.130816640986104,166.48348134650013,1
1881,20.18921417565482,18.224807395993803,175.12854104421538,1
1882,20.771956856702584,18.262403697996888,0.142746089340474,1
1883,21.345300462249575,18.215408320493033,3.910391238124598,1
1884,21.899845916795034,18.10261941448379,8.875516278347265,1
1885,22.416795069337404,17.90523882896761,16.598965802925274,1
1886,22.896147919876693,17.63266563944527,26.38734871162783,1
1887,23.300308166409824,17.284899845916765,38.438143308442186,1
1888,23.619876733436016,16.871340523882868,51.855590490895025,1
1889,23.836055469953738,16.41078582434512,65.80801046457505,1
1890,23.93004622496144,15.931432973805826,80.2017045892663,1
1891,23.892449922958356,15.452080123266537,93.77216809238458,1
1892,23.7514637904468,14.991525423728788,107.13171054188433,1
1893,23.50708782742677,14.55916795069335,119.63697335134148,1
1894,23.178120184899807,14.164406779660993,131.68265181591892,1
1895,22.76456086286591,13.816640986132487,142.92650475420757,1
1896,22.275808936825847,13.515870570107836,153.68643066523816,1
1897,21.749460708782706,13.299691833590117,163.13099743394523,1
1898,21.223112480739566,13.18690292758087,174.13105924990157,1
1899,20.69676425269642,13.196302003081641,6.781666698001802,1
1900,20.2268104776579,13.309090909090887,20.236949107515844,1
1901,19.832049306625542,13.534668721109375,34.02431920340483,1
1902,19.51248073959935,13.835439137134028,48.19018969345682,1
1903,19.24930662557778,14.202003081664074,60.67267816081562,1
1904,19.098921417565453,14.606163328197203,71.91795908514888,1
1905,19.042526964560828,15.047919876733411,82.08631887823974,1
1906,19.080123266563913,15.50847457627116,91.49197564935794,1
1907,19.211710323574696,15.950231124807368,99.29570512929517,1
1908,19.45608628659473,16.363790446841268,108.89961847849096,1
1909,19.79445300462246,16.73975346687208,118.76311804149475,1
1910,20.217411402157133,17.068721109399046,130.37276826849438,1
1911,20.696764252696422,17.294298921417536,144.20267591199337,1
1912,21.204314329738025,17.425885978428322,160.27158462971767,1
1913,21.721263482280396,17.435285053929093,179.31530233456593,1
1914,22.210015408320455,17.313097072419076,20.768417578217772,1
1915,22.642372881355893,17.059322033898276,39.69435773565005,1
1916,22.9901386748844,16.72095531587054,56.33394837038521,1
1917,23.23451463790443,16.297996918335873,70.39602552271879,1
1918,23.366101694915216,15.837442218798122,82.03442066661334,1
1919,23.375500770415986,15.367488443759603,92.667295492115,1
1920,23.25331278890597,14.916332819722623,102.22422953881345,1
1921,23.02773497688748,14.502773497688727,113.3520461283027,1
1922,22.698767334360518,14.155007704160221,126.65361332921837,1
1923,22.27580893682585,13.873035439137109,140.11886703532323,1
1924,21.758859784283477,13.656856702619393,153.6814575725844,1
1925,21.19491525423725,13.515870570107836,165.89069967022974,1
1926,20.602773497688716,13.459476117103213,176.15966921586102,1
1927,20.02003081664095,13.487673343605525,5.447338217532322,1
1928,19.446687211093955,13.581664098613228,14.728977668974014,1
1929,18.910939907550045,13.750847457627094,22.761184509566455,1
1930,18.41278890600921,13.995223420647125,29.641646065086185,1
1931,17.999229583975314,14.27719568567024,38.100201623657995,1
1932,17.679661016949122,14.596764252696431,47.949926684442474,1
1933,17.463482280431403,14.953929121725707,58.4667493234735,1
1934,17.360092449922927,15.34869029275806,69.32058468720955,1
1935,17.36009244992293,15.76224961479196,79.1298749585176,1
1936,17.40708782742678,16.21340523882894,85.46932699050951,1
1937,17.491679506933714,16.692758089368233,89.35970532894339,1
1938,17.613867488443727,17.19090909090906,92.58833523392212,1
1939,17.77365177195683,17.68906009244989,96.19147570707455,1
1940,17.980431432973774,18.168412942989185,100.90725150870044,1
1941,18.253004622496118,18.61016949152539,107.13044283379323,1
1942,18.58197226502308,18.99553158705698,115.3994220336035,1
1943,18.986132511556207,19.333898305084716,125.320911010252,1
1944,19.42788906009242,19.568875192603976,136.89008302378903,1
1945,19.897842835130938,19.709861325115533,151.15444454924244,1
1946,20.405392912172537,19.74745762711861,167.83880646671537,1
1947,20.912942989214137,19.68166409861322,5.942728869243987,1
1948,21.37349768875189,19.484283513097036,24.18039743733064,1
1949,21.805855161787328,19.202311248073926,41.85625016604201,1
1950,22.181818181818144,18.82634822804311,57.95241359538495,1
1951,22.435593220338944,18.3845916795069,72.29808143268427,1
1952,22.585978428351275,17.88644067796607,84.2535262537572,1
1953,22.623574730354356,17.360092449922927,96.16724991455898,1
1954,22.529583975346647,16.824345146379017,106.58095713286014,1
1955,22.313405238828928,16.288597842835106,116.99801128213426,1
1956,21.993836671802732,15.76224961479196,126.5297998868993,1
1957,21.580277349768835,15.292295839753441,137.16016864479775,1
1958,21.11032357473032,14.897534668721084,147.2098102654033,1
1959,20.61217257318949,14.606163328197201,158.75632918226623,1
1960,20.114021571648657,14.446379044684104,169.5618627361585,1
1961,19.625269645608594,14.427580893682563,1.6501703882690746,1
1962,19.183513097072385,14.512172573189497,12.80226871974744,1
1963,18.788751926040028,14.700154083204904,23.799876034149328,1
1964,18.440986132511522,14.972727272727246,35.19071471765556,1
1965,18.14021571648687,15.31109399075498,48.01395994118527,1
1966,17.933436055469922,15.687057010785797,60.5643676989422,1
1967,17.81124807395991,16.110015408320464,73.62232959286575,1
1968,17.783050847457595,16.551771956856676,85.4534064104724,1
1969,17.85824345146376,17.00292758089365,96.29800600131634,1
1970,18.06502311248071,17.444684129429863,107.19366547934891,1
1971,18.36579352850536,17.85824345146376,118.77302381512996,1
1972,18.732357473035407,18.187211093990722,133.1338119552746,1
1973,19.145916795069304,18.41278890600921,150.79154548085626,1
1974,19.615870570107823,18.487981510015373,170.95760736817294,1
1975,20.067026194144802,18.422187981509985,12.157057684555468,1
1976,20.489984591679473,18.206009244992266,31.514310173351507,1
1977,20.856548536209516,17.8770416024653,50.14679739103816,1
1978,21.13852080123263,17.463482280431403,67.36286635352438,1
1979,21.270107858243414,17.012326656394425,82.72870288990292,1
1980,21.270107858243414,16.532973805855136,97.1672263071668,1
1981,21.11972265023109,16.072419106317383,110.66590827653306,1
1982,20.87534668721106,15.696456086286569,124.49191685427382,1
1983,20.546379044684095,15.414483821263456,139.27932101038957,1
1984,20.151617873651738,15.245300462249588,154.297413147553,1
1985,19.747457627118614,15.188906009244965,170.15112390191297,1
1986,19.343297380585486,15.273497688751899,7.314938678124497,1
1987,18.957935285053896,15.423882896764226,25.026673738197534,1
1988,18.600770416024623,15.687057010785798,42.84681862087483,1
1989,18.31879815100151,16.034822804314302,59.29048116166329,1
1990,18.12141756548533,16.45778120184897,73.93075217738165,1
1991,18.06502311248071,16.89013867488441,87.09307585845433,1
1992,18.130816640986104,17.34129429892139,101.12257986333475,1
1993,18.33759630200305,17.717257318952203,116.10152606851437,1
1994,18.675963020030785,17.999229583975318,133.66749473804362,1
1995,19.089522342064683,18.14021571648687,155.7918665081432,1
1996,19.52187981510012,18.15901386748841,176.87903109338862,1
1997,19.95423728813556,18.04622496147917,18.69158886240639,1
1998,20.339599383667146,17.811248073959906,37.75333559460959,1
1999,20.640369799691797,17.44468412942986,54.56124581923429,1
2000,20.837750385207976,17.012326656394425,68.73989206910021,1
2001,20.931741140215678,16.523574730354362,80.84229901209478,1
2002,20.903543913713367,16.016024653312762,92.32616749378056,1
2003,20.77195685670258,15.50847457627116,103.91253284373356,1
2004,20.55577812018486,15.047919876733408,114.97929415085206,1
2005,20.273805855161754,14.643759630200284,127.1903814191229,1
2006,19.926040061633252,14.324191063174089,139.9914817152433,1
2007,19.53127889060089,14.07981510015406,153.38911256561707,1
2008,19.117719568566994,13.948228043143274,166.93450252034117,1
2009,18.675963020030785,13.938828967642502,1.4075141261342212,1
2010,18.253004622496114,14.042218798150978,15.217954533189783,1
2011,17.8770416024653,14.230200308166385,29.06990827291243,1
2012,17.56687211093988,14.512172573189497,43.03289257346563,1
2013,17.331895223420617,14.841140215716461,56.55197855225465,1
2014,17.19090909090906,15.235901386748816,68.22236358381245,1
2015,17.12511556240367,15.677657935285026,78.74779037673756,1
2016,17.143913713405208,16.166409861325086,88.5824241102246,1
2017,17.25670261941445,16.66456086286592,97.63643809227479,1
2018,17.454083204930633,17.16271186440675,108.11865967625343,1
2019,17.745454545454514,17.576271186440646,120.53330319223828,1
2020,18.12141756548533,17.8770416024653,135.90130670680742,1
2021,18.54437596302,18.018027734976855,154.17403890264018,1
2022,18.98613251155621,17.999229583975314,174.64393197300055,1
2023,19.409090909090878,17.830046224961443,21.610589464068948,1
2024,19.785053929121695,17.538674884437565,44.23771602664101,1
2025,20.095223420647116,17.12511556240367,60.020527238901124,1
2026,20.339599383667146,16.626964560862838,71.7025175951716,1
2027,20.489984591679473,16.072419106317383,80.69211005163926,1
2028,20.546379044684095,15.489676425269618,89.49447822439637,1
2029,20.489984591679473,14.916332819722623,99.52863613067572,1
2030,20.320801232665605,14.39938366718025,111.22859786755438,1
2031,20.038828967642495,13.967026194144813,123.83302328246418,1
2032,19.67226502311245,13.628659476117079,137.39317848843976,1
2033,19.23990755007701,13.38428351309705,151.269619969881,1
2034,18.760554699537717,13.224499229583952,163.150609726632,1
2035,18.224807395993803,13.13050847457625,173.79891794091245,1
2036,17.642064714946038,13.092912172573168,3.1258976574159987,1
2037,17.031124807395962,13.111710323574707,10.644888585840878,1
2038,16.42958397534666,13.196302003081644,16.354411612037524,1
2039,15.893836671802745,13.337288135593198,24.7135140248766,1
2040,15.433281972264998,13.562865947611687,33.46732433259626,1
2041,15.076117103235722,13.86363636363634,42.83222764937547,1
2042,14.81294298921415,14.220801232665616,52.233009323703435,1
2043,14.624961479198742,14.596764252696431,61.47705637225413,1
2044,14.465177195685646,15.047919876733411,68.72126814206068,1
2045,14.352388289676401,15.51787365177193,74.58651130423044,1
2046,14.295993836671778,16.00662557781199,80.6863789833921,1
2047,14.30539291217255,16.514175654853595,86.03707794483003,1
2048,14.380585516178712,17.040523882896736,92.65928913536666,1
2049,14.540369799691808,17.501078582434484,100.33824512196777,1
2050,14.803543913713378,17.90523882896761,109.8342952150796,1
2051,15.160708782742654,18.243605546995347,121.05925837413471,1
2052,15.602465331278864,18.497380585516147,135.45501910991277,1
2053,16.110015408320464,18.666563944530015,151.82907051853562,1
2054,16.65516178736515,18.751155624036947,168.45852062450243,1
2055,17.21910631741137,18.741756548536177,2.3297394829340408,1
2056,17.80184899845914,18.638366718027704,13.42039968724087,1
2057,18.32819722650228,18.459784283513066,22.858408624990645,1
2058,18.807550077041572,18.196610169491493,32.48847700264204,1
2059,19.23050847457624,17.83944530046222,43.408654155554125,1
2060,19.55007704160243,17.444684129429863,56.39551176395812,1
2061,19.73805855161784,16.98412942989211,70.27406949189948,1
2062,19.832049306625542,16.47657935285051,84.58566799100612,1
2063,19.803852080123235,15.940832049306598,99.47672753856328,1
2064,19.662865947611674,15.442681047765769,115.67496781830647,1
2065,19.437288135593185,14.982126348228018,131.88032129986402,1
2066,19.127118644067764,14.615562403697973,147.04882596928877,1
2067,18.741756548536177,14.33359013867486,158.76685129478946,1
2068,18.31879815100151,14.173805855161763,167.85154759180207,1
2069,17.86764252696453,14.10801232665637,175.48675465819656,1
2070,17.40708782742678,14.126810477657912,3.555517065028676,1
2071,16.94653312788903,14.239599383667159,12.204410342046957,1
2072,16.532973805855136,14.436979969183335,22.872370535505194,1
2073,16.138212634822775,14.700154083204907,33.89728570479319,1
2074,15.818644067796583,15.01032357473033,45.01747906206387,1
2075,15.574268104776554,15.367488443759603,56.22136408922107,1
2076,15.442681047765769,15.752850539291192,67.74804551863437,1
2077,15.395685670261916,16.128813559322005,79.86527991747754,1
2078,15.48027734976885,16.51417565485359,93.11048575151796,1
2079,15.658859784283488,16.91833590138672,106.48368248431872,1
2080,15.93143297380583,17.303697996918306,119.06812406172017,1
2081,16.288597842835102,17.63266563944527,131.60897748583932,1
2082,16.730354391371314,17.924036979969152,144.0469546264991,1
2083,17.247303543913684,18.14021571648687,155.93163374494955,1
2084,17.80184899845914,18.262403697996888,167.7989831617289,1
2085,18.39399075500767,18.290600924499195,178.69109274623622,1
2086,18.986132511556207,18.243605546995347,6.151049704878876,1
2087,19.559476117103202,18.1308166409861,13.915466135959614,1
2088,20.05762711864403,17.933436055469922,22.449643803596235,1
2089,20.48998459167947,17.660862865947582,31.576757193724482,1
2090,20.818952234206435,17.322496147919846,43.013229718331274,1
2091,21.044530046224924,16.90893682588595,56.658077302636684,1
2092,21.176117103235715,16.43898305084743,69.35838849393207,1
2093,21.223112480739566,15.950231124807368,80.8338287242714,1
2094,21.16671802773494,15.461479198767307,90.95973675550495,1
2095,21.006933744221847,15.000924499229559,101.85074771948149,1
2096,20.771956856702587,14.606163328197201,114.57825685737292,1
2097,20.43359013867485,14.286594761171008,129.59092357020074,1
2098,20.02003081664095,14.051617873651747,146.7262762708753,1
2099,19.559476117103205,13.920030816640963,162.4175841100587,1
2100,19.089522342064683,13.882434514637879,176.1251091057389,1
2101,18.610169491525394,13.938828967642504,8.463143393317777,1
2102,18.149614791987645,14.089214175654828,20.040021610692197,1
2103,17.736055469953747,14.305392912172547,31.01419739471259,1
2104,17.388289676425238,14.577966101694889,42.62135524792845,1
2105,17.087519260400587,14.935130970724165,51.810288130895145,1
2106,16.852542372881327,15.329892141756522,61.428343245820614,1
2107,16.71155624036977,15.752850539291188,71.4671482562642,1
2108,16.66456086286592,16.213405238828937,83.96998258087068,1
2109,16.71155624036977,16.66456086286592,98.22342866160243,1
2110,16.91833590138672,17.049922958397502,116.54589871371532,1
2111,17.237904468412914,17.360092449922927,136.59272553936222,1
2112,17.63266563944527,17.55747303543911,156.87822973709692,1
2113,18.06502311248071,17.613867488443727,176.52529583196673,1
2114,18.497380585516147,17.529275808936795,15.654383847884759,1
2115,18.854545454545423,17.30369799691831,33.75002550594923,1
2116,19.127118644067764,16.94653312788903,51.32099299988131,1
2117,19.29630200308163,16.50477657935282,68.43050166732013,1
2118,19.343297380585483,15.997226502311221,85.18149466711331,1
2119,19.258705701078547,15.489676425269618,102.67061733843508,1
2120,19.070724191063142,15.03852080123264,121.299787673281,1
2121,18.779352850539258,14.709553158705674,142.199568826398,1
2122,18.422187981509985,14.483975346687185,164.01486042556485,1
2123,18.018027734976858,14.399383667180254,1.4903930426295273,1
2124,17.61386748844373,14.427580893682563,14.093041964612121,1
2125,17.219106317411374,14.549768875192578,23.14301530999427,1
2126,16.861941448382098,14.737750385207988,31.25429046389554,1
2127,16.551771956856673,15.01032357473033,39.56237000400817,1
2128,16.335593220338954,15.348690292758064,50.52054416056702,1
2129,16.20400616332817,15.752850539291192,64.73933918254247,1
2130,16.166409861325086,16.18520801232663,79.67824105573348,1
2131,16.23220338983048,16.65516178736515,93.61636885431672,1
2132,16.41078582434512,17.134514637904438,106.38697828614582,1
2133,16.66456086286592,17.57627118644065,117.12860740577662,1
2134,17.002927580893655,17.952234206471463,128.15532270588295,1
2135,17.416486902927552,18.271802773497658,140.02864484212736,1
2136,17.90523882896761,18.497380585516147,152.63167031717657,1
2137,18.431587057010756,18.61016949152539,165.03500536074546,1
2138,18.9579352850539,18.61956856702616,178.73860897882994,1
2139,19.446687211093955,18.525577812018458,13.306720670464022,1
2140,19.860246533127857,18.309399075500743,29.37213224255325,1
2141,20.151617873651738,17.999229583975314,46.83415303699897,1
2142,20.320801232665605,17.576271186440646,65.17046461435629,1
2143,20.39599383667177,17.078120184899817,81.3070045254591,1
2144,20.367796610169457,16.523574730354362,95.51552166654375,1
2145,20.23620955315867,15.959630200308137,107.34448736644296,1
2146,20.02003081664095,15.386286594761145,115.51976100813071,1
2147,19.738058551617844,14.859938366718003,122.71008497322626,1
2148,19.399691833590104,14.39938366718025,128.74798334436073,1
2149,19.02372881355929,14.023420647149436,134.6568276762618,1
2150,18.619568567026164,13.741448382126325,142.28123051529036,1
2151,18.206009244992266,13.553466872110917,152.47363667383837,1
2152,17.783050847457595,13.478274268104752,163.7650836404913,1
2153,17.341294298921387,13.506471494607064,175.934919456504,1
2154,16.89953775038518,13.619260400616309,6.725433237748882,1
2155,16.46718027734974,13.807241910631717,17.114324920694223,1
2156,16.044221879815076,14.070416024653287,27.211384170620413,1
2157,15.668258859784256,14.371186440677942,36.52400169749303,1
2158,15.348690292758064,14.709553158705678,47.22157294901972,1
2159,15.104314329738031,15.085516178736492,58.35516090969521,1
2160,14.944530046224935,15.489676425269618,67.97504028084659,1
2161,14.878736517719542,15.912634822804288,77.26441253460679,1
2162,14.897534668721084,16.354391371340498,86.65154888063783,1
2163,15.01032357473033,16.777349768875165,96.10473006434306,1
2164,15.217103235747278,17.17211093990752,107.27415359014972,1
2165,15.527272727272699,17.510477657935255,119.71415306779718,1
2166,15.922033898305056,17.783050847457595,133.26088489837466,1
2167,16.382588597842805,17.971032357473,147.55879889581405,1
2168,16.89013867488441,18.07442218798148,160.48289030294617,1
2169,17.435285053929093,18.112018489984557,172.39360289098838,1
2170,17.980431432973777,18.074422187981476,3.0783115751156234,1
2171,18.48798151001538,17.971032357473003,13.186304503414025,1
2172,18.948536209553126,17.80184899845914,23.62171978532757,1
2173,19.343297380585483,17.566872110939876,36.032391552534186,1
2174,19.644067796610138,17.228505392912144,49.13470939559642,1
2175,19.822650231124776,16.814946070878246,63.12763856798277,1
2176,19.907241910631704,16.354391371340494,76.44388433031739,1
2177,19.879044684129394,15.846841294298894,88.82040617725369,1
2178,19.75685670261938,15.311093990754983,100.55529231962132,1
2179,19.54067796610166,14.81294298921415,112.07106298784771,1
2180,19.258705701078547,14.380585516178712,124.74837326817538,1
2181,18.920338983050815,14.023420647149436,138.51232884258525,1
2182,18.54437596302,13.788443759630178,154.04298491101733,1
2183,18.14021571648687,13.685053929121704,169.46476920446602,1
2184,17.717257318952203,13.703852080123244,3.7676947329671635,1
2185,17.313097072419076,13.82604006163326,16.25282667076202,1
2186,16.93713405238826,14.02342064714944,28.33234282055345,1
2187,16.617565485362064,14.29599383667178,38.90726730430371,1
2188,16.382588597842805,14.624961479198742,50.95894783937673,1
2189,16.23220338983048,15.019722650231099,61.93832944424368,1
2190,16.15701078582432,15.433281972264997,72.55877467678353,1
2191,16.166409861325086,15.884437596301975,81.9427973991598,1
2192,16.260400616332795,16.335593220338957,91.85132527068065,1
2193,16.429583975346656,16.786748844375932,101.84512549521564,1
2194,16.68335901386746,17.17211093990752,113.50048394122298,1
2195,17.021725731895195,17.51987673343603,125.4841698860706,1
2196,17.463482280431403,17.792449922958365,139.24681200509474,1
2197,17.933436055469922,17.961633281972233,153.4642831702501,1
2198,18.422187981509985,18.008628659476084,167.64761675571918,1
2199,18.92033898305082,17.961633281972233,3.1266570679724626,1
2200,19.399691833590104,17.80184899845914,19.809399760070633,1
2201,19.785053929121695,17.510477657935255,36.30359266754476,1
2202,20.095223420647116,17.143913713405208,53.084903621080755,1
2203,20.302003081664065,16.720955315870544,69.03984060368109,1
2204,20.377195685670227,16.26040061633279,83.59268145294511,1
2205,20.330200308166376,15.781047765793502,96.89106139509833,1
2206,20.17981510015405,15.32049306625575,109.80771809159602,1
2207,19.926040061633245,14.888135593220312,122.36257017483472,1
2208,19.578274268104742,14.521571648690266,136.1202234032458,1
2209,19.183513097072385,14.230200308166385,150.77326370057153,1
2210,18.751155624036947,14.051617873651747,165.76495901130903,1
2211,18.29999999999997,14.004622496147897,0.3976603410943704,1
2212,17.867642526964527,14.061016949152517,13.533070250388974,1
2213,17.472881355932174,14.220801232665616,25.100442099215677,1
2214,17.115716486902897,14.455778120184874,35.0687747006618,1
2215,16.814946070878243,14.747149460708759,44.677615164737354,1
2216,16.570570107858213,15.09491525423726,54.12837051886082,1
2217,16.39198767334358,15.489676425269618,63.3623612200188,1
2218,16.288597842835102,15.922033898305056,72.38647091659064,1
2219,16.26040061633279,16.363790446841268,81.91856867723742,1
2220,16.326194144838183,16.852542372881327,91.40513632397102,1
2221,16.495377503852055,17.350693374422157,99.76572868239992,1
2222,16.73975346687208,17.8770416024653,108.1397462612507,1
2223,17.059322033898276,18.39399075500767,115.55399699615049,1
2224,17.435285053929093,18.910939907550045,121.34615185905567,1
2225,17.839445300462224,19.362095531587023,126.18308306304536,1
2226,18.262403697996888,19.70986132511553,134.11592894385007,1
2227,18.732357473035403,19.93543913713402,144.16793486985847,1
2228,19.230508474576236,20.038828967642495,157.636805923758,1
2229,19.73805855161784,20.02003081664095,175.23930250685376,1
2230,20.25500770416021,19.869645608628623,13.59017854201074,1
2231,20.753158705701047,19.625269645608597,30.12478332703917,1
2232,21.185516178736485,19.305701078582402,45.57561576442853,1
2233,21.514483821263447,18.92033898305082,59.70084397569137,1
2234,21.749460708782706,18.459784283513066,72.33575345318908,1
2235,21.852850539291175,17.961633281972233,84.4000255162537,1
2236,21.84345146379041,17.444684129429863,95.57026007419056,1
2237,21.721263482280396,16.93713405238826,106.44428493120773,1
2238,21.523882896764214,16.47657935285051,117.98928268761429,1
2239,21.241910631741103,16.119414483821238,131.42401177463023,1
2240,20.90354391371337,15.893836671802745,146.91185006189244,1
2241,20.536979969183324,15.799845916795041,164.21719479016633,1
2242,20.17041602465328,15.828043143297354,1.6632020631910616,1
2243,19.813251155624005,15.97842835130968,18.70511764705923,1
2244,19.50308166409858,16.22280431432971,35.60304021986152,1
2245,19.258705701078547,16.532973805855132,51.82843486992255,1
2246,19.070724191063142,16.91833590138672,66.4797329544861,1
2247,18.986132511556207,17.3694915254237,79.40990818913492,1
2248,19.00493066255775,17.85824345146376,91.06370387183517,1
2249,19.136517719568538,18.35639445300459,101.8303554412444,1
2250,19.371494607087794,18.863944530046194,113.80954715747849,1
2251,19.72865947611707,19.324499229583942,126.0886684806168,1
2252,20.151617873651738,19.691063174113985,139.3654809362048,1
2253,20.630970724191027,19.93543913713402,153.60895177637815,1
2254,21.10092449922955,20.067026194144802,168.84108846340504,1
2255,21.599075500770375,20.03882896764249,4.846179425046743,1
2256,22.0690292758089,19.888443759630167,21.243994509216638,1
2257,22.51078582434511,19.615870570107823,35.18905602187124,1
2258,22.905546995377467,19.24930662557778,47.79613472386181,1
2259,23.25331278890597,18.788751926040028,59.97890924142908,1
2260,23.497688751926002,18.28120184899843,70.9426998835256,1
2261,23.657473035439104,17.726656394452974,82.64803779073144,1
2262,23.70446841294295,17.162711864406752,95.62929019874362,1
2263,23.638674884437556,16.626964560862838,107.97298464390603,1
2264,23.478890600924462,16.16640986132509,120.27069646797342,1
2265,23.215716486902885,15.781047765793502,133.29797512221967,1
2266,22.85855161787361,15.489676425269618,146.64343507783047,1
2267,22.463790446841255,15.31109399075498,159.81792484636586,1
2268,22.031432973805817,15.22650231124805,172.89133880424563,1
2269,21.59907550077038,15.226502311248046,5.476799786996834,1
2270,21.19491525423725,15.320493066255754,17.32469049784723,1
2271,20.81895223420644,15.51787365177193,29.051719859994115,1
2272,20.508782742681014,15.790446841294273,42.401812978593384,1
2273,20.292604006163295,16.128813559322005,56.93955042602423,1
2274,20.17981510015405,16.551771956856673,71.11973711992468,1
2275,20.170416024653278,17.021725731895195,84.08122393084486,1
2276,20.292604006163295,17.491679506933714,95.58754462919494,1
2277,20.51818181818178,17.971032357473007,106.74254436498425,1
2278,20.837750385207976,18.412788906009215,118.52792509396102,1
2279,21.232511556240333,18.77935285053926,132.43575963965532,1
2280,21.711864406779625,19.051926040061602,147.86243960645635,1
2281,22.219414483821225,19.221109399075466,162.75749021310497,1
2282,22.708166409861285,19.258705701078547,177.11030421753557,1
2283,23.159322033898267,19.192912172573156,12.184411333143762,1
2284,23.554083204930624,18.986132511556207,28.094503759140892,1
2285,23.873651771956816,18.666563944530015,45.617815748954634,1
2286,24.108628659476075,18.253004622496118,61.52296661424435,1
2287,24.259013867488402,17.792449922958365,74.15679788042844,1
2288,24.324807395993794,17.284899845916765,84.56175103537377,1
2289,24.296610169491483,16.767950693374395,94.07469007823414,1
2290,24.15562403697993,16.279198767334332,104.32902651044519,1
2291,23.92064714946067,15.837442218798122,116.00967797020263,1
2292,23.601078582434475,15.433281972264997,129.23515231370953,1
