frame,x_cm,y_cm,theta,detected
300,14.221910112359518,4.540730337078641,77.12995147705078,0
301,14.221910112359518,4.540730337078641,77.12995147705078,0
302,14.221910112359518,4.540730337078641,77.12995147705078,0
303,14.221910112359518,4.540730337078641,77.12995147705078,0
304,14.187640449438168,4.4464887640449335,77.12995147705078,0
305,14.136235955056147,4.223735955056171,77.12995147705078,1
306,14.024859550561766,3.8981741573033615,78.35547637939453,1
307,13.810674157303339,3.461235955056172,80.3445816040039,1
308,13.622191011235923,3.05856741573033,81.6101303100586,1
309,13.330898876404465,2.6473314606741516,119.76377868652345,1
310,13.15955056179772,2.433146067415725,136.5869903564453,1
311,12.55126404494379,2.03904494382022,149.85675048828125,1
312,12.020084269662894,1.8162921348314565,134.18435668945312,1
313,11.38609550561795,1.5935393258426929,82.65831756591797,1
314,10.81207865168537,1.5421348314606707,126.2770462036133,1
315,10.100983146067394,1.5078651685393225,139.87161254882812,1
316,9.852528089887619,1.8505617977528046,154.8829345703125,1
317,9.621207865168518,2.2103932584269614,174.92648315429688,1
318,9.484129213483126,2.630196629213477,10.370712280273438,1
319,9.44129213483144,3.0757022471910043,40.1385383605957,1
320,9.475561797752789,3.5554775280898796,63.456844329833956,1
321,9.612640449438182,3.975280898876396,65.46334838867188,1
322,9.801123595505597,4.3008426966292035,81.10928344726562,1
323,10.049578651685371,4.626404494382012,91.64225006103516,1
324,10.358005617977506,4.926264044943809,107.56926727294928,1
325,10.709269662921324,5.18328651685392,119.04833221435547,1
326,11.060533707865144,5.440308988764033,125.57161712646484,1
327,11.446067415730312,5.748735955056167,128.49835205078125,1
328,11.848735955056153,5.988623595505605,139.92936706542974,1
329,12.234269662921319,6.1514044943820085,149.01483154296875,1
330,12.619803370786489,6.185674157303357,159.515380859375,1
331,13.05674157303368,6.134269662921335,173.18995666503906,1
332,13.613623595505587,5.911516853932571,17.027629852294922,1
333,14.119101123595474,5.568820224719088,39.80825042724604,1
334,14.633146067415698,5.123314606741562,59.59326171875,1
335,15.070084269662889,4.652106741573023,60.94873046875,1
336,15.378511235955022,4.138061797752799,61.55325698852539,1
337,15.447050561797719,3.6925561797752726,67.89045715332031,1
338,15.421348314606707,3.272752808988757,85.13541412353516,1
339,15.267134831460641,2.8957865168539265,97.82321166992188,1
340,15.052949438202214,2.5445224719101067,111.84750366210938,1
341,14.778792134831429,2.2446629213483096,125.1434326171875,1
342,14.436095505617946,1.9790730337078606,141.94004821777344,1
343,14.033426966292103,1.7648876404494345,158.45787048339855,1
344,13.57935393258424,1.6192415730337042,169.6542510986328,1
345,13.065308988764016,1.550702247191008,176.89932250976562,1
346,12.516994382022443,1.5507022471910077,4.897365093231201,1
347,11.977247191011207,1.6363764044943783,12.644842147827148,1
348,11.480337078651658,1.7991573033707824,19.084321975708008,1
349,11.03483146067413,2.047612359550557,26.717824935913086,1
350,10.69213483146065,2.33033707865168,36.295501708984375,1
351,10.443679775280875,2.6901685393258368,56.28384017944336,1
352,10.323735955056156,3.0842696629213413,70.71845245361328,1
353,10.31516853932582,3.49550561797752,77.14916229248047,1
354,10.417977528089864,3.889606741573025,91.80380249023438,1
355,10.60646067415728,4.292275280898867,102.5986328125,1
356,10.87205056179773,4.63497191011235,110.20592498779297,1
357,11.206179775280875,4.926264044943809,125.8526382446289,1
358,11.59171348314604,5.140449438202235,136.47543334960938,1
359,12.054353932584243,5.268960674157292,159.4330596923828,1
360,12.525561797752781,5.294662921348303,0.2842661440372467,1
361,13.005337078651655,5.217556179775269,19.77747344970703,1
362,13.502247191011204,4.9776685393258315,40.224998474121094,1
363,13.939185393258395,4.643539325842686,48.70941162109375,1
364,14.264747191011205,4.232303370786507,61.779029846191406,1
365,14.50463483146064,3.752528089887632,71.01616668701172,1
366,14.641713483146034,3.2127808988763973,81.22334289550781,1
367,14.650280898876371,2.8101123595505557,93.02348327636719,1
368,14.616011235955023,2.5359550561797697,97.84746551513672,1
369,14.504634831460644,2.3217696629213433,115.47161102294922,1
370,14.299016853932551,2.176123595505613,128.2692108154297,1
371,14.033426966292103,2.1332865168539277,145.6832733154297,1
372,13.690730337078623,2.0818820224719055,156.69422912597656,1
373,13.262359550561769,2.021910112359546,168.68621826171875,1
374,12.816853932584241,2.03904494382022,0.658540666103363,1
375,12.388483146067387,2.1504213483146017,5.978497505187988,1
376,12.011516853932557,2.3389044943820174,21.10943603515625,1
377,11.711657303370758,2.604494382022466,37.312290191650504,1
378,11.497471910112333,2.9471910112359483,52.03151702880848,1
379,11.377528089887615,3.3669943820224644,66.15271759033203,1
380,11.368960674157277,3.803932584269654,80.34762573242176,1
381,11.446067415730312,4.275140449438193,92.07136535644531,1
382,11.608848314606716,4.737780898876394,102.5147933959961,1
383,11.874438202247164,5.149016853932573,113.94725036621082,1
384,12.217134831460646,5.483146067415719,126.2121353149414,1
385,12.636938202247162,5.748735955056167,142.4815216064453,1
386,13.133848314606713,5.911516853932571,164.45957946777344,1
387,13.69073033707862,5.97148876404493,3.956393241882324,1
388,14.230477528089855,5.920084269662908,12.44677448272705,1
389,14.735955056179742,5.740168539325829,15.961005210876465,1
390,15.164325842696595,5.457443820224706,29.404359817504883,1
391,15.49845505617974,5.063342696629202,49.21296691894531,1
392,15.738342696629179,4.57499999999999,64.29491424560547,1
393,15.926825842696593,4.0266853932584175,80.64031982421875,1
394,16.07247191011232,3.418398876404487,85.90863037109375,1
395,16.209550561797716,2.9728932584269594,90.62503051757812,1
396,16.252387640449403,2.6044943820224664,98.0417251586914,1
397,16.26095505617974,2.3389044943820174,116.41828918457031,1
398,16.158146067415693,2.1589887640449392,134.51785278320312,1
399,15.93539325842693,2.1075842696629166,155.9600067138672,1
400,15.592696629213446,1.9962078651685347,168.7373809814453,1
401,15.215730337078616,1.9448033707865124,170.11924743652344,1
402,14.753089887640417,1.9619382022471867,176.6592254638672,1
403,14.307584269662888,2.0561797752808944,12.192106246948242,1
404,13.904915730337047,2.2446629213483096,21.11578941345215,1
405,13.54508426966289,2.5102528089887586,31.643827438354492,1
406,13.245224719101094,2.835814606741567,43.748802185058594,1
407,13.02247191011233,3.1956460674157228,57.0961799621582,1
408,12.859691011235928,3.632584269662913,70.22660064697266,1
409,12.765449438202218,4.112359550561789,75.9899673461914,1
410,12.756882022471881,4.592134831460664,82.2208251953125,1
411,12.842556179775253,5.071910112359539,91.87158203125,1
412,12.98820224719098,5.525983146067404,104.38146209716797,1
413,13.253792134831428,5.902949438202234,117.42900085449219,1
414,13.647893258426937,6.17710674157302,143.1479949951172,1
415,14.110533707865136,6.331320224719088,154.2803955078125,1
416,14.581741573033673,6.348455056179761,178.64271545410156,1
417,15.104353932584235,6.228511235955041,11.61790657043457,1
418,15.566994382022438,5.980056179775268,24.701875686645508,1
419,15.93539325842693,5.620224719101111,40.190940856933594,1
420,16.226685393258393,5.174719101123584,51.97343063354492,1
421,16.475140449438165,4.686376404494371,65.82438659667969,1
422,16.63792134831457,4.155196629213473,80.21831512451172,1
423,16.75786516853929,3.598314606741565,80.39598083496094,1
424,16.826404494381983,3.0671348314606672,78.54271697998047,1
425,16.886376404494342,2.655898876404488,82.68943786621094,1
426,16.937780898876365,2.304634831460669,79.9775390625,1
427,16.98918539325839,2.0647471910112314,74.007568359375,1
428,17.049157303370748,1.9362359550561756,68.1672592163086,1
429,17.12626404494378,1.867696629213479,65.30645751953125,1
430,17.220505617977487,1.7991573033707826,58.454898834228516,1
431,17.340449438202207,1.739185393258423,60.16426467895508,1
432,17.503230337078612,1.6706460674157266,53.32865524291992,1
433,17.717415730337038,1.567837078651682,48.51072311401367,1
434,18.000140449438163,1.430758426966289,40.767662048339844,1
435,18.317134831460635,1.2679775280898848,37.872135162353516,1
436,18.67696629213479,1.1137640449438178,30.269582748413086,1
437,19.04536516853928,0.9595505617977507,21.686864852905273,1
438,19.413764044943775,0.8310393258426947,16.889780044555664,1
439,19.80786516853928,0.7367977528089871,11.678179740905762,1
440,20.236235955056134,0.6596910112359535,10.331610679626465,1
441,20.66460674157299,0.6082865168539312,4.798887729644775,1
442,21.10154494382018,0.591151685393257,3.1591429710388184,1
443,21.58988764044939,0.58258426966292,0.6787435412406921,1
444,22.103932584269614,0.5997191011235941,1.2332026958465576,1
445,22.617977528089835,0.6511235955056165,170.71923828125,1
446,23.157724719101072,0.72823033707865,170.78750610351562,1
447,23.731741573033656,0.8310393258426949,166.03311157226562,1
448,24.297191011235903,0.9681179775280878,159.99656677246094,1
449,24.845505617977473,1.1137640449438178,159.48915100097656,1
450,25.402387640449383,1.2594101123595478,158.58580017089844,1
451,25.950702247190954,1.4050561797752779,159.6089324951172,1
452,26.533286516853877,1.559269662921345,162.61657714843727,1
453,27.073033707865108,1.7049157303370748,165.5138702392578,1
454,27.44999999999994,1.8419943820224678,170.05838012695312,1
455,27.724157303370724,1.9876404494381976,169.2267303466797,1
456,27.91264044943814,2.1332865168539277,164.55270385742188,1
457,28.015449438202182,2.2789325842696577,162.3472900390625,1
458,28.083988764044882,2.441713483146062,158.24575805664062,1
459,28.212499999999938,2.6387640449438146,156.4826202392578,1
460,28.366713483146004,2.861516853932578,145.29881286621094,1
461,28.52092696629207,3.1271067415730265,137.21241760253906,1
462,28.649438202247126,3.426966292134824,130.2244415283203,1
463,28.77794943820218,3.778230337078644,123.58881378173828,1
464,28.932162921348247,4.172331460674148,116.27574157714844,1
465,29.069241573033644,4.566432584269653,111.28842163085938,1
466,29.206320224719036,4.994803370786506,106.83184051513672,1
467,29.334831460674092,5.466011235955045,102.61550903320312,1
468,29.4290730337078,5.920084269662908,92.7652587890625,1
469,29.489044943820158,6.348455056179761,98.09953308105469,1
470,29.540449438202177,6.802528089887625,95.41571044921875,1
471,29.566151685393187,7.222331460674141,94.86909484863281,1
472,29.557584269662858,7.590730337078634,94.70026397705078,1
473,29.549016853932518,7.967696629213465,97.85244750976562,1
474,29.56615168539319,8.387499999999982,89.32272338867188,1
475,29.54044943820218,8.781601123595486,94.76246643066406,1
476,29.497612359550494,9.175702247190992,97.09215545654297,1
477,29.454775280898808,9.561235955056159,91.87334442138672,1
478,29.411938202247125,9.946769662921326,91.96817779541016,1
479,29.343398876404432,10.315168539325821,92.0990219116211,1
480,29.31769662921342,10.717837078651662,91.14920043945312,1
481,29.34339887640443,11.154775280898852,91.93756866455078,1
482,29.38623595505611,11.617415730337052,90.86366271972656,1
483,29.446207865168475,12.122893258426938,93.25357818603516,1
484,29.497612359550494,12.679775280898848,89.29157257080078,1
485,29.549016853932518,13.288061797752778,91.24856567382812,1
486,29.583286516853867,13.947752808988733,87.8067398071289,1
487,29.643258426966224,14.667415730337046,88.25090789794922,1
488,29.703230337078583,15.378511235955022,89.66265869140625,1
489,29.77176966292128,16.029634831460637,96.57795715332031,1
490,29.848876404494312,16.620786516853894,95.48127746582031,1
491,29.90884831460668,17.143398876404454,96.47500610351562,1
492,29.951685393258362,17.60603932584266,93.65129089355469,1
493,29.968820224719035,18.017275280898836,97.53849792480469,1
494,29.994522471910045,18.402808988764004,97.03605651855469,1
495,29.994522471910045,18.779775280898836,96.00933837890625,1
496,30.003089887640378,19.156741573033663,98.83515930175781,1
497,29.994522471910045,19.525140449438158,98.11410522460938,1
498,29.994522471910045,19.884971910112316,101.45860290527344,1
499,30.020224719101055,20.270505617977484,101.95923614501953,1
500,30.063061797752745,20.65603932584265,99.05908966064453,1
501,30.11446629213476,21.024438202247143,98.00601196289062,1
502,30.15730337078645,21.375702247190965,96.35357666015625,1
503,30.20014044943813,21.744101123595456,95.61668395996094,1
504,30.225842696629144,22.095365168539274,94.38613891601562,1
505,30.234410112359477,22.43806179775276,96.94454193115234,1
506,30.234410112359477,22.7721910112359,98.25569915771484,1
507,30.242977528089817,23.11488764044939,95.52385711669922,1
508,30.260112359550494,23.44901685393253,97.89425659179688,1
509,30.260112359550494,23.791713483146015,97.75261688232422,1
510,30.260112359550494,24.125842696629157,96.78437042236328,1
511,30.268679775280827,24.45140449438197,98.1390609741211,1
512,30.285814606741503,24.776966292134773,99.59649658203125,1
513,30.294382022471844,25.093960674157245,96.554443359375,1
514,30.320084269662857,25.393820224719043,96.41485595703125,1
515,30.371488764044877,25.693679775280838,93.02631378173828,1
516,30.397191011235883,25.976404494381967,98.98934936523438,1
517,30.431460674157233,26.25056179775275,100.1597900390625,1
518,30.465730337078583,26.524719101123537,96.7582778930664,1
519,30.474297752808916,26.790308988763986,95.65109252929688,1
520,30.44859550561791,27.055898876404434,96.21014404296875,1
521,30.44859550561791,27.35575842696623,98.86927032470703,1
522,30.38862359550555,27.647050561797688,97.1730728149414,1
523,30.294382022471844,27.921207865168476,97.7801742553711,1
524,30.191573033707794,28.22106741573027,91.8513412475586,1
525,30.105898876404428,28.49522471910106,86.76466369628906,1
526,30.003089887640378,28.70084269662915,89.7951431274414,1
527,29.925983146067352,28.863623595505555,84.78285217285156,1
528,29.857443820224653,29.000702247190947,82.34493255615234,1
529,29.77176966292128,29.07780898876398,82.83524322509766,1
530,29.6603932584269,29.146348314606676,75.16336059570312,1
531,29.514747191011175,29.197752808988696,68.45551300048828,1
532,29.343398876404432,29.266292134831396,65.32435607910156,1
533,29.163483146067353,29.35196629213476,55.737613677978516,1
534,28.949297752808924,29.4290730337078,51.96171569824219,1
535,28.70084269662915,29.514747191011168,48.721744537353516,1
536,28.452387640449377,29.63469101123589,44.544185638427734,1
537,28.19536516853926,29.728932584269597,42.12968826293945,1
538,27.91264044943814,29.814606741572966,39.917083740234375,1
539,27.63848314606735,29.925983146067345,34.1983642578125,1
540,27.372893258426906,30.037359550561728,24.778615951538086,1
541,27.081601123595448,30.15730337078645,27.893274307250977,1
542,26.77317415730331,30.294382022471844,19.975976943969727,1
543,26.464747191011178,30.4228932584269,13.081934928894043,1
544,26.156320224719046,30.534269662921282,9.314488410949707,1
545,25.84789325842691,30.61994382022465,9.013001441955566,1
546,25.548033707865113,30.67134831460667,0.3540058135986328,1
547,25.26530898876399,30.70561797752802,4.838807106018066,1
548,24.991151685393202,30.731320224719035,12.200127601623535,1
549,24.70842696629208,30.73988764044937,9.688939094543457,1
550,24.41713483146062,30.731320224719035,5.9067606925964355,1
551,24.117275280898824,30.731320224719035,4.381546497344971,1
552,23.791713483146015,30.722752808988695,179.41705322265625,1
553,23.440449438202194,30.67991573033701,9.456635475158691,1
554,23.089185393258376,30.63707865168532,3.875352621078491,1
555,22.729353932584218,30.5856741573033,179.17074584960938,1
556,22.386657303370736,30.482865168539256,2.818288803100586,1
557,22.069662921348264,30.371488764044877,5.746516704559326,1
558,21.76123595505613,30.302949438202177,176.06993103027344,1
559,21.444241573033658,30.260112359550494,174.70677185058594,1
560,21.127247191011186,30.277247191011167,175.15298461914062,1
561,20.801685393258378,30.345786516853867,7.879183769226074,1
562,20.476123595505573,30.44002808988757,25.117534637451172,1
563,20.167696629213438,30.499999999999932,21.817150115966797,1
564,19.884971910112313,30.534269662921275,20.263751983642578,1
565,19.619382022471864,30.508567415730266,11.205058097839355,1
566,19.34522471910108,30.499999999999932,13.565157890319824,1
567,19.05393258426962,30.517134831460606,8.864337921142578,1
568,18.788342696629172,30.534269662921282,2.3365633487701416,1
569,18.53132022471906,30.431460674157233,11.885543823242188,1
570,18.26573033707861,30.268679775280827,171.5847625732422,1
571,18.000140449438163,30.01165730337072,162.5714874267578,1
572,17.74311797752805,29.66896067415724,143.90284729003906,1
573,17.434691011235916,29.31769662921342,136.041259765625,1
574,17.083426966292098,29.060674157303303,140.5184783935547,1
575,16.697893258426927,28.863623595505555,158.82717895507812,1
576,16.269522471910076,28.75224719101117,172.90264892578125,1
577,15.815449438202211,28.70084269662915,179.92816162109375,1
578,15.344241573033674,28.70084269662915,11.903289794921875,1
579,14.873033707865137,28.74367977528083,21.214656829833984,1
580,14.393258426966261,28.83792134831454,18.27804183959961,1
581,13.939185393258395,28.949297752808924,21.80083465576172,1
582,13.485112359550532,29.094943820224653,26.4103946685791,1
583,13.039606741573005,29.266292134831396,23.39926528930664,1
584,12.61123595505615,29.463342696629148,26.944988250732422,1
585,12.242837078651657,29.60898876404488,40.207515716552734,1
586,11.89157303370784,29.754634831460606,45.54585647583008,1
587,11.56601123595503,29.88314606741567,33.05921173095703,1
588,11.266151685393234,29.960252808988702,35.7714958190918,1
589,10.966292134831436,30.011657303370725,34.851627349853516,1
590,10.640730337078628,30.080196629213418,31.74298858642578,1
591,10.306601123595483,30.1230337078651,29.40427017211914,1
592,9.955337078651663,30.165870786516784,23.47282600402832,1
593,9.604073033707845,30.20870786516847,21.769115447998047,1
594,9.244241573033689,30.260112359550494,23.082921981811523,1
595,8.88441011235953,30.294382022471844,23.979129791259766,1
596,8.524578651685374,30.328651685393186,26.901399612426758,1
597,8.156179775280881,30.337219101123527,21.48068618774414,1
598,7.779213483146049,30.354353932584207,20.59770393371582,1
599,7.402247191011218,30.345786516853867,23.80497932434082,1
600,7.025280898876389,30.33721910112353,29.02068328857422,1
601,6.6483146067415575,30.345786516853867,28.227651596069336,1
602,6.288483146067401,30.37148876404488,23.369670867919922,1
603,5.937219101123582,30.380056179775217,25.379188537597656,1
604,5.5945224719101,30.38862359550555,23.76137351989746,1
605,5.260393258426954,30.4228932584269,25.83708953857422,1
606,4.943398876404483,30.431460674157233,18.600385665893555,1
607,4.617837078651675,30.43146067415724,20.983497619628906,1
608,4.283707865168529,30.44859550561791,13.662858009338379,1
609,3.9667134831460578,30.45716292134825,15.145313262939453,1
610,3.6582865168539245,30.414325842696563,13.690995216369629,1
611,3.3584269662921273,30.345786516853867,14.941789627075195,1
612,3.1271067415730265,30.268679775280834,0.4249241054058075,1
613,2.964325842696623,30.183005617977464,179.7061004638672,1
614,2.861516853932578,30.08876404494375,175.9906463623047,1
615,2.7929775280898816,30.01165730337072,177.36074829101562,1
616,2.715870786516848,29.925983146067345,168.04441833496094,1
617,2.6387640449438146,29.788904494381956,152.59654235839844,1
618,2.5359550561797692,29.591853932584208,141.59088134765625,1
619,2.364606741573028,29.343398876404432,129.2043914794922,1
620,2.176123595505613,29.060674157303303,117.23384857177734,1
621,2.0047752808988717,28.76081460674151,115.92928314208984,1
622,1.8334269662921308,28.452387640449377,109.93672180175781,1
623,1.6706460674157264,28.14396067415724,105.34883117675781,1
624,1.5335674157303338,27.809831460674094,100.650634765625,1
625,1.3879213483146038,27.467134831460612,97.48734283447266,1
626,1.2508426966292108,27.12443820224713,101.47335815429688,1
627,1.1051966292134807,26.756039325842636,96.12604522705078,1
628,0.9766853932584247,26.38764044943814,88.53862762451172,1
629,0.87387640449438,26.053511235955,88.45457458496094,1
630,0.7967696629213464,25.727949438202188,90.33208465576172,1
631,0.7624999999999982,25.40238764044938,88.27285766601562,1
632,0.7453651685393241,25.093960674157245,87.5959701538086,1
633,0.719662921348313,24.794101123595446,84.19979858398438,1
634,0.711095505617976,24.50280898876399,87.23855590820312,1
635,0.711095505617976,24.22008426966287,89.56900787353516,1
636,0.7025280898876389,23.963061797752754,90.73188781738281,1
637,0.6853932584269647,23.714606741572982,87.18421936035156,1
638,0.6939606741573019,23.466151685393204,86.2934799194336,1
639,0.719662921348313,23.20912921348309,84.48208618164062,1
640,0.7539325842696611,22.917837078651637,92.62425231933594,1
641,0.7882022471910094,22.575140449438152,86.34461975097656,1
642,0.8139044943820206,22.215308988763997,85.305419921875,1
643,0.8053370786516835,21.82977528089883,82.28639221191406,1
644,0.7710674157303353,21.44424157303366,83.43289184570312,1
645,0.7367977528089871,21.09297752808984,90.73490905761719,1
646,0.6939606741573019,20.767415730337028,90.99082946777344,1
647,0.6768258426966277,20.476123595505573,89.5577621459961,1
648,0.6939606741573019,20.193398876404448,90.49832916259766,1
649,0.7367977528089871,19.89353932584265,89.84530639648438,1
650,0.8053370786516837,19.56797752808984,85.57301330566406,1
651,0.8910112359550542,19.216713483146027,80.21395111083984,1
652,0.9766853932584247,18.814044943820186,78.34929656982422,1
653,1.0709269662921321,18.351404494381985,69.03092956542969,1
654,1.156601123595503,17.845926966292094,67.78433227539062,1
655,1.2165730337078624,17.30617977528086,73.48657989501953,1
656,1.2594101123595476,16.740730337078613,78.77618408203125,1
657,1.285112359550559,16.158146067415693,83.3033447265625,1
658,1.2765449438202219,15.59269662921345,90.21056365966774,1
659,1.2422752808988737,15.06151685393255,95.5969009399414,1
660,1.2251404494381994,14.564606741573002,99.98825073242188,1
661,1.2251404494381997,14.09339887640446,102.41741943359375,1
662,1.2251404494381994,13.639325842696598,96.45247650146484,1
663,1.2080056179775251,13.210955056179746,94.14282989501953,1
664,1.1994382022471883,12.799719101123566,97.7948989868164,1
665,1.182303370786514,12.371348314606712,102.09330749511719,1
666,1.148033707865166,11.960112359550534,105.01399230957031,1
667,1.1223314606741548,11.574578651685368,101.0925064086914,1
668,1.1137640449438178,11.206179775280875,101.96332550048828,1
669,1.0794943820224696,10.83778089887638,100.1480941772461,1
670,1.0623595505617953,10.512219101123572,102.83006286621094,1
671,1.0452247191011215,10.16952247191009,105.1497573852539,1
672,1.0023876404494358,9.81825842696627,98.63633728027344,1
673,0.9852528089887617,9.466994382022452,98.72715759277344,1
674,0.9852528089887617,9.132865168539306,102.4960708618164,1
675,0.9424157303370764,8.781601123595488,97.73216247558594,1
676,0.9081460674157282,8.447471910112341,98.63199615478516,1
677,0.8910112359550542,8.121910112359533,99.79931640625,1
678,0.8224719101123575,7.796348314606723,96.81194305419922,1
679,0.7624999999999982,7.445084269662904,100.81256866455078,1
680,0.7025280898876389,7.102387640449422,100.97663879394531,1
681,0.6168539325842681,6.759691011235939,92.33197021484375,1
682,0.5140449438202235,6.4084269662921205,93.9934310913086,1
683,0.43693820224719,6.074297752808975,88.65953826904297,1
684,0.3598314606741565,5.765870786516841,93.25302124023438,1
685,0.3084269662921341,5.457443820224707,87.42342376708984,1
686,0.28272471910112296,5.15758426966291,88.15433502197266,1
687,0.28272471910112296,4.874859550561787,91.24717712402344,1
688,0.2998595505617971,4.609269662921338,89.55699157714844,1
689,0.3169943820224712,4.343679775280888,90.2981948852539,1
690,0.3426966292134824,4.103792134831451,90.95755004882812,1
691,0.4455056179775271,3.8639044943820138,89.84783935546875,1
692,0.5568820224719089,3.632584269662913,89.85912322998047,1
693,0.6596910112359535,3.3584269662921273,87.14459991455078,1
694,0.7453651685393241,3.05856741573033,90.60794067382812,1
695,0.8224719101123578,2.758707865168533,89.74623107910156,1
696,0.848174157303369,2.5359550561797692,100.31336212158203,1
697,0.8824438202247171,2.347471910112355,99.42701721191406,1
698,0.9167134831460654,2.2275280898876355,100.8991470336914,1
699,0.9766853932584247,2.1761235955056133,106.3941650390625,1
700,1.0280898876404472,2.1589887640449392,110.01777648925781,1
701,1.0452247191011212,2.1332865168539277,111.45319366455078,1
702,1.0452247191011212,2.1332865168539277,110.16485595703125,1
703,1.0452247191011215,2.150421348314602,108.03546142578125,1
704,1.0366573033707842,2.1589887640449392,107.22528839111328,1
705,1.0537921348314583,2.201825842696624,104.82301330566406,1
706,1.0794943820224696,2.2360955056179725,111.65778350830078,1
707,1.0880617977528064,2.2275280898876355,113.28466796875,1
708,1.1051966292134805,2.210393258426961,112.2953109741211,1
709,1.1308988764044918,2.2189606741572985,107.5027847290039,1
710,1.1137640449438178,2.2103932584269614,107.48992919921875,1
711,1.1051966292134805,2.18469101123595,110.15646362304688,1
712,1.1137640449438178,2.1932584269662874,111.14287567138672,1
713,1.1308988764044918,2.2103932584269614,111.39006042480469,1
714,1.1308988764044918,2.24466292134831,109.95980072021484,1
715,1.182303370786514,2.2360955056179725,104.23514556884766,1
716,1.1908707865168513,2.2617977528089837,111.02293395996094,1
717,1.2165730337078622,2.296067415730332,101.59982299804688,1
718,1.2422752808988737,2.287499999999995,111.5699691772461,1
719,1.2765449438202217,2.278932584269658,109.8086166381836,1
720,1.2765449438202219,2.287499999999995,106.15458679199219,1
721,1.3365168539325811,2.296067415730332,113.80419921875,1
722,1.3964887640449406,2.296067415730332,111.68389892578125,1
723,1.4136235955056147,2.338904494382017,105.90181732177734,1
724,1.4564606741573,2.33033707865168,110.6006088256836,1
725,1.4992977528089855,2.296067415730332,118.0712890625,1
726,1.4907303370786484,2.2103932584269614,109.05195617675781,1
727,1.4735955056179744,2.124719101123591,113.14665985107422,1
728,1.4735955056179744,2.0304775280898832,128.46240234375,1
729,1.4564606741573,1.9790730337078606,127.18335723876953,1
730,1.4478932584269633,1.9705056179775238,126.81995391845703,1
731,1.4650280898876373,1.9962078651685349,126.56219482421875,1
732,1.4478932584269633,2.0047752808988717,117.796142578125,1
733,1.439325842696626,2.0304775280898832,117.31608581542969,1
734,1.4307584269662892,2.03904494382022,121.29414367675781,1
735,1.413623595505615,2.03904494382022,119.98052978515625,1
736,1.3964887640449408,2.0476123595505573,121.10616302490234,1
737,1.3879213483146038,2.073314606741568,120.34571075439453,1
738,1.3879213483146036,2.0818820224719055,116.80975341796875,1
739,1.3707865168539295,2.0904494382022425,118.52033233642578,1
740,1.327949438202244,2.0990168539325795,118.6229476928711,1
741,1.2765449438202219,2.1161516853932536,118.73580932617188,1
742,1.2679775280898848,2.150421348314602,117.96268463134766,1
743,1.2251404494381997,2.176123595505613,118.74996185302734,1
744,1.1908707865168513,2.1846910112359503,106.60211944580078,1
745,1.1908707865168513,2.201825842696624,114.04789733886719,1
746,1.1908707865168513,2.2103932584269614,113.00396728515625,1
747,1.173735955056177,2.201825842696624,113.11753845214844,1
748,1.182303370786514,2.2018258426966244,112.08028411865234,1
749,1.1908707865168513,2.2103932584269614,108.8515396118164,1
750,1.1908707865168513,2.218960674157299,115.70263671875,1
751,1.1823033707865143,2.2360955056179725,113.86664581298828,1
752,1.1823033707865143,2.2532303370786466,106.67366027832031,1
753,1.1737359550561772,2.2617977528089837,109.6251449584961,1
754,1.182303370786514,2.2789325842696577,105.65545654296875,1
755,1.2080056179775256,2.3132022471910063,109.23336029052734,1
756,1.2508426966292105,2.373174157303365,105.74031066894531,1
757,1.2851123595505587,2.3988764044943767,102.53472137451172,1
758,1.3365168539325811,2.4245786516853878,106.06443786621094,1
759,1.3536516853932554,2.4160112359550507,111.37100219726562,1
760,1.4221910112359517,2.3903089887640396,109.1980972290039,1
761,1.5078651685393225,2.3474719101123545,119.31271362304688,1
762,1.6106741573033674,2.3474719101123545,115.97061920166016,1
763,1.74775280898876,2.441713483146062,120.08977508544922,1
764,1.876264044943816,2.5016853932584215,106.30662536621094,1
765,1.9705056179775238,2.62162921348314,91.17286682128906,1
766,2.0561797752808944,2.6816011235954997,107.60277557373047,1
767,2.1161516853932536,2.775842696629207,95.37863159179688,1
768,2.0818820224719055,2.6730337078651627,95.61157989501953,1
769,2.0990168539325795,2.7244382022471845,88.73143005371094,1
770,2.1161516853932536,2.698735955056174,111.58211517333984,1
771,2.1332865168539277,2.698735955056174,96.797607421875,1
772,2.124719101123591,2.5787921348314553,92.71856689453125,1
773,2.2360955056179725,2.630196629213477,95.70852661132812,1
774,2.321769662921343,2.578792134831455,113.34680938720703,1
775,2.33033707865168,2.467415730337073,109.36410522460938,1
776,2.321769662921343,2.338904494382017,111.20698547363281,1
777,2.3560393258426915,2.2789325842696577,120.13809967041016,1
778,2.321769662921343,2.1332865168539277,120.05243682861328,1
779,2.296067415730332,1.9876404494381976,124.42724609375,1
780,2.3132022471910063,1.8933988764044902,128.0336151123047,1
781,2.3474719101123545,1.7991573033707824,131.94996643066406,1
782,2.3903089887640396,1.7134831460674118,130.94293212890625,1
783,2.433146067415725,1.6363764044943785,140.40542602539062,1
784,2.4845505617977475,1.593539325842693,144.35438537597656,1
785,2.5359550561797697,1.567837078651682,143.94239807128906,1
786,2.5530898876404438,1.559269662921345,147.11660766601562,1
787,2.5359550561797697,1.550702247191008,143.7935791015625,1
788,2.5616573033707803,1.593539325842693,141.431396484375,1
789,2.587359550561792,1.6363764044943783,142.13723754882812,1
790,2.595926966292129,1.6706460674157266,139.86717224121094,1
791,2.613061797752803,1.7134831460674118,144.5504150390625,1
792,2.655898876404488,1.7734550561797715,136.42633056640625,1
793,2.664466292134825,1.824859550561794,142.4428253173828,1
794,2.6730337078651627,1.876264044943816,135.16220092773438,1
795,2.6987359550561734,1.9533707865168495,134.4454803466797,1
796,2.733005617977522,2.0390449438202203,126.59394073486328,1
797,2.733005617977522,2.1075842696629166,124.23551940917969,1
798,2.6901685393258363,2.116151685393254,120.27910614013672,1
799,2.655898876404488,2.1161516853932536,116.4184799194336,1
800,2.6130617977528035,2.090449438202243,121.37996673583984,1
801,2.604494382022466,2.0647471910112314,125.3548355102539,1
802,2.6130617977528035,2.0133426966292087,121.03960418701172,1
803,2.6901685393258368,2.0304775280898832,124.23907470703125,1
804,2.7330056179775224,2.0561797752808944,129.1897430419922,1
805,2.7672752808988705,2.0818820224719055,125.88894653320312,1
806,2.758707865168533,2.0904494382022425,123.84063720703125,1
807,2.715870786516848,2.0818820224719055,118.30997467041016,1
808,2.6816011235954997,2.0561797752808944,115.39830780029297,1
809,2.647331460674151,1.9876404494381976,126.80277252197266,1
810,2.647331460674151,1.9191011235955013,127.16448211669922,1
811,2.6816011235954997,1.867696629213479,128.770263671875,1
812,2.741573033707859,1.8419943820224678,130.89584350585938,1
813,2.750140449438196,1.7734550561797715,129.4854278564453,1
814,2.7672752808988705,1.722050561797749,135.48704528808594,1
815,2.8101123595505557,1.6877808988764005,133.730712890625,1
816,2.8443820224719034,1.6449438202247155,138.05140686035156,1
817,2.8529494382022405,1.584971910112356,141.67489624023438,1
818,2.82724719101123,1.5249999999999966,142.7021942138672,1
819,2.8015449438202182,1.4735955056179741,144.598876953125,1
820,2.758707865168533,1.439325842696626,145.41448974609375,1
821,2.750140449438196,1.439325842696626,144.505615234375,1
822,2.784410112359544,1.4907303370786482,140.65289306640625,1
823,2.8186797752808923,1.5849719101123558,135.72129821777344,1
824,2.8529494382022405,1.687780898876401,132.78561401367188,1
825,2.904353932584263,1.7991573033707824,129.4912567138672,1
826,2.904353932584263,1.8933988764044902,128.45909118652344,1
827,2.9129213483146,1.9705056179775238,124.57451629638672,1
828,2.9814606741572964,2.0476123595505573,117.06877899169922,1
829,3.049999999999993,2.1418539325842647,119.17095184326172,1
830,3.067134831460667,2.2275280898876355,120.23661804199219,1
831,3.0757022471910043,2.296067415730332,112.48130798339844,1
832,3.05856741573033,2.364606741573028,102.28833770751953,1
833,3.007162921348308,2.3988764044943762,108.1199951171875,1
834,2.9557584269662853,2.4160112359550507,101.3331298828125,1
835,2.8957865168539265,2.4074438202247137,96.79319763183594,1
836,2.8872191011235886,2.458848314606736,98.97584533691406,1
837,2.8700842696629145,2.5445224719101067,116.93154907226562,1
838,2.8529494382022405,2.638764044943814,96.01995849609375,1
839,2.844382022471904,2.715870786516848,73.34315490722656,1
840,2.861516853932578,2.8272471910112293,93.96267700195312,1
841,2.844382022471904,2.8101123595505557,94.70304870605469,1
842,2.852949438202241,2.7415730337078594,48.99882888793945,1
843,2.904353932584263,2.6387640449438146,103.81536102294922,1
844,2.964325842696623,2.493117977528084,103.83058166503906,1
845,2.97289325842696,2.2617977528089837,110.79119110107422,1
846,2.9643258426966224,2.073314606741568,117.02528381347656,1
847,2.9557584269662853,1.8848314606741532,128.98416137695312,1
848,2.930056179775274,1.7134831460674118,130.16122436523438,1
849,2.8957865168539256,1.593539325842693,127.9515380859375,1
850,2.9471910112359483,1.5421348314606707,140.81512451171875,1
851,2.9814606741572964,1.4821629213483114,141.12625122070312,1
852,3.05856741573033,1.4650280898876373,137.33770751953125,1
853,3.0671348314606672,1.439325842696626,140.0733642578125,1
854,3.135674157303364,1.439325842696626,135.82789611816406,1
855,3.169943820224712,1.439325842696626,146.42929077148438,1
856,3.187078651685386,1.447893258426963,137.33047485351562,1
857,3.2042134831460602,1.4478932584269633,135.35462951660156,1
858,3.289887640449431,1.4735955056179741,139.971435546875,1
859,3.3070224719101047,1.4735955056179744,140.04380798339844,1
860,3.3241573033707796,1.4564606741573,148.52084350585938,1
861,2.844382022471904,1.7391853932584234,141.6811065673828,1
862,2.338904494382017,2.1075842696629166,123.81756591796875,1
863,1.9705056179775238,2.467415730337073,1.616019368171692,1
864,1.6021067415730301,2.904353932584263,12.955910682678223,1
865,1.2422752808988737,3.4098314606741496,49.065589904785156,1
866,1.465028089887637,3.7096910112359467,64.46538543701172,1
867,1.7049157303370748,4.009550561797743,77.67955780029297,1
868,1.867696629213479,4.403651685393248,92.0937728881836,1
869,2.1247191011235906,4.7977528089887524,104.95545959472656,1
870,2.467415730337073,5.174719101123584,117.8455810546875,1
871,2.878651685393252,5.500280898876392,137.7291259765625,1
872,3.3669943820224644,5.714466292134818,156.41015625,1
873,3.8724719101123513,5.817275280898864,175.57345581054688,1
874,4.360814606741563,5.791573033707851,8.330263137817383,1
875,4.814887640449427,5.654494382022459,18.935516357421875,1
876,5.217556179775269,5.431741573033696,31.880722045898438,1
877,5.560252808988752,5.123314606741562,45.046504974365234,1
878,5.877247191011223,4.763483146067405,52.370635986328125,1
879,6.185674157303357,4.369382022471901,53.49155044555664,1
880,6.494101123595492,3.958146067415721,54.50157165527344,1
881,6.811095505617962,3.521207865168531,58.61852264404297,1
882,7.128089887640433,3.0842696629213413,60.097259521484375,1
883,7.410814606741556,2.707303370786511,58.67579650878906,1
884,7.65926966292133,2.3988764044943762,62.60181427001953,1
885,7.899157303370768,2.1504213483146017,55.621150970458984,1
886,8.156179775280881,1.9790730337078606,52.937095642089844,1
887,8.404634831460655,1.876264044943816,44.57461166381836,1
888,8.687359550561778,1.773455056179771,34.810726165771484,1
889,8.995786516853913,1.6706460674157266,33.7451286315918,1
890,9.304213483146047,1.5592696629213447,29.376258850097656,1
891,9.604073033707845,1.439325842696626,27.82209014892578,1
892,9.929634831460652,1.327949438202244,23.92196273803711,1
893,10.255196629213462,1.2337078651685365,20.02898406982422,1
894,10.589325842696606,1.1394662921348289,17.175525665283203,1
895,10.940589887640424,1.0623595505617953,15.883811950683594,1
896,11.30042134831458,0.9938202247190988,13.035122871398926,1
897,11.6516853932584,0.9338483146067394,13.476072311401367,1
898,12.011516853932557,0.87387640449438,10.625936508178711,1
899,12.362780898876377,0.8224719101123575,5.961474895477295,1
900,12.714044943820195,0.7796348314606723,6.996777057647705,1
901,13.065308988764016,0.7453651685393241,179.77914428710938,1
902,13.43370786516851,0.719662921348313,3.5034472942352295,1
903,13.810674157303339,0.7025280898876389,2.674696922302246,1
904,14.187640449438168,0.7025280898876389,0.14756520092487335,1
905,14.564606741573002,0.719662921348313,5.130401611328125,1
906,14.941573033707835,0.7367977528089871,5.402662754058838,1
907,15.30140449438199,0.7453651685393241,1.472592830657959,1
908,15.704073033707832,0.7367977528089871,2.5260071754455566,1
909,16.149578651685356,0.711095505617976,6.589761257171631,1
910,16.620786516853894,0.6511235955056165,10.672863006591797,1
911,17.12626404494378,0.58258426966292,3.9840123653411865,1
912,17.68314606741569,0.5226123595505606,2.0128860473632812,1
913,18.27429775280895,0.4797752808988752,173.50010681152344,1
914,18.891151685393215,0.43693820224719,178.87420654296875,1
915,19.550842696629168,0.41123595505617877,2.3702831268310547,1
916,20.244803370786475,0.3855337078651676,174.07154846191406,1
917,20.938764044943774,0.37696629213483057,177.79721069335938,1
918,21.581320224719054,0.3855337078651676,1.929091215133667,1
919,22.18960674157298,0.40266853932584173,3.2905523777008057,1
920,22.729353932584218,0.41123595505617877,2.99587082862854,1
921,23.174859550561745,0.4712078651685382,2.515547752380371,1
922,23.560393258426913,0.5568820224719089,4.844710826873779,1
923,23.91165730337073,0.6768258426966277,176.97409057617188,1
924,24.262921348314553,0.865308988764043,168.0508270263672,1
925,24.67415730337073,1.1308988764044918,160.54209899902344,1
926,25.162499999999945,1.447893258426963,159.0276641845703,1
927,25.719382022471848,1.8248595505617935,152.03001403808594,1
928,26.32766853932578,2.2360955056179725,144.96377563476562,1
929,26.9787921348314,2.6730337078651627,137.00758361816406,1
930,27.509971910112295,3.101404494382016,131.46478271484375,1
931,27.9040730337078,3.521207865168532,135.3348388671875,1
932,28.17823033707859,3.906741573033699,127.86124420166016,1
933,28.366713483146004,4.275140449438192,119.84317779541016,1
934,28.478089887640387,4.626404494382012,117.13959503173828,1
935,28.598033707865103,5.020505617977516,116.74520874023438,1
936,28.752247191011172,5.440308988764032,118.75386810302734,1
937,28.923595505617914,5.88581460674156,110.30094146728516,1
938,29.07780898876398,6.32275280898875,106.6335220336914,1
939,29.189185393258363,6.751123595505602,106.49920654296875,1
940,29.300561797752742,7.145224719101108,107.11640930175781,1
941,29.394803370786452,7.505056179775264,101.7113037109375,1
942,29.471910112359485,7.830617977528073,100.48330688476562,1
943,29.54044943820218,8.16474719101122,97.324462890625,1
944,29.540449438202177,8.464606741573016,93.2451400756836,1
945,29.489044943820158,8.764466292134813,96.56301879882812,1
946,29.42050561797746,9.072893258426946,87.8420181274414,1
947,29.360533707865102,9.407022471910091,86.70645904541016,1
948,29.31769662921342,9.749719101123574,88.66924285888672,1
949,29.24915730337072,10.118117977528069,93.73343658447266,1
950,29.137780898876336,10.503651685393235,105.19358825683594,1
951,28.966432584269597,10.897752808988738,90.85242462158203,1
952,28.692275280898816,11.30042134831458,75.02247619628906,1
953,28.306741573033644,11.711657303370758,59.51598358154297,1
954,27.9040730337078,12.165730337078625,53.246116638183594,1
955,27.467134831460612,12.654073033707835,50.236637115478516,1
956,27.030196629213425,13.150983146067386,50.51364517211914,1
957,26.62752808988758,13.665028089887608,46.79880905151367,1
958,26.25056179775275,14.204775280898843,51.76304626464844,1
959,25.933567415730277,14.753089887640417,56.94761276245117,1
960,25.70224719101118,15.284269662921314,60.56637191772461,1
961,25.556601123595446,15.815449438202211,70.16413879394531,1
962,25.496629213483086,16.338061797752772,79.18265533447266,1
963,25.54803370786511,16.84353932584266,88.15693664550781,1
964,25.693679775280838,17.314747191011197,99.13946533203125,1
965,25.933567415730277,17.74311797752805,110.31190490722656,1
966,26.241994382022416,18.128651685393216,123.42022705078125,1
967,26.610393258426903,18.42851123595501,129.73219299316406,1
968,27.021629213483084,18.651264044943776,141.45472717285156,1
969,27.467134831460612,18.814044943820182,154.35379028320312,1
970,27.835533707865103,18.95112359550557,162.60687255859375,1
971,28.152528089887575,19.08820224719097,171.27304077148438,1
972,28.392415730337014,19.250983146067373,163.32806396484375,1
973,28.580898876404433,19.439466292134785,151.17633056640625,1
974,28.692275280898816,19.645084269662874,142.4351806640625,1
975,28.81221910112353,19.859269662921303,133.68350219726562,1
976,28.932162921348247,20.0905898876404,129.4900665283203,1
977,29.05210674157297,20.33047752808984,123.39334106445312,1
978,29.154915730337013,20.587499999999956,124.93319702148438,1
979,29.25772471910106,20.870224719101078,115.50009155273438,1
980,29.377668539325775,21.170084269662873,115.74382019042969,1
981,29.480477528089825,21.461376404494334,110.90828704833984,1
982,29.583286516853867,21.76123595505613,110.10669708251953,1
983,29.686095505617907,22.069662921348264,103.84063720703125,1
984,29.77176966292128,22.369522471910063,107.65381622314453,1
985,29.848876404494312,22.677949438202198,104.92842864990234,1
986,29.917415730337005,22.977808988763993,102.19524383544922,1
987,29.977387640449372,23.277668539325795,103.98323059082031,1
988,30.02022471910106,23.56896067415725,103.3898696899414,1
989,30.071629213483078,23.868820224719048,100.8501052856443,1
990,30.09733146067409,24.168679775280843,102.3199462890625,1
991,30.11446629213476,24.485674157303315,101.0545654296875,1
992,30.131601123595438,24.811235955056123,99.0069580078125,1
993,30.140168539325778,25.136797752808935,94.28689575195312,1
994,30.140168539325778,25.46235955056174,95.55967712402344,1
995,30.157303370786444,25.796488764044888,97.47517395019531,1
996,30.17443820224712,26.139185393258366,94.17349243164062,1
997,30.157303370786444,26.464747191011178,100.56627655029297,1
998,30.131601123595438,26.798876404494326,101.46138000488281,1
999,30.11446629213476,27.141573033707807,90.72540283203125,1
1000,30.11446629213476,27.475702247190952,91.40524291992188,1
1001,30.063061797752745,27.77556179775275,94.91584014892578,1
1002,30.02022471910106,28.101123595505555,100.74720764160156,1
1003,29.977387640449372,28.400983146067354,91.97238159179688,1
1004,29.90028089887634,28.589466292134766,92.06207275390625,1
1005,29.763202247190947,28.752247191011172,89.8725814819336,1
1006,29.6603932584269,28.906460674157238,81.7365493774414,1
1007,29.523314606741508,29.009269662921287,77.29844665527344,1
1008,29.360533707865102,29.103511235954993,73.04295349121094,1
1009,29.189185393258363,29.249157303370726,60.57283401489258,1
1010,29.009269662921287,29.377668539325782,63.09568405151367,1
1011,28.8036516853932,29.497612359550498,52.19718551635742,1
1012,28.606601123595443,29.60898876404488,44.11672592163086,1
1013,28.383848314606677,29.711797752808923,38.50896072387695,1
1014,28.135393258426905,29.81460674157297,39.09878921508789,1
1015,27.852668539325784,29.917415730337012,33.38057327270508,1
1016,27.535674157303312,30.037359550561735,22.50076675415039,1
1017,27.18441011235949,30.14873595505611,23.479116439819336,1
1018,26.816011235954996,30.268679775280834,17.141986846923828,1
1019,26.43904494382017,30.39719101123589,8.99179458618164,1
1020,26.070646067415673,30.508567415730266,5.375380039215088,1
1021,25.719382022471855,30.585674157303306,6.552257537841797,1
1022,25.385252808988707,30.654213483146,2.9144480228424072,1
1023,25.068258426966235,30.679915730337008,4.847223281860352,1
1024,24.751264044943763,30.69705056179769,1.3044991493225098,1
1025,24.4599719101123,30.688483146067348,0.9361504912376404,1
1026,24.177247191011183,30.67991573033701,7.375359058380127,1
1027,23.894522471910058,30.64564606741566,2.8985345363616943,1
1028,23.611797752808936,30.59424157303364,9.18079948425293,1
1029,23.320505617977478,30.542837078651615,2.6844005584716797,1
1030,23.012078651685343,30.517134831460606,178.0050048828125,1
1031,22.703651685393208,30.457162921348242,6.509148120880127,1
1032,22.378089887640396,30.4228932584269,13.875688552856445,1
1033,22.035393258426915,30.4228932584269,3.1980998516082764,1
1034,21.718398876404443,30.38862359550555,3.1688108444213867,1
1035,21.40997191011231,30.311516853932517,12.496708869934082,1
1036,21.09297752808984,30.251544943820157,7.949827671051025,1
1037,20.793117977528045,30.20870786516847,179.60745239257812,1
1038,20.484691011235906,30.1915730337078,2.40112042427063,1
1039,20.1591292134831,30.234410112359484,4.161807060241699,1
1040,19.850702247190966,30.251544943820154,8.155651092529297,1
1041,19.51657303370782,30.225842696629144,16.517650604248047,1
1042,19.182443820224677,30.157303370786444,1.6377249956130981,1
1043,18.87401685393254,30.04592696629207,168.5039520263672,1
1044,18.565589887640407,29.90028089887634,163.2490234375,1
1045,18.231460674157262,29.81460674157297,166.0634765625,1
1046,17.905898876404457,29.76320224719094,169.47145080566406,1
1047,17.563202247190972,29.728932584269593,177.87911987304688,1
1048,17.203370786516814,29.677528089887574,172.88404846191406,1
1049,16.826404494381983,29.60042134831454,169.72605895996094,1
1050,16.406601123595472,29.489044943820158,163.54800415039062,1
1051,15.969662921348279,29.377668539325775,161.96080017089844,1
1052,15.515589887640417,29.25772471910106,159.37432861328125,1
1053,15.035814606741539,29.154915730337013,166.80303955078125,1
1054,14.53890449438199,29.086376404494313,175.62257385253906,1
1055,14.041994382022441,29.060674157303303,3.7991418838500977,1
1056,13.536516853932554,29.060674157303303,9.92409896850586,1
1057,13.013904494381993,29.103511235954993,26.12984848022461,1
1058,12.508426966292106,29.180617977528026,36.06544876098633,1
1059,12.011516853932557,29.30912921348308,39.21860885620117,1
1060,11.531741573033681,29.42050561797746,43.67146682739258,1
1061,11.086235955056155,29.514747191011168,49.8570556640625,1
1062,10.674999999999974,29.60042134831454,40.31195831298828,1
1063,10.263764044943796,29.694662921348247,34.368629455566406,1
1064,9.861095505617957,29.780337078651616,30.600833892822266,1
1065,9.449859550561778,29.87457865168533,34.221168518066406,1
1066,9.030056179775261,29.977387640449372,34.83298110961914,1
1067,8.610252808988745,30.080196629213418,34.7212028503418,1
1068,8.199016853932566,30.17443820224712,26.658302307128906,1
1069,7.813483146067398,30.20870786516847,26.14140510559082,1
1070,7.4536516853932415,30.225842696629144,26.923437118530273,1
1071,7.093820224719086,30.277247191011167,29.91037940979004,1
1072,6.751123595505602,30.285814606741507,23.979543685913086,1
1073,6.434129213483132,30.260112359550494,29.349205017089844,1
1074,6.082865168539312,30.260112359550494,22.59510040283203,1
1075,5.731601123595493,30.294382022471844,16.483184814453125,1
1076,5.38890449438201,30.294382022471844,21.10942840576172,1
1077,5.046207865168528,30.285814606741507,25.581850051879883,1
1078,4.686376404494371,30.294382022471844,23.467397689819336,1
1079,4.326544943820215,30.32865168539319,16.44227409362793,1
1080,3.975280898876396,30.337219101123527,16.198890686035156,1
1081,3.632584269662913,30.3543539325842,20.200624465942383,1
1082,3.315589887640442,30.388623595505557,17.365976333618164,1
1083,3.05856741573033,30.405758426966223,21.153228759765625,1
1084,2.904353932584263,30.380056179775217,13.014145851135254,1
1085,2.792977528089881,30.32865168539319,16.725940704345703,1
1086,2.741573033707859,30.260112359550494,21.65305519104004,1
1087,2.715870786516848,30.20870786516847,23.058298110961914,1
1088,2.698735955056174,30.165870786516784,25.752605438232422,1
1089,2.6730337078651623,30.1230337078651,29.070919036865234,1
1090,2.664466292134825,30.114466292134765,31.36125946044922,1
1091,2.655898876404488,30.105898876404428,28.601137161254883,1
1092,2.655898876404488,30.071629213483078,28.948760986328125,1
1093,2.647331460674151,30.037359550561735,32.26971435546875,1
1094,2.6387640449438137,30.003089887640385,30.195589065551758,1
1095,2.62162921348314,29.968820224719035,32.66356658935547,1
1096,2.604494382022466,29.925983146067352,35.569114685058594,1
1097,2.561657303370781,29.90884831460668,37.749969482421875,1
1098,2.5530898876404438,29.86601123595499,34.44468688964844,1
1099,2.544522471910107,29.823174157303306,36.62298583984375,1
1100,2.5445224719101063,29.763202247190947,43.78649139404297,1
1101,2.5188202247190956,29.728932584269597,42.96879196166992,1
1102,2.510252808988758,29.694662921348247,44.15982437133789,1
1103,2.493117977528084,29.677528089887574,44.22053909301758,1
1104,2.4931179775280845,29.6603932584269,44.19713592529297,1
1105,2.510252808988758,29.6603932584269,44.77956771850586,1
1106,2.5702247191011174,29.668960674157233,41.89036560058594,1
1107,2.62162921348314,29.737499999999933,39.916072845458984,1
1108,2.655898876404488,29.823174157303306,31.933225631713867,1
1109,2.655898876404488,29.90884831460668,35.24152755737305,1
1110,2.638764044943814,29.994522471910052,34.67515182495117,1
1111,2.604494382022466,30.054494382022405,31.34035873413086,1
1112,2.5959269662921285,30.037359550561735,33.94337463378906,1
1113,2.587359550561792,30.01165730337072,36.55082321166992,1
1114,2.578792134831455,29.985955056179712,34.021244049072266,1
1115,2.570224719101118,29.951685393258362,36.27623748779297,1
1116,2.5530898876404438,29.917415730337012,37.88325500488281,1
1117,2.5359550561797697,29.891713483146003,39.43751525878906,1
1118,2.5188202247190956,29.86601123595499,40.48313522338867,1
1119,2.5188202247190956,29.83174157303364,37.584102630615234,1
1120,2.5188202247190956,29.797471910112296,37.73417282104492,1
1121,2.5273876404494326,29.77176966292128,37.8399543762207,1
1122,2.5273876404494326,29.754634831460613,34.8770866394043,1
1123,2.5188202247190956,29.737499999999937,37.98508834838867,1
1124,2.5188202247190956,29.711797752808923,37.97146224975586,1
1125,2.5102528089887586,29.703230337078587,36.474647521972656,1
1126,2.501685393258421,29.694662921348247,37.23265075683594,1
1127,2.501685393258421,29.677528089887574,38.76673126220703,1
1128,2.501685393258421,29.668960674157233,38.89955139160156,1
1129,2.493117977528084,29.677528089887574,38.37568664550781,1
1130,2.5102528089887586,29.6603932584269,37.31809997558594,1
1131,2.5188202247190956,29.65182584269656,38.592166900634766,1
1132,2.5188202247190956,29.643258426966224,36.66667938232422,1
1133,2.5530898876404438,29.617556179775214,39.79549026489258,1
1134,2.604494382022466,29.5918539325842,44.617679595947266,1
1135,2.638764044943814,29.600421348314534,43.48689270019531,1
1136,2.698735955056174,29.5918539325842,39.20589828491211,1
1137,2.758707865168533,29.58328651685386,37.83334732055664,1
1138,2.8101123595505557,29.56615168539319,30.889450073242188,1
1139,2.844382022471904,29.53188202247184,29.450159072875977,1
1140,2.887219101123589,29.471910112359485,32.79381561279297,1
1141,2.930056179775274,29.411938202247125,27.70623207092285,1
1142,3.015730337078645,29.31769662921342,26.93165397644043,1
1143,3.1185393258426894,29.22345505617971,32.51481628417969,1
1144,3.2127808988763973,29.154915730337013,18.700586318969727,1
1145,3.2984550561797676,29.08637640449432,45.744781494140625,1
1146,3.3841292134831384,29.01783707865162,19.144290924072266,1
1147,3.4269662921348236,28.99213483146061,10.898725509643555,1
1148,3.4355337078651607,28.966432584269597,4.375940799713135,1
1149,3.4441011235954972,28.923595505617914,4.758563995361328,1
1150,3.4441011235954972,28.87219101123589,2.3400838375091553,1
1151,3.4098314606741496,28.820786516853865,4.771164417266846,1
1152,3.375561797752802,28.76081460674151,9.271973609924316,1
1153,3.3070224719101047,28.70941011235949,16.92063331604004,1
1154,3.2127808988763973,28.6665730337078,11.802077293395996,1
1155,3.1099719101123524,28.623735955056116,21.494890213012695,1
1156,2.9900280898876335,28.589466292134766,24.471155166625977,1
1157,2.844382022471904,28.55519662921342,31.285924911499023,1
1158,2.698735955056174,28.538061797752743,36.553829193115234,1
1159,2.578792134831455,28.503792134831393,40.28134536743164,1
1160,2.4417134831460623,28.503792134831393,49.808319091796875,1
1161,2.3389044943820174,28.486657303370727,52.85134506225586,1
1162,2.2532303370786466,28.478089887640387,52.03384780883789,1
1163,2.1932584269662874,28.452387640449377,59.026615142822266,1
1164,2.1332865168539277,28.452387640449377,60.822975158691406,1
1165,2.0990168539325795,28.4352528089887,58.05392074584961,1
1166,2.0561797752808944,28.443820224719037,60.3441162109375,1
1167,2.030477528089883,28.426685393258367,60.50443649291992,1
1168,1.9876404494381976,28.426685393258367,58.703609466552734,1
1169,1.9362359550561752,28.418117977528027,63.636539459228516,1
1170,1.867696629213479,28.409550561797687,66.05215454101562,1
1171,1.7905898876404454,28.409550561797687,71.7337875366211,1
1172,1.6963483146067375,28.443820224719037,84.15460968017578,1
1173,1.6363764044943785,28.49522471910106,86.80416870117188,1
1174,1.6106741573033674,28.589466292134766,89.98338317871094,1
1175,1.6535112359550523,28.717977528089826,97.80978393554688,1
1176,1.7734550561797715,28.880758426966224,112.54767608642578,1
1177,1.9533707865168495,29.07780898876398,111.29937744140625,1
1178,2.1932584269662874,29.266292134831396,121.39131927490234,1
1179,2.527387640449432,29.4290730337078,134.7499237060547,1
1180,3.015730337078645,29.471910112359485,155.05630493164062,1
1181,3.426966292134824,29.403370786516792,179.1537628173828,1
1182,3.7953651685393175,29.206320224719036,35.78878402709961,1
1183,4.07808988764044,28.915028089887574,48.25774383544922,1
1184,4.232303370786508,28.52949438202241,64.52108001708984,1
1185,4.163764044943811,28.152528089887575,74.2479476928711,1
1186,4.069522471910103,27.758426966292074,80.42504119873047,1
1187,3.906741573033699,27.35575842696623,88.25096893310547,1
1188,3.6839887640449356,26.961657303370725,98.22930145263672,1
1189,3.3584269662921273,26.576123595505557,114.06208038330078,1
1190,3.049999999999993,26.199157303370733,130.24842834472656,1
1191,2.76727528089887,25.839325842696574,164.1422882080078,1
1192,2.4845505617977475,25.53089887640444,154.23672485351562,1
1193,2.2703651685393207,25.23103932584264,140.24728393554688,1
1194,2.1332865168539277,24.931179775280846,138.74447631835938,1
1195,1.9876404494381976,24.63988764044938,123.11359405517578,1
1196,1.824859550561794,24.374297752808936,114.93896484375,1
1197,1.7049157303370748,24.09157303370781,112.0697021484375,1
1198,1.5592696629213447,23.80884831460669,110.10604858398438,1
1199,1.439325842696626,23.5346910112359,104.62822723388672,1
1200,1.293679775280896,23.25196629213478,105.01908111572266,1
1201,1.1223314606741548,22.93497191011231,101.09680938720703,1
1202,0.9509831460674135,22.6094101123595,95.8625717163086,1
1203,0.8396067415730318,22.360955056179726,91.95321655273438,1
1204,0.8310393258426947,22.035393258426915,85.2813720703125,1
1205,0.8995786516853912,21.70983146067411,87.36154174804688,1
1206,1.036657303370784,21.392837078651638,84.6982192993164,1
1207,1.1994382022471881,21.058707865168493,81.65113067626953,1
1208,1.31081460674157,20.63033707865164,82.72994232177734,1
1209,1.31081460674157,20.27050561797748,81.92135620117188,1
1210,1.2337078651685365,19.89353932584265,87.34051513671875,1
1211,1.173735955056177,19.525140449438158,90.20757293701172,1
1212,1.148033707865166,19.165308988764004,95.60066223144531,1
1213,1.1908707865168513,18.79691011235951,96.23792266845703,1
1214,1.302247191011233,18.394241573033668,80.63621520996094,1
1215,1.4907303370786482,17.991573033707827,73.98281860351562,1
1216,1.687780898876401,17.528932584269622,68.52967834472656,1
1217,1.876264044943816,17.049157303370748,69.60159301757812,1
1218,2.0561797752808944,16.54367977528086,68.7742919921875,1
1219,2.2189606741572985,16.038202247190974,71.458984375,1
1220,2.3560393258426915,15.524157303370751,72.89279174804688,1
1221,2.4502808988763993,15.018679775280864,77.37218475341797,1
1222,2.493117977528084,14.50463483146064,85.65386199951172,1
1223,2.458848314606736,13.98202247191008,91.52132415771484,1
1224,2.3474719101123545,13.459410112359521,96.5328598022461,1
1225,2.1846910112359503,12.945365168539297,107.2448959350586,1
1226,2.0219101123595458,12.43988764044941,118.69312286376953,1
1227,1.8505617977528046,11.94297752808986,128.60728454589844,1
1228,1.696348314606738,11.50603932584267,122.27471923828125,1
1229,1.584971910112356,11.111938202247165,117.71682739257812,1
1230,1.4992977528089855,10.734971910112336,117.74615478515625,1
1231,1.3964887640449406,10.383707865168518,111.97724151611328,1
1232,1.31081460674157,10.049578651685371,109.84473419189453,1
1233,1.2337078651685365,9.706882022471888,109.5136947631836,1
1234,1.148033707865166,9.35561797752807,104.68647003173828,1
1235,1.0709269662921324,9.012921348314588,107.0822982788086,1
1236,1.0109550561797729,8.670224719101105,104.72708892822266,1
1237,0.9167134831460653,8.336095505617958,102.03932189941406,1
1238,0.8653089887640428,8.001966292134814,100.3836898803711,1
1239,0.8310393258426947,7.667837078651668,99.68515014648438,1
1240,0.7967696629213465,7.316573033707849,92.8324203491211,1
1241,0.7025280898876389,6.965308988764029,94.00330352783203,1
1242,0.6254213483146053,6.631179775280884,94.39339447021484,1
1243,0.5140449438202236,6.305617977528075,94.61983489990234,1
1244,0.41123595505617877,5.988623595505604,88.52607727050781,1
1245,0.3169943820224712,5.680196629213471,88.93323516845703,1
1246,0.28272471910112296,5.3632022471909995,87.40386199951172,1
1247,0.26558988764044883,5.037640449438191,84.98811340332031,1
1248,0.29129213483146,4.729213483146057,89.65475463867188,1
1249,0.3255617977528082,4.412219101123585,88.45155334472656,1
1250,0.3341292134831453,4.120926966292126,84.70549774169922,1
1251,0.35983146067415644,3.881039325842688,85.0333251953125,1
1252,0.40266853932584173,3.6582865168539245,93.18496704101562,1
1253,0.4198033707865159,3.418398876404487,85.33638763427734,1
1254,0.46264044943820115,3.1870786516853857,89.98217010498047,1
1255,0.5483146067415718,2.9557584269662853,88.7771987915039,1
1256,0.6254213483146053,2.7758426966292076,88.89971923828125,1
1257,0.6853932584269647,2.62162921348314,89.86904907226562,1
1258,0.72823033707865,2.5102528089887586,93.9176254272461,1
1259,0.7367977528089871,2.458848314606736,93.705810546875,1
1260,0.7367977528089871,2.450280898876399,99.30193328857422,1
1261,0.7453651685393241,2.4074438202247137,99.63284301757812,1
1262,0.7624999999999982,2.3731741573033656,101.47281646728516,1
1263,0.8053370786516837,2.373174157303365,101.9537124633789,1
1264,0.8481741573033688,2.373174157303365,99.56616973876953,1
1265,0.8995786516853912,2.3817415730337026,101.42816925048828,1
1266,0.9595505617977507,2.4074438202247137,104.30074310302734,1
1267,1.0280898876404472,2.458848314606736,103.536376953125,1
1268,1.0794943820224694,2.4674157303370725,101.4733657836914,1
1269,1.1223314606741548,2.5188202247190956,102.0919189453125,1
1270,1.16516853932584,2.5102528089887586,100.58367919921875,1
1271,1.2165730337078624,2.587359550561792,107.30123138427734,1
1272,1.2508426966292105,2.647331460674151,100.67498016357422,1
1273,1.302247191011233,2.707303370786511,107.222900390625,1
1274,1.3622191011235922,2.6901685393258368,114.09365844726562,1
1275,1.3879213483146038,2.715870786516848,102.60633087158203,1
1276,1.4136235955056147,2.62162921348314,98.19832611083984,1
1277,1.4564606741573,2.5188202247190956,114.30341339111328,1
1278,1.4992977528089855,2.4417134831460623,115.71039581298828,1
1279,1.4992977528089857,2.338904494382017,120.35002899169922,1
1280,1.5164325842696595,2.253230337078647,117.74835968017578,1
1281,1.5249999999999966,2.201825842696624,122.57030487060547,1
1282,1.5421348314606707,2.1761235955056133,124.02365112304688,1
1283,1.5335674157303338,2.1504213483146017,125.83954620361328,1
1284,1.550702247191008,2.1932584269662874,125.4119644165039,1
1285,1.559269662921345,2.2275280898876355,130.45726013183594,1
1286,1.550702247191008,2.2617977528089837,126.52342987060547,1
1287,1.5249999999999968,2.338904494382017,122.97608947753906,1
1288,1.5078651685393227,2.4074438202247133,120.91573333740234,1
1289,1.4821629213483116,2.501685393258421,123.90415954589844,1
1290,1.4650280898876376,2.595926966292129,108.830078125,1
1291,1.4478932584269633,2.6730337078651627,122.1362075805664,1
1292,1.4650280898876373,2.715870786516848,128.67529296875,1
1293,1.4821629213483114,2.758707865168533,127.44678497314453,1
1294,1.5335674157303338,2.758707865168533,128.10025024414062,1
1295,1.5764044943820188,2.76727528089887,128.36170959472656,1
1296,1.6192415730337042,2.775842696629207,124.410400390625,1
1297,1.6535112359550523,2.775842696629207,124.03233337402344,1
1298,1.6792134831460637,2.7758426966292076,124.16328430175781,1
1299,1.687780898876401,2.792977528089881,113.25077056884766,1
1300,1.722050561797749,2.8015449438202187,116.09737396240234,1
1301,1.7648876404494345,2.8015449438202187,105.66162872314453,1
1302,1.7734550561797715,2.8186797752808928,120.8802719116211,1
1303,1.7905898876404454,2.835814606741567,110.23602294921875,1
1304,1.8077247191011196,2.8529494382022405,131.76878356933594,1
1305,1.8077247191011196,2.870084269662915,98.74718475341797,1
1306,1.8334269662921308,2.895786516853926,94.07008361816406,1
1307,1.8848314606741532,2.861516853932578,134.8687286376953,1
1308,1.9448033707865124,2.8272471910112293,89.76990509033203,1
1309,2.0304775280898832,2.750140449438196,100.6089096069336,1
1310,2.1075842696629166,2.62162921348314,97.09105682373047,1
1311,2.176123595505613,2.467415730337073,100.8166732788086,1
1312,2.2275280898876355,2.304634831460669,117.76942443847656,1
1313,2.2703651685393202,2.1332865168539277,123.63893127441406,1
1314,2.296067415730332,1.9619382022471867,125.3235855102539,1
1315,2.3389044943820174,1.8077247191011196,124.64440155029297,1
1316,2.4074438202247133,1.6449438202247155,135.0983428955078,1
1317,2.484550561797747,1.4907303370786484,137.63914489746094,1
1318,2.501685393258421,1.4050561797752779,148.451416015625,1
1319,2.493117977528084,1.4478932584269633,8.085664749145508,1
1320,2.441713483146062,1.6192415730337042,24.159099578857422,1
1321,2.287499999999995,1.9362359550561756,27.284223556518555,1
1322,2.0990168539325795,2.3731741573033656,32.03413009643555,1
1323,1.9619382022471865,2.844382022471904,38.76253890991211,1
1324,1.8419943820224678,3.3241573033707787,53.98698806762695,1
1325,1.74775280898876,3.803932584269654,64.17243957519531,1
1326,1.7134831460674118,4.3008426966292035,76.73918914794922,1
1327,1.7049157303370748,4.8148876404494265,79.09938049316406,1
1328,1.7134831460674118,5.3632022471909995,84.7273178100586,1
1329,1.730617977528086,5.911516853932571,82.38758850097656,1
1330,1.7820224719101083,6.46839887640448,84.7874526977539,1
1331,1.859129213483142,6.999578651685377,84.32361602783203,1
1332,1.9790730337078606,7.513623595505601,85.77130126953125,1
1333,2.1589887640449392,7.976264044943802,94.97210693359375,1
1334,2.4245786516853878,8.404634831460655,98.9972915649414,1
1335,2.775842696629207,8.764466292134813,120.5030288696289,1
1336,3.2213483146067348,9.055758426966273,141.6911163330078,1
1337,3.726825842696621,9.252808988764025,163.8028564453125,1
1338,4.266573033707855,9.35561797752807,3.9574344158172607,1
1339,4.780617977528079,9.364185393258406,13.989943504333496,1
1340,5.251825842696617,9.278511235955037,25.55940055847168,1
1341,5.671629213483134,9.098595505617958,32.76618194580078,1
1342,6.057162921348301,8.815870786516834,42.08979797363281,1
1343,6.348455056179761,8.48174157303369,49.84519958496094,1
1344,6.562640449438187,8.087640449438185,60.71997451782249,1
1345,6.6825842696629065,7.65926966292133,76.78043365478493,1
1346,6.6825842696629065,7.213764044943804,85.14706420898438,1
1347,6.55407303370785,6.7939606741572875,98.49129486083984,1
1348,6.348455056179761,6.391292134831446,108.81645965576172,1
1349,6.082865168539311,6.03146067415729,119.24925231933571,1
1350,5.7830056179775156,5.74016853932583,124.2688217163086,1
1351,5.423174157303359,5.5088483146067295,135.49569702148438,1
1352,5.020505617977517,5.354634831460662,151.4444427490232,1
1353,4.592134831460664,5.268960674157292,164.4051208496096,1
1354,4.120926966292126,5.251825842696618,173.5265808105471,1
1355,3.598314606741565,5.294662921348303,0.9368271231649032,1
1356,3.0757022471910043,5.414606741573022,11.972973823547136,1
1357,2.604494382022466,5.5945224719101,17.222055435180437,1
1358,2.2189606741572985,5.8258426966292,29.723495483397983,1
1359,1.9276685393258384,6.108567415730323,37.97531890869118,1
1360,1.7563202247190972,6.434129213483132,51.993503570556186,1
1361,1.6792134831460637,6.828230337078637,65.03312683105469,1
1362,1.6535112359550523,7.25660112359549,74.27251434326172,1
1363,1.6620786516853894,7.702106741573017,81.83458709716751,1
1364,1.739185393258423,8.147612359550545,85.54014587402298,1
1365,1.8848314606741532,8.584550561797734,100.09725189208984,1
1366,2.1418539325842647,8.952949438202229,112.96211242675781,1
1367,2.493117977528084,9.244241573033687,134.90441894531205,1
1368,2.921488764044937,9.449859550561778,158.06387329101517,1
1369,3.392696629213476,9.52696629213481,178.9028778076172,1
1370,3.881039325842688,9.475561797752787,13.981657028198242,1
1371,4.360814606741563,9.26137640449436,35.08646011352539,1
1372,4.789185393258416,8.94438202247189,52.25297927856445,1
1373,5.140449438202236,8.53314606741571,66.81438446044922,1
1374,5.397471910112348,8.070505617977512,78.1017837524414,1
1375,5.543117977528078,7.54789325842695,87.92057037353516,1
1376,5.568820224719088,7.042415730337064,96.59497833251953,1
1377,5.508848314606729,6.52837078651684,110.22073364257812,1
1378,5.3632022471909995,6.040028089887627,113.22854614257812,1
1379,5.15758426966291,5.603089887640437,115.13997650146484,1
1380,4.891994382022461,5.251825842696617,119.04306030273438,1
1381,4.566432584269653,4.9605337078651575,123.03346252441406,1
1382,4.180898876404486,4.737780898876394,139.66014099121094,1
1383,3.7439606741572953,4.583567415730327,153.4512481689453,1
1384,3.2556179775280825,4.497893258426956,166.73095703125,1
1385,2.8101123595505557,4.472191011235945,179.3902587890625,1
1386,2.4160112359550507,4.549297752808979,13.456933975219727,1
1387,2.1161516853932536,4.72064606741572,29.0139102935791,1
1388,1.9191011235955013,4.986235955056168,45.5869140625,1
1389,1.8334269662921308,5.337499999999988,57.69645690917969,1
1390,1.7820224719101083,5.774438202247178,67.04357147216842,1
1391,1.7563202247190972,6.254213483146053,75.87810516357422,1
1392,1.7477528089887602,6.78539325842695,82.3980484008789,1
1393,1.7734550561797715,7.3080056179775115,82.6064682006836,1
1394,1.8419943820224678,7.830617977528073,82.69878387451217,1
1395,1.9705056179775238,8.30182584269661,88.56871032714889,1
1396,2.2103932584269614,8.7387640449438,101.16228485107467,1
1397,2.5445224719101067,9.09002808988762,123.91421508789108,1
1398,2.964325842696623,9.364185393258406,143.64169311523438,1
1399,3.4098314606741496,9.518398876404472,162.25167846679733,1
1400,3.889606741573025,9.561235955056159,2.7594671249394196,1
1401,4.326544943820215,9.458426966292114,18.819070816040494,1
1402,4.7035112359550455,9.227106741573014,37.61221313476608,1
1403,4.9776685393258315,8.918679775280879,57.91271209716842,1
1404,5.174719101123584,8.53314606741571,74.4425888061528,1
1405,5.24325842696628,8.13047752808987,82.65012359619186,1
1406,5.2004213483145945,7.71924157303369,98.17788696289108,1
1407,5.046207865168528,7.359410112359534,106.89697265625,1
1408,4.823455056179765,7.0509831460673995,117.61730957031295,1
1409,4.532162921348304,6.811095505617962,130.59217834472702,1
1410,4.1723314606741475,6.639747191011222,150.3679656982422,1
1411,3.761095505617969,6.571207865168525,162.90835571289108,1
1412,3.315589887640442,6.596910112359535,175.0730590820317,1
1413,2.861516853932578,6.708286516853917,6.399462223053433,1
1414,2.3988764044943767,6.931039325842681,26.018623352051236,1
1415,2.013342696629209,7.213764044943804,39.76623153686569,1
1416,1.696348314606738,7.565028089887623,49.75572204589935,1
1417,1.4650280898876373,7.941994382022455,63.74634933471725,1
1418,1.3022471910112332,8.344662921348295,73.83801269531295,1
1419,1.2422752808988737,8.738764044943801,78.57229614257858,1
1420,1.2508426966292105,9.14999999999998,85.05754852295013,1
1421,1.3365168539325811,9.544101123595485,90.97422790527389,1
1422,1.5078651685393223,9.929634831460652,105.57497406005905,1
1423,1.7820224719101083,10.289466292134808,116.50540161132858,1
1424,2.1418539325842647,10.589325842696606,139.36657714843795,1
1425,2.5445224719101067,10.803511235955032,165.02847290039108,1
1426,2.998595505617971,10.906320224719078,2.2523448467263734,1
1427,3.478370786516846,10.880617977528065,18.9491252899179,1
1428,3.949578651685384,10.726404494381999,33.450439453125455,1
1429,4.403651685393248,10.48651685393256,39.43422317504974,1
1430,4.8491573033707756,10.16952247191009,45.368385314942316,1
1431,5.260393258426954,9.801123595505596,46.33164596557663,1
1432,5.620224719101111,9.398455056179753,53.929176330567316,1
1433,5.894382022471897,8.978651685393238,66.4485092163095,1
1434,6.065730337078638,8.524578651685374,75.71872711181732,1
1435,6.142837078651672,8.070505617977512,86.73079681396575,1
1436,6.11713483146066,7.599297752808971,92.976951599122,1
1437,6.014325842696616,7.145224719101108,96.64001464843841,1
1438,5.860112359550548,6.682584269662906,98.46472167968841,1
1439,5.663061797752797,6.254213483146053,101.14628601074264,1
1440,5.431741573033696,5.8772471910112225,108.77222442627044,1
1441,5.140449438202236,5.551685393258414,120.69747161865325,1
1442,4.789185393258416,5.268960674157292,135.5063476562509,1
1443,4.386516853932575,5.089044943820213,149.43171691894622,1
1444,3.9667134831460578,5.003370786516843,167.7775726318364,1
1445,3.521207865168531,5.029073033707855,0.44679448008673717,1
1446,3.1271067415730265,5.174719101123584,22.69519805908294,1
1447,2.7758426966292076,5.440308988764032,40.30488967895599,1
1448,2.493117977528084,5.808707865168526,57.62487030029388,1
1449,2.2789325842696577,6.2456460674157155,63.369667053223566,1
1450,2.1504213483146017,6.69971910112358,73.34825897216888,1
1451,2.1075842696629166,7.170926966292119,80.45998382568496,1
1452,2.176123595505613,7.65926966292133,88.22381591796966,1
1453,2.3474719101123545,8.121910112359533,101.81182098388763,1
1454,2.6130617977528035,8.541713483146049,115.04111480712982,1
1455,2.990028089887634,8.910112359550542,132.90699768066497,1
1456,3.4441011235954972,9.218539325842675,148.64886474609466,1
1457,3.9410112359550467,9.424157303370766,173.65940856933685,1
1458,4.446488764044934,9.518398876404472,2.6019482612623506,1
1459,4.934831460674146,9.501264044943799,7.240646362306052,1
1460,5.371769662921336,9.364185393258406,19.08832740783828,1
1461,5.765870786516841,9.098595505617956,36.94683456421035,1
1462,6.099999999999986,8.721629213483126,53.58772277832168,1
1463,6.348455056179761,8.284691011235937,68.28314208984511,1
1464,6.5026685393258274,7.839185393258409,84.68624114990325,1
1465,6.511235955056165,7.376544943820209,100.74910736084121,1
1466,6.399859550561784,6.999578651685377,117.01375579834121,1
1467,6.1514044943820085,6.708286516853917,132.1751708984384,1
1468,5.817275280898864,6.519803370786502,155.70236206054778,1
1469,5.423174157303358,6.434129213483132,168.26223754882903,1
1470,5.029073033707855,6.494101123595492,2.77901411056655,1
1471,4.617837078651675,6.648314606741559,18.208736419679553,1
1472,4.275140449438193,6.9396067415730185,37.457153320313864,1
1473,4.018117977528081,7.3251404494381855,60.166362762452536,1
1474,3.881039325842688,7.787780898876386,76.88563537597793,1
1475,3.8724719101123513,8.30182584269661,95.76609039306777,1
1476,4.009550561797743,8.841573033707846,106.19440460205215,1
1477,4.258005617977519,9.355617977528068,119.34654998779433,1
1478,4.600702247191,9.826825842696607,137.49151611328261,1
1479,5.020505617977516,10.246629213483123,148.6282806396498,1
1480,5.483146067415718,10.597893258426941,148.31442260742324,1
1481,5.962921348314593,10.846348314606718,153.091705322267,1
1482,6.459831460674144,10.983426966292111,159.45117187500182,1
1483,6.956741573033692,11.034831460674132,175.33552551269713,1
1484,7.445084269662905,10.983426966292111,9.515199661256247,1
1485,7.92485955056178,10.854915730337055,16.336742401124866,1
1486,8.38749999999998,10.683567415730312,17.866605758668356,1
1487,8.79873595505616,10.469382022471887,25.466629028321677,1
1488,9.158567415730316,10.178089887640429,29.14994812011855,1
1489,9.449859550561778,9.835393258426944,42.00474166870299,1
1490,9.672612359550541,9.415589887640428,60.24472427368346,1
1491,9.792556179775259,8.952949438202229,72.05505371093886,1
1492,9.835393258426947,8.438904494382005,83.682418823244,1
1493,9.783988764044924,7.907724719101106,95.7349548339862,1
1494,9.646910112359532,7.385112359550544,108.78326416015761,1
1495,9.41558988764043,6.922471910112344,116.99288177490416,1
1496,9.132865168539306,6.49410112359549,124.29921722412246,1
1497,8.781601123595484,6.168539325842683,133.6667175292987,1
1498,8.378932584269645,5.954353932584256,149.06634521484511,1
1499,7.933426966292117,5.842977528089874,164.9688568115248,1
1500,7.479353932584253,5.817275280898864,176.38789367675963,1
1501,7.008146067415714,5.88581460674156,3.518068552019031,1
1502,6.571207865168525,6.03146067415729,12.676215171816239,1
1503,6.185674157303358,6.23707865168538,23.159187316895895,1
1504,5.868679775280886,6.49410112359549,35.837196350099475,1
1505,5.6030898876404365,6.836797752808974,45.78294372558776,1
1506,5.440308988764032,7.230898876404479,57.55058288574401,1
1507,5.371769662921336,7.633567415730321,66.57500457763854,1
1508,5.423174157303358,8.104775280898858,80.31022644043196,1
1509,5.594522471910099,8.59311797752807,97.32050323486465,1
1510,5.88581460674156,9.030056179775261,112.93601226806868,1
1511,6.2799157303370645,9.389887640449416,129.19868469238463,1
1512,6.725421348314592,9.67261235955054,147.54400634765807,1
1513,7.179494382022456,9.783988764044924,172.76077270507994,1
1514,7.616432584269646,9.741151685393238,1.761071443560013,1
1515,8.019101123595487,9.569803370786497,11.437316894533524,1
1516,8.344662921348295,9.304213483146047,31.881330490114124,1
1517,8.610252808988744,8.961516853932565,47.177467346193225,1
1518,8.807303370786496,8.550280898876384,60.03470230102721,1
1519,8.927247191011215,8.104775280898858,70.36582946777526,1
1520,8.978651685393237,7.616432584269646,83.52294158935774,1
1521,8.952949438202229,7.110955056179759,88.38615417480696,1
1522,8.850140449438182,6.605477528089873,95.95130920410338,1
1523,8.678792134831442,6.125702247190998,105.40242004394713,1
1524,8.430337078651666,5.671629213483134,110.76789855957259,1
1525,8.121910112359533,5.277528089887629,119.1840896606468,1
1526,7.779213483146049,4.95196629213482,134.0263977050804,1
1527,7.402247191011218,4.72064606741572,147.05487060547148,1
1528,7.008146067415714,4.583567415730327,158.54092407226744,1
1529,6.605477528089873,4.549297752808979,172.1562194824237,1
1530,6.168539325842683,4.609269662921338,178.9406433105487,1
1531,5.705898876404481,4.754915730337069,12.493257522585736,1
1532,5.2346910112359435,4.9605337078651575,19.06480789184843,1
1533,4.789185393258416,5.217556179775269,25.98209762573515,1
1534,4.386516853932575,5.525983146067404,30.912628173829944,1
1535,4.0609550561797665,5.894382022471897,37.92458343506132,1
1536,3.8210674157303286,6.305617977528075,50.53494262695585,1
1537,3.6839887640449356,6.733988764044929,65.40693664550963,1
1538,3.6411516853932504,7.19662921348313,74.8097610473651,1
1539,3.7096910112359467,7.642134831460656,88.42960357666288,1
1540,3.9153089887640364,8.036235955056162,103.57736968994323,1
1541,4.240870786516845,8.353230337078632,124.02827453613463,1
1542,4.66067415730336,8.584550561797734,141.3062438964862,1
1543,5.15758426966291,8.695926966292115,156.41864013672148,1
1544,5.688764044943808,8.704494382022451,178.798873901369,1
1545,6.202808988764031,8.584550561797732,15.404037475587756,1
1546,6.656882022471895,8.353230337078633,31.4826526641873,1
1547,7.025280898876389,8.061938202247173,52.47241973877135,1
1548,7.282303370786499,7.667837078651668,67.03469085693541,1
1549,7.419382022471893,7.213764044943804,84.6941833496121,1
1550,7.4536516853932415,6.751123595505602,95.12747192382994,1
1551,7.393679775280882,6.2799157303370645,108.23380279541288,1
1552,7.273735955056163,5.808707865168526,119.12745666504179,1
1553,7.059550561797737,5.406039325842684,119.40530395507994,1
1554,6.776825842696614,5.071910112359539,126.49385070801054,1
1555,6.425561797752795,4.789185393258416,136.3013610839862,1
1556,6.014325842696616,4.566432584269653,152.39941406250273,1
1557,5.551685393258415,4.403651685393249,158.84268188476835,1
1558,5.09761235955055,4.326544943820215,169.7647857666043,1
1559,4.63497191011235,4.3179775280898784,179.0644226074246,1
1560,4.1723314606741475,4.403651685393248,10.28155231476103,1
1561,3.7525280898876323,4.592134831460664,21.29838943481718,1
1562,3.366994382022464,4.874859550561787,31.76322555542265,1
1563,3.032865168539319,5.226123595505606,41.196483612063275,1
1564,2.775842696629207,5.6373595505617855,49.065345764162885,1
1565,2.604494382022466,6.082865168539312,57.13539505005156,1
1566,2.501685393258421,6.562640449438187,66.56272125244413,1
1567,2.47598314606741,7.0509831460673995,78.46658325195494,1
1568,2.510252808988758,7.556460674157286,83.92170715332304,1
1569,2.613061797752803,8.027668539325825,92.26628875732604,1
1570,2.8186797752808923,8.48174157303369,101.9333190917996,1
1571,3.135674157303364,8.875842696629194,122.03131103515898,1
1572,3.5383426966292055,9.167134831460654,138.1048736572293,1
1573,3.9924157303370693,9.32134831460672,164.28320312500273,1
1574,4.497893258426957,9.355617977528068,5.505438804629193,1
1575,4.969101123595494,9.252808988764023,25.298194885256635,1
1576,5.397471910112348,9.012921348314586,45.4170837402371,1
1577,5.7830056179775156,8.661657303370767,61.902111053469525,1
1578,6.125702247190998,8.250421348314589,69.50264739990507,1
1579,6.382724719101109,7.770646067415713,75.61968231201536,1
1580,6.579775280898862,7.222331460674141,82.2829284667996,1
1581,6.708286516853917,6.656882022471895,86.13043975830351,1
1582,6.768258426966277,6.099999999999986,95.63934326172148,1
1583,6.759691011235939,5.525983146067403,100.7183532714871,1
1584,6.6997191011235815,4.986235955056168,99.44547271728788,1
1585,6.605477528089873,4.489325842696619,98.08436584472929,1
1586,6.476966292134817,4.0266853932584175,97.81812286377226,1
1587,6.331320224719087,3.589747191011228,102.71169281006132,1
1588,6.185674157303357,3.144241573033701,102.99903869629179,1
1589,6.057162921348301,2.82724719101123,108.78269958496367,1
1590,5.928651685393245,2.6301966292134775,106.7038497924832,1
1591,5.765870786516841,2.5188202247190956,113.25472259521757,1
1592,5.551685393258414,2.4759831460674104,128.53157043457304,1
1593,5.24325842696628,2.527387640449432,141.95452880859648,1
1594,4.874859550561787,2.5616573033707803,157.81521606445585,1
1595,4.412219101123585,2.578792134831455,170.67321777344023,1
1596,3.93244382022471,2.630196629213477,177.70054626465117,1
1597,3.4526685393258347,2.741573033707859,3.5464439392126224,1
1598,3.041432584269656,2.930056179775274,20.13271141052519,1
1599,2.6730337078651623,3.195646067415723,30.412914276126685,1
1600,2.4245786516853878,3.546910112359542,47.23221969604856,1
1601,2.2874999999999948,3.949578651685384,64.19962310791288,1
1602,2.2703651685393202,4.369382022471901,82.79390716553007,1
1603,2.3903089887640396,4.823455056179764,94.50450134277617,1
1604,2.6473314606741516,5.260393258426954,107.0066833496121,1
1605,3.032865168539319,5.645926966292122,125.07235717773801,1
1606,3.478370786516846,5.94578651685392,142.7856597900418,1
1607,3.9752808988763952,6.1514044943820085,168.78730773926054,1
1608,4.455056179775271,6.211376404494368,9.138864517215552,1
1609,4.89199438202246,6.108567415730323,23.248031616214575,1
1610,5.2346910112359435,5.877247191011223,43.49983215332395,1
1611,5.500280898876392,5.543117977528078,61.64886093140012,1
1612,5.671629213483134,5.1404494382022365,75.2137832641638,1
1613,5.765870786516841,4.703511235955046,87.49548339844114,1
1614,5.765870786516841,4.258005617977519,89.37869262695585,1
1615,5.697331460674144,3.8210674157303286,93.22916412353788,1
1616,5.585955056179762,3.3841292134831393,96.21330261230833,1
1617,5.440308988764032,2.981460674157297,101.99504852295195,1
1618,5.24325842696628,2.6558988764044886,107.75699615478788,1
1619,4.986235955056168,2.3988764044943767,122.21379852295286,1
1620,4.669241573033697,2.201825842696624,141.65173339844114,1
1621,4.292275280898867,2.1075842696629166,161.43952941894895,1
1622,3.8639044943820138,2.1247191011235906,177.64138793945585,1
1623,3.444101123595498,2.1932584269662874,7.600830554965796,1
1624,3.0499999999999927,2.3646067415730285,17.361488342288794,1
1625,2.715870786516848,2.6130617977528035,30.810760498050513,1
1626,2.4502808988763993,2.9471910112359483,44.46669769287382,1
1627,2.2789325842696577,3.3241573033707796,53.866500854495825,1
1628,2.1932584269662874,3.7439606741572944,69.47400665283567,1
1629,2.2275280898876355,4.1723314606741475,81.40100860596067,1
1630,2.3731741573033656,4.626404494382012,91.73555755615598,1
1631,2.6473314606741516,5.063342696629202,107.9307556152371,1
1632,3.024297752808982,5.457443820224707,125.4240646362341,1
1633,3.4698033707865092,5.7830056179775156,151.328460693363,1
1634,3.958146067415721,6.0057584269662785,166.18647766113645,1
1635,4.480758426966282,6.082865168539312,5.850270748142066,1
1636,4.9776685393258315,6.0057584269662785,26.550079345706763,1
1637,5.414606741573021,5.800140449438189,45.46407699585325,1
1638,5.7830056179775156,5.4917134831460555,63.223049163822,1
1639,6.065730337078638,5.123314606741561,68.50775146484739,1
1640,6.2456460674157155,4.703511235955046,79.8670578002966,1
1641,6.348455056179761,4.240870786516845,83.42370605469114,1
1642,6.399859550561784,3.761095505617969,92.35211944580442,1
1643,6.399859550561783,3.3070224719101047,91.02969360351926,1
1644,6.348455056179761,2.9471910112359487,96.19391632080442,1
1645,6.245646067415716,2.698735955056174,98.07048797607786,1
1646,6.074297752808976,2.5530898876404438,112.04718780517942,1
1647,5.800140449438189,2.47598314606741,127.62781524658567,1
1648,5.440308988764032,2.467415730337073,145.85110473633176,1
1649,5.037640449438191,2.458848314606736,158.28782653808958,1
1650,4.583567415730327,2.501685393258421,173.94505310058958,1
1651,4.138061797752799,2.62162921348314,13.161455154422583,1
1652,3.752528089887632,2.8443820224719034,28.774635314945044,1
1653,3.43553370786516,3.169943820224712,45.03423690796262,1
1654,3.1870786516853857,3.5897471910112273,63.26915740967161,1
1655,3.041432584269656,4.0609550561797665,74.17660522461301,1
1656,2.990028089887634,4.57499999999999,80.8376846313513,1
1657,3.041432584269656,5.089044943820213,85.09673309326627,1
1658,3.2042134831460602,5.577387640449426,94.47276306152708,1
1659,3.4869382022471833,6.048595505617964,107.97940063476926,1
1660,3.8724719101123513,6.476966292134817,127.78362274170286,1
1661,4.3351123595505525,6.836797752808974,139.9048461914099,1
1662,4.874859550561787,7.136657303370771,155.66491699219114,1
1663,5.44887640449437,7.350842696629198,170.20309448242642,1
1664,6.040028089887627,7.445084269662904,179.26586914062864,1
1665,6.639747191011222,7.445084269662904,9.308831214908423,1
1666,7.239466292134816,7.376544943820209,14.01584720611936,1
1667,7.796348314606723,7.248033707865153,18.36952972412564,1
1668,8.327528089887622,7.068117977528074,21.93956375122525,1
1669,8.79873595505616,6.853932584269647,24.820812225345435,1
1670,9.192837078651666,6.596910112359535,30.029546737675446,1
1671,9.501264044943799,6.297050561797739,40.77302551269895,1
1672,9.741151685393238,5.94578651685392,52.448036193852204,1
1673,9.895365168539303,5.551685393258415,67.97422027588345,1
1674,9.98960674157301,5.123314606741562,80.15413665771939,1
1675,10.049578651685371,4.677808988764034,85.76179504394986,1
1676,10.083848314606719,4.215168539325833,88.79518127441861,1
1677,10.083848314606719,3.761095505617969,85.52635192871548,1
1678,10.066713483146046,3.3241573033707787,87.05908203125364,1
1679,10.032443820224696,2.9557584269662858,88.12622070312955,1
1680,9.93820224719099,2.6473314606741516,94.89404296875364,1
1681,9.792556179775259,2.4074438202247137,103.39187622070676,1
1682,9.58693820224717,2.2189606741572985,113.88491821289426,1
1683,9.312780898876383,2.0818820224719055,117.09836578369595,1
1684,8.961516853932563,1.9619382022471865,135.22575378418333,1
1685,8.56741573033706,1.867696629213479,153.85794067383267,1
1686,8.139044943820206,1.8248595505617935,162.90306091308958,1
1687,7.684971910112343,1.859129213483142,170.0227661132849,1
1688,7.265168539325826,1.9705056179775238,1.4783660173461612,1
1689,6.862499999999985,2.1589887640449392,5.2150645256087955,1
1690,6.49410112359549,2.433146067415725,17.578794479373755,1
1691,6.159971910112345,2.7929775280898816,30.266933441166657,1
1692,5.902949438202234,3.2213483146067348,46.696037292485016,1
1693,5.7144662921348175,3.718258426966284,66.77197265625455,1
1694,5.628792134831448,4.258005617977519,85.9155654907272,1
1695,5.663061797752796,4.823455056179765,96.09834289551236,1
1696,5.834410112359537,5.3632022471909995,107.44492340088254,1
1697,6.11713483146066,5.834410112359537,119.38265991211392,1
1698,6.485533707865154,6.185674157303358,135.01086425781705,1
1699,6.931039325842681,6.425561797752794,159.3248901367224,1
1700,7.427949438202231,6.519803370786502,174.3705749511755,1
1701,7.907724719101106,6.46839887640448,9.489507675175446,1
1702,8.387499999999982,6.288483146067401,22.158615112309235,1
1703,8.807303370786496,6.040028089887627,43.57192230225064,1
1704,9.158567415730317,5.671629213483133,52.39086914062955,1
1705,9.398455056179754,5.24325842696628,69.84132385254361,1
1706,9.544101123595485,4.763483146067405,82.06040191650845,1
1707,9.569803370786497,4.283707865168529,91.96897888184048,1
1708,9.509831460674137,3.7953651685393175,108.04868316650845,1
1709,9.364185393258406,3.3327247191011162,112.78261566162564,1
1710,9.175702247190992,2.904353932584263,117.5679321289108,1
1711,8.970084269662902,2.561657303370781,117.10667419434048,1
1712,8.704494382022451,2.2874999999999948,119.20512390137173,1
1713,8.387499999999982,2.0818820224719055,132.0055084228552,1
1714,8.01053370786515,1.9533707865168495,146.9255981445358,1
1715,7.573595505617961,1.901966292134827,152.86518859863736,1
1716,7.076685393258411,1.9191011235955013,166.04470825195767,1
1717,6.579775280898862,2.013342696629209,175.54414367676236,1
1718,6.099999999999986,2.1846910112359503,10.681807518009919,1
1719,5.654494382022459,2.4759831460674104,25.145608901982087,1
1720,5.286095505617966,2.861516853932578,44.57766342163541,1
1721,5.01193820224718,3.2984550561797676,58.5794296264703,1
1722,4.8320224719101015,3.7696629213483064,73.58232879639127,1
1723,4.746348314606731,4.283707865168529,80.55249786377408,1
1724,4.763483146067405,4.7977528089887524,91.88169097900845,1
1725,4.8491573033707756,5.286095505617965,97.61463928223111,1
1726,4.986235955056169,5.783005617977514,104.85659027100064,1
1727,5.18328651685392,6.271348314606727,105.87861633301236,1
1728,5.440308988764032,6.716853932584255,108.56355285644986,1
1729,5.765870786516841,7.119522471910097,120.52809143066861,1
1730,6.1514044943820085,7.479353932584251,131.14050292969205,1
1731,6.596910112359535,7.753511235955038,145.71118164062955,1
1732,7.0852528089887485,7.933426966292117,150.59265136719205,1
1733,7.582162921348297,8.027668539325825,163.69555664062955,1
1734,8.079073033707846,8.001966292134814,176.95405578613736,1
1735,8.53314606741571,7.873455056179758,14.459905624395105,1
1736,8.927247191011215,7.650702247190994,34.09991073608853,1
1737,9.227106741573014,7.342275280898859,51.25910186768033,1
1738,9.424157303370766,6.973876404494367,65.54122924805142,1
1739,9.484129213483126,6.596910112359535,89.20927429199764,1
1740,9.398455056179753,6.211376404494368,106.06799316406705,1
1741,9.184269662921327,5.868679775280886,118.47230529785611,1
1742,8.88441011235953,5.611657303370774,137.7339477539108,1
1743,8.498876404494364,5.44887640449437,151.71640014648892,1
1744,8.053370786516837,5.397471910112347,169.42050170898892,1
1745,7.616432584269646,5.466011235955044,12.314972877506989,1
1746,7.205196629213466,5.654494382022459,33.23416519165585,1
1747,6.836797752808972,5.937219101123581,48.43737411499478,1
1748,6.55407303370785,6.305617977528075,58.48477554321744,1
1749,6.382724719101109,6.725421348314592,73.77371215820767,1
1750,6.331320224719088,7.179494382022455,84.35145568848111,1
1751,6.4084269662921205,7.642134831460656,91.27867126465298,1
1752,6.588342696629198,8.087640449438185,101.28517150879452,1
1753,6.871067415730321,8.48174157303369,115.80710601807186,1
1754,7.265168539325828,8.841573033707846,130.9167633056686,1
1755,7.71924157303369,9.132865168539306,143.9900970459039,1
1756,8.216151685393239,9.32134831460672,155.5359497070367,1
1757,8.747331460674138,9.415589887640428,173.24484252930142,1
1758,9.287078651685373,9.398455056179754,7.327016830449793,1
1759,9.775421348314586,9.269943820224698,19.11037445068905,1
1760,10.220926966292113,9.047191011235935,32.368732452398035,1
1761,10.589325842696606,8.738764044943801,42.63262557983944,1
1762,10.863483146067392,8.378932584269645,56.84666061401913,1
1763,11.051966292134807,7.993398876404475,68.93888854981014,1
1764,11.171910112359523,7.565028089887623,76.1455917358453,1
1765,11.206179775280873,7.110955056179759,85.46266937256405,1
1766,11.1890449438202,6.6654494382022325,90.11927795410702,1
1767,11.111938202247167,6.211376404494368,93.48445129395077,1
1768,10.966292134831438,5.765870786516841,101.30760955811093,1
1769,10.760674157303345,5.371769662921336,108.17304229736874,1
1770,10.495084269662899,5.029073033707855,115.89431762695767,1
1771,10.152387640449415,4.729213483146056,129.85298156738827,1
1772,9.741151685393238,4.48932584269662,147.20214843750546,1
1773,9.287078651685373,4.335112359550552,160.49948120117733,1
1774,8.807303370786498,4.258005617977519,172.30604553223202,1
1775,8.318960674157285,4.283707865168529,179.88208007813046,1
1776,7.856320224719083,4.420786516853923,17.439010620122644,1
1777,7.436516853932568,4.6692415730336965,34.89823150635311,1
1778,7.076685393258411,4.994803370786506,45.68545913696835,1
1779,6.776825842696614,5.380337078651673,56.99949264526913,1
1780,6.55407303370785,5.8258426966292,62.45756912231991,1
1781,6.399859550561783,6.297050561797739,68.04021453857968,1
1782,6.305617977528076,6.802528089887625,74.2813110351617,1
1783,6.2627808988763904,7.3422752808988605,77.73451995850155,1
1784,6.2799157303370645,7.907724719101106,83.2028656005914,1
1785,6.374157303370772,8.473174157303351,88.79497528076718,1
1786,6.5369382022471765,9.030056179775261,99.04280090332577,1
1787,6.7939606741572875,9.552668539325822,110.16779327393124,1
1788,7.128089887640433,10.015308988764023,119.03333282471249,1
1789,7.513623595505601,10.392275280898852,128.81423950195858,1
1790,7.933426966292117,10.674999999999978,137.56526184082577,1
1791,8.387499999999982,10.880617977528065,143.4474945068414,1
1792,8.867275280898856,10.983426966292111,160.10176086426327,1
1793,9.347050561797733,11.000561797752784,170.03947448731014,1
1794,9.835393258426944,10.914887640449413,4.482066154485437,1
1795,10.298033707865144,10.743539325842672,16.570285797124598,1
1796,10.709269662921324,10.477949438202224,31.726575851445887,1
1797,11.051966292134807,10.143820224719079,44.17706680298397,1
1798,11.326123595505592,9.749719101123574,53.860004425054285,1
1799,11.50603932584267,9.32134831460672,66.69054412842343,1
1800,11.600280898876377,8.892977528089869,78.04556274414608,1
1801,11.600280898876377,8.438904494382005,88.52227783203762,1
1802,11.514606741573008,7.993398876404475,96.90820312500546,1
1803,11.343258426966266,7.530758426966275,107.41960144043514,1
1804,11.111938202247165,7.085252808988747,114.1336059570367,1
1805,10.83778089887638,6.6311797752808825,118.33634185791561,1
1806,10.555056179775258,6.202808988764031,116.2227630615289,1
1807,10.255196629213462,5.765870786516841,114.13944244385311,1
1808,9.963904494382001,5.346067415730325,114.05940246582577,1
1809,9.664044943820205,4.926264044943808,118.24366760254452,1
1810,9.347050561797733,4.489325842696618,119.35753631592343,1
1811,9.012921348314586,4.0609550561797665,124.8561630249078,1
1812,8.670224719101103,3.649719101123587,125.87909698486874,1
1813,8.318960674157285,3.2556179775280825,127.36129760742733,1
1814,7.959129213483129,2.887219101123589,125.44226074219296,1
1815,7.599297752808971,2.578792134831455,131.3388519287164,1
1816,7.205196629213466,2.296067415730332,135.14715576172512,1
1817,6.785393258426952,2.0647471910112314,144.62579345703762,1
1818,6.32275280898875,1.910533707865164,154.40213012695858,1
1819,5.851544943820211,1.8419943820224678,164.2793579101617,1
1820,5.3803370786516735,1.8419943820224678,174.89282226562955,1
1821,4.926264044943808,1.9705056179775238,12.656200408941004,1
1822,4.489325842696619,2.2103932584269614,28.828165054326746,1
1823,4.1380617977528,2.5359550561797697,37.11946868897121,1
1824,3.8553370786516767,2.9386235955056113,53.21250534058163,1
1825,3.6582865168539245,3.418398876404487,73.77399444580624,1
1826,3.572612359550554,3.923876404494373,82.32002258301327,1
1827,3.6154494382022384,4.455056179775271,89.43907928467343,1
1828,3.7439606741572944,4.9776685393258315,95.19526672363918,1
1829,3.975280898876396,5.466011235955044,105.66073608399074,1
1830,4.292275280898867,5.88581460674156,117.99456787110012,1
1831,4.686376404494371,6.211376404494368,136.68324279785702,1
1832,5.131882022471898,6.391292134831446,154.17765808106105,1
1833,5.594522471910099,6.4426966292134695,175.52238464356105,1
1834,6.048595505617964,6.357022471910097,18.065759658818024,1
1835,6.459831460674143,6.142837078651672,39.55939483643124,1
1836,6.785393258426952,5.8258426966292,54.016593933110926,1
1837,7.025280898876389,5.440308988764032,71.27348327637264,1
1838,7.188061797752793,4.994803370786505,82.11660766602199,1
1839,7.265168539325826,4.515028089887631,90.42092895508449,1
1840,7.282303370786501,4.018117977528081,93.31848144531796,1
1841,7.248033707865153,3.521207865168532,98.43104553223202,1
1842,7.162359550561781,3.0928370786516783,96.80976104736874,1
1843,7.008146067415714,2.7672752808988705,103.66162872314999,1
1844,6.785393258426952,2.527387640449432,108.4145889282272,1
1845,6.494101123595492,2.3817415730337026,127.40332031250637,1
1846,6.142837078651672,2.3132022471910063,138.56190490723202,1
1847,5.723033707865156,2.2446629213483096,145.6602935791061,1
1848,5.286095505617966,2.1761235955056133,152.31005859375546,1
1849,4.8320224719101015,2.1332865168539277,162.17944335938137,1
1850,4.377949438202238,2.124719101123591,167.66072082520168,1
1851,3.9153089887640364,2.1675561797752763,171.26303100586392,1
1852,3.461235955056172,2.296067415730332,2.756300449376795,1
1853,3.007162921348308,2.493117977528084,13.168837547307703,1
1854,2.587359550561792,2.750140449438196,24.46297264099576,1
1855,2.1846910112359503,3.0757022471910043,33.83392715454556,1
1856,1.859129213483142,3.461235955056172,44.259498596195954,1
1857,1.6192415730337042,3.881039325842688,57.885646820073816,1
1858,1.4650280898876373,4.326544943820215,67.67382812500546,1
1859,1.3879213483146038,4.7977528089887524,75.9787979126022,1
1860,1.4050561797752776,5.260393258426954,85.03748321533567,1
1861,1.4907303370786482,5.705898876404481,88.13756561279752,1
1862,1.6535112359550523,6.142837078651672,92.34633636475064,1
1863,1.8848314606741527,6.5369382022471765,101.55702209473111,1
1864,2.2103932584269614,6.871067415730321,111.67607116699583,1
1865,2.613061797752803,7.136657303370771,129.0822906494186,1
1866,3.1099719101123524,7.3080056179775115,150.11970520019895,1
1867,3.6240168539325763,7.367977528089871,176.96556091309048,1
1868,4.146629213483137,7.3251404494381855,12.891119956973853,1
1869,4.626404494382012,7.153792134831446,28.67711830139615,1
1870,5.046207865168528,6.871067415730321,48.21027374268033,1
1871,5.354634831460662,6.519803370786502,68.2582397460983,1
1872,5.585955056179763,6.082865168539312,77.96588897705442,1
1873,5.723033707865155,5.628792134831448,81.85264587402798,1
1874,5.748735955056167,5.18328651685392,90.05942535400754,1
1875,5.68019662921347,4.789185393258417,102.1557769775427,1
1876,5.525983146067404,4.420786516853922,114.50997161865598,1
1877,5.286095505617965,4.103792134831451,117.99544525146939,1
1878,4.994803370786506,3.829634831460665,129.40367126465208,1
1879,4.66067415730336,3.5983146067415652,132.78807067871458,1
1880,4.275140449438193,3.375561797752802,133.37458801269895,1
1881,3.8639044943820138,3.2127808988763973,148.24649047852017,1
1882,3.444101123595498,3.1271067415730265,156.180755615238,1
1883,3.015730337078645,3.1099719101123524,165.2511138916052,1
1884,2.604494382022466,3.195646067415723,176.02529907226926,1
1885,2.253230337078647,3.3841292134831384,11.976626396182837,1
1886,1.9619382022471865,3.6582865168539245,26.802867889407935,1
1887,1.7477528089887602,4.009550561797743,41.69999313354856,1
1888,1.6192415730337046,4.42935393258426,63.63936996460325,1
1889,1.567837078651682,4.86629213483145,78.06039428711392,1
1890,1.584971910112356,5.346067415730325,84.09566497803007,1
1891,1.6620786516853898,5.8258426966292,90.32935333252226,1
1892,1.7991573033707826,6.288483146067401,93.88615417480833,1
1893,1.987640449438198,6.691151685393242,95.71201324463254,1
1894,2.2703651685393207,7.093820224719086,109.89978027344114,1
1895,2.6130617977528035,7.419382022471893,115.76567840576536,1
1896,3.032865168539319,7.676404494382004,138.73989868164426,1
1897,3.504073033707857,7.839185393258409,161.64537048340208,1
1898,4.0266853932584175,7.916292134831442,1.5045719146746706,1
1899,4.5407303370786405,7.856320224719083,17.514421463014514,1
1900,5.01193820224718,7.702106741573016,38.48485183716002,1
1901,5.414606741573022,7.470786516853916,49.74459075927916,1
1902,5.7487359550561665,7.136657303370771,62.68927001953307,1
1903,5.980056179775267,6.725421348314592,67.3590545654315,1
1904,6.099999999999986,6.288483146067402,77.36724090576536,1
1905,6.125702247190998,5.842977528089874,86.55355834961301,1
1906,6.048595505617963,5.397471910112347,103.76485443115598,1
1907,5.868679775280886,5.046207865168528,118.43363952637083,1
1908,5.603089887640437,4.780617977528079,130.78407287597838,1
1909,5.286095505617966,4.592134831460664,145.96255493164244,1
1910,4.909129213483135,4.480758426966282,158.00169372558776,1
1911,4.523595505617967,4.472191011235944,173.69309997558958,1
1912,4.112359550561789,4.549297752808979,177.33699035644895,1
1913,3.7096910112359467,4.72064606741572,14.919437408449085,1
1914,3.3070224719101047,4.986235955056168,25.564567565919788,1
1915,2.9643258426966224,5.346067415730325,36.14200210571653,1
1916,2.6644662921348257,5.757303370786504,48.543067932132544,1
1917,2.467415730337073,6.211376404494368,65.55097961425963,1
1918,2.3560393258426915,6.6825842696629065,74.61671447754088,1
1919,2.3560393258426915,7.153792134831446,83.33005523681823,1
1920,2.47598314606741,7.599297752808971,91.52397918701354,1
1921,2.6901685393258368,8.001966292134814,106.6881561279315,1
1922,3.015730337078645,8.336095505617958,130.65379333496276,1
1923,3.4441011235954972,8.59311797752807,149.8554840087927,1
1924,3.93244382022471,8.738764044943801,174.08464050293333,1
1925,4.412219101123585,8.764466292134811,12.4175491333026,1
1926,4.857724719101112,8.670224719101105,29.516021728517444,1
1927,5.208988764044932,8.438904494382005,43.58464431762877,1
1928,5.440308988764032,8.121910112359533,59.649295806886585,1
1929,5.551685393258415,7.7278089887640276,73.54077911377135,1
1930,5.551685393258415,7.2908707865168365,85.45691680908385,1
1931,5.466011235955044,6.8453651685393115,99.46640777588073,1
1932,5.277528089887629,6.425561797752795,111.85137939453307,1
1933,5.020505617977517,6.040028089887627,121.6635437011737,1
1934,4.7035112359550455,5.74016853932583,129.85557556152526,1
1935,4.335112359550552,5.508848314606729,142.07868957519713,1
1936,3.9410112359550475,5.371769662921336,155.71023559570494,1
1937,3.5297752808988685,5.354634831460662,175.60914611816406,1
1938,3.1099719101123524,5.44887640449437,13.775424003601074,1
1939,2.707303370786511,5.645926966292121,33.271663665771484,1
1940,2.3560393258426915,5.94578651685392,45.1574058532733,1
1941,2.0476123595505573,6.32275280898875,52.52117919922057,1
1942,1.8162921348314565,6.742556179775266,58.739864349365234,1
1943,1.6792134831460637,7.179494382022455,66.46569061279479,1
1944,1.6192415730337042,7.616432584269646,71.91218566894713,1
1945,1.6278089887640417,8.07050561797751,78.49312591552734,1
1946,1.722050561797749,8.498876404494364,84.20449066162291,1
1947,1.8933988764044904,8.927247191011215,94.20350646972838,1
1948,2.124719101123591,9.329915730337058,109.4539794921875,1
1949,2.433146067415725,9.689747191011213,127.04545593261719,1
1950,2.8186797752808923,9.955337078651663,142.53787231445312,1
1951,3.247050561797745,10.143820224719077,161.4026336669922,1
1952,3.6839887640449356,10.220926966292112,3.9225523471832275,1
1953,4.103792134831451,10.186657303370762,18.16802215576172,1
1954,4.472191011235945,10.041011235955034,31.798002243041992,1
1955,4.763483146067406,9.76685393258425,54.545963287355335,1
1956,4.9605337078651575,9.398455056179754,71.88203430175963,1
1957,5.054775280898864,8.944382022471888,87.29329681396484,1
1958,5.054775280898865,8.456039325842678,98.14698028564453,1
1959,4.9605337078651575,7.959129213483128,111.04167938232422,1
1960,4.763483146067405,7.522191011235938,118.03880310058594,1
1961,4.506460674157294,7.170926966292119,133.57522583007812,1
1962,4.163764044943811,6.922471910112344,148.28846740722656,1
1963,3.752528089887632,6.785393258426952,167.4322509765625,1
1964,3.2984550561797676,6.776825842696614,1.2408510446548462,1
1965,2.861516853932578,6.9053370786516695,22.240802764892578,1
1966,2.441713483146062,7.128089887640433,39.59827423095703,1
1967,2.1161516853932536,7.453651685393242,56.29191589355469,1
1968,1.876264044943816,7.8391853932584095,65.1083984375,1
1969,1.730617977528086,8.267556179775262,65.13099670409974,1
1970,1.6449438202247155,8.687359550561776,72.71554565429688,1
1971,1.6278089887640412,9.115730337078631,77.28717803955078,1
1972,1.6706460674157266,9.535533707865147,83.24250793457031,1
1973,1.7820224719101083,9.946769662921326,90.0344009399414,1
1974,1.9790730337078606,10.340870786516831,101.88363647460938,1
1975,2.2789325842696577,10.700702247190987,112.82450866699219,1
1976,2.6730337078651627,10.991994382022446,137.077880859375,1
1977,3.144241573033701,11.180477528089863,156.48289489746094,1
1978,3.6668539325842615,11.257584269662896,2.591576099393933,1
1979,4.1894662921348225,11.21474719101121,13.567177772521973,1
1980,4.686376404494372,11.086235955056155,23.628265380859375,1
1981,5.140449438202236,10.872050561797728,32.96383285522461,1
1982,5.543117977528077,10.589325842696605,40.967830657957165,1
1983,5.868679775280885,10.280898876404471,49.351287841796875,1
1984,6.108567415730323,9.929634831460652,54.3684196472168,1
1985,6.254213483146053,9.52696629213481,67.7513732910138,1
1986,6.2799157303370645,9.115730337078631,84.12674713134584,1
1987,6.185674157303357,8.704494382022453,95.0171661376935,1
1988,5.988623595505604,8.267556179775262,105.23219299316224,1
1989,5.731601123595493,7.873455056179758,117.96454620361328,1
1990,5.38890449438201,7.539325842696613,130.94679260253906,1
1991,4.9776685393258315,7.265168539325826,144.01597595214844,1
1992,4.540730337078641,7.0852528089887485,162.04003906249818,1
1993,4.07808988764044,7.042415730337062,178.47364807128906,1
1994,3.606882022471902,7.110955056179759,12.638917922971814,1
1995,3.195646067415723,7.3080056179775115,32.677608489988415,1
1996,2.8957865168539265,7.599297752808971,54.27524185180482,1
1997,2.715870786516848,7.959129213483129,72.25184631347474,1
1998,2.698735955056174,8.361797752808972,87.33811187743959,1
1999,2.835814606741567,8.764466292134813,100.24974822997865,1
2000,3.1185393258426894,9.12429775280897,121.1870422363263,1
2001,3.504073033707857,9.41558988764043,143.67749023437318,1
2002,3.9410112359550467,9.612640449438182,168.61003112792787,1
2003,4.4293539325842595,9.67261235955054,6.552565574644177,1
2004,4.900561797752798,9.61264044943818,13.266565322874158,1
2005,5.3632022471909995,9.432724719101103,27.367242813108533,1
2006,5.80014044943819,9.17570224719099,34.60242080688295,1
2007,6.211376404494368,8.850140449438182,45.32839584350404,1
2008,6.55407303370785,8.473174157303351,51.18487548827943,1
2009,6.853932584269647,8.07050561797751,60.91409683227357,1
2010,7.076685393258411,7.650702247190994,69.53581237792787,1
2011,7.205196629213466,7.188061797752792,74.3214950561487,1
2012,7.248033707865153,6.733988764044929,82.17457580566224,1
2013,7.19662921348313,6.305617977528076,94.26509857177552,1
2014,7.059550561797737,5.902949438202233,103.73937225341615,1
2015,6.828230337078637,5.543117977528077,113.90279388427552,1
2016,6.511235955056165,5.251825842696617,129.15182495117006,1
2017,6.125702247190997,5.029073033707854,146.3824005126935,1
2018,5.697331460674144,4.883426966292124,167.026321411131,1
2019,5.2346910112359435,4.823455056179765,1.9735621213894774,1
2020,4.763483146067404,4.874859550561787,13.110512733455835,1
2021,4.326544943820215,5.046207865168528,26.912145614622204,1
2022,3.9410112359550475,5.311797752808976,34.09942626952943,1
2023,3.606882022471902,5.671629213483134,42.39007949828738,1
2024,3.3327247191011162,6.09143258426965,52.31717681884584,1
2025,3.127106741573027,6.55407303370785,61.7659759521448,1
2026,2.9814606741572964,7.042415730337064,71.14698791503542,1
2027,2.887219101123589,7.565028089887623,77.00242614745912,1
2028,2.861516853932578,8.079073033707846,82.87889099120912,1
2029,2.9471910112359483,8.59311797752807,95.62231445312136,1
2030,3.144241573033701,9.072893258426946,108.2452926635724,1
2031,3.4441011235954972,9.492696629213462,127.54369354247865,1
2032,3.8382022471910027,9.809691011235934,148.55001831054506,1
2033,4.300842696629204,10.023876404494361,166.79972839355287,1
2034,4.772050561797742,10.109550561797729,3.5419909954034665,1
2035,5.24325842696628,10.066713483146046,8.632083892818628,1
2036,5.688764044943808,9.903932584269644,25.80008697509402,1
2037,6.082865168539312,9.61264044943818,47.66193008422488,1
2038,6.4084269662921205,9.23567415730335,62.369808197019665,1
2039,6.656882022471895,8.77303370786515,78.74369049071902,1
2040,6.7939606741572875,8.284691011235935,90.38105010985964,1
2041,6.828230337078637,7.787780898876387,99.07497406005677,1
2042,6.759691011235939,7.359410112359534,103.9663162231409,1
2043,6.579775280898862,6.939606741573018,111.1462249755823,1
2044,6.331320224719087,6.622612359550547,126.49151611327761,1
2045,5.997191011235942,6.374157303370772,135.50033569335574,1
2046,5.6030898876404365,6.228511235955042,154.65231323242006,1
2047,5.166151685393247,6.159971910112345,172.73442077636537,1
2048,4.72064606741572,6.254213483146053,12.167882919306066,1
2049,4.292275280898867,6.442696629213468,28.97156333922976,1
2050,3.9495786516853846,6.716853932584255,47.342395782467065,1
2051,3.718258426966284,7.076685393258411,62.77785110473269,1
2052,3.6154494382022393,7.496488764044926,77.46942901610964,1
2053,3.6668539325842615,7.933426966292117,89.43985748290652,1
2054,3.8382022471910027,8.38749999999998,106.77583312987917,1
2055,4.120926966292126,8.841573033707846,118.8731765747034,1
2056,4.515028089887631,9.23567415730335,134.66427612304324,1
2057,4.994803370786506,9.552668539325822,146.35792541503542,1
2058,5.500280898876392,9.749719101123576,167.78524780273074,1
2059,6.0057584269662785,9.818258426966272,1.982254147525964,1
2060,6.49410112359549,9.749719101123574,13.866187095636633,1
2061,6.896769662921332,9.569803370786497,33.38279724120548,1
2062,7.205196629213466,9.278511235955037,52.4877777099573,1
2063,7.427949438202231,8.918679775280879,67.6110687255823,1
2064,7.556460674157286,8.516011235955038,81.11036682128542,1
2065,7.556460674157286,8.10477528089886,89.76252746581667,1
2066,7.4536516853932415,7.7106741573033535,103.35782623290652,1
2067,7.239466292134816,7.350842696629196,115.92037963866642,1
2068,6.948174157303354,7.068117977528074,130.12678527831667,1
2069,6.57977528089886,6.853932584269647,138.46691894530704,1
2070,6.211376404494368,6.742556179775266,156.52038574218386,1
2071,5.791573033707852,6.725421348314592,167.8421478271448,1
2072,5.371769662921336,6.819662921348299,6.34106254577091,1
2073,4.926264044943808,6.999578651685377,21.565010070795324,1
2074,4.472191011235945,7.273735955056163,30.693286895748315,1
2075,3.9924157303370698,7.616432584269646,44.811252593988684,1
2076,3.606882022471902,8.001966292134814,51.50053405761355,1
2077,3.2984550561797676,8.438904494382005,60.63674163817814,1
2078,3.127106741573027,8.901544943820204,76.71387481688907,1
2079,3.1099719101123524,9.372752808988743,87.20978546142032,1
2080,3.247050561797745,9.826825842696607,103.20101928710392,1
2081,3.4869382022471833,10.238061797752787,117.56394195556095,1
2082,3.8382022471910027,10.572191011235933,136.6060943603461,1
2083,4.283707865168529,10.812078651685368,148.0538482665961,1
2084,4.780617977528079,10.932022471910088,169.09768676757267,1
2085,5.286095505617966,10.932022471910088,4.844403266899462,1
2086,5.774438202247178,10.829213483146043,21.666049957269934,1
2087,6.228511235955041,10.632162921348291,37.53083419799259,1
2088,6.605477528089873,10.340870786516831,48.085647583002356,1
2089,6.931039325842681,9.972471910112338,50.79182052611759,1
2090,7.213764044943804,9.569803370786495,61.389682769769934,1
2091,7.4536516853932415,9.124297752808967,67.99209594726017,1
2092,7.642134831460657,8.644522471910093,68.00175476073491,1
2093,7.77921348314605,8.164747191011218,75.96175384520939,1
2094,7.847752808988746,7.684971910112341,85.05786132811954,1
2095,7.847752808988747,7.19662921348313,89.62887573241642,1
2096,7.787780898876386,6.725421348314592,97.00820159911564,1
2097,7.659269662921332,6.2627808988763904,100.02493286132267,1
2098,7.479353932584253,5.8258426966292,107.50045013427189,1
2099,7.239466292134816,5.397471910112347,113.28279876708439,1
2100,6.931039325842681,4.969101123595495,123.77706146239689,1
2101,6.579775280898862,4.5749999999999895,126.6296539306586,1
2102,6.202808988764031,4.240870786516845,131.2343444824146,1
2103,5.800140449438189,3.949578651685384,127.3020706176685,1
2104,5.397471910112347,3.7439606741572953,131.23123168944767,1
2105,5.01193820224718,3.6411516853932504,145.7189331054633,1
2106,4.600702247191,3.6154494382022393,161.88774108886173,1
2107,4.1894662921348225,3.675421348314598,173.26168823241642,1
2108,3.7953651685393175,3.829634831460665,2.0400373935626703,1
2109,3.418398876404487,4.07808988764044,16.632625579828527,1
2110,3.0671348314606677,4.412219101123585,34.21682739257085,1
2111,2.792977528089881,4.806320224719091,43.46745681761968,1
2112,2.595926966292129,5.2346910112359435,58.30414962768009,1
2113,2.4674157303370734,5.688764044943808,65.15425872802189,1
2114,2.416011235955051,6.1514044943820085,69.4922561645435,1
2115,2.450280898876399,6.622612359550547,78.18609619139897,1
2116,2.561657303370781,7.076685393258411,86.6984252929633,1
2117,2.741573033707859,7.505056179775264,99.45551300048282,1
2118,3.007162921348308,7.92485955056178,109.51241302489689,1
2119,3.3669943820224644,8.30182584269661,128.0726470947193,1
2120,3.7953651685393175,8.601685393258407,145.1837768554633,1
2121,4.266573033707855,8.833005617977507,159.2364959716724,1
2122,4.754915730337068,8.978651685393237,1.815745234482165,1
2123,5.2346910112359435,8.987219101123575,8.340090751640673,1
2124,5.688764044943808,8.867275280898856,21.034832000726965,1
2125,6.091432584269649,8.644522471910093,36.45325851439702,1
2126,6.442696629213468,8.336095505617958,41.58067703246343,1
2127,6.716853932584255,7.976264044943802,54.80566787718999,1
2128,6.879634831460659,7.565028089887623,67.82489013671147,1
2129,6.913904494382007,7.162359550561781,83.4939575195258,1
2130,6.819662921348299,6.751123595505602,97.57911682128179,1
2131,6.614044943820209,6.399859550561783,112.97329711913335,1
2132,6.32275280898875,6.11713483146066,135.90945434569585,1
2133,5.980056179775268,5.954353932584256,161.8441314697193,1
2134,5.585955056179763,5.902949438202234,177.31892395018804,1
2135,5.18328651685392,5.997191011235941,11.337042808525439,1
2136,4.780617977528079,6.185674157303358,25.206842422478076,1
2137,4.377949438202238,6.476966292134817,33.77507400511968,1
2138,3.983848314606733,6.8453651685393115,40.91630554198491,1
2139,3.632584269662913,7.282303370786499,46.44598770140874,1
2140,3.34985955056179,7.7278089887640276,57.90569686888921,1
2141,3.161376404494375,8.207584269662902,67.87888336180731,1
2142,3.101404494382016,8.687359550561778,83.5437698364185,1
2143,3.1785112359550487,9.158567415730316,95.87925720214116,1
2144,3.4098314606741496,9.586938202247168,114.97128295897528,1
2145,3.752528089887632,9.989606741573011,133.81549072264897,1
2146,4.180898876404485,10.298033707865146,154.15814208983647,1
2147,4.652106741573023,10.495084269662897,167.7661590576099,1
2148,5.149016853932572,10.572191011235931,0.6646135449336725,1
2149,5.628792134831448,10.537921348314583,15.975460052482958,1
2150,6.099999999999985,10.383707865168516,23.225429534903014,1
2151,6.5026685393258274,10.160955056179754,29.496515274038757,1
2152,6.8453651685393115,9.87823033707863,38.85435867308661,1
2153,7.110955056179759,9.535533707865147,51.687053680412646,1
2154,7.316573033707849,9.141432584269642,60.87185287474858,1
2155,7.436516853932568,8.71306179775279,75.11587524413335,1
2156,7.496488764044926,8.267556179775262,83.10118103026434,1
2157,7.462219101123578,7.796348314606725,92.86885833739507,1
2158,7.3422752808988605,7.3422752808988605,104.09001159667059,1
2159,7.110955056179759,6.922471910112344,117.35575866698309,1
2160,6.819662921348299,6.596910112359535,132.67968749999272,1
2161,6.476966292134816,6.348455056179761,138.39593505858466,1
2162,6.125702247190998,6.202808988764031,150.1249237060456,1
2163,5.757303370786504,6.159971910112345,158.43267822264897,1
2164,5.38890449438201,6.211376404494368,165.83580017089116,1
2165,5.003370786516842,6.32275280898875,178.99067687987372,1
2166,4.592134831460664,6.511235955056165,10.197188377371276,1
2167,4.189466292134822,6.776825842696614,27.576416015617724,1
2168,3.829634831460665,7.110955056179759,40.81653213500067,1
2169,3.5297752808988685,7.513623595505601,50.19349670409247,1
2170,3.315589887640442,7.959129213483129,63.54547500609624,1
2171,3.229915730337072,8.413202247190991,76.20227813719794,1
2172,3.2727528089887565,8.867275280898857,87.1269531249909,1
2173,3.4441011235954972,9.312780898876383,98.16242980956122,1
2174,3.7439606741572953,9.698314606741553,114.46058654784247,1
2175,4.129494382022463,10.006741573033688,135.04110717772528,1
2176,4.566432584269653,10.220926966292112,153.75709533690497,1
2177,5.01193820224718,10.323735955056158,172.9696502685474,1
2178,5.457443820224707,10.280898876404473,4.806032657614196,1
2179,5.88581460674156,10.100983146067392,13.33246517180487,1
2180,6.254213483146054,9.826825842696607,39.25012588500067,1
2181,6.562640449438187,9.458426966292114,55.18550109862372,1
2182,6.7939606741572875,9.021488764044923,67.75053405760627,1
2183,6.896769662921332,8.541713483146049,81.63973999022528,1
2184,6.862499999999985,8.079073033707846,98.39790344237372,1
2185,6.725421348314592,7.624999999999983,110.26312255858466,1
2186,6.485533707865154,7.248033707865152,125.3230514526258,1
2187,6.17710674157302,6.965308988764029,136.62411499022528,1
2188,5.8258426966292,6.819662921348299,157.7537841796784,1
2189,5.448876404494369,6.811095505617962,174.19357299803778,1
2190,5.080477528089877,6.931039325842681,6.0090436935333855,1
2191,4.72064606741572,7.170926966292119,24.28629112242743,1
2192,4.403651685393248,7.505056179775264,41.834716796864086,1
2193,4.1723314606741475,7.873455056179756,52.87983322142645,1
2194,4.035252808988755,8.284691011235937,62.368713378897155,1
2195,4.000983146067407,8.738764044943801,77.27561187743231,1
2196,4.112359550561789,9.192837078651666,90.53038024901252,1
2197,4.335112359550552,9.604073033707845,104.08465576170966,1
2198,4.66067415730336,9.989606741573013,123.6071319579969,1
2199,5.089044943820213,10.306601123595483,146.99952697752815,1
2200,5.577387640449426,10.529353932584247,158.4774627685456,1
2201,6.108567415730323,10.649297752808966,173.26792907713752,1
2202,6.656882022471895,10.700702247190986,4.903506278980785,1
2203,7.170926966292119,10.6578651685393,10.188339233387524,1
2204,7.633567415730321,10.512219101123572,20.680597305286938,1
2205,8.053370786516837,10.280898876404471,29.952167510975414,1
2206,8.396067415730318,9.981039325842675,36.20023727415901,1
2207,8.661657303370768,9.638342696629191,43.95712280272346,1
2208,8.875842696629194,9.23567415730335,56.44245529173895,1
2209,9.038623595505598,8.77303370786515,65.40126037596565,1
2210,9.14143258426964,8.276123595505599,77.01434326170966,1
2211,9.192837078651666,7.7278089887640276,89.04061126707893,1
2212,9.192837078651666,7.145224719101108,98.75142669676643,1
2213,9.132865168539306,6.562640449438187,108.14567565917059,1
2214,9.021488764044923,6.0400280898876275,112.50775146483466,1
2215,8.867275280898857,5.560252808988752,113.70372009276252,1
2216,8.670224719101103,5.140449438202235,117.55713653563544,1
2217,8.438904494382003,4.754915730337068,114.87863922118049,1
2218,8.181882022471893,4.420786516853923,118.02973175047737,1
2219,7.890589887640433,4.103792134831451,125.86261749266487,1
2220,7.565028089887623,3.803932584269654,130.22499084471565,1
2221,7.19662921348313,3.5297752808988685,133.15483093260627,1
2222,6.78539325842695,3.2813202247190936,144.0035705566297,1
2223,6.365589887640435,3.0842696629213413,154.5720214843641,1
2224,5.920084269662908,2.9386235955056117,163.62046813963752,1
2225,5.457443820224706,2.861516853932578,166.98602294920784,1
2226,4.986235955056168,2.861516853932578,174.06541442870002,1
2227,4.497893258426956,2.9471910112359483,4.796592712389611,1
2228,3.9924157303370698,3.1099719101123524,8.615167617786938,1
2229,3.504073033707857,3.341292134831453,16.15247535704475,1
2230,3.05856741573033,3.649719101123587,27.22669982909065,1
2231,2.6816011235954997,4.000983146067407,42.70380783079963,1
2232,2.4160112359550507,4.420786516853922,52.58814620970588,1
2233,2.244662921348309,4.857724719101112,65.38484954832893,1
2234,2.176123595505613,5.337499999999989,73.75875091551461,1
2235,2.1932584269662874,5.808707865168526,85.74141693114143,1
2236,2.287499999999995,6.288483146067401,88.08861541746774,1
2237,2.450280898876399,6.751123595505602,94.85874938963752,1
2238,2.6901685393258368,7.19662921348313,102.11100769041877,1
2239,2.9728932584269594,7.565028089887623,114.99087524412971,1
2240,3.341292134831453,7.899157303370768,127.01654052733284,1
2241,3.7867977528089805,8.164747191011218,140.02980041502815,1
2242,4.275140449438192,8.327528089887622,162.4359130859266,1
2243,4.772050561797743,8.396067415730318,1.1698484420667228,1
2244,5.286095505617967,8.353230337078632,16.32204437254586,1
2245,5.748735955056167,8.181882022471893,29.289020538319164,1
2246,6.125702247190998,7.92485955056178,48.37557983397164,1
2247,6.399859550561784,7.539325842696613,65.2617950439344,1
2248,6.55407303370785,7.119522471910097,76.16939544676643,1
2249,6.562640449438187,6.708286516853917,89.3845062255732,1
2250,6.4426966292134695,6.339887640449424,105.28033447264352,1
2251,6.202808988764032,5.988623595505604,118.67354583738961,1
2252,5.851544943820211,5.723033707865156,135.5264892578016,1
2253,5.414606741573022,5.500280898876392,144.93095397948127,1
2254,4.9433988764044825,5.3460674157303245,163.0931396484266,1
2255,4.472191011235945,5.251825842696617,172.6236114501844,1
2256,4.009550561797743,5.251825842696618,1.3382618427149282,1
2257,3.589747191011228,5.380337078651673,12.16747188566842,1
2258,3.247050561797745,5.6030898876404365,27.591537475575024,1
2259,2.9728932584269594,5.920084269662908,45.15829086302438,1
2260,2.7672752808988705,6.297050561797739,55.40297698973336,1
2261,2.6644662921348257,6.725421348314592,67.26438140867867,1
2262,2.6730337078651627,7.162359550561781,78.18280029295602,1
2263,2.775842696629207,7.624999999999983,89.1810150146357,1
2264,2.9643258426966224,8.087640449438185,100.22541046141305,1
2265,3.2299157303370714,8.558848314606722,110.0658035278193,1
2266,3.5640449438202166,9.012921348314586,122.90012359617867,1
2267,3.958146067415721,9.415589887640428,138.4869689941279,1
2268,4.386516853932574,9.724016853932563,150.18762207029977,1
2269,4.857724719101112,9.921067415730315,166.6734924316279,1
2270,5.337499999999988,9.981039325842673,4.195638656603478,1
2271,5.800140449438189,9.912499999999977,13.1533222198359,1
2272,6.245646067415716,9.7325842696629,26.964433670031212,1
2273,6.648314606741559,9.449859550561776,41.884391784655236,1
2274,6.956741573033692,9.09002808988762,54.47241210936227,1
2275,7.170926966292119,8.704494382022453,67.90351104735055,1
2276,7.282303370786501,8.284691011235935,84.38034820555185,1
2277,7.248033707865152,7.830617977528073,93.89909362791695,1
2278,7.119522471910097,7.40224719101122,106.63840484617867,1
2279,6.922471910112344,6.99101123595504,114.29690551756357,1
2280,6.6483146067415575,6.571207865168525,119.29244232176461,1
2281,6.331320224719088,6.185674157303358,121.26055908201852,1
2282,6.0057584269662785,5.868679775280885,123.06800842283883,1
2283,5.645926966292122,5.6030898876404365,132.22041320799508,1
2284,5.251825842696618,5.414606741573022,147.18095397947945,1
2285,4.840589887640438,5.32893258426965,166.9070892333857,1
2286,4.4293539325842595,5.3460674157303245,5.453653812393895,1
2287,4.018117977528081,5.474578651685381,20.50970649717965,1
2288,3.649719101123587,5.705898876404482,34.79242324827828,1
2289,3.375561797752801,6.0057584269662785,51.67874908445992,1
2290,3.2042134831460602,6.374157303370772,63.58174896238779,1
2291,3.1099719101123524,6.7939606741572875,73.68299865721383,1
2292,3.127106741573027,7.222331460674141,81.64956665037789,1
2293,3.1485252808988693,7.432233146067399,89.9183731078956,1
2294,3.1842228464419406,7.667837078651669,97.80139160154977,1
