frame,x_cm,y_cm,theta,detected
300,,,,0
301,,,,0
302,,,,0
303,,,,0
304,,,,0
305,16.73035439137131,13.957627118644044,174.77528381347656,1
306,17.341294298921387,13.86363636363634,15.524223327636719,1
307,18.187211093990722,13.769645608628636,17.43091583251953,1
308,18.704160246533096,13.440677966101672,24.73155403137207,1
309,19.174114021571615,13.017719568567005,17.890823364257812,1
310,19.221109399075466,12.829738058551596,40.86972427368164,1
311,19.409090909090875,12.359784283513076,49.68100357055664,1
312,19.080123266563913,12.876733436055448,44.39826202392578,1
313,19.69106317411399,10.291987673343588,50.35480499267578,1
314,19.45608628659473,10.010015408320475,80.3920669555664,1
315,19.03312788906006,9.681047765793512,81.49264526367188,1
316,18.56317411402154,9.446070878274252,98.99059295654297,1
317,17.952234206471463,9.16409861325114,106.69329833984375,1
318,17.435285053929093,9.023112480739584,119.19924926757812,1
319,17.106317411402127,8.976117103235731,137.69766235351562,1
320,16.589368258859757,8.976117103235731,135.99803161621094,1
321,16.072419106317383,8.882126348228027,143.84014892578125,1
322,15.461479198767307,8.788135593220323,146.22195434570312,1
323,15.03852080123264,8.835130970724176,156.6376953125,1
324,15.179506933744197,9.023112480739584,2.2190279960632324,1
325,14.662557781201825,9.211093990754993,11.596837997436523,1
326,14.192604006163304,9.446070878274252,22.821325302124023,1
327,13.910631741140191,9.728043143297365,38.45871353149414,1
328,13.722650231124783,10.10400616332818,56.23503494262695,1
329,13.581664098613228,10.385978428351292,72.38613891601562,1
330,13.62865947611708,10.620955315870551,85.48617553710938,1
331,13.581664098613228,10.761941448382109,98.8556900024414,1
332,13.581664098613228,11.090909090909072,107.54032897949219,1
333,13.722650231124783,11.466872110939889,140.31143188476562,1
334,14.709553158705676,12.312788906009224,153.00070190429688,1
335,15.931432973805828,12.829738058551596,179.05128479003906,1
336,16.49537750385205,12.594761171032335,15.400622367858887,1
337,16.63636363636361,12.500770416024633,10.652369499206543,1
338,17.200308166409833,12.265793528505371,24.592975616455078,1
339,17.576271186440646,11.889830508474557,48.44289016723633,1
340,17.81124807395991,11.466872110939889,63.26791763305664,1
341,17.90523882896761,11.090909090909072,80.57913208007812,1
342,17.90523882896761,10.5739599383667,94.49327850341797,1
343,17.764252696456055,9.963020030816624,109.98613739013672,1
344,17.529275808936795,9.63405238828966,120.4126205444336,1
345,17.200308166409833,9.305084745762695,133.13414001464844,1
346,16.68335901386746,8.976117103235731,137.25711059570312,1
347,16.26040061633279,8.741140215716472,144.05642700195312,1
348,15.696456086286569,8.506163328197212,151.46995544433594,1
349,15.226502311248048,8.45916795069336,163.3423309326172,1
350,14.80354391371338,8.506163328197212,179.60975646972656,1
351,14.286594761171008,8.647149460708768,21.145170211791992,1
352,13.957627118644044,8.882126348228027,32.08714294433594,1
353,13.675654853620932,9.211093990754993,49.426307678222656,1
354,13.487673343605524,9.63405238828966,61.765281677246094,1
355,13.346687211093968,10.010015408320475,76.20240020751953,1
356,13.252696456086264,10.385978428351292,89.42198181152344,1
357,13.39368258859782,10.902927580893664,104.56855010986328,1
358,13.722650231124783,11.372881355932185,130.97396850585938,1
359,14.004622496147896,11.607858243451444,153.2599334716797,1
360,14.709553158705676,11.842835130970704,3.3513829708099365,1
361,16.21340523882894,11.607858243451444,18.90731430053711,1
362,16.307395993836643,11.466872110939889,52.73563766479492,1
363,16.26040061633279,11.325885978428332,64.56138610839844,1
364,16.63636363636361,10.667950693374404,85.55906677246094,1
365,16.777349768875165,10.244992295839737,99.52671813964844,1
366,16.777349768875165,9.681047765793512,112.47684478759766,1
367,16.63636363636361,9.16409861325114,124.90743255615234,1
368,16.307395993836643,8.506163328197212,131.6603240966797,1
369,15.884437596301975,7.895223420647136,135.90866088867188,1
370,15.461479198767307,7.472265023112468,149.76785278320312,1
371,15.085516178736492,7.237288135593208,155.14581298828125,1
372,14.662557781201825,7.096302003081652,166.22264099121094,1
373,14.239599383667155,7.096302003081652,170.463623046875,1
374,13.769645608628636,7.143297380585504,5.163419723510742,1
375,13.252696456086264,7.378274268104764,21.650758743286133,1
376,12.876733436055448,7.660246533127876,37.293617248535156,1
377,12.547765793528484,7.98921417565484,52.417362213134766,1
378,12.171802773497667,8.365177195685655,61.44791793823242,1
379,11.795839753466852,8.835130970724176,68.18872833251953,1
380,11.560862865947591,9.352080123266548,76.50422668457031,1
381,11.466872110939889,9.86902927580892,82.61383056640625,1
382,11.51386748844374,10.432973805855143,89.3145523071289,1
383,11.654853620955295,10.855932203389813,97.71286010742188,1
384,11.842835130970704,11.325885978428332,105.35671997070312,1
385,12.124807395993816,11.560862865947591,122.81205749511719,1
386,12.312788906009224,11.701848998459148,136.13204956054688,1
387,13.064714946070856,11.936825885978408,167.41139221191406,1
388,13.534668721109377,11.936825885978408,9.244291305541992,1
389,14.004622496147896,11.889830508474557,26.91278839111328,1
390,14.004622496147896,12.21879815100152,108.41205596923828,1
391,15.884437596301975,10.33898305084744,70.52423095703125,1
392,15.790446841294273,10.479969183358996,76.43832397460938,1
393,16.072419106317383,9.963020030816624,81.98927307128906,1
394,16.21340523882894,9.16409861325114,87.49581146240234,1
395,16.21340523882894,8.553158705701064,96.69730377197266,1
396,16.119414483821235,8.083204930662545,104.74745178222656,1
397,15.884437596301975,7.566255778120172,113.51446533203125,1
398,15.602465331278864,7.002311248073948,122.57847595214844,1
399,15.179506933744197,6.485362095531576,133.791748046875,1
400,14.850539291217231,6.10939907550076,135.150634765625,1
401,14.427580893682563,5.8744221879815,151.7495574951172,1
402,14.004622496147896,5.780431432973796,166.40042114257812,1
403,13.534668721109377,5.733436055469944,174.22445678710938,1
404,13.064714946070856,5.733436055469944,5.713926315307617,1
405,12.641756548536188,5.827426810477648,16.013389587402344,1
406,12.265793528505371,6.062403697996908,24.566617965698242,1
407,11.936825885978408,6.391371340523872,38.08180236816406,1
408,11.701848998459148,6.767334360554688,49.587066650390625,1
409,11.560862865947591,7.096302003081652,63.046295166015625,1
410,11.51386748844374,7.613251155624024,80.61640930175781,1
411,11.654853620955295,8.036209553158692,92.66254425048828,1
412,11.889830508474557,8.412172573189508,107.26679229736328,1
413,12.21879815100152,8.741140215716472,126.82719421386719,1
414,12.641756548536188,8.92912172573188,140.32139587402344,1
415,13.111710323574709,9.117103235747289,165.8451690673828,1
416,13.769645608628636,9.211093990754993,6.409811973571777,1
417,14.286594761171008,9.023112480739584,21.77659797668457,1
418,14.80354391371338,8.741140215716472,44.837066650390625,1
419,15.226502311248048,8.271186440677951,63.258975982666016,1
420,15.555469953775011,7.613251155624024,75.01055908203125,1
421,15.696456086286569,7.096302003081652,88.2686538696289,1
422,15.790446841294273,6.673343605546984,95.99967193603516,1
423,15.696456086286569,6.015408320493056,105.00916290283203,1
424,15.602465331278864,5.357473035439128,111.01667022705078,1
425,15.367488443759603,4.793528505392904,116.25464630126953,1
426,15.085516178736492,4.370570107858236,120.07797241210938,1
427,14.709553158705676,3.853620955315864,132.45164489746094,1
428,14.33359013867486,3.571648690292752,133.59918212890625,1
429,13.910631741140191,3.28967642526964,151.39707946777344,1
430,13.440677966101672,3.05469953775038,158.92442321777344,1
431,13.017719568567005,3.007704160246528,167.50860595703125,1
432,12.500770416024633,2.960708782742676,179.68467712402344,1
433,12.030816640986112,3.1486902927580838,11.75166130065918,1
434,11.701848998459148,3.4306625577811958,27.69004249572754,1
435,11.27889060092448,3.75963020030816,38.81777572631836,1
436,11.04391371340522,4.182588597842828,50.65593719482422,1
437,10.855932203389813,4.6525423728813475,61.30345916748047,1
438,10.80893682588596,5.075500770416016,75.14525604248047,1
439,10.902927580893664,5.545454545454536,87.4295654296875,1
440,11.04391371340522,5.968412942989204,96.08734893798828,1
441,11.27889060092448,6.438366718027724,105.33162689208984,1
442,11.654853620955295,6.908320493066244,122.61924743652344,1
443,12.077812018489963,7.237288135593208,129.33070373535156,1
444,12.45377503852078,7.425269645608616,142.1614532470703,1
445,12.9237288135593,7.566255778120172,157.0272979736328,1
446,13.440677966101672,7.613251155624024,178.26156616210938,1
447,14.051617873651749,7.566255778120172,10.639215469360352,1
448,14.662557781201825,7.331278890600912,29.697118759155273,1
449,15.132511556240344,6.955315870570096,47.00069808959961,1
450,15.555469953775011,6.485362095531576,62.6860466003418,1
451,15.837442218798124,5.968412942989204,74.7174072265625,1
452,16.025423728813532,5.498459167950684,80.57844543457031,1
453,16.119414483821235,4.981510015408312,86.33271789550781,1
454,16.119414483821235,4.370570107858236,88.23578643798828,1
455,16.119414483821235,3.806625577812012,91.15969848632812,1
456,16.072419106317383,3.28967642526964,96.23889923095703,1
457,15.931432973805828,2.866718027734972,102.0057144165039,1
458,15.696456086286569,2.396764252696452,110.630859375,1
459,15.461479198767307,2.067796610169488,116.52207946777344,1
460,15.226502311248048,2.161787365177192,131.1776885986328,1
461,14.944530046224935,2.302773497688748,159.89500427246094,1
462,14.427580893682563,2.3497688751926,1.363221287727356,1
463,13.910631741140191,2.443759630200304,12.741264343261719,1
464,13.39368258859782,2.725731895223416,30.74811363220215,1
465,13.017719568567005,2.960708782742676,42.72690200805664,1
466,12.641756548536188,3.336671802773492,56.212554931640625,1
467,12.45377503852078,3.75963020030816,69.17157745361328,1
468,12.312788906009224,4.22958397534668,81.22119903564453,1
469,12.312788906009224,4.840523882896756,91.32390594482422,1
470,12.406779661016929,5.357473035439128,97.25060272216797,1
471,12.594761171032335,5.827426810477648,106.24176788330078,1
472,12.876733436055448,6.156394453004612,117.08189392089844,1
473,13.299691833590115,6.626348228043132,127.17752838134766,1
474,13.722650231124783,6.908320493066244,143.2932586669922,1
475,14.239599383667155,7.0493066255778,166.835693359375,1
476,14.991525423728788,7.0493066255778,5.673641681671143,1
477,15.461479198767307,7.002311248073948,21.73084831237793,1
478,15.97842835130968,6.720338983050836,27.157333374023438,1
479,16.307395993836643,6.391371340523872,36.3318977355957,1
480,16.589368258859757,6.015408320493056,52.286617279052734,1
481,16.777349768875165,5.451463790446832,71.10172271728516,1
482,16.871340523882868,4.981510015408312,79.62274169921875,1
483,16.871340523882868,4.417565485362088,86.49919891357422,1
484,16.777349768875165,3.900616332819716,95.57231903076172,1
485,16.63636363636361,3.477657935285048,110.45709228515625,1
486,16.26040061633279,2.913713405238824,122.13798522949219,1
487,15.931432973805828,2.443759630200304,133.79583740234375,1
488,15.461479198767307,1.926810477657932,142.599365234375,1
489,15.132511556240344,1.738828967642524,155.24920654296875,1
490,14.615562403697972,1.550847457627116,166.09063720703125,1
491,14.0986132511556,1.456856702619412,171.76156616210938,1
492,13.534668721109377,1.40986132511556,175.082275390625,1
493,13.064714946070856,1.456856702619412,2.8814213275909424,1
494,12.594761171032335,1.64483821263482,15.550500869750977,1
495,12.124807395993816,1.87981510015408,27.269702911376953,1
496,11.748844375963,2.161787365177192,43.09479522705078,1
497,11.560862865947591,2.58474576271186,60.3544921875,1
498,11.419876733436036,3.05469953775038,77.97701263427734,1
499,11.419876733436036,3.477657935285048,91.95362091064453,1
500,11.607858243451444,3.99460708782742,100.16553497314453,1
501,11.842835130970704,4.370570107858236,114.03103637695312,1
502,12.265793528505371,4.887519260400608,127.3856201171875,1
503,12.735747303543892,5.263482280431424,139.1620635986328,1
504,13.299691833590115,5.592449922958388,148.7830810546875,1
505,13.86363636363634,5.780431432973796,159.03334045410156,1
506,14.521571648690268,5.921417565485352,170.95896911621094,1
507,15.132511556240344,5.8744221879815,11.453656196594238,1
508,15.74345146379042,5.780431432973796,15.0250883102417,1
509,16.40138674884435,5.592449922958388,21.72212028503418,1
510,17.106317411402127,5.310477657935276,28.824926376342773,1
511,17.85824345146376,4.981510015408312,35.18681716918945,1
512,18.37519260400613,4.6525423728813475,42.052059173583984,1
513,18.7981510015408,4.182588597842828,52.1478271484375,1
514,19.080123266563913,3.712634822804308,64.69683837890625,1
515,19.221109399075466,3.28967642526964,71.23602294921875,1
516,19.26810477657932,2.772727272727268,77.43795776367188,1
517,19.26810477657932,2.208782742681044,82.4467544555664,1
518,19.26810477657932,2.208782742681044,86.51409149169922,1
519,19.174114021571615,2.255778120184896,93.17755126953125,1
520,18.939137134052356,2.020801232665636,108.88813018798828,1
521,18.704160246533096,1.832819722650228,119.28069305419922,1
522,18.37519260400613,1.832819722650228,139.3173370361328,1
523,17.81124807395991,1.691833590138672,151.187255859375,1
524,17.294298921417536,1.597842835130968,167.5452117919922,1
525,16.63636363636361,1.503852080123264,173.15110778808594,1
526,15.97842835130968,1.456856702619412,5.265107154846191,1
527,15.226502311248048,1.456856702619412,1.1135653257369995,1
528,14.56856702619412,1.503852080123264,7.678085803985596,1
529,13.957627118644044,1.64483821263482,13.430071830749512,1
530,13.581664098613228,1.832819722650228,29.298486709594727,1
531,13.15870570107856,2.161787365177192,43.28814697265625,1
532,12.876733436055448,2.537750385208008,60.714866638183594,1
533,12.735747303543892,2.913713405238824,72.37260437011719,1
534,12.641756548536188,3.4306625577811958,85.93997192382812,1
535,12.735747303543892,3.900616332819716,101.34896087646484,1
536,13.111710323574709,4.417565485362088,116.63208770751953,1
537,13.487673343605524,4.605546995377496,136.92686462402344,1
538,13.957627118644044,4.793528505392904,157.8902130126953,1
539,14.662557781201825,5.028505392912164,173.33030700683594,1
540,15.367488443759603,5.075500770416016,3.355356216430664,1
541,15.931432973805828,4.981510015408312,21.922557830810547,1
542,16.49537750385205,4.793528505392904,36.7973747253418,1
543,16.871340523882868,4.417565485362088,53.369895935058594,1
544,17.15331278890598,3.947611710323568,63.79148483276367,1
545,17.200308166409833,3.571648690292752,77.4710464477539,1
546,17.106317411402127,3.195685670261936,92.33006286621094,1
547,16.91833590138672,2.725731895223416,102.55988311767578,1
548,16.68335901386746,2.255778120184896,109.93260192871094,1
549,16.4483821263482,2.020801232665636,126.42460632324219,1
550,16.025423728813532,1.832819722650228,130.3265838623047,1
551,15.555469953775011,1.64483821263482,146.21519470214844,1
552,15.085516178736492,1.456856702619412,160.78892517089844,1
553,14.662557781201825,1.40986132511556,172.62576293945312,1
554,14.286594761171008,1.456856702619412,178.05625915527344,1
555,13.86363636363634,1.550847457627116,9.799778938293457,1
556,13.487673343605524,1.785824345146376,18.30172348022461,1
557,13.111710323574709,2.020801232665636,26.917369842529297,1
558,12.641756548536188,2.3497688751926,36.32495880126953,1
559,12.265793528505371,2.725731895223416,44.495445251464844,1
560,11.98382126348226,3.1486902927580838,52.75711441040039,1
561,11.795839753466852,3.5246533127889,68.8090591430664,1
562,11.795839753466852,3.99460708782742,84.14124298095703,1
563,11.842835130970704,4.417565485362088,98.8605728149414,1
564,12.124807395993816,4.981510015408312,110.06129455566406,1
565,12.500770416024633,5.451463790446832,119.77367401123047,1
566,12.876733436055448,5.733436055469944,137.30638122558594,1
567,13.346687211093968,5.921417565485352,154.87261962890625,1
568,14.004622496147896,6.015408320493056,175.4617919921875,1
569,14.56856702619412,5.968412942989204,16.974376678466797,1
570,15.03852080123264,5.733436055469944,35.932151794433594,1
571,15.50847457627116,5.357473035439128,52.29246139526367,1
572,15.884437596301975,4.93451463790446,63.39617156982422,1
573,16.16640986132509,4.370570107858236,78.39044189453125,1
574,16.26040061633279,3.806625577812012,87.5552749633789,1
575,16.26040061633279,3.28967642526964,95.99388122558594,1
576,16.16640986132509,2.81972265023112,104.73802185058594,1
577,15.931432973805828,2.3497688751926,110.10652160644531,1
578,15.696456086286569,2.067796610169488,121.46212005615234,1
579,15.461479198767307,1.926810477657932,130.6119384765625,1
580,14.991525423728788,1.691833590138672,141.71524047851562,1
581,14.56856702619412,1.503852080123264,151.1788787841797,1
582,14.051617873651749,1.40986132511556,166.3535919189453,1
583,13.581664098613228,1.40986132511556,174.1134796142578,1
584,13.111710323574709,1.503852080123264,8.181600570678711,1
585,12.735747303543892,1.738828967642524,26.180835723876953,1
586,12.359784283513076,1.973805855161784,35.40408706665039,1
587,12.077812018489963,2.302773497688748,47.76033020019531,1
588,11.842835130970704,2.772727272727268,65.26276397705078,1
589,11.748844375963,3.195685670261936,74.53032684326172,1
590,11.701848998459148,3.712634822804308,84.52058410644531,1
591,11.795839753466852,4.22958397534668,90.1460952758789,1
592,11.98382126348226,4.793528505392904,103.01892852783203,1
593,12.265793528505371,5.263482280431424,113.12491607666016,1
594,12.68875192604004,5.63944530046224,131.94659423828125,1
595,13.205701078582411,5.968412942989204,147.4862823486328,1
596,13.722650231124783,6.156394453004612,164.07623291015625,1
597,14.286594761171008,6.203389830508464,175.25933837890625,1
598,14.756548536209529,6.062403697996908,9.855816841125488,1
599,15.132511556240344,5.827426810477648,27.94692039489746,1
600,15.461479198767307,5.498459167950684,46.73588180541992,1
601,15.74345146379042,5.028505392912164,62.15312576293945,1
602,15.97842835130968,4.417565485362088,80.18142700195312,1
603,16.072419106317383,3.900616332819716,91.29033660888672,1
604,16.072419106317383,3.336671802773492,97.7599105834961,1
605,16.072419106317383,2.58474576271186,102.01017761230469,1
606,16.025423728813532,2.11479198767334,113.73673248291016,1
607,15.884437596301975,1.87981510015408,128.99624633789062,1
608,15.602465331278864,1.738828967642524,134.3667755126953,1
609,15.226502311248048,1.64483821263482,146.21409606933594,1
610,14.80354391371338,1.597842835130968,159.01712036132812,1
611,14.33359013867486,1.597842835130968,170.6612091064453,1
612,13.86363636363634,1.64483821263482,2.520474672317505,1
613,13.440677966101672,1.738828967642524,15.422112464904785,1
614,13.064714946070856,1.926810477657932,28.42691993713379,1
615,12.68875192604004,2.208782742681044,40.66432571411133,1
616,12.359784283513076,2.58474576271186,56.55604934692383,1
617,12.124807395993816,3.007704160246528,65.89250946044922,1
618,12.030816640986112,3.477657935285048,82.40068817138672,1
619,12.124807395993816,3.900616332819716,93.34988403320312,1
620,12.312788906009224,4.417565485362088,109.45938110351562,1
621,12.641756548536188,4.887519260400608,129.6221160888672,1
622,13.111710323574709,5.263482280431424,144.19593811035156,1
623,13.62865947611708,5.498459167950684,163.02328491210938,1
624,14.239599383667155,5.63944530046224,175.07342529296875,1
625,14.80354391371338,5.63944530046224,4.135596752166748,1
626,15.320493066255752,5.498459167950684,15.764700889587402,1
627,15.837442218798124,5.263482280431424,21.64523696899414,1
628,16.4483821263482,4.981510015408312,26.73383140563965,1
629,16.91833590138672,4.6995377503852,29.368745803833008,1
630,17.529275808936795,4.323574730354384,29.615503311157227,1
631,18.09322033898302,4.041602465331272,35.65604019165039,1
632,18.657164869029245,3.571648690292752,45.63020324707031,1
633,19.127118644067764,3.101694915254232,51.64695358276367,1
634,19.409090909090875,2.58474576271186,61.85086441040039,1
635,19.55007704160243,2.208782742681044,79.9359359741211,1
636,19.78505392912169,2.3497688751926,66.53543853759766,1
637,20.20801232665636,2.255778120184896,53.32049560546875,1
638,20.724961479198733,2.020801232665636,36.358726501464844,1
639,21.10092449922955,1.87981510015408,32.783203125,1
640,21.57087827426807,1.597842835130968,24.664085388183594,1
641,22.040832049306587,1.315870570107856,21.960674285888672,1
642,22.416795069337404,1.033898305084744,23.317853927612305,1
643,22.74576271186437,1.033898305084744,11.388216972351074,1
644,23.121725731895182,1.127889060092448,2.0677590370178223,1
645,23.450693374422148,1.127889060092448,0.10875996947288513,1
646,23.779661016949113,1.080893682588596,4.423766613006592,1
647,24.108628659476075,0.986902927580892,14.882407188415527,1
648,24.343605546995335,0.892912172573188,17.08382797241211,1
649,24.62557781201845,0.986902927580892,4.36508321762085,1
650,25.001540832049265,1.080893682588596,4.437821388244629,1
651,25.37750385208008,1.221879815100152,175.73670959472656,1
652,25.8474576271186,1.315870570107856,174.34657287597656,1
653,26.411402157164822,1.40986132511556,172.60498046875,1
654,27.069337442218753,1.550847457627116,167.6139373779297,1
655,27.633281972264975,1.597842835130968,173.97608947753906,1
656,27.96224961479194,1.64483821263482,1.0738630294799805,1
657,27.77426810477653,1.785824345146376,172.80262756347656,1
658,27.821263482280383,1.973805855161784,167.18743896484375,1
659,28.00924499229579,2.208782742681044,169.0489044189453,1
660,28.056240369799642,2.396764252696452,163.2464599609375,1
661,28.15023112480735,2.58474576271186,156.16053771972656,1
662,28.338212634822757,2.913713405238824,149.4200897216797,1
663,28.43220338983046,3.195685670261936,143.7804412841797,1
664,28.526194144838165,3.5246533127889,129.60096740722656,1
665,28.620184899845867,3.853620955315864,120.76238250732422,1
666,28.808166409861276,4.22958397534668,115.40250396728516,1
667,28.949152542372833,4.558551617873644,110.9796142578125,1
668,29.043143297380535,4.93451463790446,108.52420806884766,1
669,29.13713405238824,5.310477657935276,107.58870697021484,1
670,29.184129429892092,5.63944530046224,105.34237670898438,1
671,29.278120184899795,6.015408320493056,104.52379608154297,1
672,29.32511556240365,6.391371340523872,100.7225341796875,1
673,29.41910631741135,6.720338983050836,96.797119140625,1
674,29.466101694915203,7.096302003081652,98.98287200927734,1
675,29.466101694915203,7.378274268104764,94.10124969482422,1
676,29.466101694915203,7.707241910631728,94.10560607910156,1
677,29.60708782742676,8.083204930662545,92.85702514648438,1
678,29.60708782742676,8.412172573189508,92.43122863769531,1
679,29.513097072419058,8.882126348228027,88.39627075195312,1
680,29.56009244992291,9.305084745762695,95.14962005615234,1
681,29.513097072419058,9.587057010785808,96.57369232177734,1
682,29.513097072419058,9.916024653312771,95.70280456542969,1
683,29.513097072419058,10.291987673343588,96.50537872314453,1
684,29.60708782742676,10.761941448382109,95.81364440917969,1
685,29.56009244992291,11.137904468412923,98.19377136230469,1
686,29.56009244992291,11.607858243451444,93.37403106689453,1
687,29.65408320493061,12.171802773497667,91.14216613769531,1
688,29.65408320493061,12.782742681047743,95.551025390625,1
689,29.56009244992291,13.346687211093968,98.51134490966797,1
690,29.513097072419058,14.004622496147896,98.21012115478516,1
691,29.466101694915203,14.80354391371338,94.9571762084961,1
692,29.56009244992291,15.602465331278864,89.02777099609375,1
693,29.65408320493061,16.354391371340498,96.16899108886719,1
694,29.60708782742676,16.824345146379017,100.7571029663086,1
695,29.60708782742676,17.200308166409833,92.74321746826172,1
696,29.60708782742676,17.6232665639445,95.3351821899414,1
697,29.748073959938317,18.14021571648687,95.7132339477539,1
698,29.701078582434462,18.56317411402154,93.99563598632812,1
699,29.748073959938317,18.939137134052356,97.65476989746094,1
700,29.79506933744217,19.221109399075466,93.85331726074219,1
701,29.84206471494602,19.597072419106283,94.17975616455078,1
702,29.88906009244987,19.9730354391371,95.60457611083984,1
703,29.84206471494602,20.348998459167916,92.88784790039062,1
704,29.748073959938317,20.724961479198733,92.44557189941406,1
705,29.748073959938317,21.1479198767334,94.38652038574219,1
706,29.84206471494602,21.61787365177192,101.3167724609375,1
707,29.79506933744217,21.993836671802736,97.10459899902344,1
708,29.79506933744217,22.416795069337404,99.98178100585938,1
709,29.88906009244987,22.79275808936822,102.41548156738281,1
710,29.936055469953725,23.121725731895182,101.67637634277344,1
711,29.88906009244987,23.403697996918297,100.06097412109375,1
712,29.936055469953725,23.779661016949113,102.8974838256836,1
713,29.936055469953725,24.061633281972224,99.5294189453125,1
714,29.983050847457577,24.39060092449919,97.83967590332031,1
715,29.983050847457577,24.813559322033857,100.05033874511719,1
716,29.983050847457577,25.18952234206467,98.34062957763672,1
717,30.030046224961428,25.518489984591636,101.38511657714844,1
718,30.030046224961428,25.800462249614746,99.16541290283203,1
719,30.07704160246528,26.176425269645563,103.0482406616211,1
720,30.07704160246528,26.411402157164822,98.0173568725586,1
721,30.12403697996913,26.740369799691788,99.55331420898438,1
722,30.171032357472985,27.0223420647149,100.29037475585938,1
723,30.218027734976836,27.351309707241864,96.75543212890625,1
724,30.265023112480687,27.72727272727268,99.65450286865234,1
725,30.171032357472985,27.96224961479194,94.70085144042969,1
726,30.07704160246528,28.338212634822757,93.60472106933594,1
727,30.07704160246528,28.620184899845867,94.7170181274414,1
728,30.12403697996913,29.090138674884386,101.87496185302734,1
729,30.12403697996913,28.996147919876684,99.77727508544922,1
730,30.265023112480687,29.090138674884386,102.1808090209961,1
731,30.31201848998454,29.090138674884386,103.5533676147461,1
732,30.218027734976836,29.13713405238824,99.7223129272461,1
733,30.171032357472985,29.090138674884386,101.49700164794922,1
734,30.218027734976836,29.13713405238824,101.0423583984375,1
735,30.12403697996913,28.996147919876684,99.5774154663086,1
736,30.265023112480687,29.13713405238824,99.30130767822266,1
737,30.171032357472985,28.996147919876684,94.4773941040039,1
738,30.218027734976836,29.090138674884386,94.4788589477539,1
739,30.406009244992244,29.043143297380535,101.0231704711914,1
740,30.359013867488393,29.090138674884386,98.1712646484375,1
741,30.359013867488393,29.090138674884386,98.71510314941406,1
742,30.265023112480687,29.043143297380535,96.8707275390625,1
743,30.31201848998454,29.090138674884386,101.92536926269531,1
744,30.265023112480687,29.13713405238824,102.78385162353516,1
745,30.265023112480687,29.184129429892092,103.21570587158203,1
746,30.171032357472985,29.184129429892092,103.9609375,1
747,30.12403697996913,29.13713405238824,102.20707702636719,1
748,30.07704160246528,29.231124807395943,101.94091033935547,1
749,29.936055469953725,29.13713405238824,98.455810546875,1
750,30.030046224961428,29.13713405238824,106.36138153076172,1
751,30.030046224961428,29.231124807395943,106.42000579833984,1
752,29.983050847457577,29.231124807395943,108.49844360351562,1
753,29.936055469953725,29.231124807395943,108.65961456298828,1
754,29.84206471494602,29.231124807395943,110.61949157714844,1
755,29.748073959938317,29.278120184899795,113.64302825927734,1
756,29.748073959938317,29.278120184899795,116.0243911743164,1
757,29.79506933744217,29.278120184899795,112.83512115478516,1
758,29.79506933744217,29.278120184899795,113.07305145263672,1
759,29.79506933744217,29.278120184899795,114.6422348022461,1
760,29.79506933744217,29.278120184899795,114.91496276855469,1
761,29.79506933744217,29.32511556240365,114.18087768554688,1
762,29.79506933744217,29.32511556240365,113.98587036132812,1
763,29.79506933744217,29.278120184899795,112.78491973876953,1
764,29.84206471494602,29.278120184899795,112.29521942138672,1
765,29.84206471494602,29.278120184899795,114.2201919555664,1
766,29.84206471494602,29.278120184899795,115.0308837890625,1
767,29.84206471494602,29.278120184899795,112.96023559570312,1
768,29.84206471494602,29.278120184899795,113.57769012451172,1
769,29.84206471494602,29.278120184899795,115.5628433227539,1
770,29.84206471494602,29.278120184899795,113.74394989013672,1
771,29.79506933744217,29.278120184899795,113.19276428222656,1
772,29.79506933744217,29.278120184899795,115.53441619873047,1
773,29.79506933744217,29.278120184899795,115.48649597167969,1
774,29.79506933744217,29.278120184899795,117.0390853881836,1
775,29.748073959938317,29.278120184899795,115.17911529541016,1
776,29.748073959938317,29.278120184899795,117.47916412353516,1
777,29.701078582434462,29.278120184899795,119.38085174560547,1
778,29.79506933744217,29.278120184899795,115.9695816040039,1
779,29.79506933744217,29.231124807395943,113.15758514404297,1
780,29.84206471494602,29.184129429892092,111.9404067993164,1
781,29.88906009244987,29.184129429892092,110.65518188476562,1
782,29.84206471494602,29.13713405238824,110.43843841552734,1
783,29.79506933744217,29.090138674884386,109.26242065429688,1
784,29.79506933744217,29.090138674884386,108.89269256591797,1
785,29.65408320493061,28.90215716486898,110.04411315917969,1
786,29.60708782742676,28.90215716486898,110.3724365234375,1
787,29.56009244992291,28.855161787365127,109.04154968261719,1
788,29.466101694915203,28.855161787365127,106.52924346923828,1
789,29.41910631741135,28.855161787365127,110.50747680664062,1
790,29.3721109399075,28.761171032357424,102.62157440185547,1
791,29.32511556240365,28.66718027734972,101.56925201416016,1
792,29.278120184899795,28.620184899845867,99.79667663574219,1
793,29.278120184899795,28.620184899845867,102.85789489746094,1
794,29.231124807395943,28.47919876733431,96.48785400390625,1
795,29.184129429892092,28.47919876733431,92.92491912841797,1
796,29.184129429892092,28.47919876733431,94.88992309570312,1
797,29.043143297380535,28.43220338983046,94.28278350830078,1
798,29.043143297380535,28.47919876733431,95.64063262939453,1
799,28.996147919876684,28.526194144838165,95.30059051513672,1
800,28.996147919876684,28.526194144838165,99.19099426269531,1
801,28.90215716486898,28.526194144838165,96.25801086425781,1
802,28.90215716486898,28.526194144838165,97.55740356445312,1
803,28.90215716486898,28.526194144838165,96.13860321044922,1
804,28.855161787365127,28.47919876733431,101.74444580078125,1
805,28.855161787365127,28.47919876733431,99.64594268798828,1
806,28.808166409861276,28.43220338983046,100.3711166381836,1
807,28.808166409861276,28.385208012326608,99.69159698486328,1
808,28.808166409861276,28.43220338983046,102.47164916992188,1
809,28.761171032357424,28.47919876733431,103.5843276977539,1
810,28.714175654853573,28.47919876733431,101.69696807861328,1
811,28.620184899845867,28.47919876733431,106.4700698852539,1
812,28.66718027734972,28.573189522342016,101.41307067871094,1
813,28.66718027734972,28.808166409861276,110.9232406616211,1
814,28.66718027734972,28.808166409861276,112.02322387695312,1
815,28.620184899845867,28.761171032357424,112.95844268798828,1
816,,,,0
817,,,,0
818,,,,0
819,,,,0
820,,,,0
821,,,,0
822,,,,0
823,,,,0
824,,,,0
825,,,,0
826,,,,0
827,,,,0
828,,,,0
829,,,,0
830,,,,0
831,,,,0
832,,,,0
833,,,,0
834,,,,0
835,,,,0
836,,,,0
837,,,,0
838,,,,0
839,,,,0
840,,,,0
841,,,,0
842,,,,0
843,,,,0
844,,,,0
845,,,,0
846,,,,0
847,,,,0
848,28.66718027734972,28.43220338983046,74.67804718017578,1
849,29.13713405238824,29.983050847457577,118.09046936035156,1
850,,,,0
851,,,,0
852,,,,0
853,,,,0
854,,,,0
855,28.761171032357424,28.996147919876684,99.95270538330078,1
856,28.66718027734972,29.090138674884386,116.28890991210938,1
857,28.714175654853573,29.184129429892092,110.39830780029297,1
858,28.714175654853573,29.32511556240365,118.03455352783203,1
859,28.714175654853573,29.13713405238824,108.91212463378906,1
860,28.808166409861276,29.231124807395943,109.23545837402344,1
861,28.808166409861276,29.13713405238824,103.22114562988281,1
862,28.714175654853573,29.090138674884386,111.29534149169922,1
863,28.761171032357424,29.231124807395943,111.16007995605469,1
864,28.714175654853573,29.13713405238824,106.53447723388672,1
865,28.761171032357424,29.13713405238824,105.98766326904297,1
866,28.714175654853573,29.184129429892092,107.06401062011719,1
867,28.714175654853573,29.32511556240365,118.52897644042969,1
868,28.66718027734972,29.231124807395943,116.73302459716797,1
869,28.620184899845867,29.278120184899795,118.12989044189453,1
870,28.573189522342016,29.278120184899795,120.55960845947266,1
871,28.620184899845867,29.32511556240365,119.7248764038086,1
872,28.620184899845867,29.278120184899795,119.12860107421875,1
873,28.620184899845867,29.231124807395943,117.68248748779297,1
874,28.761171032357424,29.278120184899795,119.16204071044922,1
875,,,,0
876,29.79506933744217,27.72727272727268,126.91949462890625,1
877,29.983050847457577,28.24422187981505,97.80461883544922,1
878,29.983050847457577,28.056240369799642,88.85739135742188,1
879,30.030046224961428,28.291217257318905,84.06175994873047,1
880,29.936055469953725,28.526194144838165,81.50828552246094,1
881,29.936055469953725,28.855161787365127,82.52474975585938,1
882,29.88906009244987,28.855161787365127,78.58016204833984,1
883,29.748073959938317,29.090138674884386,74.37226104736328,1
884,29.56009244992291,29.184129429892092,66.62200164794922,1
885,29.32511556240365,29.513097072419058,61.32960510253906,1
886,29.13713405238824,29.60708782742676,59.4220085144043,1
887,28.949152542372833,29.65408320493061,52.108673095703125,1
888,28.24422187981505,30.171032357472985,62.416080474853516,1
889,28.385208012326608,29.936055469953725,56.22732925415039,1
890,28.338212634822757,29.936055469953725,37.68513107299805,1
891,28.103235747303497,30.07704160246528,43.16987991333008,1
892,27.96224961479194,30.030046224961428,36.462284088134766,1
893,27.72727272727268,30.171032357472985,33.86125946044922,1
894,27.49229583975342,30.31201848998454,22.559295654296875,1
895,27.25731895223416,30.406009244992244,25.4581298828125,1
896,26.975346687211047,30.406009244992244,12.550924301147461,1
897,26.693374422187937,30.640986132511504,10.393625259399414,1
898,26.27041602465327,30.734976887519206,8.565369606018066,1
899,25.941448382126303,30.734976887519206,2.022099494934082,1
900,25.61248073959934,30.734976887519206,6.806421756744385,1
901,25.330508474576227,30.734976887519206,7.048991680145264,1
902,25.048536209553117,30.78197226502306,7.878894329071045,1
903,24.86055469953771,30.687981510015355,3.596713066101074,1
904,24.578582434514598,30.687981510015355,10.495227813720703,1
905,24.343605546995335,30.687981510015355,6.34822940826416,1
906,23.96764252696452,30.593990755007653,2.640180826187134,1
907,23.638674884437556,30.593990755007653,9.351573944091797,1
908,23.356702619414445,30.5469953775038,11.27436351776123,1
909,22.98073959938363,30.499999999999947,13.56751537322998,1
910,22.651771956856663,30.499999999999947,13.200167655944824,1
911,22.3228043143297,30.499999999999947,16.484935760498047,1
912,21.993836671802736,30.499999999999947,17.435789108276367,1
913,21.805855161787328,30.218027734976836,174.1965789794922,1
914,21.476887519260362,30.171032357472985,2.4447743892669678,1
915,21.241910631741103,30.171032357472985,9.476248741149902,1
916,20.865947611710286,30.406009244992244,19.266155242919922,1
917,20.67796610169488,30.406009244992244,20.981504440307617,1
918,20.395993836671767,30.453004622496096,20.394744873046875,1
919,20.25500770416021,30.406009244992244,19.838476181030273,1
920,19.9730354391371,30.31201848998454,11.75597095489502,1
921,19.69106317411399,30.406009244992244,14.993870735168457,1
922,19.50308166409858,30.453004622496096,17.84795570373535,1
923,19.26810477657932,30.030046224961428,173.6409912109375,1
924,18.986132511556207,29.65408320493061,157.1072235107422,1
925,18.61016949152539,29.278120184899795,142.6391143798828,1
926,18.234206471494577,28.855161787365127,127.7369613647461,1
927,17.85824345146376,28.573189522342016,132.89453125,1
928,17.435285053929093,28.24422187981505,132.1252899169922,1
929,17.012326656394425,27.96224961479194,136.6047821044922,1
930,16.63636363636361,27.72727272727268,147.8626251220703,1
931,16.16640986132509,27.586286594761123,162.13592529296875,1
932,15.74345146379042,27.539291217257272,171.6753692626953,1
933,15.367488443759603,27.49229583975342,175.48924255371094,1
934,14.944530046224935,27.539291217257272,2.253183126449585,1
935,14.474576271186416,27.586286594761123,11.213287353515625,1
936,14.145608628659453,27.77426810477653,27.591121673583984,1
937,13.816640986132487,28.056240369799642,41.77043533325195,1
938,13.534668721109377,28.43220338983046,58.48006820678711,1
939,13.346687211093968,28.808166409861276,75.80221557617188,1
940,13.111710323574709,29.3721109399075,81.54644012451172,1
941,12.9237288135593,29.231124807395943,75.74777221679688,1
942,12.641756548536188,29.231124807395943,66.84786224365234,1
943,12.406779661016929,29.466101694915203,64.13130950927734,1
944,12.124807395993816,29.60708782742676,56.29262161254883,1
945,11.889830508474557,29.60708782742676,54.72948455810547,1
946,11.607858243451444,29.79506933744217,51.22547149658203,1
947,11.27889060092448,29.84206471494602,37.85194778442383,1
948,11.04391371340522,29.936055469953725,37.03350830078125,1
949,10.714946070878256,30.030046224961428,35.662357330322266,1
950,10.385978428351292,30.030046224961428,33.91319274902344,1
951,10.010015408320475,30.171032357472985,37.544437408447266,1
952,9.775038520801216,30.12403697996913,26.0274715423584,1
953,9.3990755007704,30.218027734976836,28.450407028198242,1
954,9.070107858243436,30.218027734976836,27.583478927612305,1
955,8.741140215716472,30.265023112480687,22.15352439880371,1
956,8.318181818181804,30.359013867488393,25.2473201751709,1
957,7.98921417565484,30.406009244992244,27.645538330078125,1
958,7.660246533127876,30.406009244992244,27.04862403869629,1
959,7.331278890600912,30.406009244992244,23.68121910095215,1
960,6.955315870570096,30.453004622496096,25.005212783813477,1
961,6.532357473035428,30.453004622496096,24.42726707458496,1
962,6.203389830508464,30.499999999999947,25.413650512695312,1
963,5.780431432973796,30.5469953775038,22.340686798095703,1
964,5.451463790446832,30.5469953775038,24.44536018371582,1
965,5.216486902927572,30.406009244992244,14.800981521606445,1
966,4.887519260400608,30.453004622496096,17.160831451416016,1
967,4.46456086286594,30.593990755007653,23.00092124938965,1
968,4.182588597842828,30.499999999999947,15.167112350463867,1
969,3.806625577812012,30.5469953775038,15.38967514038086,1
970,3.477657935285048,30.5469953775038,12.953943252563477,1
971,3.242681047765788,30.359013867488393,10.706765174865723,1
972,2.960708782742676,30.359013867488393,0.8787993788719177,1
973,2.960708782742676,30.265023112480687,2.4053494930267334,1
974,2.960708782742676,30.218027734976836,1.0390673875808716,1
975,2.960708782742676,30.218027734976836,175.99366760253906,1
976,2.913713405238824,30.171032357472985,175.57342529296875,1
977,2.81972265023112,30.171032357472985,175.94821166992188,1
978,2.772727272727268,30.12403697996913,161.25144958496094,1
979,2.678736517719564,30.030046224961428,153.4612274169922,1
980,2.537750385208008,29.88906009244987,144.64207458496094,1
981,2.443759630200304,29.79506933744217,128.56375122070312,1
982,2.208782742681044,29.466101694915203,127.03043365478516,1
983,2.067796610169488,29.184129429892092,116.20211029052734,1
984,2.020801232665636,28.90215716486898,106.12321472167969,1
985,1.785824345146376,28.620184899845867,105.56449890136719,1
986,1.550847457627116,28.338212634822757,109.76496887207031,1
987,1.40986132511556,28.056240369799642,100.83326721191406,1
988,1.362865947611708,27.68027734976883,96.09772491455078,1
989,1.127889060092448,27.351309707241864,97.39458465576172,1
990,1.033898305084744,27.116332819722604,90.39784240722656,1
991,0.93990755007704,26.83436055469949,85.85972595214844,1
992,0.845916795069336,26.411402157164822,90.26378631591797,1
993,0.798921417565484,26.08243451463786,85.87167358398438,1
994,0.845916795069336,25.800462249614746,85.54852294921875,1
995,0.892912172573188,25.471494607087784,86.2008285522461,1
996,0.892912172573188,25.14252696456082,83.91818237304688,1
997,0.845916795069336,24.813559322033857,85.98242950439453,1
998,0.798921417565484,24.43759630200304,83.55225372314453,1
999,0.70493066255778,24.155624036979926,87.25550079345703,1
1000,0.845916795069336,23.826656394452964,81.75251770019531,1
1001,0.986902927580892,23.497688751926,73.63066101074219,1
1002,1.033898305084744,23.121725731895182,74.05140686035156,1
1003,1.1748844375963,22.698767334360515,81.6357192993164,1
1004,1.1748844375963,22.228813559321996,82.2178955078125,1
1005,1.221879815100152,21.758859784283477,79.94869995117188,1
1006,1.221879815100152,21.33590138674881,80.11717987060547,1
1007,1.127889060092448,20.91294298921414,85.41986083984375,1
1008,1.080893682588596,20.44298921417562,92.69934844970703,1
1009,0.93990755007704,20.067026194144805,96.83808898925781,1
1010,1.1748844375963,19.78505392912169,87.0483169555664,1
1011,1.362865947611708,19.409090909090875,77.63037109375,1
1012,1.550847457627116,19.080123266563913,71.7568130493164,1
1013,1.691833590138672,18.704160246533096,74.49734497070312,1
1014,1.738828967642524,18.28120184899843,79.17072296142578,1
1015,1.785824345146376,17.81124807395991,80.72883605957031,1
1016,1.785824345146376,17.294298921417536,85.6429214477539,1
1017,1.691833590138672,16.824345146379017,89.9219741821289,1
1018,1.503852080123264,16.354391371340498,97.82584381103516,1
1019,1.315870570107856,15.884437596301975,105.8305892944336,1
1020,1.40986132511556,15.461479198767307,97.4056625366211,1
1021,1.550847457627116,14.944530046224935,93.54136657714844,1
1022,1.597842835130968,14.56856702619412,90.4079818725586,1
1023,1.503852080123264,14.192604006163304,92.6300277709961,1
1024,1.362865947611708,13.86363636363634,104.5456314086914,1
1025,1.268875192604004,13.534668721109377,107.5050048828125,1
1026,1.40986132511556,13.205701078582411,93.38219451904297,1
1027,1.456856702619412,12.782742681047743,92.43185424804688,1
1028,1.40986132511556,12.45377503852078,91.96232604980469,1
1029,1.268875192604004,12.124807395993816,103.0670394897461,1
1030,1.127889060092448,11.748844375963,108.56864166259766,1
1031,1.1748844375963,11.27889060092448,96.53130340576172,1
1032,1.080893682588596,10.855932203389813,99.22725677490234,1
1033,0.986902927580892,10.5739599383667,102.94661712646484,1
1034,1.033898305084744,10.10400616332818,98.1581039428711,1
1035,0.986902927580892,9.681047765793512,101.96265411376953,1
1036,0.986902927580892,9.3990755007704,101.09980010986328,1
1037,1.033898305084744,9.070107858243436,91.9132308959961,1
1038,1.033898305084744,8.69414483821262,90.69290924072266,1
1039,0.93990755007704,8.365177195685655,97.78272247314453,1
1040,0.751926040061632,7.9422187981509875,104.12866973876953,1
1041,0.845916795069336,7.51926040061632,97.72320556640625,1
1042,0.751926040061632,7.190292758089356,98.38816833496094,1
1043,0.751926040061632,6.81432973805854,95.3172378540039,1
1044,0.70493066255778,6.438366718027724,96.79637145996094,1
1045,0.610939907550076,6.156394453004612,97.6586685180664,1
1046,0.516949152542372,5.827426810477648,92.94969177246094,1
1047,0.46995377503852,5.592449922958388,93.8060302734375,1
1048,0.422958397534668,5.357473035439128,87.75318145751953,1
1049,0.46995377503852,5.028505392912164,94.60419464111328,1
1050,0.46995377503852,4.746533127889052,89.65137481689453,1
1051,0.516949152542372,4.46456086286594,92.24842071533203,1
1052,0.46995377503852,4.22958397534668,94.27096557617188,1
1053,0.516949152542372,3.947611710323568,90.05517578125,1
1054,0.563944530046224,3.712634822804308,95.1346664428711,1
1055,0.657935285053928,3.5246533127889,93.44190979003906,1
1056,0.93990755007704,3.336671802773492,84.23257446289062,1
1057,1.080893682588596,3.007704160246528,82.4660415649414,1
1058,1.1748844375963,2.725731895223416,87.16045379638672,1
1059,1.1748844375963,2.443759630200304,89.27792358398438,1
1060,1.1748844375963,2.537750385208008,86.52655029296875,1
1061,1.1748844375963,2.58474576271186,89.00808715820312,1
1062,1.127889060092448,2.537750385208008,91.78910827636719,1
1063,1.080893682588596,2.537750385208008,92.5750503540039,1
1064,0.986902927580892,2.443759630200304,95.22038269042969,1
1065,0.892912172573188,2.396764252696452,105.74124908447266,1
1066,0.93990755007704,2.3497688751926,109.65660095214844,1
1067,0.93990755007704,2.302773497688748,110.45457458496094,1
1068,0.93990755007704,2.302773497688748,106.45027160644531,1
1069,0.93990755007704,2.302773497688748,111.65077209472656,1
1070,1.033898305084744,2.3497688751926,109.55935668945312,1
1071,1.080893682588596,2.255778120184896,112.19188690185547,1
1072,1.127889060092448,2.3497688751926,113.81574249267578,1
1073,1.268875192604004,2.3497688751926,102.38646697998047,1
1074,1.1748844375963,2.255778120184896,119.4830322265625,1
1075,1.221879815100152,2.255778120184896,120.9478759765625,1
1076,1.362865947611708,2.302773497688748,115.07384490966797,1
1077,1.362865947611708,2.208782742681044,116.57968139648438,1
1078,1.362865947611708,2.161787365177192,124.34295654296875,1
1079,1.456856702619412,2.11479198767334,121.34535217285156,1
1080,1.362865947611708,2.11479198767334,127.62947845458984,1
1081,1.315870570107856,2.067796610169488,129.90390014648438,1
1082,1.362865947611708,2.11479198767334,129.36611938476562,1
1083,1.40986132511556,2.11479198767334,129.43751525878906,1
1084,1.456856702619412,2.067796610169488,129.89202880859375,1
1085,1.40986132511556,2.020801232665636,129.66307067871094,1
1086,1.503852080123264,1.973805855161784,132.09519958496094,1
1087,1.550847457627116,1.973805855161784,130.52810668945312,1
1088,1.64483821263482,2.020801232665636,132.0174102783203,1
1089,1.64483821263482,2.020801232665636,131.47901916503906,1
1090,1.691833590138672,2.020801232665636,128.2301483154297,1
1091,1.597842835130968,1.973805855161784,132.3399200439453,1
1092,1.738828967642524,1.973805855161784,133.76495361328125,1
1093,1.738828967642524,1.87981510015408,136.33786010742188,1
1094,1.691833590138672,1.738828967642524,137.6872100830078,1
1095,1.87981510015408,1.691833590138672,151.55885314941406,1
1096,2.11479198767334,1.503852080123264,159.50323486328125,1
1097,2.067796610169488,1.456856702619412,164.0909423828125,1
1098,2.11479198767334,1.362865947611708,158.1533660888672,1
1099,2.067796610169488,1.40986132511556,161.677734375,1
1100,2.020801232665636,1.40986132511556,165.8686065673828,1
1101,2.161787365177192,1.40986132511556,153.85926818847656,1
1102,2.067796610169488,1.503852080123264,161.97039794921875,1
1103,2.020801232665636,1.456856702619412,156.85836791992188,1
1104,2.11479198767334,1.597842835130968,156.86767578125,1
1105,2.11479198767334,1.64483821263482,156.81814575195312,1
1106,2.302773497688748,1.64483821263482,148.75350952148438,1
1107,2.161787365177192,1.87981510015408,169.88966369628906,1
1108,2.208782742681044,1.926810477657932,169.9910125732422,1
1109,2.208782742681044,2.020801232665636,169.2447052001953,1
1110,2.11479198767334,1.973805855161784,162.35604858398438,1
1111,1.973805855161784,1.926810477657932,158.62310791015625,1
1112,2.067796610169488,1.926810477657932,148.97909545898438,1
1113,1.973805855161784,1.832819722650228,147.02476501464844,1
1114,1.785824345146376,1.738828967642524,151.3415069580078,1
1115,1.87981510015408,1.64483821263482,145.9900665283203,1
1116,1.87981510015408,1.691833590138672,143.61178588867188,1
1117,1.973805855161784,1.691833590138672,158.404296875,1
1118,2.11479198767334,1.691833590138672,154.12725830078125,1
1119,1.973805855161784,1.64483821263482,152.9727325439453,1
1120,1.87981510015408,1.550847457627116,156.40704345703125,1
1121,2.067796610169488,1.64483821263482,153.19842529296875,1
1122,2.067796610169488,1.64483821263482,148.94032287597656,1
1123,1.832819722650228,1.597842835130968,149.32150268554688,1
1124,2.020801232665636,1.597842835130968,151.50010681152344,1
1125,2.11479198767334,1.550847457627116,153.04119873046875,1
1126,2.161787365177192,1.597842835130968,158.6997528076172,1
1127,2.302773497688748,1.597842835130968,155.12152099609375,1
1128,2.161787365177192,1.597842835130968,160.0661163330078,1
1129,2.3497688751926,1.64483821263482,156.64236450195312,1
1130,2.302773497688748,1.597842835130968,150.1947479248047,1
1131,2.302773497688748,1.691833590138672,149.75711059570312,1
1132,2.208782742681044,1.785824345146376,155.37828063964844,1
1133,2.396764252696452,1.87981510015408,152.614990234375,1
1134,2.490755007704156,1.926810477657932,142.5552978515625,1
1135,2.396764252696452,2.020801232665636,144.45010375976562,1
1136,2.161787365177192,1.832819722650228,140.27841186523438,1
1137,2.490755007704156,2.067796610169488,129.32611083984375,1
1138,2.443759630200304,2.020801232665636,131.2781524658203,1
1139,2.490755007704156,1.87981510015408,137.93093872070312,1
1140,2.443759630200304,1.691833590138672,138.15615844726562,1
1141,2.58474576271186,1.597842835130968,150.30029296875,1
1142,2.866718027734972,1.832819722650228,149.340576171875,1
1143,2.913713405238824,1.87981510015408,172.21591186523438,1
1144,2.866718027734972,1.926810477657932,137.55606079101562,1
1145,2.772727272727268,1.87981510015408,131.8141326904297,1
1146,2.490755007704156,1.691833590138672,139.15341186523438,1
1147,2.678736517719564,1.738828967642524,142.28179931640625,1
1148,2.960708782742676,1.785824345146376,128.7537078857422,1
1149,3.05469953775038,1.738828967642524,144.18309020996094,1
1150,3.05469953775038,1.738828967642524,142.36349487304688,1
1151,2.725731895223416,1.64483821263482,143.5129852294922,1
1152,2.678736517719564,1.691833590138672,142.2130889892578,1
1153,2.913713405238824,1.832819722650228,130.5076904296875,1
1154,2.960708782742676,1.738828967642524,136.86656188964844,1
1155,3.007704160246528,1.691833590138672,124.81787872314453,1
1156,3.05469953775038,1.738828967642524,127.11590576171875,1
1157,3.101694915254232,1.832819722650228,123.61503601074219,1
1158,3.28967642526964,1.973805855161784,129.60025024414062,1
1159,2.866718027734972,2.208782742681044,4.305531978607178,1
1160,2.866718027734972,2.396764252696452,178.10523986816406,1
1161,2.678736517719564,2.537750385208008,173.611328125,1
1162,2.490755007704156,2.490755007704156,178.36639404296875,1
1163,2.396764252696452,2.537750385208008,172.50067138671875,1
1164,2.302773497688748,2.58474576271186,167.04322814941406,1
1165,2.3497688751926,2.58474576271186,163.96946716308594,1
1166,2.537750385208008,2.772727272727268,173.15673828125,1
1167,2.631741140215712,2.866718027734972,2.0608060359954834,1
1168,2.490755007704156,2.537750385208008,3.635328769683838,1
1169,3.007704160246528,2.255778120184896,93.24880981445312,1
1170,3.101694915254232,2.067796610169488,104.37739562988281,1
1171,3.007704160246528,1.926810477657932,107.19644165039062,1
1172,3.101694915254232,1.832819722650228,116.36294555664062,1
1173,3.195685670261936,1.691833590138672,121.08629608154297,1
1174,3.195685670261936,1.64483821263482,125.97293090820312,1
1175,3.1486902927580838,1.691833590138672,110.9261474609375,1
1176,3.383667180277344,1.785824345146376,113.34362030029297,1
1177,3.336671802773492,2.537750385208008,24.99698257446289,1
1178,2.960708782742676,2.725731895223416,33.144691467285156,1
1179,2.631741140215712,2.866718027734972,4.3642096519470215,1
1180,2.396764252696452,2.913713405238824,177.0919189453125,1
1181,2.3497688751926,2.866718027734972,167.20277404785156,1
1182,2.772727272727268,2.443759630200304,35.45744323730469,1
1183,2.58474576271186,2.725731895223416,174.2698211669922,1
1184,3.007704160246528,1.268875192604004,149.920166015625,1
1185,3.007704160246528,1.362865947611708,131.50791931152344,1
1186,2.725731895223416,1.080893682588596,156.8851318359375,1
1187,2.960708782742676,1.1748844375963,151.94216918945312,1
1188,3.242681047765788,1.503852080123264,128.30052185058594,1
1189,,,,0
1190,,,,0
1191,3.571648690292752,1.503852080123264,155.526123046875,1
1192,,,,0
1193,,,,0
1194,,,,0
1195,,,,0
1196,,,,0
1197,,,,0
1198,0.70493066255778,1.127889060092448,175.48245239257812,1
1199,,,,0
1200,,,,0
1201,,,,0
1202,2.81972265023112,3.05469953775038,171.90438842773438,1
1203,1.87981510015408,2.725731895223416,159.76394653320312,1
1204,2.81972265023112,3.007704160246528,173.9588165283203,1
1205,2.537750385208008,2.960708782742676,177.66761779785156,1
1206,,,,0
1207,,,,0
1208,,,,0
1209,,,,0
1210,,,,0
1211,,,,0
1212,,,,0
1213,,,,0
1214,0.986902927580892,1.503852080123264,153.26168823242188,1
1215,3.477657935285048,1.456856702619412,162.07177734375,1
1216,,,,0
1217,,,,0
1218,,,,0
1219,,,,0
1220,,,,0
1221,,,,0
1222,,,,0
1223,,,,0
1224,,,,0
1225,,,,0
1226,,,,0
1227,,,,0
1228,,,,0
1229,,,,0
1230,3.28967642526964,1.362865947611708,162.64654541015625,1
1231,3.242681047765788,1.268875192604004,161.60763549804688,1
1232,3.05469953775038,1.221879815100152,148.38458251953125,1
1233,2.3497688751926,1.033898305084744,165.28721618652344,1
1234,2.960708782742676,1.221879815100152,156.02976989746094,1
1235,3.28967642526964,1.362865947611708,161.71871948242188,1
1236,,,,0
1237,,,,0
1238,,,,0
1239,,,,0
1240,,,,0
1241,,,,0
1242,,,,0
1243,,,,0
1244,0.563944530046224,1.127889060092448,174.36256408691406,1
1245,,,,0
1246,,,,0
1247,1.1748844375963,2.443759630200304,158.86807250976562,1
1248,1.127889060092448,2.537750385208008,154.56227111816406,1
1249,1.550847457627116,2.678736517719564,173.17422485351562,1
1250,1.691833590138672,2.913713405238824,179.72850036621094,1
1251,1.597842835130968,3.195685670261936,7.373637676239014,1
1252,1.40986132511556,3.5246533127889,18.91463279724121,1
1253,1.456856702619412,3.900616332819716,36.69731521606445,1
1254,1.503852080123264,4.22958397534668,62.14622116088867,1
1255,1.503852080123264,4.558551617873644,67.36299133300781,1
1256,1.550847457627116,5.028505392912164,78.89584350585938,1
1257,1.64483821263482,5.451463790446832,93.92809295654297,1
1258,1.926810477657932,5.921417565485352,106.74867248535156,1
1259,2.208782742681044,6.2973805855161675,122.84325408935547,1
1260,2.772727272727268,6.767334360554688,144.76202392578125,1
1261,3.242681047765788,7.002311248073948,163.7125701904297,1
1262,3.75963020030816,7.096302003081652,177.5496368408203,1
1263,4.276579352850532,7.096302003081652,8.033635139465332,1
1264,4.746533127889052,7.002311248073948,15.964271545410156,1
1265,5.216486902927572,6.8613251155623916,17.011669158935547,1
1266,5.686440677966092,6.673343605546984,20.809999465942383,1
1267,5.921417565485352,6.438366718027724,34.324214935302734,1
1268,6.250385208012316,6.062403697996908,46.774192810058594,1
1269,6.57935285053928,5.592449922958388,56.91457748413086,1
1270,6.81432973805854,5.16949152542372,64.02923583984375,1
1271,6.955315870570096,4.6525423728813475,68.84423065185547,1
1272,7.190292758089356,4.088597842835124,71.29474639892578,1
1273,7.331278890600912,3.571648690292752,76.30815124511719,1
1274,7.472265023112468,3.05469953775038,81.34169006347656,1
1275,7.472265023112468,2.631741140215712,89.95352935791016,1
1276,7.378274268104764,2.443759630200304,102.6771011352539,1
1277,7.096302003081652,2.255778120184896,128.9863739013672,1
1278,6.720338983050836,2.020801232665636,147.42208862304688,1
1279,6.2973805855161675,1.926810477657932,158.97726440429688,1
1280,5.827426810477648,1.87981510015408,177.91746520996094,1
1281,5.451463790446832,1.926810477657932,11.165434837341309,1
1282,5.028505392912164,2.161787365177192,39.196102142333984,1
1283,4.558551617873644,2.58474576271186,53.444419860839844,1
1284,4.323574730354384,3.05469953775038,68.14573669433594,1
1285,4.22958397534668,3.5246533127889,78.54264831542969,1
1286,4.370570107858236,4.088597842835124,93.07425689697266,1
1287,4.6525423728813475,4.370570107858236,102.71735382080078,1
1288,4.981510015408312,4.6995377503852,121.5723876953125,1
1289,5.40446841294298,5.075500770416016,133.05210876464844,1
1290,5.921417565485352,5.40446841294298,148.0747833251953,1
1291,6.438366718027724,5.592449922958388,165.0955810546875,1
1292,7.143297380585504,5.733436055469944,3.998584508895874,1
1293,7.801232665639432,5.686440677966092,23.24471664428711,1
1294,8.318181818181804,5.498459167950684,37.32695388793945,1
1295,8.647149460708768,5.216486902927572,53.483089447021484,1
1296,8.882126348228027,4.746533127889052,66.8607406616211,1
1297,9.023112480739584,4.323574730354384,72.95033264160156,1
1298,9.070107858243436,3.900616332819716,78.80967712402344,1
1299,9.16409861325114,3.383667180277344,84.81237030029297,1
1300,9.117103235747289,2.960708782742676,93.78546905517578,1
1301,8.92912172573188,2.58474576271186,102.33551788330078,1
1302,8.69414483821262,2.302773497688748,123.43756103515625,1
1303,8.365177195685655,2.020801232665636,142.236083984375,1
1304,7.98921417565484,1.832819722650228,159.9429473876953,1
1305,7.425269645608616,1.691833590138672,173.000732421875,1
1306,6.81432973805854,1.64483821263482,3.5988857746124268,1
1307,6.250385208012316,1.691833590138672,16.5698184967041,1
1308,5.733436055469944,1.785824345146376,27.075223922729492,1
1309,5.216486902927572,1.973805855161784,38.68374252319336,1
1310,4.793528505392904,2.255778120184896,49.10557556152344,1
1311,4.46456086286594,2.631741140215712,56.71552276611328,1
1312,4.276579352850532,3.1486902927580838,61.602073669433594,1
1313,4.088597842835124,3.665639445300456,65.85739135742188,1
1314,3.947611710323568,4.276579352850532,71.03396606445312,1
1315,3.99460708782742,4.840523882896756,84.06619262695312,1
1316,4.182588597842828,5.310477657935276,92.10369110107422,1
1317,4.417565485362088,5.780431432973796,98.51411437988281,1
1318,4.793528505392904,6.156394453004612,118.0648422241211,1
1319,5.263482280431424,6.485362095531576,142.27139282226562,1
1320,5.827426810477648,6.767334360554688,158.58596801757812,1
1321,6.391371340523872,6.908320493066244,1.304373860359192,1
1322,6.908320493066244,6.81432973805854,13.790624618530273,1
1323,7.331278890600912,6.626348228043132,25.22285270690918,1
1324,7.707241910631728,6.2973805855161675,43.918914794921875,1
1325,7.98921417565484,5.968412942989204,61.83085632324219,1
1326,8.130200308166396,5.451463790446832,76.87249755859375,1
1327,8.2241910631741,4.981510015408312,75.68534851074219,1
1328,8.318181818181804,4.511556240369792,76.78882598876953,1
1329,8.318181818181804,4.041602465331272,81.37632751464844,1
1330,8.271186440677951,3.618644067796604,90.28389739990234,1
1331,8.083204930662545,3.242681047765788,103.8766098022461,1
1332,7.848228043143284,2.960708782742676,116.00723266601562,1
1333,7.51926040061632,2.678736517719564,130.5653839111328,1
1334,7.0493066255778,2.302773497688748,144.70909118652344,1
1335,6.626348228043132,2.067796610169488,154.1877899169922,1
1336,6.015408320493056,1.738828967642524,165.1635284423828,1
1337,5.545454545454536,1.738828967642524,178.66038513183594,1
1338,5.122496147919868,1.785824345146376,7.796997547149658,1
1339,5.028505392912164,1.832819722650228,18.501379013061523,1
1340,4.605546995377496,2.067796610169488,37.5772705078125,1
1341,3.99460708782742,2.396764252696452,40.59299850463867,1
1342,3.571648690292752,3.05469953775038,65.3813705444336,1
1343,3.5246533127889,3.712634822804308,78.75737762451172,1
1344,3.618644067796604,4.22958397534668,93.03007507324219,1
1345,3.853620955315864,4.558551617873644,102.42232513427734,1
1346,4.135593220338976,4.887519260400608,117.92630004882812,1
1347,4.558551617873644,5.263482280431424,125.76546478271484,1
1348,5.028505392912164,5.63944530046224,134.9507598876953,1
1349,5.545454545454536,5.921417565485352,150.44981384277344,1
1350,6.10939907550076,6.10939907550076,169.42434692382812,1
1351,6.57935285053928,6.156394453004612,4.808424949645996,1
1352,7.190292758089356,6.015408320493056,18.02841567993164,1
1353,7.707241910631728,5.733436055469944,40.96611404418945,1
1354,8.036209553158692,5.310477657935276,61.336944580078125,1
1355,8.271186440677951,4.93451463790446,74.11314392089844,1
1356,8.412172573189508,4.46456086286594,86.39960479736328,1
1357,8.45916795069336,4.041602465331272,99.69036865234375,1
1358,8.271186440677951,3.383667180277344,118.75996398925781,1
1359,7.98921417565484,3.05469953775038,132.50657653808594,1
1360,7.707241910631728,2.913713405238824,145.25254821777344,1
1361,7.237288135593208,2.725731895223416,164.5338592529297,1
1362,6.81432973805854,2.725731895223416,177.62464904785156,1
1363,6.391371340523872,2.866718027734972,11.406129837036133,1
1364,6.015408320493056,3.101694915254232,28.532878875732422,1
1365,5.686440677966092,3.4306625577811958,43.39847946166992,1
1366,5.498459167950684,3.853620955315864,52.186092376708984,1
1367,5.310477657935276,4.370570107858236,65.2014389038086,1
1368,5.216486902927572,4.93451463790446,73.5267333984375,1
1369,5.16949152542372,5.545454545454536,78.59420776367188,1
1370,5.216486902927572,6.10939907550076,83.51995849609375,1
1371,5.263482280431424,6.673343605546984,88.00950622558594,1
1372,5.40446841294298,7.237288135593208,91.61443328857422,1
1373,5.63944530046224,7.707241910631728,99.34080505371094,1
1374,5.968412942989204,8.036209553158692,113.42723083496094,1
1375,6.438366718027724,8.365177195685655,129.6719512939453,1
1376,6.8613251155623916,8.506163328197212,149.1052703857422,1
1377,7.331278890600912,8.506163328197212,168.82810974121094,1
1378,7.895223420647136,8.365177195685655,9.42813777923584,1
1379,8.412172573189508,8.177195685670249,17.661447525024414,1
1380,8.92912172573188,7.895223420647136,33.86128616333008,1
1381,9.3990755007704,7.51926040061632,43.76158142089844,1
1382,9.86902927580892,7.0493066255778,51.70092010498047,1
1383,10.10400616332818,6.673343605546984,68.18417358398438,1
1384,10.244992295839737,6.203389830508464,84.64514923095703,1
1385,10.244992295839737,5.733436055469944,93.47563934326172,1
1386,10.151001540832032,5.216486902927572,105.97025299072266,1
1387,9.916024653312771,4.840523882896756,119.9855728149414,1
1388,9.540061633281956,4.46456086286594,140.74749755859375,1
1389,9.16409861325114,4.22958397534668,152.3610382080078,1
1390,8.647149460708768,3.99460708782742,167.72116088867188,1
1391,8.130200308166396,3.99460708782742,176.82699584960938,1
1392,7.660246533127876,4.041602465331272,4.670542240142822,1
1393,7.143297380585504,4.276579352850532,19.958507537841797,1
1394,6.767334360554688,4.558551617873644,31.010665893554688,1
1395,6.34437596302002,4.93451463790446,40.78009796142578,1
1396,5.968412942989204,5.40446841294298,50.27055740356445,1
1397,5.63944530046224,5.8744221879815,59.89079666137695,1
1398,5.498459167950684,6.34437596302002,70.8614730834961,1
1399,5.40446841294298,6.908320493066244,79.18350219726562,1
1400,5.498459167950684,7.378274268104764,90.05590057373047,1
1401,5.686440677966092,7.848228043143284,104.94609069824219,1
1402,6.015408320493056,8.2241910631741,117.29954528808594,1
1403,6.485362095531576,8.600154083204917,135.1255340576172,1
1404,6.955315870570096,8.788135593220323,147.23602294921875,1
1405,7.425269645608616,8.976117103235731,157.87594604492188,1
1406,8.036209553158692,9.16409861325114,167.20925903320312,1
1407,8.600154083204917,9.258089368258844,169.35292053222656,1
1408,9.16409861325114,9.352080123266548,170.21017456054688,1
1409,9.775038520801216,9.352080123266548,169.0853271484375,1
1410,10.33898305084744,9.352080123266548,178.92919921875,1
1411,10.902927580893664,9.352080123266548,7.477700233459473,1
1412,11.419876733436036,9.16409861325114,15.1248197555542,1
1413,11.889830508474557,8.882126348228027,29.572418212890625,1
1414,12.124807395993816,8.647149460708768,47.86925506591797,1
1415,12.359784283513076,8.130200308166396,66.80675506591797,1
1416,12.406779661016929,7.660246533127876,82.53662109375,1
1417,12.406779661016929,7.28428351309706,93.32865905761719,1
1418,12.312788906009224,6.720338983050836,103.04285430908203,1
1419,12.124807395993816,6.203389830508464,111.88874053955078,1
1420,11.889830508474557,5.8744221879815,125.67716979980469,1
1421,11.560862865947591,5.63944530046224,140.09474182128906,1
1422,11.137904468412923,5.40446841294298,159.35427856445312,1
1423,10.714946070878256,5.310477657935276,162.43106079101562,1
1424,10.291987673343588,5.263482280431424,179.86769104003906,1
1425,9.775038520801216,5.357473035439128,15.794548988342285,1
1426,9.3990755007704,5.592449922958388,29.615217208862305,1
1427,8.976117103235731,5.8744221879815,41.146610260009766,1
1428,8.600154083204917,6.2973805855161675,53.930084228515625,1
1429,8.45916795069336,6.673343605546984,68.12061309814453,1
1430,8.412172573189508,7.237288135593208,80.11321258544922,1
1431,8.412172573189508,7.613251155624024,91.47722625732422,1
1432,8.506163328197212,8.2241910631741,97.15432739257812,1
1433,8.788135593220323,8.69414483821262,101.39630126953125,1
1434,9.117103235747289,9.117103235747289,113.10496520996094,1
1435,9.493066255778103,9.352080123266548,128.9561004638672,1
1436,10.010015408320475,9.540061633281956,141.27407836914062,1
1437,10.620955315870551,9.681047765793512,162.07373046875,1
1438,11.137904468412923,9.63405238828966,2.4625797271728516,1
1439,11.560862865947591,9.493066255778103,24.546781539916992,1
1440,12.077812018489963,9.211093990754993,40.36117172241211,1
1441,12.45377503852078,8.882126348228027,51.05772399902344,1
1442,12.876733436055448,8.412172573189508,59.25944137573242,1
1443,13.111710323574709,7.895223420647136,61.098724365234375,1
1444,13.252696456086264,7.378274268104764,70.41127014160156,1
1445,13.39368258859782,6.767334360554688,78.7266616821289,1
1446,13.534668721109377,6.203389830508464,86.00320434570312,1
1447,13.534668721109377,5.686440677966092,91.35529327392578,1
1448,13.39368258859782,5.310477657935276,106.39568328857422,1
1449,13.205701078582411,4.793528505392904,119.12592315673828,1
1450,12.970724191063152,4.511556240369792,130.29067993164062,1
1451,12.594761171032335,4.182588597842828,149.88914489746094,1
1452,12.124807395993816,3.947611710323568,164.38595581054688,1
1453,11.560862865947591,3.900616332819716,0.07877300679683685,1
1454,11.137904468412923,3.900616332819716,12.244540214538574,1
1455,10.714946070878256,3.99460708782742,28.973886489868164,1
1456,10.33898305084744,4.135593220338976,41.16175842285156,1
1457,10.057010785824328,4.417565485362088,45.331329345703125,1
1458,9.775038520801216,4.746533127889052,49.15917205810547,1
1459,9.63405238828966,5.16949152542372,59.366607666015625,1
1460,9.587057010785808,5.498459167950684,69.00802612304688,1
1461,9.587057010785808,5.968412942989204,77.7503662109375,1
1462,9.63405238828966,6.485362095531576,91.01478576660156,1
1463,9.728043143297365,7.0493066255778,92.7400131225586,1
1464,9.86902927580892,7.566255778120172,99.21442413330078,1
1465,10.057010785824328,7.9422187981509875,103.4205551147461,1
1466,10.33898305084744,8.318181818181804,113.83328247070312,1
1467,10.761941448382109,8.553158705701064,125.34251403808594,1
1468,11.137904468412923,8.69414483821262,145.2581329345703,1
1469,11.701848998459148,8.788135593220323,162.8096466064453,1
1470,12.312788906009224,8.882126348228027,178.23898315429688,1
1471,12.9237288135593,8.882126348228027,6.814750671386719,1
1472,13.487673343605524,8.741140215716472,18.073713302612305,1
1473,13.910631741140191,8.45916795069336,38.631221771240234,1
1474,14.286594761171008,8.036209553158692,62.012733459472656,1
1475,14.474576271186416,7.613251155624024,72.94281768798828,1
1476,14.56856702619412,7.0493066255778,90.1868667602539,1
1477,14.521571648690268,6.673343605546984,98.41618347167969,1
1478,14.427580893682563,6.203389830508464,101.96112823486328,1
1479,14.239599383667155,5.780431432973796,108.25944519042969,1
1480,13.957627118644044,5.357473035439128,116.37728881835938,1
1481,13.62865947611708,5.075500770416016,123.60407257080078,1
1482,13.205701078582411,4.746533127889052,134.85011291503906,1
1483,12.829738058551596,4.46456086286594,140.18701171875,1
1484,12.265793528505371,4.22958397534668,149.5684051513672,1
1485,11.889830508474557,4.182588597842828,156.8549346923828,1
1486,11.419876733436036,4.182588597842828,176.5166015625,1
1487,10.996918335901368,4.323574730354384,12.280051231384277,1
1488,10.714946070878256,4.558551617873644,27.656972885131836,1
1489,10.385978428351292,4.887519260400608,40.8551139831543,1
1490,10.151001540832032,5.263482280431424,48.152156829833984,1
1491,9.916024653312771,5.686440677966092,63.27005386352539,1
1492,9.775038520801216,6.203389830508464,71.03731536865234,1
1493,9.775038520801216,6.57935285053928,78.43802642822266,1
1494,9.822033898305069,7.0493066255778,85.49636840820312,1
1495,10.010015408320475,7.51926040061632,94.04778289794922,1
1496,10.244992295839737,7.9422187981509875,103.52506256103516,1
1497,10.620955315870551,8.365177195685655,115.65771484375,1
1498,11.04391371340522,8.788135593220323,133.1886749267578,1
1499,11.51386748844374,9.211093990754993,133.63531494140625,1
1500,11.936825885978408,9.493066255778103,146.70530700683594,1
1501,12.45377503852078,9.728043143297365,159.03077697753906,1
1502,13.017719568567005,9.822033898305069,164.0577392578125,1
1503,13.534668721109377,9.822033898305069,6.4929704666137695,1
1504,14.004622496147896,9.63405238828966,20.195329666137695,1
1505,14.474576271186416,9.305084745762695,41.069908142089844,1
1506,14.756548536209529,8.835130970724176,55.59304428100586,1
1507,15.085516178736492,8.412172573189508,62.767459869384766,1
1508,15.2734976887519,7.895223420647136,67.64122772216797,1
1509,15.367488443759603,7.425269645608616,78.92122650146484,1
1510,15.320493066255752,6.955315870570096,92.53702545166016,1
1511,15.179506933744197,6.391371340523872,99.11904907226562,1
1512,14.944530046224935,5.968412942989204,105.04029083251953,1
1513,14.662557781201825,5.451463790446832,114.51510620117188,1
1514,14.33359013867486,5.122496147919868,123.04405975341797,1
1515,13.957627118644044,4.793528505392904,134.73541259765625,1
1516,13.487673343605524,4.511556240369792,149.86074829101562,1
1517,13.064714946070856,4.323574730354384,155.5650634765625,1
1518,12.735747303543892,4.276579352850532,158.58384704589844,1
1519,12.265793528505371,4.182588597842828,169.38272094726562,1
1520,11.889830508474557,4.22958397534668,176.4142608642578,1
1521,11.51386748844374,4.370570107858236,8.355269432067871,1
1522,11.137904468412923,4.605546995377496,20.43387222290039,1
1523,10.80893682588596,4.93451463790446,38.41367721557617,1
1524,10.526964560862847,5.310477657935276,51.920772552490234,1
1525,10.244992295839737,5.780431432973796,58.96033477783203,1
1526,10.010015408320475,6.250385208012316,64.35028076171875,1
1527,9.86902927580892,6.767334360554688,69.14149475097656,1
1528,9.775038520801216,7.190292758089356,72.92758178710938,1
1529,9.728043143297365,7.660246533127876,77.30497741699219,1
1530,9.775038520801216,8.083204930662545,85.00285339355469,1
1531,9.822033898305069,8.69414483821262,90.24925994873047,1
1532,10.10400616332818,9.16409861325114,103.00951385498047,1
1533,10.432973805855143,9.540061633281956,112.95852661132812,1
1534,10.855932203389813,9.916024653312771,134.42349243164062,1
1535,11.325885978428332,10.10400616332818,154.18814086914062,1
1536,11.842835130970704,10.244992295839737,174.04794311523438,1
1537,12.21879815100152,10.151001540832032,9.03839111328125,1
1538,12.641756548536188,9.963020030816624,20.573766708374023,1
1539,13.017719568567005,9.728043143297365,33.033748626708984,1
1540,13.39368258859782,9.3990755007704,39.08274841308594,1
1541,13.816640986132487,8.976117103235731,47.071651458740234,1
1542,14.0986132511556,8.553158705701064,58.28055191040039,1
1543,14.33359013867486,8.083204930662545,66.38555908203125,1
1544,14.521571648690268,7.613251155624024,72.40628814697266,1
1545,14.662557781201825,7.0493066255778,75.26494598388672,1
1546,14.80354391371338,6.438366718027724,81.45577239990234,1
1547,14.944530046224935,5.827426810477648,86.22284698486328,1
1548,14.991525423728788,5.122496147919868,90.91668701171875,1
1549,14.897534668721084,4.558551617873644,99.03068542480469,1
1550,14.709553158705676,4.088597842835124,109.08888244628906,1
1551,14.474576271186416,3.618644067796604,114.38273620605469,1
1552,14.192604006163304,3.101694915254232,122.23657989501953,1
1553,13.86363636363634,2.631741140215712,129.70220947265625,1
1554,13.487673343605524,2.208782742681044,134.672607421875,1
1555,13.111710323574709,1.973805855161784,146.01202392578125,1
1556,12.735747303543892,1.87981510015408,162.5606689453125,1
1557,12.265793528505371,1.87981510015408,178.9942169189453,1
1558,11.795839753466852,1.973805855161784,11.020828247070312,1
1559,11.372881355932185,2.161787365177192,22.096574783325195,1
1560,11.090909090909072,2.490755007704156,37.059547424316406,1
1561,10.80893682588596,2.913713405238824,57.82183074951172,1
1562,10.620955315870551,3.336671802773492,71.62653350830078,1
1563,10.620955315870551,3.712634822804308,83.37718963623047,1
1564,10.714946070878256,4.041602465331272,96.27660369873047,1
1565,10.949922958397515,4.417565485362088,104.740478515625,1
1566,11.372881355932185,4.887519260400608,124.63333892822266,1
1567,11.842835130970704,5.16949152542372,141.5309295654297,1
1568,12.406779661016929,5.310477657935276,168.57069396972656,1
1569,12.9237288135593,5.263482280431424,10.633381843566895,1
1570,13.39368258859782,5.122496147919868,24.052291870117188,1
1571,13.86363636363634,4.840523882896756,43.22242736816406,1
1572,14.33359013867486,4.370570107858236,60.448707580566406,1
1573,14.56856702619412,3.900616332819716,76.12952423095703,1
1574,14.709553158705676,3.28967642526964,86.61572265625,1
1575,14.709553158705676,2.772727272727268,96.7865982055664,1
1576,14.709553158705676,2.443759630200304,111.62452697753906,1
1577,14.56856702619412,2.020801232665636,125.64006805419922,1
1578,14.239599383667155,1.738828967642524,146.93861389160156,1
1579,13.769645608628636,1.503852080123264,163.94638061523438,1
1580,13.346687211093968,1.315870570107856,170.3750762939453,1
1581,12.9237288135593,1.268875192604004,170.3185577392578,1
1582,12.45377503852078,1.221879815100152,174.3795623779297,1
1583,11.936825885978408,1.268875192604004,7.255191326141357,1
1584,11.466872110939889,1.456856702619412,19.979616165161133,1
1585,11.137904468412923,1.691833590138672,32.64216995239258,1
1586,10.855932203389813,2.067796610169488,55.586509704589844,1
1587,10.714946070878256,2.443759630200304,73.19314575195312,1
1588,10.714946070878256,2.913713405238824,84.9761962890625,1
1589,10.855932203389813,3.383667180277344,97.9425277709961,1
1590,11.090909090909072,3.806625577812012,109.0228500366211,1
1591,11.419876733436036,4.088597842835124,128.3388214111328,1
1592,11.936825885978408,4.370570107858236,148.78201293945312,1
1593,12.500770416024633,4.511556240369792,167.17453002929688,1
1594,12.970724191063152,4.46456086286594,5.199381351470947,1
1595,13.346687211093968,4.276579352850532,18.192413330078125,1
1596,13.910631741140191,3.947611710323568,37.18248748779297,1
1597,14.192604006163304,3.665639445300456,57.96039581298828,1
1598,14.56856702619412,3.1486902927580838,66.09196472167969,1
1599,14.897534668721084,2.58474576271186,73.3697738647461,1
1600,15.132511556240344,2.208782742681044,85.16780853271484,1
1601,15.179506933744197,2.255778120184896,82.98722076416016,1
1602,15.226502311248048,2.255778120184896,78.59893798828125,1
1603,15.367488443759603,2.161787365177192,74.22654724121094,1
1604,15.461479198767307,2.11479198767334,76.95768737792969,1
1605,15.50847457627116,2.161787365177192,72.64997863769531,1
1606,15.649460708782716,2.11479198767334,64.71745300292969,1
1607,16.025423728813532,1.926810477657932,59.942405700683594,1
1608,16.354391371340498,1.738828967642524,54.747093200683594,1
1609,16.63636363636361,1.64483821263482,49.46967315673828,1
1610,16.91833590138672,1.597842835130968,40.42928695678711,1
1611,17.294298921417536,1.456856702619412,37.64341354370117,1
1612,17.6232665639445,1.362865947611708,34.22123336791992,1
1613,17.999229583975318,1.221879815100152,23.13235092163086,1
1614,18.37519260400613,1.1748844375963,17.753437042236328,1
1615,18.7981510015408,1.033898305084744,13.011234283447266,1
1616,19.26810477657932,0.845916795069336,13.647929191589355,1
1617,19.73805855161784,0.845916795069336,179.50653076171875,1
1618,20.067026194144805,1.033898305084744,166.072021484375,1
1619,20.348998459167916,1.315870570107856,154.717529296875,1
1620,20.67796610169488,1.550847457627116,146.88308715820312,1
1621,21.006933744221843,1.785824345146376,142.76583862304688,1
1622,21.42989214175651,2.11479198767334,135.98329162597656,1
1623,21.946841294298885,2.396764252696452,141.720703125,1
1624,22.55778120184896,2.725731895223416,144.36471557617188,1
1625,23.121725731895182,2.960708782742676,147.56170654296875,1
1626,23.685670261941407,3.1486902927580838,159.16455078125,1
1627,24.296610169491483,3.28967642526964,162.61183166503906,1
1628,24.95454545454541,3.477657935285048,169.41348266601562,1
1629,25.61248073959934,3.571648690292752,175.46902465820312,1
1630,26.27041602465327,3.618644067796604,3.105679750442505,1
1631,26.975346687211047,3.5246533127889,7.893292427062988,1
1632,27.586286594761123,3.383667180277344,15.100808143615723,1
1633,27.91525423728809,3.195685670261936,32.176727294921875,1
1634,28.056240369799642,2.960708782742676,49.3461799621582,1
1635,28.24422187981505,2.490755007704156,65.21823120117188,1
1636,28.24422187981505,2.11479198767334,80.00785827636719,1
1637,28.1972265023112,2.161787365177192,88.97356414794922,1
1638,28.15023112480735,2.067796610169488,89.89836120605469,1
1639,27.96224961479194,2.11479198767334,100.74089050292969,1
1640,27.68027734976883,1.973805855161784,113.34374237060547,1
1641,27.25731895223416,1.738828967642524,121.12006378173828,1
1642,26.646379044684085,1.597842835130968,135.47607421875,1
1643,26.223420647149418,1.597842835130968,147.55902099609375,1
1644,25.565485362095487,1.456856702619412,164.64492797851562,1
1645,24.90755007704156,1.362865947611708,172.04176330566406,1
1646,24.20261941448378,1.362865947611708,174.9619140625,1
1647,23.450693374422148,1.40986132511556,2.5485785007476807,1
1648,22.79275808936822,1.503852080123264,11.875500679016113,1
1649,22.181818181818144,1.691833590138672,17.148305892944336,1
1650,21.66486902927577,1.973805855161784,27.030580520629883,1
1651,21.241910631741103,2.3497688751926,35.646427154541016,1
1652,20.91294298921414,2.678736517719564,41.65890884399414,1
1653,20.630970724191027,3.101694915254232,52.44158172607422,1
1654,20.395993836671767,3.571648690292752,63.255218505859375,1
1655,20.20801232665636,4.088597842835124,76.87098693847656,1
1656,20.114021571648657,4.6525423728813475,84.4587631225586,1
1657,20.067026194144805,5.263482280431424,88.66975402832031,1
1658,20.114021571648657,6.015408320493056,95.46630096435547,1
1659,20.114021571648657,6.673343605546984,93.10286712646484,1
1660,20.20801232665636,7.237288135593208,96.235107421875,1
1661,20.302003081664065,7.848228043143284,102.05652618408203,1
1662,20.489984591679473,8.45916795069336,102.54998779296875,1
1663,20.67796610169488,8.976117103235731,109.68014526367188,1
1664,20.91294298921414,9.446070878274252,115.20198059082031,1
1665,21.19491525423725,9.86902927580892,120.00554656982422,1
1666,21.61787365177192,10.291987673343588,123.50776672363281,1
1667,22.040832049306587,10.667950693374404,129.4812774658203,1
1668,22.463790446841255,10.949922958397515,138.8209686279297,1
1669,23.02773497688748,11.184899845916776,152.17483520507812,1
1670,23.638674884437556,11.325885978428332,170.33958435058594,1
1671,24.061633281972224,11.231895223420628,5.1859450340271,1
1672,24.62557781201845,10.996918335901368,23.294506072998047,1
1673,25.048536209553117,10.714946070878256,36.343753814697266,1
1674,25.424499229583933,10.291987673343588,52.6307258605957,1
1675,25.61248073959934,9.86902927580892,61.79345703125,1
1676,25.706471494607044,9.3990755007704,74.01158142089844,1
1677,25.753466872110895,8.882126348228027,86.27719116210938,1
1678,25.659476117103193,8.45916795069336,101.09408569335938,1
1679,25.424499229583933,7.98921417565484,111.80535888671875,1
1680,25.048536209553117,7.707241910631728,127.30049896240234,1
1681,24.578582434514598,7.51926040061632,143.47129821777344,1
1682,24.061633281972224,7.28428351309706,162.65139770507812,1
1683,23.497688751926,7.143297380585504,166.28817749023438,1
1684,22.886748844375923,7.096302003081652,2.041398286819458,1
1685,22.3228043143297,7.143297380585504,14.438937187194824,1
1686,21.85285053929118,7.331278890600912,28.118972778320312,1
1687,21.476887519260362,7.613251155624024,39.9000129699707,1
1688,21.1479198767334,7.9422187981509875,50.68455505371094,1
1689,20.724961479198733,8.412172573189508,58.04323196411133,1
1690,20.395993836671767,8.835130970724176,61.391204833984375,1
1691,20.114021571648657,9.352080123266548,68.34005737304688,1
1692,19.92604006163325,9.916024653312771,70.77915954589844,1
1693,19.832049306625542,10.385978428351292,81.82354736328125,1
1694,19.832049306625542,10.902927580893664,86.75118255615234,1
1695,19.879044684129397,11.466872110939889,93.5973892211914,1
1696,20.067026194144805,11.936825885978408,100.16194915771484,1
1697,20.348998459167916,12.359784283513076,113.59667205810547,1
1698,20.67796610169488,12.829738058551596,125.19510650634766,1
1699,21.053929121725695,13.205701078582411,134.28392028808594,1
1700,21.476887519260362,13.39368258859782,148.99185180664062,1
1701,21.993836671802736,13.487673343605524,160.97329711914062,1
1702,22.510785824345106,13.440677966101672,179.38409423828125,1
1703,23.02773497688748,13.299691833590115,13.011963844299316,1
1704,23.54468412942985,13.017719568567005,26.41276741027832,1
1705,23.873651771956816,12.735747303543892,43.989532470703125,1
1706,24.108628659476075,12.265793528505371,69.20061492919922,1
1707,24.20261941448378,11.842835130970704,85.4536361694336,1
1708,24.108628659476075,11.372881355932185,105.42440032958984,1
1709,23.873651771956816,10.949922958397515,126.12896728515625,1
1710,23.450693374422148,10.526964560862847,144.93502807617188,1
1711,22.933744221879778,10.291987673343588,156.38571166992188,1
1712,22.369799691833553,10.151001540832032,168.4539337158203,1
1713,21.85285053929118,10.197996918335884,177.50454711914062,1
1714,21.241910631741103,10.244992295839737,6.718087673187256,1
1715,20.771956856702584,10.479969183358996,24.092254638671875,1
1716,20.44298921417562,10.714946070878256,34.87503433227539,1
1717,20.114021571648657,11.04391371340522,39.9791145324707,1
1718,19.879044684129397,11.466872110939889,56.166290283203125,1
1719,19.644067796610138,11.936825885978408,67.78990936279297,1
1720,19.55007704160243,12.45377503852078,82.20889282226562,1
1721,19.55007704160243,12.970724191063152,88.02967071533203,1
1722,19.597072419106283,13.534668721109377,91.00719451904297,1
1723,19.78505392912169,14.051617873651749,100.01101684570312,1
1724,19.9730354391371,14.521571648690268,105.13286590576172,1
1725,20.302003081664065,14.944530046224935,116.71830749511719,1
1726,20.67796610169488,15.320493066255752,127.36624908447266,1
1727,21.10092449922955,15.602465331278864,143.9146728515625,1
1728,21.711864406779625,15.837442218798124,158.83106994628906,1
1729,22.228813559321996,15.884437596301975,169.2967071533203,1
1730,22.79275808936822,15.837442218798124,5.822483539581299,1
1731,23.168721109399037,15.602465331278864,20.300756454467773,1
1732,23.54468412942985,15.2734976887519,41.573036193847656,1
1733,24.061633281972224,14.850539291217231,57.454463958740234,1
1734,24.343605546995335,14.33359013867486,70.31549835205078,1
1735,24.48459167950689,13.86363636363634,89.35990142822266,1
1736,24.43759630200304,13.39368258859782,101.58021545410156,1
1737,24.249614791987632,12.829738058551596,113.09828186035156,1
1738,23.96764252696452,12.312788906009224,124.70040893554688,1
1739,23.638674884437556,11.842835130970704,130.36944580078125,1
1740,23.26271186440674,11.419876733436036,127.20704650878906,1
1741,22.83975346687207,11.090909090909072,134.10064697265625,1
1742,22.369799691833553,10.855932203389813,151.5179901123047,1
1743,21.89984591679503,10.761941448382109,165.2992401123047,1
1744,21.38289676425266,10.761941448382109,176.16859436035156,1
1745,20.818952234206435,10.714946070878256,178.20518493652344,1
1746,20.302003081664065,10.80893682588596,3.130974054336548,1
1747,19.69106317411399,10.949922958397515,12.551294326782227,1
1748,19.174114021571615,11.231895223420628,27.840782165527344,1
1749,18.7981510015408,11.51386748844374,42.61854934692383,1
1750,18.516178736517688,11.889830508474557,49.40687942504883,1
1751,18.37519260400613,12.359784283513076,63.2961311340332,1
1752,18.28120184899843,12.782742681047743,76.50623321533203,1
1753,18.234206471494577,13.299691833590115,81.94466400146484,1
1754,18.32819722650228,13.816640986132487,91.9289779663086,1
1755,18.422187981509985,14.33359013867486,94.44324493408203,1
1756,18.61016949152539,14.80354391371338,100.55691528320312,1
1757,18.986132511556207,15.320493066255752,111.66802978515625,1
1758,19.315100154083172,15.649460708782716,129.85684204101562,1
1759,19.78505392912169,15.884437596301975,143.84730529785156,1
1760,20.348998459167916,15.97842835130968,161.2313690185547,1
1761,20.865947611710286,15.97842835130968,177.90151977539062,1
1762,21.42989214175651,15.884437596301975,3.2915570735931396,1
1763,21.805855161787328,15.602465331278864,23.215463638305664,1
1764,22.181818181818144,15.226502311248048,47.04132080078125,1
1765,22.369799691833553,14.897534668721084,66.16641235351562,1
1766,22.463790446841255,14.474576271186416,77.10739135742188,1
1767,22.510785824345106,13.910631741140191,88.50233459472656,1
1768,22.3228043143297,13.440677966101672,101.72774505615234,1
1769,22.040832049306587,12.970724191063152,121.59779357910156,1
1770,21.61787365177192,12.500770416024633,132.83392333984375,1
1771,21.1479198767334,12.171802773497667,157.49716186523438,1
1772,20.67796610169488,12.077812018489963,167.15835571289062,1
1773,20.25500770416021,12.030816640986112,179.8514404296875,1
1774,19.832049306625542,12.21879815100152,12.096663475036621,1
1775,19.409090909090875,12.406779661016929,28.07485580444336,1
1776,18.939137134052356,12.68875192604004,40.35881805419922,1
1777,18.516178736517688,13.111710323574709,48.046363830566406,1
1778,18.09322033898302,13.581664098613228,50.43518829345703,1
1779,17.717257318952203,14.0986132511556,65.10758972167969,1
1780,17.576271186440646,14.474576271186416,71.43004608154297,1
1781,17.482280431432944,14.991525423728788,79.89283752441406,1
1782,17.435285053929093,15.602465331278864,87.90824890136719,1
1783,17.529275808936795,16.072419106317383,91.03755950927734,1
1784,17.6232665639445,16.542372881355902,95.46919250488281,1
1785,17.764252696456055,17.106317411402127,99.84485626220703,1
1786,17.999229583975318,17.717257318952203,106.29444122314453,1
1787,18.234206471494577,18.187211093990722,110.06458282470703,1
1788,18.56317411402154,18.56317411402154,117.4159164428711,1
1789,18.939137134052356,18.845146379044653,127.43402862548828,1
1790,19.409090909090875,19.080123266563913,142.08682250976562,1
1791,19.92604006163325,19.221109399075466,157.7923583984375,1
1792,20.44298921417562,19.221109399075466,170.35830688476562,1
1793,20.91294298921414,19.174114021571615,178.56248474121094,1
1794,21.42989214175651,18.986132511556207,17.03550910949707,1
1795,21.805855161787328,18.704160246533096,39.983646392822266,1
1796,22.181818181818144,18.28120184899843,51.16915512084961,1
1797,22.416795069337404,17.952234206471463,67.91844940185547,1
1798,22.55778120184896,17.435285053929093,76.31082153320312,1
1799,22.604776579352812,16.91833590138672,87.72737121582031,1
1800,22.510785824345106,16.354391371340498,90.9561767578125,1
1801,22.3228043143297,15.837442218798124,97.38921356201172,1
1802,22.134822804314293,15.414483821263456,113.97852325439453,1
1803,21.758859784283477,14.991525423728788,132.90855407714844,1
1804,21.38289676425266,14.756548536209529,153.11865234375,1
1805,20.91294298921414,14.662557781201825,176.59469604492188,1
1806,20.489984591679473,14.756548536209529,13.096081733703613,1
1807,20.20801232665636,14.991525423728788,31.568967819213867,1
1808,19.832049306625542,15.320493066255752,44.975215911865234,1
1809,19.55007704160243,15.74345146379042,57.33045196533203,1
1810,19.409090909090875,16.21340523882894,68.07532501220703,1
1811,19.362095531587023,16.589368258859757,83.30261993408203,1
1812,19.45608628659473,17.15331278890598,95.70393371582031,1
1813,19.69106317411399,17.6232665639445,106.78568267822266,1
1814,20.02003081664095,17.999229583975318,120.94535064697266,1
1815,20.395993836671767,18.28120184899843,140.36305236816406,1
1816,20.865947611710286,18.422187981509985,149.0695343017578,1
1817,21.38289676425266,18.469183359013837,163.7377166748047,1
1818,21.946841294298885,18.469183359013837,179.94247436523438,1
1819,22.416795069337404,18.32819722650228,9.214008331298828,1
1820,22.98073959938363,17.999229583975318,28.929759979248047,1
1821,23.30970724191059,17.717257318952203,47.205204010009766,1
1822,23.591679506933705,17.247303543913684,68.09809875488281,1
1823,23.685670261941407,16.63636363636361,83.43093872070312,1
1824,23.685670261941407,16.21340523882894,94.34149169921875,1
1825,23.591679506933705,15.74345146379042,101.09727478027344,1
1826,23.356702619414445,15.2734976887519,114.50533294677734,1
1827,23.02773497688748,14.897534668721084,124.41847229003906,1
1828,22.55778120184896,14.521571648690268,142.4480438232422,1
1829,22.040832049306587,14.286594761171008,156.42515563964844,1
1830,21.523882896764217,14.0986132511556,168.2041778564453,1
1831,21.053929121725695,13.957627118644044,172.02029418945312,1
1832,20.489984591679473,13.86363636363634,171.4716339111328,1
1833,19.92604006163325,13.816640986132487,170.38589477539062,1
1834,19.45608628659473,13.86363636363634,2.0207300186157227,1
1835,19.03312788906006,14.051617873651749,18.56598472595215,1
1836,18.61016949152539,14.286594761171008,36.75752639770508,1
1837,18.14021571648687,14.615562403697972,43.601173400878906,1
1838,17.764252696456055,14.991525423728788,51.69472885131836,1
1839,17.435285053929093,15.367488443759603,59.52144241333008,1
1840,17.15331278890598,15.837442218798124,62.633201599121094,1
1841,17.012326656394425,16.307395993836643,65.04554748535156,1
1842,16.91833590138672,16.91833590138672,71.66564178466797,1
1843,16.824345146379017,17.38828967642524,81.81597900390625,1
1844,16.91833590138672,17.85824345146376,91.66300201416016,1
1845,17.15331278890598,18.32819722650228,100.87989044189453,1
1846,17.435285053929093,18.657164869029245,115.74678039550781,1
1847,17.81124807395991,19.03312788906006,127.5317153930664,1
1848,18.32819722650228,19.315100154083172,143.92881774902344,1
1849,18.939137134052356,19.45608628659473,157.73062133789062,1
1850,19.50308166409858,19.45608628659473,1.7174423933029175,1
1851,19.9730354391371,19.315100154083172,18.134626388549805,1
1852,20.302003081664065,19.080123266563913,34.3106575012207,1
1853,20.630970724191027,18.704160246533096,52.60651397705078,1
1854,20.91294298921414,18.234206471494577,63.756771087646484,1
1855,21.10092449922955,17.6232665639445,80.1086196899414,1
1856,21.1479198767334,17.059322033898276,85.0611801147461,1
1857,21.19491525423725,16.40138674884435,86.12893676757812,1
1858,21.1479198767334,15.790446841294273,94.22087860107422,1
1859,21.053929121725695,15.085516178736492,101.20037078857422,1
1860,20.818952234206435,14.56856702619412,106.57012176513672,1
1861,20.536979969183324,14.145608628659453,121.28852844238281,1
1862,20.114021571648657,13.722650231124783,127.94536590576172,1
1863,19.69106317411399,13.534668721109377,150.41468811035156,1
1864,19.127118644067764,13.39368258859782,170.64883422851562,1
1865,18.657164869029245,13.39368258859782,7.223334312438965,1
1866,18.234206471494577,13.534668721109377,23.493797302246094,1
1867,17.85824345146376,13.769645608628636,45.75642395019531,1
1868,17.576271186440646,14.0986132511556,59.00227737426758,1
1869,17.435285053929093,14.474576271186416,70.46414947509766,1
1870,17.341294298921387,14.944530046224935,81.80107879638672,1
1871,17.341294298921387,15.461479198767307,83.63028717041016,1
1872,17.38828967642524,16.072419106317383,88.52386474609375,1
1873,17.529275808936795,16.49537750385205,96.79832458496094,1
1874,17.764252696456055,16.96533127889057,107.17268371582031,1
1875,18.09322033898302,17.435285053929093,120.13253021240234,1
1876,18.56317411402154,17.81124807395991,134.56532287597656,1
1877,19.03312788906006,17.999229583975318,158.83197021484375,1
1878,19.597072419106283,18.234206471494577,176.28001403808594,1
1879,20.161016949152508,18.28120184899843,179.86314392089844,1
1880,20.771956856702584,18.32819722650228,177.52285766601562,1
1881,21.38289676425266,18.28120184899843,2.381770133972168,1
1882,21.946841294298885,18.187211093990722,4.671716690063477,1
1883,22.463790446841255,17.999229583975318,15.34695053100586,1
1884,22.933744221879778,17.717257318952203,24.978515625,1
1885,23.356702619414445,17.341294298921387,36.34267807006836,1
1886,23.779661016949113,16.91833590138672,51.654300689697266,1
1887,23.96764252696452,16.4483821263482,65.10954284667969,1
1888,24.061633281972224,15.931432973805828,82.83541870117188,1
1889,24.014637904468373,15.414483821263456,92.14218139648438,1
1890,23.826656394452964,14.944530046224935,109.07585144042969,1
1891,23.591679506933705,14.521571648690268,118.59355163574219,1
1892,23.26271186440674,14.145608628659453,133.33656311035156,1
1893,22.83975346687207,13.769645608628636,144.1773681640625,1
1894,22.369799691833553,13.440677966101672,152.74517822265625,1
1895,21.758859784283477,13.205701078582411,165.12762451171875,1
1896,21.1479198767334,13.017719568567005,172.9165496826172,1
1897,20.630970724191027,13.064714946070856,0.31179770827293396,1
1898,20.20801232665636,13.205701078582411,21.499713897705078,1
1899,19.73805855161784,13.487673343605524,37.827884674072266,1
1900,19.409090909090875,13.769645608628636,48.60148239135742,1
1901,19.174114021571615,14.145608628659453,57.351707458496094,1
1902,19.03312788906006,14.56856702619412,76.1251220703125,1
1903,18.892141756548504,15.03852080123264,83.97462463378906,1
1904,18.986132511556207,15.50847457627116,92.52702331542969,1
1905,19.127118644067764,15.97842835130968,98.57617950439453,1
1906,19.362095531587023,16.4483821263482,106.14773559570312,1
1907,19.69106317411399,16.777349768875165,115.36471557617188,1
1908,20.114021571648657,17.106317411402127,133.88243103027344,1
1909,20.67796610169488,17.38828967642524,140.5300750732422,1
1910,21.241910631741103,17.6232665639445,155.96839904785156,1
1911,21.758859784283477,17.576271186440646,178.12274169921875,1
1912,22.228813559321996,17.435285053929093,23.562868118286133,1
1913,22.698767334360515,17.15331278890598,42.087127685546875,1
1914,23.121725731895182,16.777349768875165,55.457244873046875,1
1915,23.403697996918297,16.354391371340498,73.18267059326172,1
1916,23.497688751926,15.884437596301975,86.16819763183594,1
1917,23.450693374422148,15.320493066255752,93.13128662109375,1
1918,23.356702619414445,14.850539291217231,99.85862731933594,1
1919,23.168721109399037,14.427580893682563,110.7185287475586,1
1920,22.79275808936822,14.0986132511556,121.89633178710938,1
1921,22.369799691833553,13.816640986132487,145.45774841308594,1
1922,21.805855161787328,13.581664098613228,157.95420837402344,1
1923,21.241910631741103,13.440677966101672,161.58023071289062,1
1924,20.583975346687176,13.346687211093968,178.3159942626953,1
1925,19.9730354391371,13.39368258859782,6.443153381347656,1
1926,19.409090909090875,13.534668721109377,16.593135833740234,1
1927,18.892141756548504,13.722650231124783,22.90365982055664,1
1928,18.37519260400613,13.910631741140191,29.097293853759766,1
1929,17.90523882896761,14.192604006163304,38.716651916503906,1
1930,17.482280431432944,14.615562403697972,40.821632385253906,1
1931,17.341294298921387,14.944530046224935,60.26054382324219,1
1932,17.294298921417536,15.320493066255752,72.59392547607422,1
1933,17.294298921417536,15.696456086286569,79.80422973632812,1
1934,17.38828967642524,16.16640986132509,90.65705871582031,1
1935,17.482280431432944,16.68335901386746,91.6448745727539,1
1936,17.576271186440646,17.200308166409833,92.32177734375,1
1937,17.717257318952203,17.717257318952203,92.20721435546875,1
1938,17.90523882896761,18.187211093990722,96.11802673339844,1
1939,18.187211093990722,18.657164869029245,109.04917907714844,1
1940,18.516178736517688,19.080123266563913,115.25868225097656,1
1941,18.939137134052356,19.409090909090875,122.99223327636719,1
1942,19.362095531587023,19.644067796610138,133.34304809570312,1
1943,19.92604006163325,19.879044684129397,147.01022338867188,1
1944,20.395993836671767,19.832049306625542,171.04583740234375,1
1945,20.865947611710286,19.78505392912169,4.5384087562561035,1
1946,21.476887519260362,19.597072419106283,22.53537368774414,1
1947,21.89984591679503,19.315100154083172,44.67829895019531,1
1948,22.228813559321996,18.892141756548504,60.082698822021484,1
1949,22.55778120184896,18.422187981509985,73.68767547607422,1
1950,22.74576271186437,17.90523882896761,84.28809356689453,1
1951,22.74576271186437,17.38828967642524,97.93896484375,1
1952,22.651771956856663,16.824345146379017,104.39938354492188,1
1953,22.416795069337404,16.26040061633279,121.08782958984375,1
1954,22.08782742681044,15.74345146379042,124.66449737548828,1
1955,21.66486902927577,15.226502311248048,136.75680541992188,1
1956,21.1479198767334,14.756548536209529,145.04920959472656,1
1957,20.583975346687176,14.474576271186416,159.2418975830078,1
1958,20.067026194144805,14.286594761171008,170.76425170898438,1
1959,19.597072419106283,14.286594761171008,2.246885061264038,1
1960,19.174114021571615,14.427580893682563,9.348756790161133,1
1961,18.704160246533096,14.662557781201825,27.7155704498291,1
1962,18.37519260400613,14.897534668721084,34.172019958496094,1
1963,18.09322033898302,15.226502311248048,45.0739860534668,1
1964,17.85824345146376,15.649460708782716,59.054141998291016,1
1965,17.670261941448352,16.119414483821235,76.68260192871094,1
1966,17.670261941448352,16.542372881355902,88.63410186767578,1
1967,17.764252696456055,17.012326656394425,96.62902069091797,1
1968,17.952234206471463,17.435285053929093,104.13373565673828,1
1969,18.234206471494577,17.90523882896761,115.27803039550781,1
1970,18.704160246533096,18.32819722650228,133.38427734375,1
1971,19.174114021571615,18.61016949152539,146.35626220703125,1
1972,19.597072419106283,18.657164869029245,172.0690155029297,1
1973,20.02003081664095,18.56317411402154,12.785529136657715,1
1974,20.583975346687176,18.28120184899843,32.9516487121582,1
1975,20.959938366717992,17.999229583975318,48.928001403808594,1
1976,21.288906009244958,17.529275808936795,69.26769256591797,1
1977,21.42989214175651,17.012326656394425,86.33235931396484,1
1978,21.42989214175651,16.49537750385205,96.53402709960938,1
1979,21.241910631741103,16.025423728813532,108.74739074707031,1
1980,20.959938366717992,15.602465331278864,124.96770477294922,1
1981,20.536979969183324,15.226502311248048,137.8406982421875,1
1982,20.20801232665636,15.132511556240344,155.59689331054688,1
1983,19.78505392912169,15.085516178736492,169.22731018066406,1
1984,19.26810477657932,15.179506933744197,3.6352245807647705,1
1985,18.939137134052356,15.320493066255752,27.964757919311523,1
1986,18.516178736517688,15.649460708782716,43.47702407836914,1
1987,18.28120184899843,15.884437596301975,58.88216781616211,1
1988,17.999229583975318,16.40138674884435,76.54048156738281,1
1989,17.85824345146376,16.91833590138672,88.9746322631836,1
1990,17.952234206471463,17.435285053929093,99.69910430908203,1
1991,18.234206471494577,17.81124807395991,109.3713150024414,1
1992,18.61016949152539,18.14021571648687,135.63461303710938,1
1993,19.03312788906006,18.28120184899843,152.56663513183594,1
1994,19.55007704160243,18.32819722650228,1.4466761350631714,1
1995,20.02003081664095,18.14021571648687,14.711769104003906,1
1996,20.395993836671767,17.90523882896761,41.927520751953125,1
1997,20.771956856702584,17.576271186440646,57.80011749267578,1
1998,20.959938366717992,17.106317411402127,68.90542602539062,1
1999,21.053929121725695,16.49537750385205,81.99698638916016,1
2000,21.006933744221843,15.97842835130968,91.9996566772461,1
2001,20.865947611710286,15.461479198767307,103.26092529296875,1
2002,20.630970724191027,15.03852080123264,115.40142059326172,1
2003,20.302003081664065,14.56856702619412,127.30801391601562,1
2004,19.9730354391371,14.192604006163304,136.58355712890625,1
2005,19.597072419106283,13.957627118644044,154.5010986328125,1
2006,19.127118644067764,13.86363636363634,167.47178649902344,1
2007,18.657164869029245,13.816640986132487,1.566281795501709,1
2008,18.234206471494577,13.910631741140191,12.79550552368164,1
2009,17.764252696456055,14.145608628659453,32.344383239746094,1
2010,17.482280431432944,14.474576271186416,41.99241256713867,1
2011,17.247303543913684,14.80354391371338,55.984073638916016,1
2012,17.106317411402127,15.226502311248048,71.29478454589844,1
2013,17.059322033898276,15.555469953775011,81.38206481933594,1
2014,17.059322033898276,16.119414483821235,88.75169372558594,1
2015,17.15331278890598,16.68335901386746,94.98245239257812,1
2016,17.341294298921387,17.247303543913684,106.61598205566406,1
2017,17.670261941448352,17.717257318952203,117.04320526123047,1
2018,18.04622496147917,18.04622496147917,135.37591552734375,1
2019,18.516178736517688,18.187211093990722,150.84854125976562,1
2020,19.03312788906006,18.187211093990722,175.92799377441406,1
2021,19.45608628659473,17.952234206471463,18.953197479248047,1
2022,19.879044684129397,17.6232665639445,50.939876556396484,1
2023,20.161016949152508,17.200308166409833,65.72905731201172,1
2024,20.395993836671767,16.73035439137131,73.45952606201172,1
2025,20.583975346687176,16.119414483821235,80.37603759765625,1
2026,20.67796610169488,15.461479198767307,87.05123901367188,1
2027,20.630970724191027,14.850539291217231,97.01860809326172,1
2028,20.44298921417562,14.286594761171008,110.50675964355469,1
2029,20.114021571648657,13.86363636363634,124.05702209472656,1
2030,19.73805855161784,13.534668721109377,138.54295349121094,1
2031,19.26810477657932,13.299691833590115,148.33462524414062,1
2032,18.7981510015408,13.15870570107856,166.10809326171875,1
2033,18.28120184899843,13.064714946070856,0.39149728417396545,1
2034,17.717257318952203,13.064714946070856,0.9603768587112427,1
2035,17.059322033898276,13.064714946070856,11.039073944091797,1
2036,16.354391371340498,13.111710323574709,16.74877166748047,1
2037,15.74345146379042,13.252696456086264,24.233776092529297,1
2038,15.2734976887519,13.487673343605524,28.487905502319336,1
2039,15.03852080123264,13.769645608628636,43.84371566772461,1
2040,14.756548536209529,14.192604006163304,55.13965606689453,1
2041,14.56856702619412,14.615562403697972,62.46031951904297,1
2042,14.427580893682563,15.03852080123264,69.7857437133789,1
2043,14.33359013867486,15.367488443759603,75.70576477050781,1
2044,14.239599383667155,16.025423728813532,80.34783935546875,1
2045,14.192604006163304,16.542372881355902,84.48648834228516,1
2046,14.286594761171008,17.059322033898276,93.2277603149414,1
2047,14.474576271186416,17.576271186440646,96.4607162475586,1
2048,14.709553158705676,17.999229583975318,109.20330047607422,1
2049,15.03852080123264,18.32819722650228,118.8302001953125,1
2050,15.50847457627116,18.56317411402154,132.490478515625,1
2051,16.072419106317383,18.751155624036947,150.0734405517578,1
2052,16.68335901386746,18.845146379044653,171.97950744628906,1
2053,17.247303543913684,18.845146379044653,8.00200080871582,1
2054,17.764252696456055,18.751155624036947,14.843939781188965,1
2055,18.32819722650228,18.516178736517688,22.091197967529297,1
2056,18.986132511556207,18.234206471494577,29.112077713012695,1
2057,19.315100154083172,17.952234206471463,40.6536750793457,1
2058,19.644067796610138,17.529275808936795,57.626399993896484,1
2059,19.879044684129397,16.96533127889057,68.84569549560547,1
2060,19.92604006163325,16.542372881355902,86.8032455444336,1
2061,19.92604006163325,15.931432973805828,96.4114761352539,1
2062,19.78505392912169,15.414483821263456,113.79378509521484,1
2063,19.50308166409858,14.850539291217231,133.89114379882812,1
2064,19.174114021571615,14.474576271186416,150.72555541992188,1
2065,18.7981510015408,14.239599383667155,161.19741821289062,1
2066,18.37519260400613,14.0986132511556,171.71080017089844,1
2067,17.85824345146376,14.004622496147896,174.39671325683594,1
2068,17.38828967642524,14.051617873651749,0.6561421155929565,1
2069,16.91833590138672,14.145608628659453,9.450759887695312,1
2070,16.49537750385205,14.33359013867486,22.45033836364746,1
2071,16.072419106317383,14.662557781201825,35.253177642822266,1
2072,15.790446841294273,14.991525423728788,47.05977249145508,1
2073,15.414483821263456,15.367488443759603,54.23358154296875,1
2074,15.320493066255752,15.696456086286569,65.5011215209961,1
2075,15.2734976887519,16.119414483821235,79.82107543945312,1
2076,15.414483821263456,16.589368258859757,93.59603881835938,1
2077,15.555469953775011,16.871340523882868,106.48186492919922,1
2078,15.837442218798124,17.294298921417536,119.76311492919922,1
2079,16.21340523882894,17.717257318952203,132.56838989257812,1
2080,16.63636363636361,18.04622496147917,142.24526977539062,1
2081,17.200308166409833,18.234206471494577,156.98501586914062,1
2082,17.764252696456055,18.32819722650228,169.0540008544922,1
2083,18.422187981509985,18.37519260400613,178.50433349609375,1
2084,18.986132511556207,18.32819722650228,11.58207893371582,1
2085,19.597072419106283,18.187211093990722,16.73065757751465,1
2086,20.161016949152508,17.999229583975318,14.172430038452148,1
2087,20.630970724191027,17.764252696456055,28.476009368896484,1
2088,20.91294298921414,17.38828967642524,42.52264404296875,1
2089,21.1479198767334,16.96533127889057,58.206302642822266,1
2090,21.241910631741103,16.49537750385205,71.70695495605469,1
2091,21.288906009244958,15.931432973805828,80.98452758789062,1
2092,21.288906009244958,15.414483821263456,91.9144058227539,1
2093,21.1479198767334,14.944530046224935,100.76704406738281,1
2094,20.865947611710286,14.521571648690268,109.20848083496094,1
2095,20.44298921417562,14.192604006163304,127.91476440429688,1
2096,20.114021571648657,13.957627118644044,147.48587036132812,1
2097,19.597072419106283,13.816640986132487,167.721923828125,1
2098,19.080123266563913,13.769645608628636,177.609130859375,1
2099,18.56317411402154,13.86363636363634,6.35453987121582,1
2100,18.09322033898302,14.004622496147896,19.531959533691406,1
2101,17.717257318952203,14.239599383667155,31.863298416137695,1
2102,17.294298921417536,14.56856702619412,45.752357482910156,1
2103,17.012326656394425,14.850539291217231,50.42198944091797,1
2104,16.824345146379017,15.226502311248048,65.24900817871094,1
2105,16.589368258859757,15.790446841294273,65.10572052001953,1
2106,16.542372881355902,16.21340523882894,81.10580444335938,1
2107,16.589368258859757,16.68335901386746,96.90367126464844,1
2108,16.777349768875165,17.15331278890598,114.99766540527344,1
2109,17.059322033898276,17.482280431432944,136.33261108398438,1
2110,17.6232665639445,17.717257318952203,158.66769409179688,1
2111,18.14021571648687,17.764252696456055,175.8287811279297,1
2112,18.56317411402154,17.670261941448352,15.409316062927246,1
2113,18.939137134052356,17.435285053929093,36.01438522338867,1
2114,19.221109399075466,17.059322033898276,52.069786071777344,1
2115,19.409090909090875,16.589368258859757,65.26570129394531,1
2116,19.50308166409858,15.97842835130968,88.76716613769531,1
2117,19.409090909090875,15.461479198767307,100.78327178955078,1
2118,19.174114021571615,14.897534668721084,118.12493133544922,1
2119,18.7981510015408,14.521571648690268,142.4938201904297,1
2120,18.469183359013837,14.33359013867486,165.63478088378906,1
2121,18.04622496147917,14.33359013867486,4.9765729904174805,1
2122,17.6232665639445,14.33359013867486,20.62287139892578,1
2123,17.15331278890598,14.474576271186416,26.358261108398438,1
2124,16.777349768875165,14.662557781201825,29.412137985229492,1
2125,16.49537750385205,14.944530046224935,33.42469024658203,1
2126,16.26040061633279,15.2734976887519,46.96369934082031,1
2127,16.072419106317383,15.696456086286569,63.80678176879883,1
2128,16.072419106317383,16.16640986132509,83.30162811279297,1
2129,16.119414483821235,16.68335901386746,96.71873474121094,1
2130,16.307395993836643,17.106317411402127,103.93226623535156,1
2131,16.589368258859757,17.6232665639445,118.11000061035156,1
2132,16.96533127889057,18.09322033898302,130.26193237304688,1
2133,17.341294298921387,18.37519260400613,136.33792114257812,1
2134,17.81124807395991,18.56317411402154,151.87710571289062,1
2135,18.37519260400613,18.704160246533096,164.4778594970703,1
2136,19.03312788906006,18.751155624036947,2.686540365219116,1
2137,19.597072419106283,18.657164869029245,8.363654136657715,1
2138,19.9730354391371,18.422187981509985,26.111013412475586,1
2139,20.25500770416021,18.09322033898302,48.90397262573242,1
2140,20.44298921417562,17.6232665639445,65.77162170410156,1
2141,20.489984591679473,17.200308166409833,82.73011016845703,1
2142,20.44298921417562,16.542372881355902,98.64070892333984,1
2143,20.348998459167916,15.931432973805828,107.9918212890625,1
2144,20.114021571648657,15.320493066255752,120.35389709472656,1
2145,19.78505392912169,14.80354391371338,125.60896301269531,1
2146,19.409090909090875,14.33359013867486,124.32550048828125,1
2147,19.03312788906006,13.910631741140191,135.00869750976562,1
2148,18.657164869029245,13.62865947611708,138.53863525390625,1
2149,18.234206471494577,13.440677966101672,150.19239807128906,1
2150,17.764252696456055,13.39368258859782,164.30641174316406,1
2151,17.341294298921387,13.39368258859782,175.42623901367188,1
2152,16.91833590138672,13.534668721109377,10.938154220581055,1
2153,16.4483821263482,13.769645608628636,17.946916580200195,1
2154,16.025423728813532,14.004622496147896,23.790992736816406,1
2155,15.602465331278864,14.33359013867486,37.036109924316406,1
2156,15.226502311248048,14.709553158705676,47.05562210083008,1
2157,15.03852080123264,15.03852080123264,57.0469856262207,1
2158,14.850539291217231,15.461479198767307,71.40013122558594,1
2159,14.80354391371338,15.884437596301975,79.29283905029297,1
2160,14.80354391371338,16.354391371340498,84.15283203125,1
2161,14.897534668721084,16.824345146379017,93.70748138427734,1
2162,15.132511556240344,17.247303543913684,105.26338958740234,1
2163,15.414483821263456,17.576271186440646,119.4743423461914,1
2164,15.837442218798124,17.85824345146376,135.60076904296875,1
2165,16.354391371340498,18.04622496147917,144.15145874023438,1
2166,16.871340523882868,18.187211093990722,161.78977966308594,1
2167,17.435285053929093,18.187211093990722,178.2696075439453,1
2168,17.952234206471463,18.09322033898302,1.7386606931686401,1
2169,18.56317411402154,18.04622496147917,13.479575157165527,1
2170,19.080123266563913,17.85824345146376,19.258642196655273,1
2171,19.409090909090875,17.670261941448352,34.06239318847656,1
2172,19.73805855161784,17.341294298921387,51.86067199707031,1
2173,19.92604006163325,16.91833590138672,62.83378219604492,1
2174,20.067026194144805,16.354391371340498,76.22459411621094,1
2175,19.9730354391371,15.790446841294273,89.75629425048828,1
2176,19.832049306625542,15.367488443759603,101.77993774414062,1
2177,19.597072419106283,14.80354391371338,112.84017181396484,1
2178,19.315100154083172,14.239599383667155,121.21954345703125,1
2179,18.986132511556207,13.86363636363634,134.822509765625,1
2180,18.56317411402154,13.62865947611708,156.87998962402344,1
2181,18.14021571648687,13.581664098613228,169.2657470703125,1
2182,17.717257318952203,13.62865947611708,8.039772987365723,1
2183,17.294298921417536,13.722650231124783,14.360074043273926,1
2184,16.871340523882868,13.957627118644044,29.472620010375977,1
2185,16.542372881355902,14.239599383667155,38.96392059326172,1
2186,16.26040061633279,14.56856702619412,51.225711822509766,1
2187,16.119414483821235,14.991525423728788,59.57078170776367,1
2188,16.119414483821235,15.367488443759603,76.71837615966797,1
2189,16.119414483821235,15.931432973805828,83.0963134765625,1
2190,16.16640986132509,16.307395993836643,91.40564727783203,1
2191,16.307395993836643,16.824345146379017,97.63247680664062,1
2192,16.589368258859757,17.247303543913684,111.00973510742188,1
2193,16.96533127889057,17.6232665639445,128.2753143310547,1
2194,17.38828967642524,17.85824345146376,140.87831115722656,1
2195,17.85824345146376,18.04622496147917,147.73854064941406,1
2196,18.516178736517688,18.187211093990722,168.8102569580078,1
2197,18.939137134052356,18.09322033898302,4.5114874839782715,1
2198,19.409090909090875,17.85824345146376,16.68781089782715,1
2199,19.879044684129397,17.6232665639445,36.532955169677734,1
2200,20.25500770416021,17.247303543913684,55.66563034057617,1
2201,20.44298921417562,16.73035439137131,68.02371978759766,1
2202,20.489984591679473,16.26040061633279,86.06730651855469,1
2203,20.44298921417562,15.74345146379042,97.19001770019531,1
2204,20.25500770416021,15.320493066255752,110.22575378417969,1
2205,20.02003081664095,14.850539291217231,121.41264343261719,1
2206,19.69106317411399,14.427580893682563,134.3072052001953,1
2207,19.221109399075466,14.0986132511556,149.3704833984375,1
2208,18.704160246533096,13.910631741140191,167.80459594726562,1
2209,18.28120184899843,13.86363636363634,2.031515121459961,1
2210,17.85824345146376,13.957627118644044,13.45599365234375,1
2211,17.435285053929093,14.192604006163304,27.531343460083008,1
2212,17.059322033898276,14.380585516178712,35.996089935302734,1
2213,16.73035439137131,14.709553158705676,45.765525817871094,1
2214,16.49537750385205,15.03852080123264,51.67750549316406,1
2215,16.354391371340498,15.414483821263456,62.471858978271484,1
2216,16.21340523882894,15.931432973805828,75.45690155029297,1
2217,16.16640986132509,16.354391371340498,81.59497833251953,1
2218,16.21340523882894,16.871340523882868,90.03656768798828,1
2219,16.354391371340498,17.247303543913684,99.75729370117188,1
2220,16.68335901386746,17.85824345146376,110.72762298583984,1
2221,17.059322033898276,18.422187981509985,116.53986358642578,1
2222,17.38828967642524,18.986132511556207,123.13623046875,1
2223,17.81124807395991,19.45608628659473,127.20467376708984,1
2224,18.234206471494577,19.832049306625542,128.99069213867188,1
2225,18.704160246533096,20.114021571648657,135.00039672851562,1
2226,19.174114021571615,20.161016949152508,158.845703125,1
2227,19.73805855161784,20.114021571648657,175.4684600830078,1
2228,20.302003081664065,19.9730354391371,11.59957218170166,1
2229,20.771956856702584,19.73805855161784,34.386226654052734,1
2230,21.288906009244958,19.362095531587023,48.07801818847656,1
2231,21.66486902927577,18.939137134052356,56.85141372680664,1
2232,21.89984591679503,18.516178736517688,73.97976684570312,1
2233,21.946841294298885,18.04622496147917,85.74625396728516,1
2234,21.946841294298885,17.435285053929093,96.85472869873047,1
2235,21.805855161787328,16.871340523882868,106.92538452148438,1
2236,21.61787365177192,16.354391371340498,113.636474609375,1
2237,21.288906009244958,15.97842835130968,129.66058349609375,1
2238,20.959938366717992,15.74345146379042,144.76626586914062,1
2239,20.536979969183324,15.649460708782716,167.22494506835938,1
2240,20.114021571648657,15.74345146379042,179.49696350097656,1
2241,19.78505392912169,15.884437596301975,20.0324649810791,1
2242,19.45608628659473,16.119414483821235,35.16777038574219,1
2243,19.174114021571615,16.49537750385205,52.33012771606445,1
2244,18.986132511556207,16.871340523882868,70.07791137695312,1
2245,18.892141756548504,17.294298921417536,80.01509857177734,1
2246,18.845146379044653,17.81124807395991,92.18904876708984,1
2247,19.03312788906006,18.37519260400613,100.7582015991211,1
2248,19.26810477657932,18.939137134052356,112.23992919921875,1
2249,19.644067796610138,19.362095531587023,124.13346099853516,1
2250,20.067026194144805,19.832049306625542,141.71510314941406,1
2251,20.630970724191027,20.114021571648657,152.06918334960938,1
2252,21.1479198767334,20.20801232665636,166.2967987060547,1
2253,21.66486902927577,20.161016949152508,4.749824523925781,1
2254,21.993836671802736,20.02003081664095,22.72432518005371,1
2255,22.55778120184896,19.69106317411399,39.265464782714844,1
2256,22.98073959938363,19.362095531587023,49.99910354614258,1
2257,23.356702619414445,18.845146379044653,55.802059173583984,1
2258,23.638674884437556,18.32819722650228,70.34817504882812,1
2259,23.73266563944526,17.717257318952203,86.26884460449219,1
2260,23.779661016949113,17.15331278890598,92.47554016113281,1
2261,23.779661016949113,16.589368258859757,107.36744689941406,1
2262,23.591679506933705,16.025423728813532,122.42321014404297,1
2263,23.30970724191059,15.649460708782716,131.83871459960938,1
2264,22.933744221879778,15.414483821263456,146.4744415283203,1
2265,22.463790446841255,15.226502311248048,158.21066284179688,1
2266,21.993836671802736,15.132511556240344,176.04322814941406,1
2267,21.61787365177192,15.132511556240344,6.25205135345459,1
2268,21.1479198767334,15.226502311248048,16.240365982055664,1
2269,20.771956856702584,15.414483821263456,29.505613327026367,1
2270,20.44298921417562,15.696456086286569,38.69572067260742,1
2271,20.114021571648657,16.119414483821235,55.652503967285156,1
2272,20.067026194144805,16.49537750385205,75.11079406738281,1
2273,20.067026194144805,16.91833590138672,86.86820220947266,1
2274,20.20801232665636,17.529275808936795,95.76050567626953,1
2275,20.395993836671767,18.04622496147917,104.41743469238281,1
2276,20.724961479198733,18.469183359013837,115.69774627685547,1
2277,21.19491525423725,18.892141756548504,132.69508361816406,1
2278,21.66486902927577,19.127118644067764,145.60354614257812,1
2279,22.181818181818144,19.362095531587023,166.52169799804688,1
2280,22.79275808936822,19.409090909090875,178.6157989501953,1
2281,23.26271186440674,19.315100154083172,8.115445137023926,1
2282,23.638674884437556,19.080123266563913,24.907939910888672,1
2283,23.920647149460667,18.7981510015408,47.96942138671875,1
2284,24.155624036979926,18.32819722650228,66.12797546386719,1
2285,24.39060092449919,17.81124807395991,77.0040512084961,1
2286,24.43759630200304,17.247303543913684,85.3291244506836,1
2287,24.39060092449919,16.777349768875165,92.207763671875,1
2288,24.249614791987632,16.26040061633279,101.94416046142578,1
2289,24.014637904468373,15.74345146379042,114.55957794189453,1
2290,23.685670261941407,15.367488443759603,129.05401611328125,1
2291,23.26271186440674,15.03852080123264,143.59339904785156,1
2292,22.79275808936822,14.756548536209529,157.3335418701172,1
