frame,x_cm,y_cm,theta,detected
300,,,,0
301,,,,0
302,,,,0
303,,,,0
304,,,,0
305,15.544212218649514,10.787781350482312,12.868987083435059,1
306,15.495176848874594,10.297427652733116,10.603414535522461,1
307,15.88745980707395,9.463826366559484,51.322391510009766,1
308,15.642282958199353,9.365755627009644,38.1852912902832,1
309,15.789389067524112,8.58118971061093,62.10860061645508,1
310,15.691318327974273,8.63022508038585,79.54916381835938,1
311,15.593247588424434,8.286977491961412,85.94500732421875,1
312,15.691318327974273,8.483118971061092,86.24269104003906,1
313,15.004823151125398,5.786173633440513,75.68172454833984,1
314,14.906752411575559,5.491961414790995,80.28966522216797,1
315,14.80868167202572,4.854501607717041,76.18936920166016,1
316,14.416398713826363,4.560289389067523,90.93162536621094,1
317,13.877009646302248,4.315112540192925,89.28480529785156,1
318,13.48472668810289,4.168006430868166,110.76683807373047,1
319,13.337620578778132,4.168006430868166,138.76016235351562,1
320,13.043408360128614,4.168006430868166,141.02459716796875,1
321,12.111736334405142,3.8737942122186486,133.36224365234375,1
322,11.572347266881026,4.020900321543407,151.5749053955078,1
323,11.278135048231508,4.217041800643086,1.817704439163208,1
324,11.376205787781348,4.511254019292603,7.922976493835449,1
325,11.08199356913183,4.805466237942121,23.842737197875977,1
326,10.738745980707392,5.148713826366558,36.551082611083984,1
327,10.591639871382634,5.491961414790995,50.08753967285156,1
328,10.444533762057876,5.884244372990352,58.82402420043945,1
329,10.395498392282956,6.080385852090031,67.7923812866211,1
330,10.444533762057876,6.423633440514468,79.36854553222656,1
331,10.493569131832794,6.864951768488744,88.55590057373047,1
332,10.689710610932474,7.208199356913181,97.60552215576172,1
333,10.934887459807072,7.600482315112538,106.35542297363281,1
334,11.278135048231508,7.943729903536975,116.0775146484375,1
335,11.670418006430866,8.336012861736332,126.34335327148438,1
336,12.062700964630222,8.63022508038585,128.2119598388672,1
337,12.40594855305466,8.826366559485528,136.45761108398438,1
338,12.749196141479096,8.924437299035368,149.69100952148438,1
339,13.190514469453372,8.973472668810288,160.95993041992188,1
340,13.63183279742765,8.875401929260448,0.587660014629364,1
341,14.024115755627006,8.72829581993569,17.313100814819336,1
342,14.318327974276524,8.385048231511252,38.54499435424805,1
343,14.7596463022508,7.992765273311895,56.756858825683594,1
344,15.004823151125398,7.453376205787779,69.48487854003906,1
345,15.102893890675238,6.864951768488744,82.8265380859375,1
346,15.102893890675238,6.374598070739548,92.44686126708984,1
347,15.004823151125398,5.835209003215433,104.31193542480469,1
348,14.80868167202572,5.246784565916397,109.68067169189453,1
349,14.612540192926042,4.805466237942121,119.34825897216797,1
350,14.269292604501604,4.217041800643086,125.31233978271484,1
351,13.877009646302248,3.7266881028938896,136.64320373535156,1
352,13.48472668810289,3.4815112540192916,138.091552734375,1
353,13.043408360128614,3.2853697749196136,150.24668884277344,1
354,12.651125401929258,3.2853697749196136,158.5759735107422,1
355,12.160771704180062,3.334405144694533,2.203807830810547,1
356,11.768488745980704,3.5305466237942116,19.733882904052734,1
357,11.425241157556268,3.7757234726688096,39.681034088134766,1
358,11.327170418006428,4.069935691318327,52.58924865722656,1
359,11.229099678456588,4.413183279742764,68.20654296875,1
360,11.18006430868167,4.805466237942121,81.15957641601562,1
361,11.278135048231508,5.295819935691317,91.80921936035156,1
362,11.425241157556268,5.737138263665593,99.30551147460938,1
363,11.572347266881026,6.325562700964629,97.1462631225586,1
364,11.817524115755624,6.913987138263664,97.98310852050781,1
365,12.013665594855302,7.35530546623794,100.9789810180664,1
366,12.2588424437299,7.649517684887458,102.8691635131836,1
367,12.553054662379418,7.943729903536975,109.84268951416016,1
368,12.896302250803856,8.188906752411574,117.73882293701172,1
369,13.288585209003212,8.53215434083601,120.5586929321289,1
370,13.58279742765273,8.777331189710608,121.1214599609375,1
371,13.975080385852086,9.120578778135046,117.36811828613281,1
372,14.318327974276524,9.414790996784564,121.64885711669922,1
373,14.7596463022508,9.709003215434082,136.02154541015625,1
374,15.151929260450157,9.758038585209,142.08587646484375,1
375,15.740353697749192,9.90514469453376,161.14205932617188,1
376,16.37781350482315,9.90514469453376,176.68753051757812,1
377,16.966237942122184,9.85610932475884,3.3093314170837402,1
378,17.505627009646297,9.610932475884242,9.40112590789795,1
379,18.094051446945333,9.414790996784564,15.516047477722168,1
380,18.58440514469453,9.120578778135046,21.21884536743164,1
381,19.074758842443725,8.777331189710608,29.07364845275879,1
382,19.516077170418,8.434083601286172,38.51223373413086,1
383,19.85932475884244,7.992765273311895,49.81217575073242,1
384,20.153536977491957,7.502411575562699,57.577789306640625,1
385,20.496784565916393,6.913987138263664,63.02519989013672,1
386,20.741961414790993,6.374598070739548,71.34578704833984,1
387,20.741961414790993,5.835209003215433,85.47295379638672,1
388,20.643890675241153,5.344855305466237,97.1814193725586,1
389,20.447749196141473,4.805466237942121,108.43080139160156,1
390,20.153536977491957,4.217041800643086,118.55486297607422,1
391,19.7612540192926,3.7266881028938896,127.655517578125,1
392,19.368971061093244,3.2853697749196136,134.367919921875,1
393,18.82958199356913,2.8930868167202566,147.45803833007812,1
394,18.241157556270092,2.6479099678456586,148.85992431640625,1
395,17.603697749196137,2.3046623794212215,154.57843017578125,1
396,17.0152733118971,2.0594855305466235,157.67018127441406,1
397,16.47588424437299,1.9123794212218646,158.02427673339844,1
398,15.98553054662379,1.8633440514469448,163.49415588378906,1
399,15.544212218649514,1.9123794212218646,2.3705644607543945,1
400,15.102893890675238,2.108520900321543,12.273009300231934,1
401,14.71061093247588,2.4027331189710606,33.225215911865234,1
402,14.416398713826363,2.7459807073954976,41.72908401489258,1
403,14.171221864951765,3.1382636655948546,54.016258239746094,1
404,13.926045016077166,3.67765273311897,59.2220344543457,1
405,13.680868167202568,4.118971061093247,66.24990844726562,1
406,13.58279742765273,4.609324758842443,69.69837188720703,1
407,13.53376205787781,5.050643086816719,73.6220703125,1
408,13.43569131832797,5.590032154340835,78.02814483642578,1
409,13.48472668810289,5.982315112540191,79.55035400390625,1
410,13.53376205787781,6.472668810289387,82.8095474243164,1
411,13.58279742765273,7.012057877813503,90.20645904541016,1
412,13.778938906752408,7.502411575562699,96.63925170898438,1
413,13.975080385852086,7.992765273311895,103.19786834716797,1
414,14.220257234726684,8.53215434083601,106.1632308959961,1
415,14.514469453376202,8.875401929260448,110.76949310302734,1
416,14.80868167202572,9.218649517684886,116.46745300292969,1
417,15.102893890675238,9.512861736334402,118.53560638427734,1
418,15.446141479099674,9.90514469453376,119.19220733642578,1
419,15.789389067524112,10.444533762057876,115.50650024414062,1
420,16.13263665594855,10.885852090032152,118.86698913574219,1
421,16.47588424437299,11.13102893890675,132.35043334960938,1
422,16.966237942122184,11.376205787781348,139.86866760253906,1
423,17.45659163987138,11.523311897106106,154.8533935546875,1
424,17.946945337620576,11.572347266881026,170.17381286621094,1
425,18.48633440514469,11.474276527331186,0.6075376868247986,1
426,18.92765273311897,11.278135048231508,12.94085693359375,1
427,19.418006430868164,11.08199356913183,28.006385803222656,1
428,19.90836012861736,10.836816720257232,32.58330154418945,1
429,20.398713826366556,10.395498392282956,43.44402313232422,1
430,20.692926045016073,10.003215434083598,53.99997329711914,1
431,20.93810289389067,9.512861736334402,63.652679443359375,1
432,21.13424437299035,9.022508038585206,72.63320922851562,1
433,21.18327974276527,8.58118971061093,77.40248107910156,1
434,21.13424437299035,8.090836012861734,87.61412048339844,1
435,21.08520900321543,7.600482315112538,95.14859008789062,1
436,20.93810289389067,7.012057877813503,103.82809448242188,1
437,20.692926045016073,6.472668810289387,107.66708374023438,1
438,20.300643086816716,5.982315112540191,119.0998764038086,1
439,19.85932475884244,5.491961414790995,129.69631958007812,1
440,19.418006430868164,5.148713826366558,138.22381591796875,1
441,18.87861736334405,4.854501607717041,150.9178924560547,1
442,18.290192926045012,4.609324758842443,162.22613525390625,1
443,17.799839228295816,4.462218649517684,163.1845245361328,1
444,17.16237942122186,4.462218649517684,0.3146296441555023,1
445,16.721061093247584,4.609324758842443,12.658729553222656,1
446,16.32877813504823,4.854501607717041,25.09072494506836,1
447,15.93649517684887,5.099678456591639,32.38943862915039,1
448,15.544212218649514,5.344855305466237,33.17792892456055,1
449,15.053858520900318,5.737138263665593,38.669837951660156,1
450,14.71061093247588,6.080385852090031,41.002952575683594,1
451,14.465434083601282,6.374598070739548,50.08063888549805,1
452,14.269292604501604,6.766881028938905,52.27329635620117,1
453,14.073151125401926,7.159163987138262,56.7591438293457,1
454,13.827974276527328,7.698553054662377,62.36179733276367,1
455,13.680868167202568,8.139871382636654,71.34220123291016,1
456,13.48472668810289,8.72829581993569,77.60721588134766,1
457,13.337620578778132,9.267684887459804,78.29924011230469,1
458,13.337620578778132,9.80707395498392,78.64190673828125,1
459,13.337620578778132,10.297427652733116,84.19493865966797,1
460,13.43569131832797,10.787781350482312,89.61701965332031,1
461,13.53376205787781,11.03295819935691,90.31289672851562,1
462,13.729903536977488,11.425241157556268,102.16651916503906,1
463,13.975080385852086,12.013665594855302,109.81654357910156,1
464,14.465434083601282,12.454983922829578,120.44699096679688,1
465,14.85771704180064,12.749196141479096,134.15895080566406,1
466,15.348070739549836,12.896302250803856,147.07470703125,1
467,15.98553054662379,13.043408360128614,166.25006103515625,1
468,16.47588424437299,13.092443729903534,179.9618682861328,1
469,17.06430868167202,13.141479099678454,2.890834331512451,1
470,17.652733118971057,13.092443729903534,7.6077775955200195,1
471,18.339228295819932,12.994372990353694,9.781667709350586,1
472,18.976688102893885,12.847266881028936,17.440183639526367,1
473,19.516077170418,12.651125401929258,21.046825408935547,1
474,20.006430868167197,12.35691318327974,26.31862449645996,1
475,20.447749196141473,12.013665594855302,34.65779495239258,1
476,20.840032154340832,11.621382636655946,45.35862350463867,1
477,21.08520900321543,11.18006430868167,59.69941711425781,1
478,21.13424437299035,10.787781350482312,71.76776885986328,1
479,21.13424437299035,10.297427652733116,83.822998046875,1
480,21.08520900321543,9.610932475884242,94.97130584716797,1
481,20.98713826366559,9.071543408360126,110.5413589477539,1
482,20.692926045016073,8.58118971061093,118.64392852783203,1
483,20.398713826366556,8.188906752411574,119.05007934570312,1
484,20.055466237942117,7.796623794212217,124.82022857666016,1
485,19.66318327974276,7.453376205787779,125.06403350830078,1
486,19.270900321543404,7.110128617363342,128.6116943359375,1
487,18.87861736334405,6.815916398713825,133.10159301757812,1
488,18.388263665594852,6.521704180064307,140.57554626464844,1
489,17.897909967845656,6.325562700964629,157.33851623535156,1
490,17.554662379421217,6.325562700964629,168.55807495117188,1
491,16.966237942122184,6.325562700964629,3.2372939586639404,1
492,16.47588424437299,6.472668810289387,19.2792911529541,1
493,16.08360128617363,6.668810289389066,25.183820724487305,1
494,15.642282958199353,6.913987138263664,35.425758361816406,1
495,15.446141479099674,7.208199356913181,47.246665954589844,1
496,15.249999999999996,7.551446945337619,58.14867401123047,1
497,15.102893890675238,7.894694533762056,69.3200454711914,1
498,15.004823151125398,8.434083601286172,77.09404754638672,1
499,14.955787781350478,8.72829581993569,84.03816986083984,1
500,14.85771704180064,9.365755627009644,84.22306823730469,1
501,14.906752411575559,9.85610932475884,90.28607940673828,1
502,15.004823151125398,10.444533762057876,92.57105255126953,1
503,15.200964630225076,11.08199356913183,100.03260040283203,1
504,15.495176848874594,11.719453376205784,107.02368927001953,1
505,15.838424437299032,12.20980707395498,108.29325866699219,1
506,16.13263665594855,12.602090032154338,121.43701171875,1
507,16.524919614147905,12.896302250803856,127.12029266357422,1
508,16.966237942122184,13.141479099678454,132.39991760253906,1
509,17.40755627009646,13.337620578778132,144.16360473632812,1
510,17.946945337620576,13.48472668810289,153.4049835205078,1
511,18.48633440514469,13.48472668810289,165.7689666748047,1
512,19.025723472668805,13.48472668810289,173.14622497558594,1
513,19.56511254019292,13.48472668810289,1.8950636386871338,1
514,20.153536977491957,13.337620578778132,3.2267704010009766,1
515,20.692926045016073,13.141479099678454,8.625894546508789,1
516,21.13424437299035,12.847266881028936,27.595272064208984,1
517,21.477491961414785,12.454983922829578,41.082000732421875,1
518,21.771704180064305,12.013665594855302,54.94353485107422,1
519,21.96784565916398,11.523311897106106,66.56753540039062,1
520,22.21302250803858,10.98392282958199,72.04225158691406,1
521,22.458199356913177,10.346463022508036,78.94412994384766,1
522,22.605305466237937,9.709003215434082,81.65376281738281,1
523,22.703376205787777,9.071543408360126,86.07212829589844,1
524,22.703376205787777,8.53215434083601,83.08438110351562,1
525,22.703376205787777,7.943729903536975,90.84986114501953,1
526,22.654340836012857,7.306270096463021,94.71861267089844,1
527,22.556270096463017,6.668810289389066,97.53121185302734,1
528,22.36012861736334,6.17845659163987,103.62776947021484,1
529,22.11495176848874,5.590032154340835,111.4925765991211,1
530,21.771704180064305,5.050643086816719,119.65892791748047,1
531,21.37942122186495,4.609324758842443,121.40635681152344,1
532,20.93810289389067,4.168006430868166,125.16371154785156,1
533,20.496784565916393,3.7757234726688096,134.32080078125,1
534,20.006430868167197,3.4815112540192916,145.87704467773438,1
535,19.418006430868164,3.334405144694533,162.9122314453125,1
536,18.87861736334405,3.2853697749196136,173.76795959472656,1
537,18.388263665594852,3.334405144694533,176.41427612304688,1
538,17.897909967845656,3.3834405144694526,178.77865600585938,1
539,17.2604501607717,3.5305466237942116,0.24499370157718658,1
540,16.622990353697745,3.67765273311897,178.70791625976562,1
541,15.98553054662379,3.7757234726688096,178.93612670898438,1
542,15.299035369774916,3.922829581993568,5.844847202301025,1
543,14.85771704180064,4.118971061093247,13.912837028503418,1
544,14.465434083601282,4.462218649517684,23.446142196655273,1
545,14.073151125401926,4.854501607717041,40.784725189208984,1
546,13.778938906752408,5.197749196141478,49.964046478271484,1
547,13.48472668810289,5.639067524115754,58.718284606933594,1
548,13.288585209003212,6.080385852090031,61.629024505615234,1
549,13.190514469453372,6.521704180064307,71.73625946044922,1
550,13.141479099678454,6.963022508038583,82.53368377685547,1
551,13.239549839228292,7.40434083601286,88.1065444946289,1
552,13.337620578778132,7.943729903536975,92.12813568115234,1
553,13.53376205787781,8.483118971061092,93.38095092773438,1
554,13.63183279742765,8.924437299035368,95.92455291748047,1
555,13.729903536977488,9.561897106109322,97.96672821044922,1
556,13.975080385852086,10.150321543408358,106.81075286865234,1
557,14.171221864951765,10.640675241157554,114.9370346069336,1
558,14.612540192926042,11.18006430868167,126.18228912353516,1
559,15.053858520900318,11.474276527331186,140.22085571289062,1
560,15.544212218649514,11.621382636655946,149.028076171875,1
561,16.03456591639871,11.670418006430866,163.71031188964844,1
562,16.573954983922825,11.621382636655946,177.13421630859375,1
563,17.16237942122186,11.572347266881026,4.461404323577881,1
564,17.652733118971057,11.376205787781348,6.101385593414307,1
565,18.045016077170413,11.08199356913183,19.415367126464844,1
566,18.53536977491961,10.787781350482312,31.382217407226562,1
567,18.92765273311897,10.395498392282956,37.18205261230469,1
568,19.270900321543404,10.003215434083598,49.79669189453125,1
569,19.46704180064308,9.610932475884242,56.08717346191406,1
570,19.61414790996784,9.169614147909966,64.31351470947266,1
571,19.71221864951768,8.777331189710608,73.15894317626953,1
572,19.71221864951768,8.188906752411574,81.97081756591797,1
573,19.71221864951768,7.551446945337619,87.1839828491211,1
574,19.71221864951768,6.963022508038583,88.50523376464844,1
575,19.71221864951768,6.423633440514468,87.86209106445312,1
576,19.7612540192926,5.786173633440513,89.2855453491211,1
577,19.7612540192926,5.001607717041799,87.71324157714844,1
578,19.71221864951768,4.217041800643086,85.79222869873047,1
579,19.61414790996784,3.2853697749196136,84.58979034423828,1
580,19.56511254019292,2.5008038585208996,92.51500701904297,1
581,19.46704180064308,1.8633440514469448,98.02265167236328,1
582,19.418006430868164,2.0594855305466235,105.29817962646484,1
583,19.123794212218645,1.8633440514469448,125.15682983398438,1
584,18.78054662379421,1.7652733118971058,142.98191833496094,1
585,18.339228295819932,1.716237942122186,160.7759246826172,1
586,17.799839228295816,1.7652733118971058,177.84112548828125,1
587,17.2604501607717,1.9123794212218646,12.859098434448242,1
588,16.868167202572344,2.1575562700964626,25.55006980895996,1
589,16.42684887459807,2.45176848874598,39.85953903198242,1
590,16.08360128617363,2.844051446945337,47.54875564575195,1
591,15.691318327974273,3.2853697749196136,53.38383483886719,1
592,15.397106109324755,3.67765273311897,53.08584213256836,1
593,15.200964630225076,4.118971061093247,65.72166442871094,1
594,15.102893890675238,4.560289389067523,76.2982406616211,1
595,15.053858520900318,5.001607717041799,82.72002410888672,1
596,15.102893890675238,5.491961414790995,87.0365982055664,1
597,15.249999999999996,5.982315112540191,90.30354309082031,1
598,15.397106109324755,6.423633440514468,97.15725708007812,1
599,15.544212218649514,6.913987138263664,96.35086059570312,1
600,15.740353697749192,7.35530546623794,98.11174774169922,1
601,15.93649517684887,7.796623794212217,104.6976547241211,1
602,16.23070739549839,8.286977491961412,111.34697723388672,1
603,16.524919614147905,8.72829581993569,114.81935119628906,1
604,16.819131832797424,9.169614147909966,115.28156280517578,1
605,17.11334405144694,9.610932475884242,111.25306701660156,1
606,17.45659163987138,10.101286173633438,109.94267272949219,1
607,17.750803858520896,10.395498392282956,113.8179702758789,1
608,18.045016077170413,10.738745980707392,123.11819458007812,1
609,18.48633440514469,11.13102893890675,128.58567810058594,1
610,18.976688102893885,11.523311897106106,133.7554168701172,1
611,19.46704180064308,11.768488745980704,138.5298309326172,1
612,20.006430868167197,11.915594855305464,144.2434539794922,1
613,20.496784565916393,12.013665594855302,160.4257354736328,1
614,21.03617363344051,12.062700964630222,168.7302703857422,1
615,21.526527331189705,12.013665594855302,174.92747497558594,1
616,22.0168810289389,11.964630225080382,2.5706350803375244,1
617,22.507234726688097,11.817524115755624,2.741748094558716,1
618,22.997588424437293,11.621382636655946,12.044671058654785,1
619,23.340836012861732,11.425241157556268,18.823871612548828,1
620,23.73311897106109,11.13102893890675,26.590322494506836,1
621,24.125401929260445,10.836816720257232,32.30980682373047,1
622,24.5176848874598,10.493569131832794,45.21034622192383,1
623,24.7628617363344,10.101286173633438,52.23411178588867,1
624,25.008038585208997,9.659967845659162,61.00705337524414,1
625,25.106109324758837,9.218649517684886,66.8504638671875,1
626,25.155144694533757,8.67926045016077,80.29468536376953,1
627,25.008038585208997,8.286977491961412,90.09026336669922,1
628,24.81189710610932,7.796623794212217,101.92475891113281,1
629,24.5176848874598,7.35530546623794,115.58794403076172,1
630,24.076366559485525,6.913987138263664,131.45285034179688,1
631,23.63504823151125,6.668810289389066,143.22779846191406,1
632,23.144694533762053,6.423633440514468,154.7221221923828,1
633,22.605305466237937,6.325562700964629,157.4916229248047,1
634,22.11495176848874,6.227491961414789,161.84024047851562,1
635,21.526527331189705,6.17845659163987,169.2154541015625,1
636,20.98713826366559,6.227491961414789,176.37530517578125,1
637,20.496784565916393,6.374598070739548,5.028416633605957,1
638,20.055466237942117,6.570739549839227,20.015134811401367,1
639,19.56511254019292,6.766881028938905,30.38144874572754,1
640,19.025723472668805,7.061093247588423,35.10141372680664,1
641,18.437299035369772,7.35530546623794,31.258684158325195,1
642,17.897909967845656,7.600482315112538,28.478384017944336,1
643,17.35852090032154,7.894694533762056,35.54792785644531,1
644,16.966237942122184,8.237942122186494,44.170066833496094,1
645,16.573954983922825,8.63022508038585,49.901248931884766,1
646,16.27974276527331,9.022508038585206,52.991050720214844,1
647,15.98553054662379,9.463826366559484,65.62553405761719,1
648,15.789389067524112,9.95418006430868,79.3819808959961,1
649,15.642282958199353,10.542604501607714,80.43525695800781,1
650,15.593247588424434,11.18006430868167,88.25160217285156,1
651,15.642282958199353,11.621382636655946,91.3105239868164,1
652,15.740353697749192,12.111736334405142,95.52532958984375,1
653,15.838424437299032,12.602090032154338,96.43267059326172,1
654,15.93649517684887,13.092443729903534,96.78504180908203,1
655,16.08360128617363,13.63183279742765,94.54853820800781,1
656,16.32877813504823,14.171221864951765,99.8508529663086,1
657,16.622990353697745,14.563504823151122,104.84021759033203,1
658,17.0152733118971,14.955787781350478,121.11717224121094,1
659,17.40755627009646,15.200964630225076,131.28619384765625,1
660,17.799839228295816,15.446141479099674,137.0552215576172,1
661,18.290192926045012,15.691318327974273,138.15005493164062,1
662,18.78054662379421,15.88745980707395,140.15216064453125,1
663,19.221864951768485,16.08360128617363,151.271484375,1
664,19.7612540192926,16.13263665594855,160.96018981933594,1
665,20.349678456591636,16.18167202572347,177.42755126953125,1
666,20.889067524115752,16.13263665594855,179.7898712158203,1
667,21.37942122186495,15.98553054662379,6.503479480743408,1
668,21.820739549839224,15.740353697749192,16.15846061706543,1
669,22.21302250803858,15.495176848874594,26.31162452697754,1
670,22.654340836012857,15.151929260450157,28.442285537719727,1
671,23.095659163987133,14.80868167202572,29.713363647460938,1
672,23.53697749196141,14.465434083601282,32.199989318847656,1
673,23.978295819935685,14.122186495176846,32.807899475097656,1
674,24.272508038585205,13.729903536977488,43.98900604248047,1
675,24.61575562700964,13.288585209003212,55.07240295410156,1
676,24.81189710610932,12.798231511254016,65.488525390625,1
677,24.959003215434077,12.30787781350482,76.04801940917969,1
678,24.959003215434077,11.768488745980704,84.94205474853516,1
679,24.860932475884237,11.278135048231508,88.92044830322266,1
680,24.71382636655948,10.836816720257232,96.86341857910156,1
681,24.46864951768488,10.346463022508036,106.48109436035156,1
682,24.174437299035365,9.90514469453376,115.30269622802734,1
683,23.78215434083601,9.512861736334402,122.41165161132812,1
684,23.340836012861732,9.218649517684886,129.68482971191406,1
685,22.899517684887453,8.973472668810288,137.10589599609375,1
686,22.36012861736334,8.63022508038585,139.0520477294922,1
687,21.820739549839224,8.286977491961412,139.74658203125,1
688,21.28135048231511,7.992765273311895,141.47900390625,1
689,20.840032154340832,7.747588424437297,143.33450317382812,1
690,20.251607717041797,7.551446945337619,159.61709594726562,1
691,19.81028938906752,7.551446945337619,168.3919677734375,1
692,19.368971061093244,7.551446945337619,175.94534301757812,1
693,18.92765273311897,7.600482315112538,4.5439934730529785,1
694,18.388263665594852,7.747588424437297,10.131636619567871,1
695,17.897909967845656,7.894694533762056,15.18816089630127,1
696,17.45659163987138,8.090836012861734,22.256837844848633,1
697,17.0152733118971,8.286977491961412,21.974145889282227,1
698,16.47588424437299,8.53215434083601,24.117773056030273,1
699,15.93649517684887,8.826366559485528,26.376445770263672,1
700,15.397106109324755,9.218649517684886,24.018207550048828,1
701,14.906752411575559,9.610932475884242,32.890708923339844,1
702,14.563504823151122,10.003215434083598,37.93876266479492,1
703,14.171221864951765,10.444533762057876,43.386383056640625,1
704,13.877009646302248,10.885852090032152,52.60245132446289,1
705,13.729903536977488,11.278135048231508,65.6838607788086,1
706,13.53376205787781,11.768488745980704,74.177978515625,1
707,13.43569131832797,12.30787781350482,79.0992660522461,1
708,13.43569131832797,12.896302250803856,84.23141479492188,1
709,13.48472668810289,13.43569131832797,87.16911315917969,1
710,13.63183279742765,13.975080385852086,93.78230285644531,1
711,13.877009646302248,14.465434083601282,101.80497741699219,1
712,14.171221864951765,14.906752411575559,107.52311706542969,1
713,14.563504823151122,15.299035369774916,114.53372192382812,1
714,14.955787781350478,15.593247588424434,132.83840942382812,1
715,15.397106109324755,15.789389067524112,137.55580139160156,1
716,15.93649517684887,15.93649517684887,145.51223754882812,1
717,16.37781350482315,15.93649517684887,163.7509765625,1
718,16.868167202572344,15.838424437299032,177.8288116455078,1
719,17.35852090032154,15.691318327974273,5.317287445068359,1
720,17.750803858520896,15.446141479099674,16.510887145996094,1
721,18.290192926045012,15.053858520900318,39.88847351074219,1
722,18.63344051446945,14.612540192926042,54.032493591308594,1
723,18.976688102893885,14.122186495176846,66.87445068359375,1
724,19.172829581993565,13.63183279742765,79.11797332763672,1
725,19.319935691318324,13.043408360128614,84.61332702636719,1
726,19.46704180064308,12.35691318327974,90.43260192871094,1
727,19.516077170418,11.768488745980704,91.859130859375,1
728,19.418006430868164,11.278135048231508,97.14599609375,1
729,19.221864951768485,10.836816720257232,106.1813735961914,1
730,18.976688102893885,10.444533762057876,112.14054870605469,1
731,18.63344051446945,9.95418006430868,124.5483169555664,1
732,18.192122186495173,9.561897106109322,134.2444305419922,1
733,17.750803858520896,9.267684887459804,145.7234344482422,1
734,17.16237942122186,9.022508038585206,158.1761474609375,1
735,16.770096463022504,8.826366559485528,151.95396423339844,1
736,16.32877813504823,8.63022508038585,150.27157592773438,1
737,15.93649517684887,8.434083601286172,153.22337341308594,1
738,15.397106109324755,8.336012861736332,160.78900146484375,1
739,15.004823151125398,8.336012861736332,172.86585998535156,1
740,14.612540192926042,8.483118971061092,179.62310791015625,1
741,14.269292604501604,8.67926045016077,13.197071075439453,1
742,13.827974276527328,8.924437299035368,30.84813117980957,1
743,13.43569131832797,9.267684887459804,39.654476165771484,1
744,13.043408360128614,9.610932475884242,46.10327911376953,1
745,12.700160771704176,10.101286173633438,55.3110466003418,1
746,12.40594855305466,10.591639871382634,62.675498962402344,1
747,12.30787781350482,10.98392282958199,69.82489776611328,1
748,12.20980707395498,11.523311897106106,80.71537017822266,1
749,12.2588424437299,12.013665594855302,87.75820922851562,1
750,12.454983922829578,12.40594855305466,94.0974349975586,1
751,12.700160771704176,12.798231511254016,100.65156555175781,1
752,12.945337620578774,13.288585209003212,108.2458267211914,1
753,13.337620578778132,13.680868167202568,118.3638916015625,1
754,13.729903536977488,14.024115755627006,122.6810073852539,1
755,14.220257234726684,14.220257234726684,145.4058380126953,1
756,14.7596463022508,14.318327974276524,171.68853759765625,1
757,15.200964630225076,14.220257234726684,14.244694709777832,1
758,15.691318327974273,14.024115755627006,26.807775497436523,1
759,16.08360128617363,13.680868167202568,47.73261642456055,1
760,16.37781350482315,13.239549839228292,58.456485748291016,1
761,16.524919614147905,12.896302250803856,65.85848236083984,1
762,16.573954983922825,12.700160771704176,76.64462280273438,1
763,16.672025723472665,12.013665594855302,83.88914489746094,1
764,16.672025723472665,11.474276527331186,82.71942138671875,1
765,16.770096463022504,10.885852090032152,83.89939880371094,1
766,16.819131832797424,10.297427652733116,86.891357421875,1
767,16.770096463022504,9.85610932475884,91.84201049804688,1
768,16.622990353697745,9.414790996784564,98.2523193359375,1
769,16.42684887459807,8.973472668810288,106.21004486083984,1
770,16.13263665594855,8.483118971061092,108.65948486328125,1
771,15.838424437299032,7.992765273311895,115.3503189086914,1
772,15.544212218649514,7.551446945337619,121.337158203125,1
773,15.151929260450157,7.110128617363342,122.68423461914062,1
774,14.71061093247588,6.717845659163985,137.5396270751953,1
775,14.220257234726684,6.472668810289387,146.8270263671875,1
776,13.778938906752408,6.325562700964629,161.03787231445312,1
777,13.337620578778132,6.17845659163987,168.7413787841797,1
778,12.798231511254016,6.080385852090031,175.2694091796875,1
779,12.30787781350482,6.080385852090031,177.4219512939453,1
780,11.817524115755624,6.12942122186495,2.8122358322143555,1
781,11.425241157556268,6.325562700964629,12.700904846191406,1
782,10.98392282958199,6.570739549839227,21.184568405151367,1
783,10.591639871382634,6.815916398713825,34.89046096801758,1
784,10.346463022508036,7.159163987138262,41.391273498535156,1
785,10.150321543408358,7.551446945337619,53.434776306152344,1
786,10.101286173633438,7.992765273311895,73.62024688720703,1
787,10.003215434083598,8.53215434083601,84.07386779785156,1
788,10.101286173633438,8.973472668810288,91.46424865722656,1
789,10.248392282958196,9.414790996784564,99.27217864990234,1
790,10.493569131832794,9.85610932475884,110.31851959228516,1
791,10.836816720257232,10.297427652733116,118.08490753173828,1
792,11.229099678456588,10.689710610932474,121.51368713378906,1
793,11.621382636655946,11.03295819935691,133.59840393066406,1
794,12.062700964630222,11.229099678456588,140.27255249023438,1
795,12.504019292604498,11.327170418006428,156.6083984375,1
796,12.896302250803856,11.278135048231508,172.13067626953125,1
797,13.386655948553052,11.18006430868167,4.402567386627197,1
798,13.877009646302248,11.03295819935691,15.589430809020996,1
799,14.416398713826363,10.787781350482312,28.533374786376953,1
800,14.906752411575559,10.444533762057876,38.36167526245117,1
801,15.200964630225076,10.052250803858518,48.40345001220703,1
802,15.348070739549836,9.709003215434082,58.754425048828125,1
803,15.397106109324755,9.169614147909966,72.37144470214844,1
804,15.397106109324755,8.67926045016077,81.36329650878906,1
805,15.397106109324755,8.188906752411574,87.72268676757812,1
806,15.348070739549836,7.600482315112538,94.40299987792969,1
807,15.299035369774916,7.208199356913181,95.73186492919922,1
808,15.102893890675238,6.472668810289387,100.98188781738281,1
809,14.955787781350478,6.17845659163987,110.5003433227539,1
810,14.514469453376202,5.590032154340835,116.70230102539062,1
811,14.171221864951765,5.295819935691317,128.32093811035156,1
812,13.827974276527328,5.099678456591639,135.84970092773438,1
813,13.337620578778132,4.95257234726688,158.7746124267578,1
814,12.847266881028936,4.90353697749196,176.2407989501953,1
815,12.40594855305466,4.95257234726688,2.48551344871521,1
816,11.964630225080382,5.050643086816719,18.31549644470215,1
817,11.523311897106106,5.246784565916397,17.677310943603516,1
818,11.13102893890675,5.491961414790995,22.185354232788086,1
819,10.836816720257232,5.737138263665593,32.85653305053711,1
820,10.542604501607714,6.12942122186495,46.890262603759766,1
821,10.395498392282956,6.521704180064307,60.781646728515625,1
822,10.297427652733116,7.012057877813503,72.9319076538086,1
823,10.346463022508036,7.502411575562699,83.51599884033203,1
824,10.444533762057876,8.041800643086814,91.88839721679688,1
825,10.640675241157554,8.58118971061093,97.2387466430664,1
826,10.885852090032152,8.924437299035368,109.37336730957031,1
827,11.278135048231508,9.267684887459804,128.0994415283203,1
828,11.719453376205784,9.463826366559484,141.64599609375,1
829,12.2588424437299,9.610932475884242,167.40060424804688,1
830,12.749196141479096,9.610932475884242,5.058895111083984,1
831,13.337620578778132,9.512861736334402,6.95836877822876,1
832,13.827974276527328,9.365755627009644,14.639811515808105,1
833,14.367363344051444,9.169614147909966,24.618144989013672,1
834,14.80868167202572,8.875401929260448,26.118507385253906,1
835,15.299035369774916,8.58118971061093,31.04628562927246,1
836,15.789389067524112,8.188906752411574,39.55748748779297,1
837,16.23070739549839,7.796623794212217,46.042720794677734,1
838,16.622990353697745,7.306270096463021,52.01551818847656,1
839,16.868167202572344,6.864951768488744,59.36393737792969,1
840,17.11334405144694,6.276527331189709,67.04202270507812,1
841,17.35852090032154,5.786173633440513,75.4316177368164,1
842,17.505627009646297,5.295819935691317,73.00698852539062,1
843,17.603697749196137,4.756430868167201,76.98487091064453,1
844,17.603697749196137,4.266077170418005,81.3599624633789,1
845,17.554662379421217,3.824758842443729,81.8330307006836,1
846,17.505627009646297,3.2853697749196136,88.20160675048828,1
847,17.35852090032154,2.7459807073954976,92.08261108398438,1
848,17.21141479099678,2.206591639871382,96.44163513183594,1
849,17.06430868167202,1.9123794212218646,99.26658630371094,1
850,16.819131832797424,1.9123794212218646,114.47992706298828,1
851,16.47588424437299,1.8143086816720253,124.59358215332031,1
852,16.08360128617363,1.5691318327974273,134.31373596191406,1
853,15.691318327974273,1.4220257234726685,140.30709838867188,1
854,15.397106109324755,1.2749196141479098,141.68429565429688,1
855,14.7596463022508,1.1278135048231508,160.50904846191406,1
856,14.220257234726684,1.0297427652733118,169.11605834960938,1
857,13.63183279742765,1.0297427652733118,175.11431884765625,1
858,13.141479099678454,1.0787781350482313,179.4622039794922,1
859,12.798231511254016,1.22588424437299,11.900940895080566,1
860,12.40594855305466,1.471061093247588,24.440719604492188,1
861,12.062700964630222,1.8143086816720253,35.56454849243164,1
862,11.817524115755624,2.1575562700964626,49.97284698486328,1
863,11.670418006430866,2.598874598070739,62.30494689941406,1
864,11.572347266881026,3.0401929260450156,76.01467895507812,1
865,11.572347266881026,3.4815112540192916,87.72235870361328,1
866,11.719453376205784,3.922829581993568,94.41511535644531,1
867,11.964630225080382,4.217041800643086,108.12831115722656,1
868,12.30787781350482,4.707395498392282,119.56338500976562,1
869,12.700160771704176,4.95257234726688,128.56814575195312,1
870,13.141479099678454,5.148713826366558,140.46826171875,1
871,13.58279742765273,5.295819935691317,151.33169555664062,1
872,14.171221864951765,5.344855305466237,173.16363525390625,1
873,14.71061093247588,5.295819935691317,6.097912788391113,1
874,15.249999999999996,5.246784565916397,1.100864052772522,1
875,15.838424437299032,5.099678456591639,5.555821418762207,1
876,16.37781350482315,5.001607717041799,8.508975982666016,1
877,16.966237942122184,4.90353697749196,6.956282138824463,1
878,17.603697749196137,4.805466237942121,4.434463024139404,1
879,18.241157556270092,4.756430868167201,2.4176621437072754,1
880,18.976688102893885,4.658360128617362,0.4088377058506012,1
881,19.7612540192926,4.609324758842443,179.93836975097656,1
882,20.545819935691313,4.560289389067523,176.2995147705078,1
883,21.33038585209003,4.560289389067523,179.18069458007812,1
884,22.11495176848874,4.560289389067523,179.63223266601562,1
885,22.801446945337617,4.511254019292603,2.480959892272949,1
886,23.53697749196141,4.511254019292603,6.548139572143555,1
887,24.174437299035365,4.462218649517684,4.494595527648926,1
888,24.7628617363344,4.413183279742764,5.567924499511719,1
889,25.253215434083597,4.364147909967845,10.125070571899414,1
890,25.792604501607713,4.315112540192925,179.3163604736328,1
891,26.23392282958199,4.364147909967845,175.99822998046875,1
892,26.822347266881025,4.364147909967845,4.807560920715332,1
893,27.410771704180057,4.364147909967845,4.834072589874268,1
894,28.146302250803853,4.315112540192925,179.55828857421875,1
895,27.901125401929253,4.266077170418005,172.34498596191406,1
896,27.704983922829577,4.266077170418005,170.33316040039062,1
897,27.754019292604497,4.217041800643086,169.4451141357422,1
898,27.999196141479093,4.217041800643086,169.98931884765625,1
899,28.244372990353693,4.266077170418005,167.3754425048828,1
900,28.244372990353693,4.364147909967845,162.22279357910156,1
901,28.34244372990353,4.413183279742764,151.5211639404297,1
902,28.48954983922829,4.609324758842443,140.56057739257812,1
903,28.58762057877813,4.805466237942121,137.78939819335938,1
904,28.78376205787781,5.050643086816719,127.48552703857422,1
905,28.881832797427645,5.295819935691317,119.08180236816406,1
906,29.028938906752405,5.540996784565915,112.89496612548828,1
907,29.176045016077165,5.835209003215433,108.7823257446289,1
908,29.274115755627005,6.12942122186495,104.62060546875,1
909,29.37218649517684,6.423633440514468,104.66102600097656,1
910,29.42122186495176,6.717845659163985,100.67621612548828,1
911,29.37218649517684,7.061093247588423,94.39286804199219,1
912,29.37218649517684,7.453376205787779,89.86531066894531,1
913,29.37218649517684,7.894694533762056,88.25408172607422,1
914,29.32315112540192,8.385048231511252,88.8848876953125,1
915,29.32315112540192,8.924437299035368,87.43187713623047,1
916,29.32315112540192,9.463826366559484,87.18986511230469,1
917,29.37218649517684,10.003215434083598,88.20628356933594,1
918,29.42122186495176,10.493569131832794,87.54363250732422,1
919,29.56832797427652,10.98392282958199,91.58572387695312,1
920,29.7644694533762,11.474276527331186,94.81522369384766,1
921,29.7644694533762,11.817524115755624,89.02432250976562,1
922,29.56832797427652,12.20980707395498,82.05705261230469,1
923,29.37218649517684,12.602090032154338,77.88919830322266,1
924,29.176045016077165,13.043408360128614,76.80374908447266,1
925,28.979903536977485,13.48472668810289,73.85484313964844,1
926,28.78376205787781,14.024115755627006,69.85279846191406,1
927,28.53858520900321,14.514469453376202,63.392860412597656,1
928,28.293408360128613,15.053858520900318,60.61508560180664,1
929,28.097266881028933,15.642282958199353,60.88212585449219,1
930,27.901125401929253,16.23070739549839,66.84651947021484,1
931,27.852090032154333,16.721061093247584,79.40471649169922,1
932,27.754019292604497,17.30948553054662,93.10673522949219,1
933,27.803054662379417,17.799839228295816,100.1539077758789,1
934,28.048231511254013,18.290192926045012,110.2568588256836,1
935,28.34244372990353,18.73151125401929,123.88955688476562,1
936,28.73472668810289,19.123794212218645,133.37274169921875,1
937,29.127009646302245,19.516077170418,135.00364685058594,1
938,29.176045016077165,19.85932475884244,134.18017578125,1
939,29.37218649517684,20.202572347266877,134.53456115722656,1
940,29.42122186495176,20.447749196141473,122.0537109375,1
941,29.56832797427652,20.692926045016073,119.9004135131836,1
942,29.61736334405144,20.98713826366559,115.22801971435547,1
943,29.71543408360128,21.28135048231511,110.3316650390625,1
944,29.862540192926037,21.673633440514465,111.33963775634766,1
945,29.960610932475877,21.96784565916398,106.51663970947266,1
946,30.107717041800637,22.31109324758842,107.69081115722656,1
947,30.156752411575557,22.654340836012857,100.68492126464844,1
948,30.254823151125397,22.948553054662373,103.31161499023438,1
949,30.401929260450153,23.291800643086813,99.90090942382812,1
950,30.450964630225073,23.58601286173633,102.42696380615234,1
951,30.549035369774913,23.83118971061093,101.4023208618164,1
952,30.598070739549833,24.076366559485525,98.22159576416016,1
953,30.647106109324753,24.37057877813504,99.36320495605469,1
954,30.647106109324753,24.66479099678456,98.91159057617188,1
955,30.696141479099673,24.959003215434077,98.46345520019531,1
956,30.647106109324753,25.155144694533757,94.32244110107422,1
957,30.696141479099673,25.547427652733113,99.9315414428711,1
958,30.745176848874593,25.841639871382633,103.75431823730469,1
959,30.79421221864951,26.13585209003215,100.33799743652344,1
960,30.84324758842443,26.430064308681665,96.68895721435547,1
961,30.89228295819935,26.626205787781345,97.28691101074219,1
962,30.84324758842443,26.87138263665594,93.60567474365234,1
963,30.89228295819935,27.16559485530546,96.73665618896484,1
964,30.89228295819935,27.459807073954977,100.20745849609375,1
965,30.89228295819935,27.606913183279737,94.26361083984375,1
966,30.94131832797427,27.999196141479093,99.38993835449219,1
967,30.696141479099673,28.195337620578773,88.24352264404297,1
968,30.549035369774913,28.39147909967845,91.5466079711914,1
969,30.303858520900313,28.34244372990353,82.30621337890625,1
970,30.156752411575557,28.48954983922829,76.90379333496094,1
971,30.058681672025717,28.63665594855305,76.30337524414062,1
972,29.862540192926037,28.78376205787781,59.870601654052734,1
973,29.71543408360128,28.930868167202565,54.23341751098633,1
974,29.56832797427652,29.077974276527325,51.38078689575195,1
975,29.37218649517684,29.077974276527325,41.595184326171875,1
976,29.127009646302245,29.176045016077165,36.87899398803711,1
977,28.930868167202565,29.37218649517684,35.142616271972656,1
978,28.63665594855305,29.47025723472668,31.987594604492188,1
979,28.293408360128613,29.66639871382636,31.863319396972656,1
980,28.048231511254013,29.7644694533762,27.294715881347656,1
981,27.704983922829577,29.911575562700957,19.078142166137695,1
982,27.31270096463022,30.058681672025717,14.127877235412598,1
983,26.96945337620578,30.205787781350477,12.069758415222168,1
984,26.577170418006425,30.254823151125397,2.9766111373901367,1
985,26.18488745980707,30.254823151125397,3.911404609680176,1
986,25.89067524115755,30.303858520900313,8.637336730957031,1
987,25.645498392282953,30.254823151125397,7.652154922485352,1
988,25.351286173633437,30.205787781350477,11.330913543701172,1
989,25.155144694533757,30.352893890675233,4.112056255340576,1
990,24.860932475884237,30.303858520900313,4.422772407531738,1
991,24.56672025723472,30.303858520900313,2.367506742477417,1
992,24.272508038585205,30.303858520900313,1.3502774238586426,1
993,24.027331189710605,30.303858520900313,179.8242645263672,1
994,23.83118971061093,30.303858520900313,179.81845092773438,1
995,23.53697749196141,30.303858520900313,10.348136901855469,1
996,23.242765273311893,30.303858520900313,3.114879608154297,1
997,22.948553054662373,30.156752411575557,179.56948852539062,1
998,22.654340836012857,29.960610932475877,177.59860229492188,1
999,22.31109324758842,30.009646302250797,178.99655151367188,1
1000,22.0168810289389,30.352893890675233,178.4073028564453,1
1001,21.820739549839224,30.058681672025717,163.2661895751953,1
1002,21.526527331189705,29.862540192926037,167.6959991455078,1
1003,21.28135048231511,29.71543408360128,173.76344299316406,1
1004,20.98713826366559,29.7644694533762,179.6983184814453,1
1005,20.741961414790993,29.960610932475877,16.041763305664062,1
1006,20.496784565916393,30.107717041800637,21.54103660583496,1
1007,20.251607717041797,29.960610932475877,3.3822391033172607,1
1008,19.957395498392277,29.813504823151117,175.60177612304688,1
1009,19.71221864951768,29.66639871382636,174.07237243652344,1
1010,19.368971061093244,29.5192926045016,166.86387634277344,1
1011,19.025723472668805,29.37218649517684,166.3766326904297,1
1012,18.63344051446945,29.127009646302245,156.0508270263672,1
1013,18.241157556270092,28.930868167202565,148.77749633789062,1
1014,17.799839228295816,28.63665594855305,147.60023498535156,1
1015,17.35852090032154,28.39147909967845,152.9503936767578,1
1016,16.868167202572344,28.244372990353693,160.5347137451172,1
1017,16.42684887459807,28.195337620578773,172.42019653320312,1
1018,16.03456591639871,28.244372990353693,175.28323364257812,1
1019,15.691318327974273,28.34244372990353,4.396622657775879,1
1020,15.299035369774916,28.44051446945337,10.627508163452148,1
1021,14.906752411575559,28.58762057877813,14.570455551147461,1
1022,14.612540192926042,28.63665594855305,18.100919723510742,1
1023,14.220257234726684,28.78376205787781,18.484086990356445,1
1024,13.877009646302248,28.930868167202565,25.847314834594727,1
1025,13.48472668810289,29.274115755627005,40.52097702026367,1
1026,13.190514469453372,29.5192926045016,47.58913803100586,1
1027,12.896302250803856,29.56832797427652,36.76632308959961,1
1028,12.553054662379418,29.66639871382636,38.422542572021484,1
1029,12.20980707395498,29.71543408360128,33.245853424072266,1
1030,11.866559485530544,29.71543408360128,20.645641326904297,1
1031,11.523311897106106,29.7644694533762,22.17458152770996,1
1032,11.18006430868167,29.960610932475877,34.811859130859375,1
1033,10.934887459807072,29.911575562700957,28.06060028076172,1
1034,10.640675241157554,29.911575562700957,29.56281280517578,1
1035,10.297427652733116,30.009646302250797,28.0918025970459,1
1036,10.052250803858518,30.058681672025717,27.212528228759766,1
1037,9.758038585209,30.058681672025717,25.60223960876465,1
1038,9.414790996784564,30.156752411575557,28.566295623779297,1
1039,9.218649517684886,30.107717041800637,16.44015884399414,1
1040,8.875401929260448,30.156752411575557,26.366636276245117,1
1041,8.53215434083601,30.205787781350477,21.446224212646484,1
1042,8.139871382636654,30.254823151125397,17.946752548217773,1
1043,7.845659163987136,30.205787781350477,18.066547393798828,1
1044,7.40434083601286,30.352893890675233,26.437665939331055,1
1045,7.061093247588423,30.303858520900313,17.518617630004883,1
1046,6.717845659163985,30.205787781350477,12.692863464355469,1
1047,6.227491961414789,30.401929260450153,20.922151565551758,1
1048,5.884244372990352,30.401929260450153,24.740251541137695,1
1049,5.590032154340835,30.499999999999993,19.65049934387207,1
1050,5.295819935691317,30.450964630225073,25.166513442993164,1
1051,5.001607717041799,30.499999999999993,21.645408630371094,1
1052,4.707395498392282,30.450964630225073,17.99066734313965,1
1053,4.462218649517684,30.450964630225073,13.630395889282227,1
1054,4.168006430868166,30.401929260450153,17.293127059936523,1
1055,3.8737942122186486,30.450964630225073,16.204307556152344,1
1056,3.5305466237942116,30.450964630225073,9.396592140197754,1
1057,3.334405144694533,30.401929260450153,10.743659019470215,1
1058,3.334405144694533,30.352893890675233,18.686172485351562,1
1059,3.2853697749196136,30.352893890675233,19.829143524169922,1
1060,3.2853697749196136,30.303858520900313,24.080713272094727,1
1061,3.2363344051446936,30.303858520900313,7.920205116271973,1
1062,3.2363344051446936,30.254823151125397,6.474931716918945,1
1063,3.2853697749196136,30.254823151125397,17.78558921813965,1
1064,3.2853697749196136,30.205787781350477,22.339733123779297,1
1065,3.2363344051446936,30.205787781350477,25.177616119384766,1
1066,3.2363344051446936,30.156752411575557,29.615957260131836,1
1067,3.2363344051446936,30.205787781350477,28.377647399902344,1
1068,3.2853697749196136,30.058681672025717,20.313568115234375,1
1069,3.2363344051446936,30.156752411575557,20.814571380615234,1
1070,3.2363344051446936,30.156752411575557,19.43840217590332,1
1071,3.2363344051446936,30.156752411575557,26.8774356842041,1
1072,3.2853697749196136,29.911575562700957,17.09829330444336,1
1073,3.187299035369774,30.058681672025717,37.055702209472656,1
1074,3.187299035369774,29.960610932475877,35.598968505859375,1
1075,3.187299035369774,30.009646302250797,36.17036819458008,1
1076,3.2363344051446936,29.813504823151117,24.45146942138672,1
1077,3.187299035369774,29.813504823151117,26.148359298706055,1
1078,3.187299035369774,29.7644694533762,26.80728530883789,1
1079,3.187299035369774,29.71543408360128,32.88807678222656,1
1080,3.1382636655948546,29.71543408360128,33.46588897705078,1
1081,3.1382636655948546,29.71543408360128,31.231185913085938,1
1082,3.1382636655948546,29.71543408360128,32.70545196533203,1
1083,3.187299035369774,29.66639871382636,37.1198616027832,1
1084,3.2363344051446936,29.66639871382636,38.29335021972656,1
1085,3.1382636655948546,29.61736334405144,37.30121612548828,1
1086,3.1382636655948546,29.56832797427652,39.86062240600586,1
1087,3.1382636655948546,29.56832797427652,40.025020599365234,1
1088,3.089228295819935,29.56832797427652,40.72727966308594,1
1089,3.089228295819935,29.56832797427652,38.64118957519531,1
1090,3.089228295819935,29.47025723472668,39.2869987487793,1
1091,3.0401929260450156,29.47025723472668,40.37966537475586,1
1092,3.0401929260450156,29.5192926045016,41.49175262451172,1
1093,3.0401929260450156,29.5192926045016,41.92449951171875,1
1094,3.089228295819935,29.56832797427652,39.006290435791016,1
1095,3.1382636655948546,29.61736334405144,38.3232307434082,1
1096,3.187299035369774,29.56832797427652,41.99424743652344,1
1097,3.1382636655948546,29.56832797427652,39.306365966796875,1
1098,3.089228295819935,29.56832797427652,40.23399353027344,1
1099,3.1382636655948546,29.56832797427652,46.509681701660156,1
1100,3.089228295819935,29.5192926045016,36.5675163269043,1
1101,3.089228295819935,29.5192926045016,38.66001892089844,1
1102,3.1382636655948546,29.47025723472668,43.66150665283203,1
1103,3.0401929260450156,29.42122186495176,40.03438949584961,1
1104,3.0401929260450156,29.42122186495176,45.976837158203125,1
1105,2.9911575562700956,29.42122186495176,42.23230743408203,1
1106,2.942122186495176,29.47025723472668,53.021484375,1
1107,2.942122186495176,29.42122186495176,49.72486877441406,1
1108,2.9911575562700956,29.42122186495176,43.103485107421875,1
1109,2.9911575562700956,29.42122186495176,43.452571868896484,1
1110,2.9911575562700956,29.42122186495176,41.955894470214844,1
1111,3.0401929260450156,29.37218649517684,44.59947967529297,1
1112,3.089228295819935,29.42122186495176,41.91130447387695,1
1113,3.2363344051446936,29.5192926045016,39.00590515136719,1
1114,3.2853697749196136,29.61736334405144,31.3538761138916,1
1115,3.2853697749196136,29.66639871382636,26.020891189575195,1
1116,3.432475884244372,29.71543408360128,26.448680877685547,1
1117,3.4815112540192916,29.61736334405144,25.3685359954834,1
1118,3.579581993569131,29.5192926045016,29.127452850341797,1
1119,3.3834405144694526,29.56832797427652,22.724443435668945,1
1120,3.7757234726688096,29.176045016077165,9.797472953796387,1
1121,3.922829581993568,29.028938906752405,12.513418197631836,1
1122,3.824758842443729,28.979903536977485,15.167769432067871,1
1123,3.7757234726688096,28.832797427652725,19.479503631591797,1
1124,3.432475884244372,28.930868167202565,32.3961296081543,1
1125,3.579581993569131,28.73472668810289,25.553573608398438,1
1126,3.432475884244372,28.63665594855305,29.899620056152344,1
1127,3.4815112540192916,28.63665594855305,28.3074951171875,1
1128,3.5305466237942116,28.63665594855305,28.669069290161133,1
1129,3.67765273311897,28.73472668810289,13.138214111328125,1
1130,4.118971061093247,29.028938906752405,96.86463165283203,1
1131,4.217041800643086,29.176045016077165,128.7951202392578,1
1132,4.168006430868166,29.37218649517684,65.11873626708984,1
1133,4.168006430868166,29.47025723472668,65.4568099975586,1
1134,4.168006430868166,29.47025723472668,64.1213607788086,1
1135,4.217041800643086,29.47025723472668,61.568382263183594,1
1136,4.217041800643086,29.37218649517684,65.7017822265625,1
1137,4.266077170418005,29.176045016077165,90.72698974609375,1
1138,4.217041800643086,29.176045016077165,113.36154174804688,1
1139,4.118971061093247,28.881832797427645,128.69105529785156,1
1140,4.020900321543407,28.832797427652725,133.2285614013672,1
1141,3.922829581993568,28.63665594855305,163.0467071533203,1
1142,3.9718649517684876,28.58762057877813,3.4644596576690674,1
1143,3.922829581993568,28.53858520900321,167.36648559570312,1
1144,4.069935691318327,28.53858520900321,169.54685974121094,1
1145,4.069935691318327,28.39147909967845,14.341181755065918,1
1146,4.020900321543407,28.39147909967845,14.5297269821167,1
1147,3.8737942122186486,28.44051446945337,178.96168518066406,1
1148,3.9718649517684876,28.39147909967845,20.842790603637695,1
1149,3.922829581993568,28.44051446945337,159.8634490966797,1
1150,4.069935691318327,28.39147909967845,18.791824340820312,1
1151,4.020900321543407,28.44051446945337,154.99746704101562,1
1152,3.9718649517684876,28.44051446945337,148.0372772216797,1
1153,4.168006430868166,28.34244372990353,12.711904525756836,1
1154,4.168006430868166,28.34244372990353,148.61253356933594,1
1155,4.020900321543407,28.39147909967845,151.5310821533203,1
1156,3.7757234726688096,28.097266881028933,38.90412902832031,1
1157,3.6286173633440506,28.39147909967845,30.624691009521484,1
1158,3.5305466237942116,28.34244372990353,44.12662887573242,1
1159,3.6286173633440506,28.097266881028933,40.70600128173828,1
1160,,,,0
1161,,,,0
1162,,,,0
1163,,,,0
1164,,,,0
1165,,,,0
1166,,,,0
1167,,,,0
1168,,,,0
1169,,,,0
1170,,,,0
1171,,,,0
1172,,,,0
1173,,,,0
1174,,,,0
1175,,,,0
1176,,,,0
1177,,,,0
1178,3.5305466237942116,28.39147909967845,48.174659729003906,1
1179,3.334405144694533,28.44051446945337,35.34672164916992,1
1180,3.334405144694533,28.39147909967845,35.48488235473633,1
1181,3.2853697749196136,28.39147909967845,39.94746398925781,1
1182,3.187299035369774,28.44051446945337,46.78117370605469,1
1183,3.432475884244372,27.999196141479093,36.667964935302734,1
1184,4.217041800643086,29.127009646302245,86.73661804199219,1
1185,4.069935691318327,28.881832797427645,172.56263732910156,1
1186,4.069935691318327,30.303858520900313,26.80124282836914,1
1187,4.069935691318327,30.352893890675233,30.00019073486328,1
1188,4.266077170418005,30.254823151125397,33.40943145751953,1
1189,4.168006430868166,30.352893890675233,30.72768783569336,1
1190,4.266077170418005,30.254823151125397,32.24435043334961,1
1191,4.118971061093247,30.352893890675233,29.50897979736328,1
1192,4.217041800643086,30.303858520900313,30.798824310302734,1
1193,4.168006430868166,30.303858520900313,30.758533477783203,1
1194,4.118971061093247,30.303858520900313,29.928333282470703,1
1195,4.069935691318327,30.352893890675233,28.24257469177246,1
1196,3.6286173633440506,28.881832797427645,22.805971145629883,1
1197,,,,0
1198,,,,0
1199,,,,0
1200,,,,0
1201,,,,0
1202,,,,0
1203,,,,0
1204,,,,0
1205,,,,0
1206,,,,0
1207,,,,0
1208,3.579581993569131,28.48954983922829,30.846105575561523,1
1209,3.4815112540192916,28.39147909967845,37.428192138671875,1
1210,3.432475884244372,28.39147909967845,40.59117889404297,1
1211,3.3834405144694526,28.39147909967845,48.47733688354492,1
1212,,,,0
1213,,,,0
1214,,,,0
1215,,,,0
1216,,,,0
1217,,,,0
1218,,,,0
1219,,,,0
1220,,,,0
1221,,,,0
1222,,,,0
1223,,,,0
1224,,,,0
1225,,,,0
1226,,,,0
1227,,,,0
1228,,,,0
1229,,,,0
1230,,,,0
1231,,,,0
1232,,,,0
1233,,,,0
1234,,,,0
1235,,,,0
1236,,,,0
1237,,,,0
1238,,,,0
1239,,,,0
1240,,,,0
1241,,,,0
1242,,,,0
1243,,,,0
1244,,,,0
1245,,,,0
1246,,,,0
1247,,,,0
1248,,,,0
1249,,,,0
1250,,,,0
1251,,,,0
1252,,,,0
1253,,,,0
1254,,,,0
1255,,,,0
1256,,,,0
1257,,,,0
1258,,,,0
1259,,,,0
1260,,,,0
1261,,,,0
1262,,,,0
1263,,,,0
1264,3.5305466237942116,28.48954983922829,35.24589157104492,1
1265,,,,0
1266,,,,0
1267,,,,0
1268,,,,0
1269,,,,0
1270,,,,0
1271,,,,0
1272,,,,0
1273,,,,0
1274,,,,0
1275,,,,0
1276,,,,0
1277,,,,0
1278,,,,0
1279,,,,0
1280,,,,0
1281,,,,0
1282,,,,0
1283,,,,0
1284,,,,0
1285,,,,0
1286,3.9718649517684876,28.44051446945337,173.888916015625,1
1287,,,,0
1288,,,,0
1289,,,,0
1290,,,,0
1291,,,,0
1292,,,,0
1293,,,,0
1294,,,,0
1295,,,,0
1296,,,,0
1297,,,,0
1298,,,,0
1299,,,,0
1300,,,,0
1301,,,,0
1302,,,,0
1303,,,,0
1304,,,,0
1305,,,,0
1306,,,,0
1307,,,,0
1308,,,,0
1309,,,,0
1310,,,,0
1311,,,,0
1312,,,,0
1313,,,,0
1314,,,,0
1315,,,,0
1316,,,,0
1317,,,,0
1318,,,,0
1319,,,,0
1320,,,,0
1321,,,,0
1322,,,,0
1323,,,,0
1324,,,,0
1325,,,,0
1326,,,,0
1327,,,,0
1328,,,,0
1329,,,,0
1330,,,,0
1331,,,,0
1332,,,,0
1333,,,,0
1334,,,,0
1335,,,,0
1336,,,,0
1337,,,,0
1338,,,,0
1339,,,,0
1340,4.315112540192925,28.44051446945337,162.51531982421875,1
1341,4.413183279742764,28.48954983922829,159.6238555908203,1
1342,,,,0
1343,,,,0
1344,,,,0
1345,,,,0
1346,,,,0
1347,,,,0
1348,,,,0
1349,,,,0
1350,3.3834405144694526,28.48954983922829,34.64314270019531,1
1351,3.334405144694533,28.293408360128613,34.38920974731445,1
1352,3.2363344051446936,28.39147909967845,35.265743255615234,1
1353,3.1382636655948546,28.34244372990353,41.3940544128418,1
1354,3.089228295819935,28.34244372990353,41.082889556884766,1
1355,2.942122186495176,28.39147909967845,45.68858337402344,1
1356,2.7950160771704176,28.53858520900321,49.857078552246094,1
1357,2.7950160771704176,28.58762057877813,50.636322021484375,1
1358,2.7950160771704176,28.48954983922829,46.87858200073242,1
1359,2.696945337620578,28.58762057877813,50.51607131958008,1
1360,2.7950160771704176,28.44051446945337,45.870872497558594,1
1361,2.7950160771704176,28.44051446945337,46.432106018066406,1
1362,2.7950160771704176,28.48954983922829,51.04592514038086,1
1363,2.844051446945337,28.39147909967845,46.122840881347656,1
1364,2.7459807073954976,28.53858520900321,51.01738357543945,1
1365,2.7459807073954976,28.44051446945337,45.697959899902344,1
1366,2.7459807073954976,28.48954983922829,47.40119934082031,1
1367,2.7950160771704176,28.53858520900321,44.7999382019043,1
1368,2.696945337620578,28.39147909967845,50.4148063659668,1
1369,2.598874598070739,28.293408360128613,56.66325378417969,1
1370,2.45176848874598,28.293408360128613,63.187660217285156,1
1371,2.3046623794212215,28.244372990353693,62.26719665527344,1
1372,2.1575562700964626,28.34244372990353,77.51234436035156,1
1373,2.108520900321543,28.195337620578773,73.59024047851562,1
1374,2.0104501607717036,28.293408360128613,80.91574096679688,1
1375,1.9123794212218646,28.44051446945337,81.27906799316406,1
1376,1.8633440514469448,28.39147909967845,87.41295623779297,1
1377,1.8143086816720253,28.34244372990353,89.63249969482422,1
1378,1.8633440514469448,28.58762057877813,99.70396423339844,1
1379,2.0104501607717036,28.73472668810289,117.32083892822266,1
1380,2.353697749196141,28.979903536977485,118.07925415039062,1
1381,2.6479099678456586,29.225080385852085,128.75735473632812,1
1382,3.0401929260450156,29.47025723472668,139.634521484375,1
1383,3.432475884244372,29.61736334405144,156.75901794433594,1
1384,4.217041800643086,29.813504823151117,172.31710815429688,1
1385,5.197749196141478,29.5192926045016,26.311222076416016,1
1386,5.099678456591639,29.127009646302245,44.223018646240234,1
1387,5.099678456591639,28.63665594855305,59.337120056152344,1
1388,5.050643086816719,28.195337620578773,68.64933776855469,1
1389,4.90353697749196,27.901125401929253,77.47256469726562,1
1390,4.707395498392282,27.459807073954977,85.4988021850586,1
1391,4.511254019292603,27.11655948553054,93.3770523071289,1
1392,4.266077170418005,26.675241157556265,99.84329986572266,1
1393,3.922829581993568,26.28295819935691,117.3198013305664,1
1394,3.3834405144694526,25.89067524115755,136.26475524902344,1
1395,2.942122186495176,25.743569131832793,165.2372283935547,1
1396,2.844051446945337,25.498392282958193,156.666748046875,1
1397,2.696945337620578,25.253215434083597,153.5325927734375,1
1398,2.598874598070739,25.106109324758837,145.94081115722656,1
1399,2.5008038585208996,24.959003215434077,135.74301147460938,1
1400,2.4027331189710606,24.66479099678456,122.18571472167969,1
1401,2.206591639871382,24.46864951768488,124.87254333496094,1
1402,2.1575562700964626,24.125401929260445,105.13134765625,1
1403,2.0104501607717036,23.880225080385845,101.62397766113281,1
1404,1.7652733118971058,23.58601286173633,102.2348403930664,1
1405,1.6672025723472665,23.340836012861732,99.11933135986328,1
1406,1.6672025723472665,22.997588424437293,91.88630676269531,1
1407,1.5691318327974273,22.703376205787777,89.05422973632812,1
1408,1.471061093247588,22.36012861736334,92.5835952758789,1
1409,1.3729903536977488,22.0168810289389,92.0279541015625,1
1410,1.1278135048231508,21.673633440514465,87.21685028076172,1
1411,0.980707395498392,21.33038585209003,91.13114929199219,1
1412,1.0297427652733118,20.98713826366559,90.14696502685547,1
1413,0.980707395498392,20.643890675241153,85.90513610839844,1
1414,0.980707395498392,20.300643086816716,85.53376007080078,1
1415,0.980707395498392,19.957395498392277,90.02872467041016,1
1416,0.980707395498392,19.66318327974276,87.99407958984375,1
1417,1.0297427652733118,19.368971061093244,86.84994506835938,1
1418,1.0297427652733118,19.025723472668805,90.2183609008789,1
1419,0.980707395498392,18.63344051446945,86.39098358154297,1
1420,0.980707395498392,18.290192926045012,82.84551239013672,1
1421,0.9316720257234724,17.799839228295816,88.86943817138672,1
1422,0.9316720257234724,17.45659163987138,88.12196350097656,1
1423,1.0787781350482313,17.11334405144694,88.10111236572266,1
1424,1.1768488745980705,16.770096463022504,84.42628479003906,1
1425,1.3239549839228293,16.27974276527331,87.2158203125,1
1426,1.4220257234726685,15.740353697749192,83.5206069946289,1
1427,1.5200964630225078,15.151929260450157,82.5498275756836,1
1428,1.5691318327974273,14.563504823151122,87.36587524414062,1
1429,1.471061093247588,14.073151125401926,96.7682113647461,1
1430,1.3239549839228293,13.680868167202568,101.0846939086914,1
1431,1.3239549839228293,13.239549839228292,98.38256072998047,1
1432,1.2749196141479098,12.798231511254016,99.8167953491211,1
1433,1.2749196141479098,12.700160771704176,105.0666732788086,1
1434,1.2749196141479098,12.20980707395498,95.9027099609375,1
1435,1.2749196141479098,11.817524115755624,96.2572021484375,1
1436,1.1278135048231508,11.474276527331186,102.59490203857422,1
1437,1.0787781350482313,11.13102893890675,101.22100067138672,1
1438,1.0787781350482313,10.836816720257232,97.85338592529297,1
1439,1.0787781350482313,10.542604501607714,98.58391571044922,1
1440,0.980707395498392,10.248392282958196,98.12969207763672,1
1441,1.0787781350482313,9.95418006430868,94.06890869140625,1
1442,1.0787781350482313,9.85610932475884,94.2077865600586,1
1443,0.8826366559485529,9.267684887459804,95.10309600830078,1
1444,0.8826366559485529,8.826366559485528,92.50358581542969,1
1445,0.8826366559485529,8.63022508038585,89.60272979736328,1
1446,0.6864951768488744,8.336012861736332,94.0987777709961,1
1447,0.6864951768488744,8.090836012861734,92.38858795166016,1
1448,0.5884244372990353,7.698553054662377,92.3411865234375,1
1449,0.5884244372990353,7.502411575562699,90.65094757080078,1
1450,0.5393890675241156,7.257234726688101,90.64092254638672,1
1451,0.5393890675241156,7.012057877813503,89.9314956665039,1
1452,0.5884244372990353,6.619774919614146,92.4532241821289,1
1453,0.5393890675241156,6.374598070739548,93.75334167480469,1
1454,0.6374598070739549,6.12942122186495,83.68955993652344,1
1455,0.8826366559485529,5.688102893890674,81.2759017944336,1
1456,0.980707395498392,5.393890675241156,79.3034896850586,1
1457,1.0787781350482313,5.050643086816719,79.75079345703125,1
1458,1.0787781350482313,4.707395498392282,78.94318389892578,1
1459,1.0297427652733118,4.658360128617362,86.61683654785156,1
1460,0.980707395498392,4.364147909967845,93.26789855957031,1
1461,0.8826366559485529,4.069935691318327,101.48810577392578,1
1462,1.0297427652733118,3.67765273311897,89.14846801757812,1
1463,1.1278135048231508,3.432475884244372,86.25862121582031,1
1464,1.22588424437299,3.187299035369774,86.48834991455078,1
1465,1.2749196141479098,2.9911575562700956,92.13134765625,1
1466,1.22588424437299,2.7459807073954976,94.031494140625,1
1467,1.1768488745980705,2.353697749196141,100.71939849853516,1
1468,1.1768488745980705,2.1575562700964626,102.77455139160156,1
1469,1.22588424437299,2.3046623794212215,106.96726989746094,1
1470,1.3239549839228293,2.3046623794212215,103.64089965820312,1
1471,1.3239549839228293,2.3046623794212215,100.25719451904297,1
1472,1.2749196141479098,2.206591639871382,113.49702453613281,1
1473,1.3729903536977488,2.206591639871382,106.73540496826172,1
1474,1.471061093247588,2.2556270096463016,113.70941925048828,1
1475,1.4220257234726685,2.206591639871382,115.14571380615234,1
1476,1.5200964630225078,2.206591639871382,107.9543228149414,1
1477,1.5200964630225078,2.1575562700964626,107.0413589477539,1
1478,1.5691318327974273,2.3046623794212215,116.30582427978516,1
1479,1.6181672025723468,2.3046623794212215,100.7293472290039,1
1480,1.5200964630225078,2.206591639871382,120.59197998046875,1
1481,1.471061093247588,2.0594855305466235,112.36509704589844,1
1482,1.471061093247588,2.0104501607717036,116.90930938720703,1
1483,1.5691318327974273,2.108520900321543,112.96806335449219,1
1484,1.5691318327974273,2.108520900321543,118.62918853759766,1
1485,1.6181672025723468,2.0104501607717036,120.9112777709961,1
1486,1.6672025723472665,2.0104501607717036,123.70821380615234,1
1487,1.6181672025723468,2.0104501607717036,118.71720886230469,1
1488,1.6181672025723468,1.961414790996784,116.31475830078125,1
1489,1.5691318327974273,1.961414790996784,120.29948425292969,1
1490,1.6181672025723468,2.0104501607717036,119.58245086669922,1
1491,1.6672025723472665,2.0594855305466235,115.19916534423828,1
1492,1.6181672025723468,2.0594855305466235,118.59312438964844,1
1493,1.6672025723472665,2.0594855305466235,117.75731658935547,1
1494,1.6181672025723468,2.0104501607717036,115.23883819580078,1
1495,1.5200964630225078,2.0594855305466235,119.04254150390625,1
1496,1.4220257234726685,2.0104501607717036,111.41746520996094,1
1497,1.471061093247588,2.0594855305466235,114.83213806152344,1
1498,1.471061093247588,2.0594855305466235,109.88875579833984,1
1499,1.4220257234726685,2.0594855305466235,108.8265380859375,1
1500,1.5200964630225078,2.0594855305466235,112.8866958618164,1
1501,1.6181672025723468,2.108520900321543,110.21771240234375,1
1502,1.716237942122186,2.2556270096463016,120.39910125732422,1
1503,1.8143086816720253,2.206591639871382,109.4577865600586,1
1504,1.6181672025723468,2.2556270096463016,123.35279846191406,1
1505,1.716237942122186,2.206591639871382,107.9584732055664,1
1506,1.6181672025723468,2.353697749196141,119.336181640625,1
1507,1.6672025723472665,2.353697749196141,104.00433349609375,1
1508,1.6181672025723468,2.45176848874598,120.8829116821289,1
1509,1.6672025723472665,2.4027331189710606,101.26558685302734,1
1510,1.5691318327974273,2.4027331189710606,106.8143539428711,1
1511,1.471061093247588,2.5008038585208996,108.51608276367188,1
1512,1.3729903536977488,2.5008038585208996,106.35669708251953,1
1513,1.3729903536977488,2.353697749196141,100.8158950805664,1
1514,1.1768488745980705,2.206591639871382,106.38526153564453,1
1515,1.22588424437299,2.206591639871382,109.14473724365234,1
1516,1.3729903536977488,2.2556270096463016,110.09224700927734,1
1517,1.471061093247588,2.1575562700964626,105.49253845214844,1
1518,1.5200964630225078,2.108520900321543,108.63069152832031,1
1519,1.5200964630225078,2.206591639871382,114.45635223388672,1
1520,1.5200964630225078,2.1575562700964626,118.26410675048828,1
1521,1.5200964630225078,2.0594855305466235,117.72207641601562,1
1522,1.5200964630225078,2.108520900321543,116.25392150878906,1
1523,1.5200964630225078,2.0594855305466235,118.19963073730469,1
1524,1.5200964630225078,2.0104501607717036,117.8934326171875,1
1525,1.716237942122186,2.108520900321543,113.967529296875,1
1526,1.7652733118971058,1.9123794212218646,120.23490142822266,1
1527,1.9123794212218646,2.0104501607717036,120.09373474121094,1
1528,1.961414790996784,2.0594855305466235,119.49018859863281,1
1529,2.3046623794212215,2.2556270096463016,109.98825073242188,1
1530,2.206591639871382,2.0104501607717036,123.42183685302734,1
1531,2.1575562700964626,1.8633440514469448,124.86125946044922,1
1532,2.206591639871382,1.8143086816720253,130.36683654785156,1
1533,2.3046623794212215,1.8143086816720253,127.65152740478516,1
1534,2.3046623794212215,1.7652733118971058,128.1375274658203,1
1535,2.45176848874598,1.8143086816720253,123.86641693115234,1
1536,2.45176848874598,1.8143086816720253,123.2483139038086,1
1537,2.3046623794212215,1.6672025723472665,138.27886962890625,1
1538,2.7950160771704176,1.961414790996784,121.86616516113281,1
1539,2.844051446945337,2.0104501607717036,130.75413513183594,1
1540,2.598874598070739,1.8143086816720253,140.40921020507812,1
1541,2.5498392282958195,1.7652733118971058,135.5800018310547,1
1542,2.598874598070739,1.8143086816720253,138.6977996826172,1
1543,2.696945337620578,1.8633440514469448,123.63902282714844,1
1544,2.6479099678456586,1.8143086816720253,137.98435974121094,1
1545,2.696945337620578,1.8143086816720253,122.68456268310547,1
1546,2.844051446945337,1.9123794212218646,123.37837219238281,1
1547,2.8930868167202566,1.8633440514469448,126.98632049560547,1
1548,2.844051446945337,1.8633440514469448,127.09273529052734,1
1549,2.7950160771704176,1.8143086816720253,126.14826965332031,1
1550,2.7459807073954976,1.8633440514469448,128.64857482910156,1
1551,2.598874598070739,1.716237942122186,129.28512573242188,1
1552,2.45176848874598,1.6181672025723468,129.14332580566406,1
1553,2.5008038585208996,1.6181672025723468,131.30751037597656,1
1554,2.5498392282958195,1.5200964630225078,135.40322875976562,1
1555,2.598874598070739,1.4220257234726685,135.2728271484375,1
1556,2.6479099678456586,1.4220257234726685,137.48899841308594,1
1557,2.7459807073954976,1.3239549839228293,146.45797729492188,1
1558,2.5498392282958195,1.1768488745980705,153.26206970214844,1
1559,2.4027331189710606,1.22588424437299,154.4579315185547,1
1560,2.598874598070739,1.471061093247588,167.81353759765625,1
1561,2.9911575562700956,1.6181672025723468,147.9320068359375,1
1562,2.8930868167202566,1.7652733118971058,134.72509765625,1
1563,2.696945337620578,1.716237942122186,124.91446685791016,1
1564,2.696945337620578,1.8143086816720253,118.10633850097656,1
1565,2.7459807073954976,1.7652733118971058,122.35050964355469,1
1566,2.6479099678456586,1.6672025723472665,132.33816528320312,1
1567,2.598874598070739,1.5691318327974273,133.83883666992188,1
1568,2.7459807073954976,1.6181672025723468,123.78363800048828,1
1569,2.7950160771704176,1.6181672025723468,129.0636749267578,1
1570,2.844051446945337,1.6672025723472665,130.53871154785156,1
1571,2.942122186495176,1.7652733118971058,126.23538208007812,1
1572,2.8930868167202566,1.8143086816720253,123.87641906738281,1
1573,2.8930868167202566,1.8633440514469448,120.59561920166016,1
1574,2.7459807073954976,1.7652733118971058,127.31375122070312,1
1575,2.7459807073954976,1.716237942122186,124.3072509765625,1
1576,2.7459807073954976,1.6181672025723468,126.33409881591797,1
1577,2.844051446945337,1.6672025723472665,123.79419708251953,1
1578,3.0401929260450156,1.8143086816720253,119.92821502685547,1
1579,3.089228295819935,1.8633440514469448,108.70001983642578,1
1580,3.0401929260450156,1.7652733118971058,127.63999938964844,1
1581,2.7950160771704176,1.5200964630225078,128.55369567871094,1
1582,2.5008038585208996,1.3239549839228293,145.64602661132812,1
1583,2.598874598070739,1.3729903536977488,144.71310424804688,1
1584,2.7950160771704176,1.3239549839228293,143.11793518066406,1
1585,2.9911575562700956,1.3729903536977488,133.99339294433594,1
1586,2.942122186495176,1.3729903536977488,138.94976806640625,1
1587,2.696945337620578,1.2749196141479098,136.9783935546875,1
1588,2.7950160771704176,1.4220257234726685,134.43170166015625,1
1589,2.844051446945337,1.5200964630225078,128.55816650390625,1
1590,2.8930868167202566,1.6672025723472665,132.49661254882812,1
1591,2.844051446945337,1.5691318327974273,135.77088928222656,1
1592,3.187299035369774,1.7652733118971058,113.1952133178711,1
1593,3.089228295819935,1.716237942122186,128.4601593017578,1
1594,2.8930868167202566,1.5691318327974273,129.21823120117188,1
1595,3.1382636655948546,1.7652733118971058,115.65926361083984,1
1596,2.844051446945337,1.5200964630225078,131.9029998779297,1
1597,2.5008038585208996,1.3729903536977488,148.9456787109375,1
1598,3.334405144694533,1.8143086816720253,99.42462921142578,1
1599,3.0401929260450156,1.7652733118971058,122.63899230957031,1
1600,3.334405144694533,1.8633440514469448,87.51126861572266,1
1601,3.3834405144694526,1.961414790996784,85.37601470947266,1
1602,3.334405144694533,2.108520900321543,77.01449584960938,1
1603,3.2363344051446936,2.2556270096463016,71.43610382080078,1
1604,3.187299035369774,2.4027331189710606,60.66971206665039,1
1605,3.089228295819935,2.5498392282958195,44.34307098388672,1
1606,3.2363344051446936,1.961414790996784,79.94805145263672,1
1607,2.8930868167202566,1.471061093247588,135.15036010742188,1
1608,2.8930868167202566,1.3729903536977488,128.6329803466797,1
1609,2.844051446945337,1.3729903536977488,135.68402099609375,1
1610,3.1382636655948546,1.6181672025723468,108.36666870117188,1
1611,2.7459807073954976,1.3729903536977488,140.56845092773438,1
1612,3.3834405144694526,1.9123794212218646,89.28616333007812,1
1613,3.2853697749196136,2.45176848874598,53.028594970703125,1
1614,3.187299035369774,2.353697749196141,47.31385803222656,1
1615,3.0401929260450156,2.5008038585208996,27.17024803161621,1
1616,3.187299035369774,2.5008038585208996,58.68149948120117,1
1617,3.1382636655948546,2.5498392282958195,23.295440673828125,1
1618,3.1382636655948546,2.45176848874598,30.197429656982422,1
1619,3.3834405144694526,1.961414790996784,78.14584350585938,1
1620,3.432475884244372,2.0594855305466235,74.82992553710938,1
1621,3.2363344051446936,2.598874598070739,38.71091079711914,1
1622,3.187299035369774,2.598874598070739,32.82608413696289,1
1623,3.089228295819935,2.696945337620578,19.03584098815918,1
1624,,,,0
1625,2.8930868167202566,2.696945337620578,21.81375503540039,1
1626,,,,0
1627,,,,0
1628,2.9911575562700956,2.5008038585208996,164.8802490234375,1
1629,3.3834405144694526,1.3239549839228293,150.01608276367188,1
1630,3.0401929260450156,1.22588424437299,151.6421356201172,1
1631,,,,0
1632,,,,0
1633,3.187299035369774,2.696945337620578,177.05369567871094,1
1634,3.089228295819935,2.7459807073954976,20.670663833618164,1
1635,,,,0
1636,2.8930868167202566,2.598874598070739,164.4327392578125,1
1637,,,,0
1638,,,,0
1639,,,,0
1640,3.1382636655948546,1.3239549839228293,154.5651092529297,1
1641,3.334405144694533,1.716237942122186,117.16128540039062,1
1642,3.67765273311897,1.8633440514469448,95.7647705078125,1
1643,3.6286173633440506,2.2556270096463016,59.515586853027344,1
1644,3.432475884244372,2.5008038585208996,29.224687576293945,1
1645,,,,0
1646,,,,0
1647,,,,0
1648,3.089228295819935,1.3239549839228293,150.8292694091797,1
1649,3.5305466237942116,1.716237942122186,94.85587310791016,1
1650,3.6286173633440506,2.206591639871382,103.6721420288086,1
1651,,,,0
1652,,,,0
1653,,,,0
1654,,,,0
1655,,,,0
1656,,,,0
1657,2.7459807073954976,2.696945337620578,161.02182006835938,1
1658,,,,0
1659,,,,0
1660,,,,0
1661,2.696945337620578,1.0787781350482313,157.655029296875,1
1662,,,,0
1663,,,,0
1664,3.5305466237942116,2.206591639871382,81.85865783691406,1
1665,,,,0
1666,,,,0
1667,,,,0
1668,,,,0
1669,,,,0
1670,,,,0
1671,,,,0
1672,3.089228295819935,2.7950160771704176,12.307356834411621,1
1673,2.206591639871382,2.7459807073954976,162.9272003173828,1
1674,2.1575562700964626,2.6479099678456586,150.04171752929688,1
1675,2.108520900321543,2.696945337620578,151.81387329101562,1
1676,1.961414790996784,2.7950160771704176,137.91552734375,1
1677,1.9123794212218646,3.0401929260450156,165.339111328125,1
1678,1.7652733118971058,2.8930868167202566,148.02813720703125,1
1679,1.716237942122186,2.8930868167202566,151.20126342773438,1
1680,1.7652733118971058,2.7950160771704176,143.1749267578125,1
1681,1.6672025723472665,2.9911575562700956,135.8564453125,1
1682,1.6672025723472665,2.942122186495176,139.22125244140625,1
1683,1.7652733118971058,3.0401929260450156,143.34970092773438,1
1684,1.7652733118971058,3.0401929260450156,144.99862670898438,1
1685,1.9123794212218646,3.089228295819935,146.49525451660156,1
1686,1.8633440514469448,3.0401929260450156,142.385009765625,1
1687,1.9123794212218646,2.942122186495176,66.20823669433594,1
1688,1.716237942122186,2.8930868167202566,145.1942138671875,1
1689,1.6672025723472665,3.1382636655948546,138.37765502929688,1
1690,1.7652733118971058,3.2363344051446936,176.15158081054688,1
1691,1.6181672025723468,3.187299035369774,156.08677673339844,1
1692,1.6672025723472665,3.187299035369774,154.91661071777344,1
1693,1.5691318327974273,3.089228295819935,150.3849639892578,1
1694,1.471061093247588,3.089228295819935,146.29893493652344,1
1695,1.471061093247588,3.0401929260450156,145.2730255126953,1
1696,1.3729903536977488,2.9911575562700956,134.00054931640625,1
1697,1.3729903536977488,2.9911575562700956,139.8667755126953,1
1698,1.3729903536977488,3.0401929260450156,139.0358123779297,1
1699,1.3239549839228293,3.0401929260450156,138.2679443359375,1
1700,1.2749196141479098,2.9911575562700956,134.3307647705078,1
1701,1.3729903536977488,3.0401929260450156,134.7056121826172,1
1702,1.471061093247588,3.089228295819935,143.0048370361328,1
1703,1.6672025723472665,3.2853697749196136,165.47531127929688,1
1704,1.6672025723472665,3.3834405144694526,150.98904418945312,1
1705,1.5691318327974273,3.334405144694533,148.01126098632812,1
1706,1.471061093247588,3.187299035369774,143.0638427734375,1
1707,1.4220257234726685,3.1382636655948546,144.32437133789062,1
1708,1.3729903536977488,3.1382636655948546,143.7930145263672,1
1709,1.4220257234726685,3.1382636655948546,142.70761108398438,1
1710,1.4220257234726685,3.432475884244372,152.67364501953125,1
1711,1.5200964630225078,3.334405144694533,140.79315185546875,1
1712,1.471061093247588,3.3834405144694526,133.35218811035156,1
1713,1.5200964630225078,3.432475884244372,148.8319854736328,1
1714,1.471061093247588,3.334405144694533,137.20372009277344,1
1715,1.4220257234726685,3.432475884244372,149.51419067382812,1
1716,1.2749196141479098,3.0401929260450156,130.04148864746094,1
1717,1.471061093247588,3.4815112540192916,159.57618713378906,1
1718,1.4220257234726685,3.2363344051446936,148.1456298828125,1
1719,1.8633440514469448,3.432475884244372,21.93839454650879,1
1720,1.9123794212218646,3.4815112540192916,29.96036720275879,1
1721,2.3046623794212215,3.089228295819935,65.9243392944336,1
1722,2.108520900321543,3.432475884244372,36.38507843017578,1
1723,2.2556270096463016,3.1382636655948546,67.10408782958984,1
1724,2.206591639871382,3.2363344051446936,61.49787139892578,1
1725,2.45176848874598,3.334405144694533,56.54969024658203,1
1726,2.3046623794212215,3.4815112540192916,40.94376754760742,1
1727,2.4027331189710606,3.4815112540192916,33.359378814697266,1
1728,2.45176848874598,3.2853697749196136,48.84922790527344,1
1729,2.206591639871382,3.432475884244372,29.68321418762207,1
1730,2.108520900321543,3.5305466237942116,16.821550369262695,1
1731,2.0594855305466235,3.5305466237942116,16.933135986328125,1
1732,2.1575562700964626,3.4815112540192916,24.409841537475586,1
1733,2.206591639871382,3.4815112540192916,31.213382720947266,1
1734,,,,0
1735,,,,0
1736,,,,0
1737,,,,0
1738,,,,0
1739,,,,0
1740,,,,0
1741,,,,0
1742,,,,0
1743,,,,0
1744,,,,0
1745,,,,0
1746,2.7950160771704176,2.1575562700964626,124.1750717163086,1
1747,,,,0
1748,,,,0
1749,,,,0
1750,,,,0
1751,,,,0
1752,,,,0
1753,,,,0
1754,,,,0
1755,,,,0
1756,,,,0
1757,,,,0
1758,,,,0
1759,,,,0
1760,2.206591639871382,3.5305466237942116,26.855039596557617,1
1761,2.1575562700964626,3.579581993569131,15.163528442382812,1
1762,,,,0
1763,,,,0
1764,,,,0
1765,,,,0
1766,2.0104501607717036,3.2853697749196136,145.10470581054688,1
1767,2.7459807073954976,2.696945337620578,86.14817810058594,1
1768,2.598874598070739,2.696945337620578,69.777587890625,1
1769,2.844051446945337,2.353697749196141,103.96996307373047,1
1770,2.7950160771704176,1.7652733118971058,135.54928588867188,1
1771,2.8930868167202566,1.8143086816720253,129.81198120117188,1
1772,2.844051446945337,1.8143086816720253,133.09596252441406,1
1773,2.844051446945337,1.8143086816720253,133.8418731689453,1
1774,2.844051446945337,1.7652733118971058,134.98414611816406,1
1775,2.942122186495176,1.7652733118971058,138.04562377929688,1
1776,2.942122186495176,1.7652733118971058,133.3986053466797,1
1777,2.8930868167202566,1.7652733118971058,134.248291015625,1
1778,2.8930868167202566,1.8143086816720253,132.58746337890625,1
1779,2.844051446945337,1.7652733118971058,136.9670867919922,1
1780,2.942122186495176,1.8143086816720253,130.45925903320312,1
1781,3.0401929260450156,1.716237942122186,136.75973510742188,1
1782,3.089228295819935,2.7950160771704176,34.0543327331543,1
1783,,,,0
1784,3.1382636655948546,2.696945337620578,15.91745662689209,1
1785,3.089228295819935,2.7459807073954976,24.236133575439453,1
1786,,,,0
1787,,,,0
1788,,,,0
1789,3.089228295819935,2.7459807073954976,0.8979096412658691,1
1790,3.0401929260450156,2.7950160771704176,157.25668334960938,1
1791,,,,0
1792,,,,0
1793,3.4815112540192916,2.5498392282958195,30.98423957824707,1
1794,,,,0
1795,,,,0
1796,,,,0
1797,,,,0
1798,,,,0
1799,,,,0
1800,,,,0
1801,,,,0
1802,3.1382636655948546,1.2749196141479098,157.19366455078125,1
1803,3.2363344051446936,1.5200964630225078,124.61067199707031,1
1804,3.0401929260450156,1.22588424437299,141.39065551757812,1
1805,3.5305466237942116,1.5691318327974273,107.56942749023438,1
1806,3.67765273311897,1.6672025723472665,105.85126495361328,1
1807,3.7266881028938896,1.8143086816720253,89.49664306640625,1
1808,3.7757234726688096,1.9123794212218646,82.8129653930664,1
1809,3.579581993569131,2.1575562700964626,60.00692367553711,1
1810,0.980707395498392,3.4815112540192916,167.17495727539062,1
1811,1.5691318327974273,3.7266881028938896,26.810972213745117,1
1812,1.6181672025723468,4.020900321543407,39.65439987182617,1
1813,1.5691318327974273,4.560289389067523,66.97034454345703,1
1814,1.6672025723472665,4.95257234726688,82.51465606689453,1
1815,1.8143086816720253,5.148713826366558,86.41844177246094,1
1816,2.0104501607717036,5.688102893890674,94.47463989257812,1
1817,2.2556270096463016,6.080385852090031,106.91107177734375,1
1818,2.6479099678456586,6.570739549839227,122.92984771728516,1
1819,3.0401929260450156,6.815916398713825,142.4121856689453,1
1820,3.5305466237942116,7.110128617363342,166.51223754882812,1
1821,4.069935691318327,7.208199356913181,10.321242332458496,1
1822,4.609324758842443,7.159163987138262,24.79610824584961,1
1823,5.246784565916397,6.913987138263664,39.37712478637695,1
1824,5.442926045016076,6.864951768488744,51.10530090332031,1
1825,5.884244372990352,6.325562700964629,66.0626449584961,1
1826,6.080385852090031,5.835209003215433,83.55956268310547,1
1827,6.12942122186495,5.590032154340835,93.18861389160156,1
1828,6.12942122186495,5.050643086816719,95.56623840332031,1
1829,6.080385852090031,4.462218649517684,98.67424774169922,1
1830,5.982315112540191,4.217041800643086,102.27874755859375,1
1831,5.786173633440513,3.5305466237942116,104.89459991455078,1
1832,5.540996784565915,3.1382636655948546,110.2310791015625,1
1833,5.246784565916397,2.696945337620578,117.90342712402344,1
1834,4.90353697749196,2.353697749196141,123.92257690429688,1
1835,4.707395498392282,2.206591639871382,130.12367248535156,1
1836,4.364147909967845,2.0594855305466235,142.1487579345703,1
1837,4.462218649517684,2.108520900321543,157.33413696289062,1
1838,4.315112540192925,2.0594855305466235,28.60014533996582,1
1839,4.020900321543407,1.961414790996784,47.88375473022461,1
1840,3.579581993569131,1.961414790996784,60.836246490478516,1
1841,2.4027331189710606,3.2853697749196136,43.60660934448242,1
1842,2.206591639871382,3.922829581993568,62.422359466552734,1
1843,2.3046623794212215,4.315112540192925,75.64302825927734,1
1844,2.45176848874598,4.756430868167201,89.68551635742188,1
1845,2.696945337620578,5.001607717041799,99.36283874511719,1
1846,2.942122186495176,5.148713826366558,115.05901336669922,1
1847,3.3834405144694526,5.491961414790995,129.56576538085938,1
1848,3.8737942122186486,5.786173633440513,140.83871459960938,1
1849,4.364147909967845,6.031350482315111,147.52224731445312,1
1850,4.95257234726688,6.276527331189709,162.06900024414062,1
1851,5.540996784565915,6.374598070739548,1.0027672052383423,1
1852,6.031350482315111,6.325562700964629,14.089126586914062,1
1853,6.521704180064307,6.080385852090031,30.07121467590332,1
1854,6.815916398713825,5.786173633440513,48.353336334228516,1
1855,7.159163987138262,5.393890675241156,59.97218704223633,1
1856,7.35530546623794,4.854501607717041,75.068115234375,1
1857,7.453376205787779,4.315112540192925,86.39405822753906,1
1858,7.40434083601286,3.8737942122186486,97.8604965209961,1
1859,7.306270096463021,3.5305466237942116,101.7403335571289,1
1860,7.110128617363342,3.0401929260450156,110.13056945800781,1
1861,6.864951768488744,2.696945337620578,119.94038391113281,1
1862,6.570739549839227,2.2556270096463016,119.91453552246094,1
1863,6.374598070739548,1.961414790996784,119.07794952392578,1
1864,6.227491961414789,2.1575562700964626,128.1903076171875,1
1865,5.884244372990352,2.0594855305466235,134.75503540039062,1
1866,5.393890675241156,2.0594855305466235,142.3406982421875,1
1867,5.001607717041799,2.0104501607717036,154.76718139648438,1
1868,4.707395498392282,2.108520900321543,172.79844665527344,1
1869,4.707395498392282,2.206591639871382,4.870673179626465,1
1870,4.413183279742764,2.206591639871382,15.313505172729492,1
1871,4.020900321543407,2.4027331189710606,49.1196403503418,1
1872,3.2363344051446936,2.8930868167202566,47.04934310913086,1
1873,2.7950160771704176,3.6286173633440506,53.98468017578125,1
1874,2.7459807073954976,3.9718649517684876,72.08406066894531,1
1875,2.7459807073954976,4.560289389067523,85.70140075683594,1
1876,2.844051446945337,5.050643086816719,90.50082397460938,1
1877,3.0401929260450156,5.491961414790995,95.85172271728516,1
1878,3.334405144694533,5.884244372990352,105.54171752929688,1
1879,3.67765273311897,6.227491961414789,122.7046127319336,1
1880,4.118971061093247,6.570739549839227,139.71560668945312,1
1881,4.658360128617362,6.815916398713825,154.11029052734375,1
1882,5.246784565916397,6.913987138263664,174.16592407226562,1
1883,5.835209003215433,6.913987138263664,4.32995080947876,1
1884,6.325562700964629,6.717845659163985,19.474262237548828,1
1885,6.619774919614146,6.521704180064307,37.919960021972656,1
1886,7.061093247588423,6.12942122186495,48.43855667114258,1
1887,7.306270096463021,5.688102893890674,61.765411376953125,1
1888,7.453376205787779,5.246784565916397,76.05753326416016,1
1889,7.40434083601286,4.854501607717041,87.99861907958984,1
1890,7.306270096463021,4.609324758842443,99.55441284179688,1
1891,7.159163987138262,4.168006430868166,113.64622497558594,1
1892,6.766881028938905,3.6286173633440506,126.40515899658203,1
1893,6.423633440514468,3.432475884244372,146.321533203125,1
1894,5.982315112540191,3.2853697749196136,160.7996368408203,1
1895,5.590032154340835,3.187299035369774,166.32611083984375,1
1896,5.099678456591639,3.089228295819935,169.2774200439453,1
1897,4.658360128617362,3.1382636655948546,5.327065467834473,1
1898,4.118971061093247,3.334405144694533,19.5440731048584,1
1899,3.7757234726688096,3.6286173633440506,41.70672607421875,1
1900,3.4815112540192916,4.020900321543407,62.52817153930664,1
1901,3.334405144694533,4.560289389067523,76.88477325439453,1
1902,3.432475884244372,5.001607717041799,87.37211608886719,1
1903,3.6286173633440506,5.393890675241156,95.5628890991211,1
1904,3.8737942122186486,5.786173633440513,102.74461364746094,1
1905,4.217041800643086,6.080385852090031,111.96312713623047,1
1906,4.609324758842443,6.374598070739548,126.40241241455078,1
1907,5.099678456591639,6.668810289389066,133.66928100585938,1
1908,5.590032154340835,6.864951768488744,148.54730224609375,1
1909,6.17845659163987,6.963022508038583,160.07766723632812,1
1910,6.668810289389066,7.012057877813503,173.6004180908203,1
1911,7.110128617363342,7.012057877813503,0.9811546206474304,1
1912,7.747588424437297,6.963022508038583,8.756665229797363,1
1913,8.188906752411574,6.864951768488744,19.245534896850586,1
1914,8.777331189710608,6.570739549839227,37.40009689331055,1
1915,8.924437299035368,6.423633440514468,50.03336715698242,1
1916,9.218649517684886,5.933279742765272,69.25595092773438,1
1917,9.267684887459804,5.590032154340835,84.75859069824219,1
1918,9.218649517684886,4.854501607717041,94.57292938232422,1
1919,9.022508038585206,4.462218649517684,112.35983276367188,1
1920,8.67926045016077,4.069935691318327,128.78555297851562,1
1921,8.385048231511252,3.824758842443729,136.05372619628906,1
1922,8.041800643086814,3.579581993569131,145.88092041015625,1
1923,7.551446945337619,3.2853697749196136,148.99598693847656,1
1924,6.913987138263664,3.089228295819935,154.10382080078125,1
1925,6.472668810289387,3.0401929260450156,154.62322998046875,1
1926,5.933279742765272,2.9911575562700956,165.76307678222656,1
1927,5.639067524115754,3.1382636655948546,172.40003967285156,1
1928,5.197749196141478,3.2363344051446936,1.2090438604354858,1
1929,4.658360128617362,3.4815112540192916,17.965150833129883,1
1930,4.315112540192925,3.7266881028938896,27.880695343017578,1
1931,4.020900321543407,4.020900321543407,40.94306945800781,1
1932,3.7266881028938896,4.413183279742764,52.082275390625,1
1933,3.5305466237942116,4.90353697749196,65.6422119140625,1
1934,3.3834405144694526,5.393890675241156,72.68998718261719,1
1935,3.432475884244372,5.835209003215433,83.52142333984375,1
1936,3.5305466237942116,6.325562700964629,92.86209869384766,1
1937,3.7757234726688096,6.913987138263664,98.1307144165039,1
1938,4.069935691318327,7.257234726688101,107.68984985351562,1
1939,4.413183279742764,7.551446945337619,120.6869125366211,1
1940,4.90353697749196,7.845659163987136,137.60400390625,1
1941,5.442926045016076,7.992765273311895,155.27249145507812,1
1942,5.982315112540191,7.943729903536975,2.2633731365203857,1
1943,6.423633440514468,7.747588424437297,17.926136016845703,1
1944,6.815916398713825,7.453376205787779,36.44206619262695,1
1945,7.257234726688101,7.159163987138262,45.76605987548828,1
1946,7.698553054662377,6.864951768488744,55.440147399902344,1
1947,8.090836012861734,6.423633440514468,64.3045883178711,1
1948,8.237942122186494,6.031350482315111,72.21228790283203,1
1949,8.385048231511252,5.540996784565915,78.91483306884766,1
1950,8.434083601286172,5.148713826366558,86.1084976196289,1
1951,8.336012861736332,4.707395498392282,92.77079010009766,1
1952,8.188906752411574,4.413183279742764,98.5435791015625,1
1953,7.992765273311895,4.069935691318327,107.27606201171875,1
1954,7.698553054662377,3.7266881028938896,114.7128677368164,1
1955,7.306270096463021,3.432475884244372,128.76141357421875,1
1956,6.963022508038583,3.2363344051446936,135.85296630859375,1
1957,6.521704180064307,3.0401929260450156,151.37704467773438,1
1958,6.031350482315111,2.8930868167202566,157.59494018554688,1
1959,5.590032154340835,2.7459807073954976,160.64370727539062,1
1960,5.148713826366558,2.7459807073954976,165.03506469726562,1
1961,4.707395498392282,2.6479099678456586,164.13070678710938,1
1962,4.364147909967845,2.7950160771704176,173.07757568359375,1
1963,3.922829581993568,2.942122186495176,2.758984088897705,1
1964,3.432475884244372,3.1382636655948546,25.146242141723633,1
1965,3.089228295819935,3.4815112540192916,47.04915237426758,1
1966,2.7459807073954976,4.020900321543407,57.20392990112305,1
1967,2.6479099678456586,4.462218649517684,73.27446746826172,1
1968,2.696945337620578,4.95257234726688,80.47318267822266,1
1969,2.7950160771704176,5.442926045016076,86.74944305419922,1
1970,2.942122186495176,5.786173633440513,94.28068542480469,1
1971,3.2363344051446936,6.276527331189709,103.4843978881836,1
1972,3.579581993569131,6.619774919614146,115.95359802246094,1
1973,4.020900321543407,6.913987138263664,131.77163696289062,1
1974,4.560289389067523,7.159163987138262,143.65846252441406,1
1975,5.050643086816719,7.208199356913181,166.0291290283203,1
1976,5.639067524115754,7.159163987138262,1.4921329021453857,1
1977,6.227491961414789,7.012057877813503,15.117883682250977,1
1978,6.766881028938905,6.815916398713825,29.361164093017578,1
1979,7.110128617363342,6.521704180064307,43.41639709472656,1
1980,7.453376205787779,6.17845659163987,59.28032302856445,1
1981,7.747588424437297,5.688102893890674,72.12410736083984,1
1982,7.796623794212217,5.246784565916397,86.75399017333984,1
1983,7.698553054662377,4.805466237942121,98.7106704711914,1
1984,7.600482315112538,4.511254019292603,108.07003021240234,1
1985,7.208199356913181,3.8737942122186486,125.2816162109375,1
1986,6.864951768488744,3.579581993569131,132.09890747070312,1
1987,6.521704180064307,3.334405144694533,140.87503051757812,1
1988,6.12942122186495,3.1382636655948546,143.73287963867188,1
1989,5.786173633440513,2.9911575562700956,144.1048583984375,1
1990,5.246784565916397,2.7459807073954976,158.28201293945312,1
1991,4.756430868167201,2.696945337620578,164.456298828125,1
1992,4.413183279742764,2.7459807073954976,168.1513214111328,1
1993,4.118971061093247,2.8930868167202566,173.48165893554688,1
1994,3.67765273311897,3.0401929260450156,13.972433090209961,1
1995,3.187299035369774,3.334405144694533,28.610300064086914,1
1996,2.942122186495176,3.67765273311897,45.150062561035156,1
1997,2.6479099678456586,4.168006430868166,53.872066497802734,1
1998,2.5008038585208996,4.707395498392282,69.21894836425781,1
1999,2.5008038585208996,5.148713826366558,76.3810806274414,1
2000,2.5008038585208996,5.786173633440513,84.82793426513672,1
2001,2.696945337620578,6.276527331189709,93.70196533203125,1
2002,2.942122186495176,6.766881028938905,104.01245880126953,1
2003,3.2853697749196136,7.159163987138262,118.29714965820312,1
2004,3.6286173633440506,7.40434083601286,138.0805206298828,1
2005,4.168006430868166,7.698553054662377,152.7256317138672,1
2006,4.805466237942121,7.943729903536975,170.92959594726562,1
2007,5.344855305466237,8.041800643086814,5.529938220977783,1
2008,5.835209003215433,7.943729903536975,16.560440063476562,1
2009,6.374598070739548,7.796623794212217,23.296966552734375,1
2010,6.717845659163985,7.551446945337619,36.175662994384766,1
2011,7.061093247588423,7.257234726688101,50.68806838989258,1
2012,7.306270096463021,6.864951768488744,60.00137710571289,1
2013,7.35530546623794,6.570739549839227,78.26197814941406,1
2014,7.35530546623794,6.12942122186495,91.5643081665039,1
2015,7.257234726688101,5.737138263665593,104.2689208984375,1
2016,6.913987138263664,5.099678456591639,114.73957824707031,1
2017,6.619774919614146,4.805466237942121,126.20304107666016,1
2018,6.276527331189709,4.609324758842443,141.72708129882812,1
2019,5.835209003215433,4.413183279742764,162.19821166992188,1
2020,5.393890675241156,4.413183279742764,176.25254821777344,1
2021,4.95257234726688,4.462218649517684,20.395219802856445,1
2022,4.413183279742764,4.756430868167201,45.577613830566406,1
2023,3.9718649517684876,5.099678456591639,53.84363555908203,1
2024,3.7266881028938896,5.491961414790995,64.32568359375,1
2025,3.579581993569131,5.933279742765272,71.05726623535156,1
2026,3.67765273311897,6.227491961414789,83.07889556884766,1
2027,3.7266881028938896,6.717845659163985,91.69141387939453,1
2028,4.020900321543407,7.35530546623794,101.93611145019531,1
2029,4.315112540192925,7.747588424437297,116.00548553466797,1
2030,4.707395498392282,8.139871382636654,129.32467651367188,1
2031,5.246784565916397,8.385048231511252,143.06849670410156,1
2032,5.737138263665593,8.58118971061093,157.451416015625,1
2033,6.374598070739548,8.67926045016077,172.15377807617188,1
2034,6.864951768488744,8.67926045016077,12.421242713928223,1
2035,7.453376205787779,8.53215434083601,16.13592529296875,1
2036,7.943729903536975,8.336012861736332,23.81713104248047,1
2037,8.385048231511252,8.041800643086814,37.49970245361328,1
2038,8.826366559485528,7.698553054662377,47.943016052246094,1
2039,9.218649517684886,7.257234726688101,51.82088851928711,1
2040,9.610932475884242,6.815916398713825,54.48293685913086,1
2041,9.758038585209,6.570739549839227,54.519287109375,1
2042,10.150321543408358,5.933279742765272,64.22059631347656,1
2043,10.248392282958196,5.491961414790995,70.92174530029297,1
2044,10.297427652733116,5.001607717041799,77.5572509765625,1
2045,10.346463022508036,4.413183279742764,85.12786102294922,1
2046,10.346463022508036,3.922829581993568,88.92491149902344,1
2047,10.248392282958196,3.3834405144694526,89.33077239990234,1
2048,10.150321543408358,2.9911575562700956,95.99335479736328,1
2049,10.003215434083598,2.6479099678456586,99.776611328125,1
2050,9.80707395498392,2.2556270096463016,105.12545776367188,1
2051,9.561897106109322,2.0594855305466235,112.81513214111328,1
2052,9.267684887459804,1.9123794212218646,123.37315368652344,1
2053,8.875401929260448,1.716237942122186,137.38148498535156,1
2054,8.385048231511252,1.471061093247588,153.1513214111328,1
2055,7.845659163987136,1.3239549839228293,166.6402587890625,1
2056,7.35530546623794,1.3729903536977488,174.1979217529297,1
2057,6.913987138263664,1.471061093247588,17.090314865112305,1
2058,6.472668810289387,1.7652733118971058,36.67097091674805,1
2059,6.12942122186495,2.1575562700964626,48.87215805053711,1
2060,5.884244372990352,2.598874598070739,58.635108947753906,1
2061,5.835209003215433,2.9911575562700956,73.5820541381836,1
2062,5.835209003215433,3.4815112540192916,80.92874145507812,1
2063,5.884244372990352,3.9718649517684876,88.39503479003906,1
2064,5.982315112540191,4.609324758842443,96.25667572021484,1
2065,6.227491961414789,5.099678456591639,98.95649719238281,1
2066,6.521704180064307,5.491961414790995,115.01676940917969,1
2067,6.963022508038583,5.884244372990352,132.78466796875,1
2068,7.502411575562699,6.17845659163987,145.23062133789062,1
2069,7.992765273311895,6.276527331189709,171.9530487060547,1
2070,8.434083601286172,6.276527331189709,14.061820983886719,1
2071,9.071543408360126,6.080385852090031,30.802894592285156,1
2072,9.463826366559484,5.786173633440513,45.22874069213867,1
2073,9.80707395498392,5.540996784565915,57.8646354675293,1
2074,10.003215434083598,5.099678456591639,70.51556396484375,1
2075,10.101286173633438,4.560289389067523,84.38909912109375,1
2076,10.101286173633438,4.069935691318327,92.23758697509766,1
2077,10.052250803858518,3.579581993569131,93.49829864501953,1
2078,9.95418006430868,3.1382636655948546,93.93303680419922,1
2079,9.80707395498392,2.7950160771704176,99.47380065917969,1
2080,9.610932475884242,2.353697749196141,108.35890197753906,1
2081,9.316720257234724,2.0594855305466235,116.49608612060547,1
2082,9.120578778135046,1.9123794212218646,132.74876403808594,1
2083,8.777331189710608,1.6181672025723468,141.42796325683594,1
2084,8.385048231511252,1.471061093247588,151.80465698242188,1
2085,7.943729903536975,1.3239549839228293,163.00314331054688,1
2086,7.40434083601286,1.3239549839228293,173.95388793945312,1
2087,6.963022508038583,1.4220257234726685,2.360322952270508,1
2088,6.521704180064307,1.5691318327974273,13.05906867980957,1
2089,6.325562700964629,1.716237942122186,21.46637725830078,1
2090,5.933279742765272,2.0594855305466235,32.38850021362305,1
2091,5.491961414790995,2.5008038585208996,45.491416931152344,1
2092,5.148713826366558,3.0401929260450156,60.28087615966797,1
2093,5.001607717041799,3.5305466237942116,69.61238098144531,1
2094,4.756430868167201,4.118971061093247,76.32611846923828,1
2095,4.707395498392282,4.707395498392282,85.09078216552734,1
2096,4.805466237942121,5.246784565916397,91.8192138671875,1
2097,5.050643086816719,5.688102893890674,104.90280151367188,1
2098,5.393890675241156,6.17845659163987,122.1943588256836,1
2099,5.884244372990352,6.619774919614146,132.80020141601562,1
2100,6.325562700964629,6.815916398713825,143.0194091796875,1
2101,6.864951768488744,7.012057877813503,157.8535919189453,1
2102,7.40434083601286,7.110128617363342,162.98922729492188,1
2103,7.943729903536975,7.208199356913181,171.25621032714844,1
2104,8.385048231511252,7.110128617363342,178.7902069091797,1
2105,8.826366559485528,7.012057877813503,10.451563835144043,1
2106,9.316720257234724,6.815916398713825,14.219812393188477,1
2107,9.80707395498392,6.619774919614146,25.219030380249023,1
2108,10.248392282958196,6.325562700964629,39.52240753173828,1
2109,10.640675241157554,5.933279742765272,54.71890640258789,1
2110,10.885852090032152,5.442926045016076,63.91092300415039,1
2111,11.08199356913183,4.95257234726688,72.55239868164062,1
2112,11.18006430868167,4.413183279742764,80.23696899414062,1
2113,11.18006430868167,4.020900321543407,88.56855010986328,1
2114,11.18006430868167,3.4815112540192916,91.39604949951172,1
2115,11.13102893890675,3.0401929260450156,94.03286743164062,1
2116,10.98392282958199,2.598874598070739,95.9487075805664,1
2117,10.885852090032152,2.45176848874598,99.24520111083984,1
2118,10.591639871382634,2.0104501607717036,111.597900390625,1
2119,10.346463022508036,1.9123794212218646,129.96766662597656,1
2120,9.95418006430868,1.8633440514469448,146.72756958007812,1
2121,9.512861736334402,1.8143086816720253,165.53709411621094,1
2122,9.120578778135046,1.8633440514469448,167.99880981445312,1
2123,8.72829581993569,1.961414790996784,178.86766052246094,1
2124,8.336012861736332,2.1575562700964626,15.898975372314453,1
2125,7.992765273311895,2.3046623794212215,27.049930572509766,1
2126,7.600482315112538,2.696945337620578,34.05624771118164,1
2127,7.257234726688101,2.9911575562700956,38.13121032714844,1
2128,7.012057877813503,3.2853697749196136,42.656246185302734,1
2129,6.815916398713825,3.6286173633440506,49.465641021728516,1
2130,6.619774919614146,4.069935691318327,58.35454559326172,1
2131,6.521704180064307,4.511254019292603,66.44283294677734,1
2132,6.472668810289387,5.001607717041799,74.66922760009766,1
2133,6.521704180064307,5.491961414790995,88.46099090576172,1
2134,6.717845659163985,5.884244372990352,97.13191986083984,1
2135,7.061093247588423,6.374598070739548,110.40797424316406,1
2136,7.453376205787779,6.619774919614146,132.10263061523438,1
2137,7.943729903536975,6.864951768488744,146.59449768066406,1
2138,8.434083601286172,7.061093247588423,165.0453643798828,1
2139,8.973472668810288,7.159163987138262,175.70240783691406,1
2140,9.512861736334402,7.208199356913181,6.088690280914307,1
2141,9.95418006430868,7.159163987138262,8.461026191711426,1
2142,10.493569131832794,7.012057877813503,24.219249725341797,1
2143,11.03295819935691,6.717845659163985,31.913002014160156,1
2144,11.376205787781348,6.423633440514468,47.29570770263672,1
2145,11.768488745980704,5.933279742765272,58.10939025878906,1
2146,12.111736334405142,5.442926045016076,64.41410827636719,1
2147,12.40594855305466,4.90353697749196,67.43754577636719,1
2148,12.651125401929258,4.364147909967845,74.4480209350586,1
2149,12.847266881028936,3.8737942122186486,79.93800354003906,1
2150,12.994372990353694,3.2853697749196136,84.36739349365234,1
2151,13.043408360128614,2.7950160771704176,89.25859832763672,1
2152,12.896302250803856,2.2556270096463016,101.9142837524414,1
2153,12.798231511254016,1.9123794212218646,106.19231414794922,1
2154,12.602090032154338,1.7652733118971058,132.1844940185547,1
2155,12.2588424437299,1.6181672025723468,143.751953125,1
2156,11.964630225080382,1.6181672025723468,152.86395263671875,1
2157,11.621382636655946,1.6181672025723468,165.72097778320312,1
2158,11.327170418006428,1.6672025723472665,169.9018096923828,1
2159,10.885852090032152,1.8143086816720253,8.825590133666992,1
2160,10.542604501607714,2.0104501607717036,26.08443260192871,1
2161,10.248392282958196,2.353697749196141,37.0869140625,1
2162,10.101286173633438,2.7459807073954976,48.36819839477539,1
2163,9.95418006430868,3.1382636655948546,65.9990005493164,1
2164,9.90514469453376,3.5305466237942116,77.28485870361328,1
2165,10.003215434083598,3.922829581993568,81.96478271484375,1
2166,10.052250803858518,4.315112540192925,89.9760513305664,1
2167,10.199356913183278,4.95257234726688,90.99723815917969,1
2168,10.395498392282956,5.393890675241156,97.63118743896484,1
2169,10.542604501607714,5.884244372990352,98.15899658203125,1
2170,10.738745980707392,6.276527331189709,102.00548553466797,1
2171,10.98392282958199,6.766881028938905,103.00094604492188,1
2172,11.229099678456588,7.110128617363342,107.29399871826172,1
2173,11.523311897106106,7.551446945337619,114.57861328125,1
2174,11.866559485530544,7.845659163987136,124.83255767822266,1
2175,12.20980707395498,8.090836012861734,130.10914611816406,1
2176,12.602090032154338,8.286977491961412,133.03883361816406,1
2177,13.043408360128614,8.385048231511252,148.29815673828125,1
2178,13.53376205787781,8.385048231511252,169.06430053710938,1
2179,14.024115755627006,8.336012861736332,8.435690879821777,1
2180,14.563504823151122,8.090836012861734,15.016911506652832,1
2181,14.955787781350478,7.796623794212217,31.07248306274414,1
2182,15.348070739549836,7.35530546623794,46.365474700927734,1
2183,15.593247588424434,6.963022508038583,62.96277618408203,1
2184,15.642282958199353,6.619774919614146,79.05404663085938,1
2185,15.691318327974273,5.884244372990352,91.85204315185547,1
2186,15.691318327974273,5.344855305466237,99.10704040527344,1
2187,15.544212218649514,4.756430868167201,101.08037567138672,1
2188,15.348070739549836,4.118971061093247,108.52996063232422,1
2189,15.004823151125398,3.67765273311897,120.20085906982422,1
2190,14.71061093247588,3.3834405144694526,126.90108489990234,1
2191,14.318327974276524,3.1382636655948546,139.35543823242188,1
2192,13.827974276527328,2.9911575562700956,161.95394897460938,1
2193,13.48472668810289,2.942122186495176,176.23117065429688,1
2194,13.092443729903534,3.0401929260450156,12.67881965637207,1
2195,12.553054662379418,3.2853697749196136,27.566736221313477,1
2196,12.30787781350482,3.5305466237942116,40.84914779663086,1
2197,12.062700964630222,3.824758842443729,45.831695556640625,1
2198,11.964630225080382,4.168006430868166,58.458587646484375,1
2199,11.817524115755624,4.560289389067523,67.52482604980469,1
2200,11.719453376205784,5.148713826366558,72.03392028808594,1
2201,11.719453376205784,5.639067524115754,78.84699249267578,1
2202,11.817524115755624,6.227491961414789,86.01860809326172,1
2203,11.866559485530544,6.766881028938905,87.46312713623047,1
2204,12.013665594855302,7.257234726688101,88.39231872558594,1
2205,12.20980707395498,7.649517684887458,92.28166198730469,1
2206,12.35691318327974,8.041800643086814,93.63407135009766,1
2207,12.504019292604498,8.385048231511252,99.05418395996094,1
2208,12.700160771704176,8.67926045016077,101.73811340332031,1
2209,12.896302250803856,8.924437299035368,111.13883972167969,1
2210,13.288585209003212,9.267684887459804,120.06959533691406,1
2211,13.729903536977488,9.561897106109322,133.70700073242188,1
2212,14.171221864951765,9.709003215434082,143.60955810546875,1
2213,14.612540192926042,9.80707395498392,157.27630615234375,1
2214,15.200964630225076,9.90514469453376,160.6622772216797,1
2215,15.838424437299032,9.95418006430868,164.7063751220703,1
2216,16.47588424437299,10.052250803858518,175.75897216796875,1
2217,17.21141479099678,10.101286173633438,175.97119140625,1
2218,17.750803858520896,10.052250803858518,0.781793475151062,1
2219,18.290192926045012,10.003215434083598,3.9953205585479736,1
2220,18.82958199356913,9.85610932475884,13.144476890563965,1
2221,19.221864951768485,9.659967845659162,19.63335418701172,1
2222,19.71221864951768,9.316720257234724,33.78489685058594,1
2223,20.153536977491957,8.973472668810288,47.80055618286133,1
2224,20.447749196141473,8.58118971061093,52.702178955078125,1
2225,20.692926045016073,8.139871382636654,64.98464965820312,1
2226,20.790996784565912,7.649517684887458,79.57843780517578,1
2227,20.790996784565912,7.306270096463021,91.02838897705078,1
2228,20.790996784565912,6.766881028938905,96.69080352783203,1
2229,20.643890675241153,6.031350482315111,107.29022979736328,1
2230,20.300643086816716,5.344855305466237,118.02169799804688,1
2231,19.90836012861736,4.756430868167201,122.75904846191406,1
2232,19.46704180064308,4.217041800643086,131.2628936767578,1
2233,18.92765273311897,3.67765273311897,128.1842498779297,1
2234,18.290192926045012,3.187299035369774,136.53224182128906,1
2235,17.701768488745977,2.7950160771704176,138.0327606201172,1
2236,17.16237942122186,2.45176848874598,144.24681091308594,1
2237,16.721061093247584,2.1575562700964626,141.5125732421875,1
2238,16.37781350482315,1.9123794212218646,139.037841796875,1
2239,15.98553054662379,1.6181672025723468,139.7872314453125,1
2240,15.593247588424434,1.4220257234726685,146.75814819335938,1
2241,15.249999999999996,1.22588424437299,151.15281677246094,1
2242,14.85771704180064,1.0787781350482313,157.9730224609375,1
2243,14.367363344051444,1.0297427652733118,161.1006622314453,1
2244,13.827974276527328,1.0297427652733118,175.5418243408203,1
2245,13.337620578778132,1.1768488745980705,9.208380699157715,1
2246,12.896302250803856,1.3729903536977488,28.32834243774414,1
2247,12.602090032154338,1.6672025723472665,43.78812789916992,1
2248,12.30787781350482,2.0104501607717036,51.59441375732422,1
2249,12.111736334405142,2.45176848874598,66.05486297607422,1
2250,11.915594855305464,2.9911575562700956,79.28418731689453,1
2251,11.915594855305464,3.3834405144694526,85.43427276611328,1
2252,11.964630225080382,3.922829581993568,93.29779815673828,1
2253,12.160771704180062,4.511254019292603,99.1500473022461,1
2254,12.35691318327974,5.001607717041799,106.30571746826172,1
2255,12.700160771704176,5.540996784565915,114.88066101074219,1
2256,13.141479099678454,5.835209003215433,129.78561401367188,1
2257,13.58279742765273,6.031350482315111,149.7593994140625,1
2258,14.073151125401926,6.031350482315111,168.93714904785156,1
2259,14.465434083601282,5.933279742765272,9.59436321258545,1
2260,14.906752411575559,5.688102893890674,26.134119033813477,1
2261,15.348070739549836,5.344855305466237,39.560935974121094,1
2262,15.789389067524112,4.854501607717041,52.30780792236328,1
2263,15.98553054662379,4.413183279742764,65.59806060791016,1
2264,16.13263665594855,3.922829581993568,74.50825500488281,1
2265,16.18167202572347,3.4815112540192916,80.22525787353516,1
2266,16.18167202572347,2.9911575562700956,84.66470336914062,1
2267,16.18167202572347,2.5008038585208996,87.5339584350586,1
2268,16.18167202572347,2.108520900321543,88.92932891845703,1
2269,16.23070739549839,2.0594855305466235,88.40475463867188,1
2270,16.23070739549839,1.961414790996784,89.61210632324219,1
2271,16.18167202572347,2.0594855305466235,97.3797378540039,1
2272,15.98553054662379,2.0104501607717036,106.82149505615234,1
2273,15.642282958199353,1.7652733118971058,123.93086242675781,1
2274,15.348070739549836,1.5200964630225078,133.61581420898438,1
2275,14.906752411575559,1.3729903536977488,145.25619506835938,1
2276,14.318327974276524,1.1768488745980705,158.27410888671875,1
2277,13.877009646302248,1.22588424437299,170.2739715576172,1
2278,13.43569131832797,1.3239549839228293,177.6271209716797,1
2279,13.092443729903534,1.471061093247588,14.164371490478516,1
2280,12.798231511254016,1.716237942122186,24.256437301635742,1
2281,12.553054662379418,1.961414790996784,42.81576919555664,1
2282,12.30787781350482,2.45176848874598,56.93685531616211,1
2283,12.20980707395498,2.7950160771704176,75.2370376586914,1
2284,12.160771704180062,3.2363344051446936,88.46537017822266,1
2285,12.2588424437299,3.579581993569131,96.74662780761719,1
2286,12.553054662379418,4.069935691318327,110.07093811035156,1
2287,12.994372990353694,4.609324758842443,125.76534271240234,1
2288,13.48472668810289,5.050643086816719,141.0230712890625,1
2289,14.073151125401926,5.344855305466237,153.1229705810547,1
2290,14.71061093247588,5.540996784565915,168.4251708984375,1
2291,15.151929260450157,5.639067524115754,1.0821086168289185,1
2292,15.740353697749192,5.491961414790995,15.103680610656738,1
2293,16.13263665594855,5.246784565916397,29.85066032409668,1
2294,16.524919614147905,4.854501607717041,44.882179260253906,1
2295,16.672025723472665,4.511254019292603,62.069129943847656,1
2296,16.819131832797424,4.020900321543407,75.25923156738281,1
2297,16.868167202572344,3.579581993569131,85.7393569946289,1
2298,16.819131832797424,3.1382636655948546,90.10209655761719,1
2299,16.672025723472665,2.6479099678456586,101.92052459716797,1
2300,16.47588424437299,2.0594855305466235,107.33815002441406,1
2301,16.37781350482315,1.8633440514469448,113.63251495361328,1
2302,16.13263665594855,1.716237942122186,129.61895751953125,1
2303,15.740353697749192,1.6181672025723468,134.49246215820312,1
2304,15.397106109324755,1.6181672025723468,153.972900390625,1
2305,14.955787781350478,1.6181672025723468,163.46865844726562,1
2306,14.465434083601282,1.6672025723472665,173.20660400390625,1
2307,14.024115755627006,1.8143086816720253,16.309885025024414,1
2308,13.729903536977488,2.0104501607717036,23.261600494384766,1
2309,13.43569131832797,2.2556270096463016,37.825077056884766,1
2310,13.141479099678454,2.6479099678456586,47.17263412475586,1
2311,12.896302250803856,2.942122186495176,60.778289794921875,1
2312,12.651125401929258,3.3834405144694526,67.46598052978516,1
2313,12.553054662379418,3.824758842443729,73.43270874023438,1
2314,12.504019292604498,4.315112540192925,78.23323822021484,1
2315,12.454983922829578,4.805466237942121,84.51335144042969,1
2316,12.553054662379418,5.393890675241156,94.45801544189453,1
2317,12.651125401929258,5.933279742765272,93.46347045898438,1
2318,12.749196141479096,6.374598070739548,98.91682434082031,1
2319,12.896302250803856,6.864951768488744,98.20692443847656,1
2320,13.092443729903534,7.40434083601286,98.70671844482422,1
2321,13.288585209003212,7.943729903536975,99.02238464355469,1
2322,13.53376205787781,8.434083601286172,103.05437469482422,1
2323,13.729903536977488,8.826366559485528,105.51851654052734,1
2324,14.024115755627006,9.316720257234724,108.28260040283203,1
2325,14.367363344051444,9.758038585209,117.13164520263672,1
2326,14.71061093247588,10.101286173633438,123.06553649902344,1
2327,15.151929260450157,10.395498392282956,130.88595581054688,1
2328,15.593247588424434,10.542604501607714,144.1334228515625,1
2329,16.13263665594855,10.689710610932474,164.19808959960938,1
2330,16.622990353697745,10.689710610932474,176.525146484375,1
2331,17.11334405144694,10.542604501607714,11.719315528869629,1
2332,17.652733118971057,10.346463022508036,17.97096824645996,1
2333,18.143086816720253,10.052250803858518,32.22875213623047,1
2334,18.68247588424437,9.709003215434082,39.265411376953125,1
